source,rate_date,currency,unit,mid_rate,bid_rate,ask_rate,payload
frankfurter,2016-01-04,EUR,1,10.767500,,,"{""base"": ""EUR"", ""date"": ""2016-01-04"", ""rate"": 10.7675, ""quote"": ""MAD""}"
frankfurter,2016-01-04,USD,1,9.922300,,,"{""base"": ""USD"", ""date"": ""2016-01-04"", ""rate"": 9.9223, ""quote"": ""MAD""}"
frankfurter,2016-01-05,EUR,1,10.724000,,,"{""base"": ""EUR"", ""date"": ""2016-01-05"", ""rate"": 10.724, ""quote"": ""MAD""}"
frankfurter,2016-01-05,USD,1,9.984100,,,"{""base"": ""USD"", ""date"": ""2016-01-05"", ""rate"": 9.9841, ""quote"": ""MAD""}"
frankfurter,2016-01-06,EUR,1,10.725500,,,"{""base"": ""EUR"", ""date"": ""2016-01-06"", ""rate"": 10.7255, ""quote"": ""MAD""}"
frankfurter,2016-01-06,USD,1,9.982000,,,"{""base"": ""USD"", ""date"": ""2016-01-06"", ""rate"": 9.982, ""quote"": ""MAD""}"
frankfurter,2016-01-07,EUR,1,10.769000,,,"{""base"": ""EUR"", ""date"": ""2016-01-07"", ""rate"": 10.769, ""quote"": ""MAD""}"
frankfurter,2016-01-07,USD,1,9.920600,,,"{""base"": ""USD"", ""date"": ""2016-01-07"", ""rate"": 9.9206, ""quote"": ""MAD""}"
frankfurter,2016-01-08,EUR,1,10.765500,,,"{""base"": ""EUR"", ""date"": ""2016-01-08"", ""rate"": 10.7655, ""quote"": ""MAD""}"
frankfurter,2016-01-08,USD,1,9.925100,,,"{""base"": ""USD"", ""date"": ""2016-01-08"", ""rate"": 9.9251, ""quote"": ""MAD""}"
frankfurter,2016-01-12,EUR,1,10.768000,,,"{""base"": ""EUR"", ""date"": ""2016-01-12"", ""rate"": 10.768, ""quote"": ""MAD""}"
frankfurter,2016-01-12,USD,1,9.921800,,,"{""base"": ""USD"", ""date"": ""2016-01-12"", ""rate"": 9.9218, ""quote"": ""MAD""}"
frankfurter,2016-01-13,EUR,1,10.759500,,,"{""base"": ""EUR"", ""date"": ""2016-01-13"", ""rate"": 10.7595, ""quote"": ""MAD""}"
frankfurter,2016-01-13,USD,1,9.934000,,,"{""base"": ""USD"", ""date"": ""2016-01-13"", ""rate"": 9.934, ""quote"": ""MAD""}"
frankfurter,2016-01-14,EUR,1,10.783500,,,"{""base"": ""EUR"", ""date"": ""2016-01-14"", ""rate"": 10.7835, ""quote"": ""MAD""}"
frankfurter,2016-01-14,USD,1,9.900200,,,"{""base"": ""USD"", ""date"": ""2016-01-14"", ""rate"": 9.9002, ""quote"": ""MAD""}"
frankfurter,2016-01-15,EUR,1,10.808500,,,"{""base"": ""EUR"", ""date"": ""2016-01-15"", ""rate"": 10.8085, ""quote"": ""MAD""}"
frankfurter,2016-01-15,USD,1,9.865100,,,"{""base"": ""USD"", ""date"": ""2016-01-15"", ""rate"": 9.8651, ""quote"": ""MAD""}"
frankfurter,2016-01-18,EUR,1,10.783500,,,"{""base"": ""EUR"", ""date"": ""2016-01-18"", ""rate"": 10.7835, ""quote"": ""MAD""}"
frankfurter,2016-01-18,USD,1,9.899700,,,"{""base"": ""USD"", ""date"": ""2016-01-18"", ""rate"": 9.8997, ""quote"": ""MAD""}"
frankfurter,2016-01-19,EUR,1,10.773500,,,"{""base"": ""EUR"", ""date"": ""2016-01-19"", ""rate"": 10.7735, ""quote"": ""MAD""}"
frankfurter,2016-01-19,USD,1,9.914000,,,"{""base"": ""USD"", ""date"": ""2016-01-19"", ""rate"": 9.914, ""quote"": ""MAD""}"
frankfurter,2016-01-20,EUR,1,10.793500,,,"{""base"": ""EUR"", ""date"": ""2016-01-20"", ""rate"": 10.7935, ""quote"": ""MAD""}"
frankfurter,2016-01-20,USD,1,9.885900,,,"{""base"": ""USD"", ""date"": ""2016-01-20"", ""rate"": 9.8859, ""quote"": ""MAD""}"
frankfurter,2016-01-21,EUR,1,10.743000,,,"{""base"": ""EUR"", ""date"": ""2016-01-21"", ""rate"": 10.743, ""quote"": ""MAD""}"
frankfurter,2016-01-21,USD,1,9.957300,,,"{""base"": ""USD"", ""date"": ""2016-01-21"", ""rate"": 9.9573, ""quote"": ""MAD""}"
frankfurter,2016-01-22,EUR,1,10.752500,,,"{""base"": ""EUR"", ""date"": ""2016-01-22"", ""rate"": 10.7525, ""quote"": ""MAD""}"
frankfurter,2016-01-22,USD,1,9.943900,,,"{""base"": ""USD"", ""date"": ""2016-01-22"", ""rate"": 9.9439, ""quote"": ""MAD""}"
frankfurter,2016-01-25,EUR,1,10.760000,,,"{""base"": ""EUR"", ""date"": ""2016-01-25"", ""rate"": 10.76, ""quote"": ""MAD""}"
frankfurter,2016-01-25,USD,1,9.932900,,,"{""base"": ""USD"", ""date"": ""2016-01-25"", ""rate"": 9.9329, ""quote"": ""MAD""}"
frankfurter,2016-01-26,EUR,1,10.758000,,,"{""base"": ""EUR"", ""date"": ""2016-01-26"", ""rate"": 10.758, ""quote"": ""MAD""}"
frankfurter,2016-01-26,USD,1,9.936200,,,"{""base"": ""USD"", ""date"": ""2016-01-26"", ""rate"": 9.9362, ""quote"": ""MAD""}"
frankfurter,2016-01-27,EUR,1,10.784000,,,"{""base"": ""EUR"", ""date"": ""2016-01-27"", ""rate"": 10.784, ""quote"": ""MAD""}"
frankfurter,2016-01-27,USD,1,9.899000,,,"{""base"": ""USD"", ""date"": ""2016-01-27"", ""rate"": 9.899, ""quote"": ""MAD""}"
frankfurter,2016-01-28,EUR,1,10.791500,,,"{""base"": ""EUR"", ""date"": ""2016-01-28"", ""rate"": 10.7915, ""quote"": ""MAD""}"
frankfurter,2016-01-28,USD,1,9.888700,,,"{""base"": ""USD"", ""date"": ""2016-01-28"", ""rate"": 9.8887, ""quote"": ""MAD""}"
frankfurter,2016-01-29,EUR,1,10.771500,,,"{""base"": ""EUR"", ""date"": ""2016-01-29"", ""rate"": 10.7715, ""quote"": ""MAD""}"
frankfurter,2016-01-29,USD,1,9.916800,,,"{""base"": ""USD"", ""date"": ""2016-01-29"", ""rate"": 9.9168, ""quote"": ""MAD""}"
frankfurter,2016-02-01,EUR,1,10.778000,,,"{""base"": ""EUR"", ""date"": ""2016-02-01"", ""rate"": 10.778, ""quote"": ""MAD""}"
frankfurter,2016-02-01,USD,1,9.907900,,,"{""base"": ""USD"", ""date"": ""2016-02-01"", ""rate"": 9.9079, ""quote"": ""MAD""}"
frankfurter,2016-02-02,EUR,1,10.800500,,,"{""base"": ""EUR"", ""date"": ""2016-02-02"", ""rate"": 10.8005, ""quote"": ""MAD""}"
frankfurter,2016-02-02,USD,1,9.876000,,,"{""base"": ""USD"", ""date"": ""2016-02-02"", ""rate"": 9.876, ""quote"": ""MAD""}"
frankfurter,2016-02-03,EUR,1,10.811500,,,"{""base"": ""EUR"", ""date"": ""2016-02-03"", ""rate"": 10.8115, ""quote"": ""MAD""}"
frankfurter,2016-02-03,USD,1,9.860200,,,"{""base"": ""USD"", ""date"": ""2016-02-03"", ""rate"": 9.8602, ""quote"": ""MAD""}"
frankfurter,2016-02-04,EUR,1,10.902500,,,"{""base"": ""EUR"", ""date"": ""2016-02-04"", ""rate"": 10.9025, ""quote"": ""MAD""}"
frankfurter,2016-02-04,USD,1,9.731800,,,"{""base"": ""USD"", ""date"": ""2016-02-04"", ""rate"": 9.7318, ""quote"": ""MAD""}"
frankfurter,2016-02-05,EUR,1,10.873500,,,"{""base"": ""EUR"", ""date"": ""2016-02-05"", ""rate"": 10.8735, ""quote"": ""MAD""}"
frankfurter,2016-02-05,USD,1,9.772900,,,"{""base"": ""USD"", ""date"": ""2016-02-05"", ""rate"": 9.7729, ""quote"": ""MAD""}"
frankfurter,2016-02-08,EUR,1,10.865000,,,"{""base"": ""EUR"", ""date"": ""2016-02-08"", ""rate"": 10.865, ""quote"": ""MAD""}"
frankfurter,2016-02-08,USD,1,9.784700,,,"{""base"": ""USD"", ""date"": ""2016-02-08"", ""rate"": 9.7847, ""quote"": ""MAD""}"
frankfurter,2016-02-09,EUR,1,10.933500,,,"{""base"": ""EUR"", ""date"": ""2016-02-09"", ""rate"": 10.9335, ""quote"": ""MAD""}"
frankfurter,2016-02-09,USD,1,9.687800,,,"{""base"": ""USD"", ""date"": ""2016-02-09"", ""rate"": 9.6878, ""quote"": ""MAD""}"
frankfurter,2016-02-10,EUR,1,10.914000,,,"{""base"": ""EUR"", ""date"": ""2016-02-10"", ""rate"": 10.914, ""quote"": ""MAD""}"
frankfurter,2016-02-10,USD,1,9.715300,,,"{""base"": ""USD"", ""date"": ""2016-02-10"", ""rate"": 9.7153, ""quote"": ""MAD""}"
frankfurter,2016-02-11,EUR,1,10.949500,,,"{""base"": ""EUR"", ""date"": ""2016-02-11"", ""rate"": 10.9495, ""quote"": ""MAD""}"
frankfurter,2016-02-11,USD,1,9.665200,,,"{""base"": ""USD"", ""date"": ""2016-02-11"", ""rate"": 9.6652, ""quote"": ""MAD""}"
frankfurter,2016-02-12,EUR,1,10.921500,,,"{""base"": ""EUR"", ""date"": ""2016-02-12"", ""rate"": 10.9215, ""quote"": ""MAD""}"
frankfurter,2016-02-12,USD,1,9.705200,,,"{""base"": ""USD"", ""date"": ""2016-02-12"", ""rate"": 9.7052, ""quote"": ""MAD""}"
frankfurter,2016-02-15,EUR,1,10.893500,,,"{""base"": ""EUR"", ""date"": ""2016-02-15"", ""rate"": 10.8935, ""quote"": ""MAD""}"
frankfurter,2016-02-15,USD,1,9.744500,,,"{""base"": ""USD"", ""date"": ""2016-02-15"", ""rate"": 9.7445, ""quote"": ""MAD""}"
frankfurter,2016-02-16,EUR,1,10.892500,,,"{""base"": ""EUR"", ""date"": ""2016-02-16"", ""rate"": 10.8925, ""quote"": ""MAD""}"
frankfurter,2016-02-16,USD,1,9.746100,,,"{""base"": ""USD"", ""date"": ""2016-02-16"", ""rate"": 9.7461, ""quote"": ""MAD""}"
frankfurter,2016-02-17,EUR,1,10.874500,,,"{""base"": ""EUR"", ""date"": ""2016-02-17"", ""rate"": 10.8745, ""quote"": ""MAD""}"
frankfurter,2016-02-17,USD,1,9.771900,,,"{""base"": ""USD"", ""date"": ""2016-02-17"", ""rate"": 9.7719, ""quote"": ""MAD""}"
frankfurter,2016-02-18,EUR,1,10.856500,,,"{""base"": ""EUR"", ""date"": ""2016-02-18"", ""rate"": 10.8565, ""quote"": ""MAD""}"
frankfurter,2016-02-18,USD,1,9.796100,,,"{""base"": ""USD"", ""date"": ""2016-02-18"", ""rate"": 9.7961, ""quote"": ""MAD""}"
frankfurter,2016-02-19,EUR,1,10.864500,,,"{""base"": ""EUR"", ""date"": ""2016-02-19"", ""rate"": 10.8645, ""quote"": ""MAD""}"
frankfurter,2016-02-19,USD,1,9.785800,,,"{""base"": ""USD"", ""date"": ""2016-02-19"", ""rate"": 9.7858, ""quote"": ""MAD""}"
frankfurter,2016-02-22,EUR,1,10.828500,,,"{""base"": ""EUR"", ""date"": ""2016-02-22"", ""rate"": 10.8285, ""quote"": ""MAD""}"
frankfurter,2016-02-22,USD,1,9.836200,,,"{""base"": ""USD"", ""date"": ""2016-02-22"", ""rate"": 9.8362, ""quote"": ""MAD""}"
frankfurter,2016-02-23,EUR,1,10.830500,,,"{""base"": ""EUR"", ""date"": ""2016-02-23"", ""rate"": 10.8305, ""quote"": ""MAD""}"
frankfurter,2016-02-23,USD,1,9.833500,,,"{""base"": ""USD"", ""date"": ""2016-02-23"", ""rate"": 9.8335, ""quote"": ""MAD""}"
frankfurter,2016-02-24,EUR,1,10.825500,,,"{""base"": ""EUR"", ""date"": ""2016-02-24"", ""rate"": 10.8255, ""quote"": ""MAD""}"
frankfurter,2016-02-24,USD,1,9.840500,,,"{""base"": ""USD"", ""date"": ""2016-02-24"", ""rate"": 9.8405, ""quote"": ""MAD""}"
frankfurter,2016-02-25,EUR,1,10.829500,,,"{""base"": ""EUR"", ""date"": ""2016-02-25"", ""rate"": 10.8295, ""quote"": ""MAD""}"
frankfurter,2016-02-25,USD,1,9.835000,,,"{""base"": ""USD"", ""date"": ""2016-02-25"", ""rate"": 9.835, ""quote"": ""MAD""}"
frankfurter,2016-02-26,EUR,1,10.814500,,,"{""base"": ""EUR"", ""date"": ""2016-02-26"", ""rate"": 10.8145, ""quote"": ""MAD""}"
frankfurter,2016-02-26,USD,1,9.855800,,,"{""base"": ""USD"", ""date"": ""2016-02-26"", ""rate"": 9.8558, ""quote"": ""MAD""}"
frankfurter,2016-02-29,EUR,1,10.779500,,,"{""base"": ""EUR"", ""date"": ""2016-02-29"", ""rate"": 10.7795, ""quote"": ""MAD""}"
frankfurter,2016-02-29,USD,1,9.905100,,,"{""base"": ""USD"", ""date"": ""2016-02-29"", ""rate"": 9.9051, ""quote"": ""MAD""}"
frankfurter,2016-03-01,EUR,1,10.779500,,,"{""base"": ""EUR"", ""date"": ""2016-03-01"", ""rate"": 10.7795, ""quote"": ""MAD""}"
frankfurter,2016-03-01,USD,1,9.905700,,,"{""base"": ""USD"", ""date"": ""2016-03-01"", ""rate"": 9.9057, ""quote"": ""MAD""}"
frankfurter,2016-03-02,EUR,1,10.765000,,,"{""base"": ""EUR"", ""date"": ""2016-03-02"", ""rate"": 10.765, ""quote"": ""MAD""}"
frankfurter,2016-03-02,USD,1,9.926200,,,"{""base"": ""USD"", ""date"": ""2016-03-02"", ""rate"": 9.9262, ""quote"": ""MAD""}"
frankfurter,2016-03-03,EUR,1,10.790500,,,"{""base"": ""EUR"", ""date"": ""2016-03-03"", ""rate"": 10.7905, ""quote"": ""MAD""}"
frankfurter,2016-03-03,USD,1,9.889800,,,"{""base"": ""USD"", ""date"": ""2016-03-03"", ""rate"": 9.8898, ""quote"": ""MAD""}"
frankfurter,2016-03-04,EUR,1,10.829000,,,"{""base"": ""EUR"", ""date"": ""2016-03-04"", ""rate"": 10.829, ""quote"": ""MAD""}"
frankfurter,2016-03-04,USD,1,9.835600,,,"{""base"": ""USD"", ""date"": ""2016-03-04"", ""rate"": 9.8356, ""quote"": ""MAD""}"
frankfurter,2016-03-07,EUR,1,10.809500,,,"{""base"": ""EUR"", ""date"": ""2016-03-07"", ""rate"": 10.8095, ""quote"": ""MAD""}"
frankfurter,2016-03-07,USD,1,9.862900,,,"{""base"": ""USD"", ""date"": ""2016-03-07"", ""rate"": 9.8629, ""quote"": ""MAD""}"
frankfurter,2016-03-08,EUR,1,10.837500,,,"{""base"": ""EUR"", ""date"": ""2016-03-08"", ""rate"": 10.8375, ""quote"": ""MAD""}"
frankfurter,2016-03-08,USD,1,9.823100,,,"{""base"": ""USD"", ""date"": ""2016-03-08"", ""rate"": 9.8231, ""quote"": ""MAD""}"
frankfurter,2016-03-09,EUR,1,10.806500,,,"{""base"": ""EUR"", ""date"": ""2016-03-09"", ""rate"": 10.8065, ""quote"": ""MAD""}"
frankfurter,2016-03-09,USD,1,9.867800,,,"{""base"": ""USD"", ""date"": ""2016-03-09"", ""rate"": 9.8678, ""quote"": ""MAD""}"
frankfurter,2016-03-10,EUR,1,10.798500,,,"{""base"": ""EUR"", ""date"": ""2016-03-10"", ""rate"": 10.7985, ""quote"": ""MAD""}"
frankfurter,2016-03-10,USD,1,9.878800,,,"{""base"": ""USD"", ""date"": ""2016-03-10"", ""rate"": 9.8788, ""quote"": ""MAD""}"
frankfurter,2016-03-11,EUR,1,10.871500,,,"{""base"": ""EUR"", ""date"": ""2016-03-11"", ""rate"": 10.8715, ""quote"": ""MAD""}"
frankfurter,2016-03-11,USD,1,9.775600,,,"{""base"": ""USD"", ""date"": ""2016-03-11"", ""rate"": 9.7756, ""quote"": ""MAD""}"
frankfurter,2016-03-14,EUR,1,10.866500,,,"{""base"": ""EUR"", ""date"": ""2016-03-14"", ""rate"": 10.8665, ""quote"": ""MAD""}"
frankfurter,2016-03-14,USD,1,9.782600,,,"{""base"": ""USD"", ""date"": ""2016-03-14"", ""rate"": 9.7826, ""quote"": ""MAD""}"
frankfurter,2016-03-15,EUR,1,10.863500,,,"{""base"": ""EUR"", ""date"": ""2016-03-15"", ""rate"": 10.8635, ""quote"": ""MAD""}"
frankfurter,2016-03-15,USD,1,9.786300,,,"{""base"": ""USD"", ""date"": ""2016-03-15"", ""rate"": 9.7863, ""quote"": ""MAD""}"
frankfurter,2016-03-16,EUR,1,10.850500,,,"{""base"": ""EUR"", ""date"": ""2016-03-16"", ""rate"": 10.8505, ""quote"": ""MAD""}"
frankfurter,2016-03-16,USD,1,9.805300,,,"{""base"": ""USD"", ""date"": ""2016-03-16"", ""rate"": 9.8053, ""quote"": ""MAD""}"
frankfurter,2016-03-17,EUR,1,10.948000,,,"{""base"": ""EUR"", ""date"": ""2016-03-17"", ""rate"": 10.948, ""quote"": ""MAD""}"
frankfurter,2016-03-17,USD,1,9.667200,,,"{""base"": ""USD"", ""date"": ""2016-03-17"", ""rate"": 9.6672, ""quote"": ""MAD""}"
frankfurter,2016-03-18,EUR,1,10.935000,,,"{""base"": ""EUR"", ""date"": ""2016-03-18"", ""rate"": 10.935, ""quote"": ""MAD""}"
frankfurter,2016-03-18,USD,1,9.685600,,,"{""base"": ""USD"", ""date"": ""2016-03-18"", ""rate"": 9.6856, ""quote"": ""MAD""}"
frankfurter,2016-03-21,EUR,1,10.924500,,,"{""base"": ""EUR"", ""date"": ""2016-03-21"", ""rate"": 10.9245, ""quote"": ""MAD""}"
frankfurter,2016-03-21,USD,1,9.701000,,,"{""base"": ""USD"", ""date"": ""2016-03-21"", ""rate"": 9.701, ""quote"": ""MAD""}"
frankfurter,2016-03-22,EUR,1,10.910500,,,"{""base"": ""EUR"", ""date"": ""2016-03-22"", ""rate"": 10.9105, ""quote"": ""MAD""}"
frankfurter,2016-03-22,USD,1,9.720600,,,"{""base"": ""USD"", ""date"": ""2016-03-22"", ""rate"": 9.7206, ""quote"": ""MAD""}"
frankfurter,2016-03-23,EUR,1,10.895500,,,"{""base"": ""EUR"", ""date"": ""2016-03-23"", ""rate"": 10.8955, ""quote"": ""MAD""}"
frankfurter,2016-03-23,USD,1,9.741900,,,"{""base"": ""USD"", ""date"": ""2016-03-23"", ""rate"": 9.7419, ""quote"": ""MAD""}"
frankfurter,2016-03-24,EUR,1,10.886500,,,"{""base"": ""EUR"", ""date"": ""2016-03-24"", ""rate"": 10.8865, ""quote"": ""MAD""}"
frankfurter,2016-03-24,USD,1,9.754200,,,"{""base"": ""USD"", ""date"": ""2016-03-24"", ""rate"": 9.7542, ""quote"": ""MAD""}"
frankfurter,2016-03-25,EUR,1,10.889500,,,"{""base"": ""EUR"", ""date"": ""2016-03-25"", ""rate"": 10.8895, ""quote"": ""MAD""}"
frankfurter,2016-03-25,USD,1,9.749900,,,"{""base"": ""USD"", ""date"": ""2016-03-25"", ""rate"": 9.7499, ""quote"": ""MAD""}"
frankfurter,2016-03-28,EUR,1,10.893500,,,"{""base"": ""EUR"", ""date"": ""2016-03-28"", ""rate"": 10.8935, ""quote"": ""MAD""}"
frankfurter,2016-03-28,USD,1,9.744000,,,"{""base"": ""USD"", ""date"": ""2016-03-28"", ""rate"": 9.744, ""quote"": ""MAD""}"
frankfurter,2016-03-29,EUR,1,10.907000,,,"{""base"": ""EUR"", ""date"": ""2016-03-29"", ""rate"": 10.907, ""quote"": ""MAD""}"
frankfurter,2016-03-29,USD,1,9.725300,,,"{""base"": ""USD"", ""date"": ""2016-03-29"", ""rate"": 9.7253, ""quote"": ""MAD""}"
frankfurter,2016-03-30,EUR,1,10.943000,,,"{""base"": ""EUR"", ""date"": ""2016-03-30"", ""rate"": 10.943, ""quote"": ""MAD""}"
frankfurter,2016-03-30,USD,1,9.674100,,,"{""base"": ""USD"", ""date"": ""2016-03-30"", ""rate"": 9.6741, ""quote"": ""MAD""}"
frankfurter,2016-03-31,EUR,1,10.972000,,,"{""base"": ""EUR"", ""date"": ""2016-03-31"", ""rate"": 10.972, ""quote"": ""MAD""}"
frankfurter,2016-03-31,USD,1,9.633700,,,"{""base"": ""USD"", ""date"": ""2016-03-31"", ""rate"": 9.6337, ""quote"": ""MAD""}"
frankfurter,2016-04-01,EUR,1,10.977000,,,"{""base"": ""EUR"", ""date"": ""2016-04-01"", ""rate"": 10.977, ""quote"": ""MAD""}"
frankfurter,2016-04-01,USD,1,9.625900,,,"{""base"": ""USD"", ""date"": ""2016-04-01"", ""rate"": 9.6259, ""quote"": ""MAD""}"
frankfurter,2016-04-04,EUR,1,10.974500,,,"{""base"": ""EUR"", ""date"": ""2016-04-04"", ""rate"": 10.9745, ""quote"": ""MAD""}"
frankfurter,2016-04-04,USD,1,9.630100,,,"{""base"": ""USD"", ""date"": ""2016-04-04"", ""rate"": 9.6301, ""quote"": ""MAD""}"
frankfurter,2016-04-05,EUR,1,10.966000,,,"{""base"": ""EUR"", ""date"": ""2016-04-05"", ""rate"": 10.966, ""quote"": ""MAD""}"
frankfurter,2016-04-05,USD,1,9.642100,,,"{""base"": ""USD"", ""date"": ""2016-04-05"", ""rate"": 9.6421, ""quote"": ""MAD""}"
frankfurter,2016-04-06,EUR,1,10.963000,,,"{""base"": ""EUR"", ""date"": ""2016-04-06"", ""rate"": 10.963, ""quote"": ""MAD""}"
frankfurter,2016-04-06,USD,1,9.646200,,,"{""base"": ""USD"", ""date"": ""2016-04-06"", ""rate"": 9.6462, ""quote"": ""MAD""}"
frankfurter,2016-04-07,EUR,1,10.968000,,,"{""base"": ""EUR"", ""date"": ""2016-04-07"", ""rate"": 10.968, ""quote"": ""MAD""}"
frankfurter,2016-04-07,USD,1,9.638900,,,"{""base"": ""USD"", ""date"": ""2016-04-07"", ""rate"": 9.6389, ""quote"": ""MAD""}"
frankfurter,2016-04-08,EUR,1,10.962500,,,"{""base"": ""EUR"", ""date"": ""2016-04-08"", ""rate"": 10.9625, ""quote"": ""MAD""}"
frankfurter,2016-04-08,USD,1,9.646800,,,"{""base"": ""USD"", ""date"": ""2016-04-08"", ""rate"": 9.6468, ""quote"": ""MAD""}"
frankfurter,2016-04-11,EUR,1,10.980000,,,"{""base"": ""EUR"", ""date"": ""2016-04-11"", ""rate"": 10.98, ""quote"": ""MAD""}"
frankfurter,2016-04-11,USD,1,9.622300,,,"{""base"": ""USD"", ""date"": ""2016-04-11"", ""rate"": 9.6223, ""quote"": ""MAD""}"
frankfurter,2016-04-12,EUR,1,10.969000,,,"{""base"": ""EUR"", ""date"": ""2016-04-12"", ""rate"": 10.969, ""quote"": ""MAD""}"
frankfurter,2016-04-12,USD,1,9.637400,,,"{""base"": ""USD"", ""date"": ""2016-04-12"", ""rate"": 9.6374, ""quote"": ""MAD""}"
frankfurter,2016-04-13,EUR,1,10.943500,,,"{""base"": ""EUR"", ""date"": ""2016-04-13"", ""rate"": 10.9435, ""quote"": ""MAD""}"
frankfurter,2016-04-13,USD,1,9.673500,,,"{""base"": ""USD"", ""date"": ""2016-04-13"", ""rate"": 9.6735, ""quote"": ""MAD""}"
frankfurter,2016-04-14,EUR,1,10.930000,,,"{""base"": ""EUR"", ""date"": ""2016-04-14"", ""rate"": 10.93, ""quote"": ""MAD""}"
frankfurter,2016-04-14,USD,1,9.693100,,,"{""base"": ""USD"", ""date"": ""2016-04-14"", ""rate"": 9.6931, ""quote"": ""MAD""}"
frankfurter,2016-04-15,EUR,1,10.929500,,,"{""base"": ""EUR"", ""date"": ""2016-04-15"", ""rate"": 10.9295, ""quote"": ""MAD""}"
frankfurter,2016-04-15,USD,1,9.693600,,,"{""base"": ""USD"", ""date"": ""2016-04-15"", ""rate"": 9.6936, ""quote"": ""MAD""}"
frankfurter,2016-04-18,EUR,1,10.942000,,,"{""base"": ""EUR"", ""date"": ""2016-04-18"", ""rate"": 10.942, ""quote"": ""MAD""}"
frankfurter,2016-04-18,USD,1,9.675600,,,"{""base"": ""USD"", ""date"": ""2016-04-18"", ""rate"": 9.6756, ""quote"": ""MAD""}"
frankfurter,2016-04-19,EUR,1,10.959000,,,"{""base"": ""EUR"", ""date"": ""2016-04-19"", ""rate"": 10.959, ""quote"": ""MAD""}"
frankfurter,2016-04-19,USD,1,9.652000,,,"{""base"": ""USD"", ""date"": ""2016-04-19"", ""rate"": 9.652, ""quote"": ""MAD""}"
frankfurter,2016-04-20,EUR,1,10.963000,,,"{""base"": ""EUR"", ""date"": ""2016-04-20"", ""rate"": 10.963, ""quote"": ""MAD""}"
frankfurter,2016-04-20,USD,1,9.646200,,,"{""base"": ""USD"", ""date"": ""2016-04-20"", ""rate"": 9.6462, ""quote"": ""MAD""}"
frankfurter,2016-04-21,EUR,1,10.966000,,,"{""base"": ""EUR"", ""date"": ""2016-04-21"", ""rate"": 10.966, ""quote"": ""MAD""}"
frankfurter,2016-04-21,USD,1,9.642100,,,"{""base"": ""USD"", ""date"": ""2016-04-21"", ""rate"": 9.6421, ""quote"": ""MAD""}"
frankfurter,2016-04-22,EUR,1,10.922500,,,"{""base"": ""EUR"", ""date"": ""2016-04-22"", ""rate"": 10.9225, ""quote"": ""MAD""}"
frankfurter,2016-04-22,USD,1,9.703100,,,"{""base"": ""USD"", ""date"": ""2016-04-22"", ""rate"": 9.7031, ""quote"": ""MAD""}"
frankfurter,2016-04-25,EUR,1,10.920000,,,"{""base"": ""EUR"", ""date"": ""2016-04-25"", ""rate"": 10.92, ""quote"": ""MAD""}"
frankfurter,2016-04-25,USD,1,9.706800,,,"{""base"": ""USD"", ""date"": ""2016-04-25"", ""rate"": 9.7068, ""quote"": ""MAD""}"
frankfurter,2016-04-26,EUR,1,10.941500,,,"{""base"": ""EUR"", ""date"": ""2016-04-26"", ""rate"": 10.9415, ""quote"": ""MAD""}"
frankfurter,2016-04-26,USD,1,9.676700,,,"{""base"": ""USD"", ""date"": ""2016-04-26"", ""rate"": 9.6767, ""quote"": ""MAD""}"
frankfurter,2016-04-27,EUR,1,10.944500,,,"{""base"": ""EUR"", ""date"": ""2016-04-27"", ""rate"": 10.9445, ""quote"": ""MAD""}"
frankfurter,2016-04-27,USD,1,9.672500,,,"{""base"": ""USD"", ""date"": ""2016-04-27"", ""rate"": 9.6725, ""quote"": ""MAD""}"
frankfurter,2016-04-28,EUR,1,10.955500,,,"{""base"": ""EUR"", ""date"": ""2016-04-28"", ""rate"": 10.9555, ""quote"": ""MAD""}"
frankfurter,2016-04-28,USD,1,9.656700,,,"{""base"": ""USD"", ""date"": ""2016-04-28"", ""rate"": 9.6567, ""quote"": ""MAD""}"
frankfurter,2016-04-29,EUR,1,10.981500,,,"{""base"": ""EUR"", ""date"": ""2016-04-29"", ""rate"": 10.9815, ""quote"": ""MAD""}"
frankfurter,2016-04-29,USD,1,9.620100,,,"{""base"": ""USD"", ""date"": ""2016-04-29"", ""rate"": 9.6201, ""quote"": ""MAD""}"
frankfurter,2016-05-02,EUR,1,11.006000,,,"{""base"": ""EUR"", ""date"": ""2016-05-02"", ""rate"": 11.006, ""quote"": ""MAD""}"
frankfurter,2016-05-02,USD,1,9.585400,,,"{""base"": ""USD"", ""date"": ""2016-05-02"", ""rate"": 9.5854, ""quote"": ""MAD""}"
frankfurter,2016-05-03,EUR,1,11.031000,,,"{""base"": ""EUR"", ""date"": ""2016-05-03"", ""rate"": 11.031, ""quote"": ""MAD""}"
frankfurter,2016-05-03,USD,1,9.549400,,,"{""base"": ""USD"", ""date"": ""2016-05-03"", ""rate"": 9.5494, ""quote"": ""MAD""}"
frankfurter,2016-05-04,EUR,1,11.009000,,,"{""base"": ""EUR"", ""date"": ""2016-05-04"", ""rate"": 11.009, ""quote"": ""MAD""}"
frankfurter,2016-05-04,USD,1,9.580800,,,"{""base"": ""USD"", ""date"": ""2016-05-04"", ""rate"": 9.5808, ""quote"": ""MAD""}"
frankfurter,2016-05-05,EUR,1,10.989000,,,"{""base"": ""EUR"", ""date"": ""2016-05-05"", ""rate"": 10.989, ""quote"": ""MAD""}"
frankfurter,2016-05-05,USD,1,9.609800,,,"{""base"": ""USD"", ""date"": ""2016-05-05"", ""rate"": 9.6098, ""quote"": ""MAD""}"
frankfurter,2016-05-06,EUR,1,10.988000,,,"{""base"": ""EUR"", ""date"": ""2016-05-06"", ""rate"": 10.988, ""quote"": ""MAD""}"
frankfurter,2016-05-06,USD,1,9.610800,,,"{""base"": ""USD"", ""date"": ""2016-05-06"", ""rate"": 9.6108, ""quote"": ""MAD""}"
frankfurter,2016-05-09,EUR,1,10.977000,,,"{""base"": ""EUR"", ""date"": ""2016-05-09"", ""rate"": 10.977, ""quote"": ""MAD""}"
frankfurter,2016-05-09,USD,1,9.625900,,,"{""base"": ""USD"", ""date"": ""2016-05-09"", ""rate"": 9.6259, ""quote"": ""MAD""}"
frankfurter,2016-05-10,EUR,1,10.966500,,,"{""base"": ""EUR"", ""date"": ""2016-05-10"", ""rate"": 10.9665, ""quote"": ""MAD""}"
frankfurter,2016-05-10,USD,1,9.641000,,,"{""base"": ""USD"", ""date"": ""2016-05-10"", ""rate"": 9.641, ""quote"": ""MAD""}"
frankfurter,2016-05-11,EUR,1,10.977000,,,"{""base"": ""EUR"", ""date"": ""2016-05-11"", ""rate"": 10.977, ""quote"": ""MAD""}"
frankfurter,2016-05-11,USD,1,9.626400,,,"{""base"": ""USD"", ""date"": ""2016-05-11"", ""rate"": 9.6264, ""quote"": ""MAD""}"
frankfurter,2016-05-12,EUR,1,10.978000,,,"{""base"": ""EUR"", ""date"": ""2016-05-12"", ""rate"": 10.978, ""quote"": ""MAD""}"
frankfurter,2016-05-12,USD,1,9.625400,,,"{""base"": ""USD"", ""date"": ""2016-05-12"", ""rate"": 9.6254, ""quote"": ""MAD""}"
frankfurter,2016-05-13,EUR,1,10.945000,,,"{""base"": ""EUR"", ""date"": ""2016-05-13"", ""rate"": 10.945, ""quote"": ""MAD""}"
frankfurter,2016-05-13,USD,1,9.671400,,,"{""base"": ""USD"", ""date"": ""2016-05-13"", ""rate"": 9.6714, ""quote"": ""MAD""}"
frankfurter,2016-05-16,EUR,1,10.952000,,,"{""base"": ""EUR"", ""date"": ""2016-05-16"", ""rate"": 10.952, ""quote"": ""MAD""}"
frankfurter,2016-05-16,USD,1,9.662000,,,"{""base"": ""USD"", ""date"": ""2016-05-16"", ""rate"": 9.662, ""quote"": ""MAD""}"
frankfurter,2016-05-17,EUR,1,10.943000,,,"{""base"": ""EUR"", ""date"": ""2016-05-17"", ""rate"": 10.943, ""quote"": ""MAD""}"
frankfurter,2016-05-17,USD,1,9.674100,,,"{""base"": ""USD"", ""date"": ""2016-05-17"", ""rate"": 9.6741, ""quote"": ""MAD""}"
frankfurter,2016-05-18,EUR,1,10.929000,,,"{""base"": ""EUR"", ""date"": ""2016-05-18"", ""rate"": 10.929, ""quote"": ""MAD""}"
frankfurter,2016-05-18,USD,1,9.694100,,,"{""base"": ""USD"", ""date"": ""2016-05-18"", ""rate"": 9.6941, ""quote"": ""MAD""}"
frankfurter,2016-05-19,EUR,1,10.894500,,,"{""base"": ""EUR"", ""date"": ""2016-05-19"", ""rate"": 10.8945, ""quote"": ""MAD""}"
frankfurter,2016-05-19,USD,1,9.742900,,,"{""base"": ""USD"", ""date"": ""2016-05-19"", ""rate"": 9.7429, ""quote"": ""MAD""}"
frankfurter,2016-05-20,EUR,1,10.910000,,,"{""base"": ""EUR"", ""date"": ""2016-05-20"", ""rate"": 10.91, ""quote"": ""MAD""}"
frankfurter,2016-05-20,USD,1,9.721100,,,"{""base"": ""USD"", ""date"": ""2016-05-20"", ""rate"": 9.7211, ""quote"": ""MAD""}"
frankfurter,2016-05-23,EUR,1,10.901500,,,"{""base"": ""EUR"", ""date"": ""2016-05-23"", ""rate"": 10.9015, ""quote"": ""MAD""}"
frankfurter,2016-05-23,USD,1,9.733400,,,"{""base"": ""USD"", ""date"": ""2016-05-23"", ""rate"": 9.7334, ""quote"": ""MAD""}"
frankfurter,2016-05-24,EUR,1,10.886500,,,"{""base"": ""EUR"", ""date"": ""2016-05-24"", ""rate"": 10.8865, ""quote"": ""MAD""}"
frankfurter,2016-05-24,USD,1,9.754700,,,"{""base"": ""USD"", ""date"": ""2016-05-24"", ""rate"": 9.7547, ""quote"": ""MAD""}"
frankfurter,2016-05-25,EUR,1,10.881500,,,"{""base"": ""EUR"", ""date"": ""2016-05-25"", ""rate"": 10.8815, ""quote"": ""MAD""}"
frankfurter,2016-05-25,USD,1,9.761100,,,"{""base"": ""USD"", ""date"": ""2016-05-25"", ""rate"": 9.7611, ""quote"": ""MAD""}"
frankfurter,2016-05-26,EUR,1,10.901000,,,"{""base"": ""EUR"", ""date"": ""2016-05-26"", ""rate"": 10.901, ""quote"": ""MAD""}"
frankfurter,2016-05-26,USD,1,9.733900,,,"{""base"": ""USD"", ""date"": ""2016-05-26"", ""rate"": 9.7339, ""quote"": ""MAD""}"
frankfurter,2016-05-27,EUR,1,10.885500,,,"{""base"": ""EUR"", ""date"": ""2016-05-27"", ""rate"": 10.8855, ""quote"": ""MAD""}"
frankfurter,2016-05-27,USD,1,9.755200,,,"{""base"": ""USD"", ""date"": ""2016-05-27"", ""rate"": 9.7552, ""quote"": ""MAD""}"
frankfurter,2016-05-30,EUR,1,10.877500,,,"{""base"": ""EUR"", ""date"": ""2016-05-30"", ""rate"": 10.8775, ""quote"": ""MAD""}"
frankfurter,2016-05-30,USD,1,9.766400,,,"{""base"": ""USD"", ""date"": ""2016-05-30"", ""rate"": 9.7664, ""quote"": ""MAD""}"
frankfurter,2016-05-31,EUR,1,10.884000,,,"{""base"": ""EUR"", ""date"": ""2016-05-31"", ""rate"": 10.884, ""quote"": ""MAD""}"
frankfurter,2016-05-31,USD,1,9.757900,,,"{""base"": ""USD"", ""date"": ""2016-05-31"", ""rate"": 9.7579, ""quote"": ""MAD""}"
frankfurter,2016-06-01,EUR,1,10.893500,,,"{""base"": ""EUR"", ""date"": ""2016-06-01"", ""rate"": 10.8935, ""quote"": ""MAD""}"
frankfurter,2016-06-01,USD,1,9.744000,,,"{""base"": ""USD"", ""date"": ""2016-06-01"", ""rate"": 9.744, ""quote"": ""MAD""}"
frankfurter,2016-06-02,EUR,1,10.896000,,,"{""base"": ""EUR"", ""date"": ""2016-06-02"", ""rate"": 10.896, ""quote"": ""MAD""}"
frankfurter,2016-06-02,USD,1,9.740800,,,"{""base"": ""USD"", ""date"": ""2016-06-02"", ""rate"": 9.7408, ""quote"": ""MAD""}"
frankfurter,2016-06-03,EUR,1,10.935000,,,"{""base"": ""EUR"", ""date"": ""2016-06-03"", ""rate"": 10.935, ""quote"": ""MAD""}"
frankfurter,2016-06-03,USD,1,9.685600,,,"{""base"": ""USD"", ""date"": ""2016-06-03"", ""rate"": 9.6856, ""quote"": ""MAD""}"
frankfurter,2016-06-06,EUR,1,10.957500,,,"{""base"": ""EUR"", ""date"": ""2016-06-06"", ""rate"": 10.9575, ""quote"": ""MAD""}"
frankfurter,2016-06-06,USD,1,9.654100,,,"{""base"": ""USD"", ""date"": ""2016-06-06"", ""rate"": 9.6541, ""quote"": ""MAD""}"
frankfurter,2016-06-07,EUR,1,10.956000,,,"{""base"": ""EUR"", ""date"": ""2016-06-07"", ""rate"": 10.956, ""quote"": ""MAD""}"
frankfurter,2016-06-07,USD,1,9.656200,,,"{""base"": ""USD"", ""date"": ""2016-06-07"", ""rate"": 9.6562, ""quote"": ""MAD""}"
frankfurter,2016-06-08,EUR,1,10.969500,,,"{""base"": ""EUR"", ""date"": ""2016-06-08"", ""rate"": 10.9695, ""quote"": ""MAD""}"
frankfurter,2016-06-08,USD,1,9.636800,,,"{""base"": ""USD"", ""date"": ""2016-06-08"", ""rate"": 9.6368, ""quote"": ""MAD""}"
frankfurter,2016-06-09,EUR,1,10.954500,,,"{""base"": ""EUR"", ""date"": ""2016-06-09"", ""rate"": 10.9545, ""quote"": ""MAD""}"
frankfurter,2016-06-09,USD,1,9.658300,,,"{""base"": ""USD"", ""date"": ""2016-06-09"", ""rate"": 9.6583, ""quote"": ""MAD""}"
frankfurter,2016-06-10,EUR,1,10.939000,,,"{""base"": ""EUR"", ""date"": ""2016-06-10"", ""rate"": 10.939, ""quote"": ""MAD""}"
frankfurter,2016-06-10,USD,1,9.679800,,,"{""base"": ""USD"", ""date"": ""2016-06-10"", ""rate"": 9.6798, ""quote"": ""MAD""}"
frankfurter,2016-06-13,EUR,1,10.928500,,,"{""base"": ""EUR"", ""date"": ""2016-06-13"", ""rate"": 10.9285, ""quote"": ""MAD""}"
frankfurter,2016-06-13,USD,1,9.695200,,,"{""base"": ""USD"", ""date"": ""2016-06-13"", ""rate"": 9.6952, ""quote"": ""MAD""}"
frankfurter,2016-06-14,EUR,1,10.911000,,,"{""base"": ""EUR"", ""date"": ""2016-06-14"", ""rate"": 10.911, ""quote"": ""MAD""}"
frankfurter,2016-06-14,USD,1,9.719500,,,"{""base"": ""USD"", ""date"": ""2016-06-14"", ""rate"": 9.7195, ""quote"": ""MAD""}"
frankfurter,2016-06-15,EUR,1,10.911500,,,"{""base"": ""EUR"", ""date"": ""2016-06-15"", ""rate"": 10.9115, ""quote"": ""MAD""}"
frankfurter,2016-06-15,USD,1,9.719000,,,"{""base"": ""USD"", ""date"": ""2016-06-15"", ""rate"": 9.719, ""quote"": ""MAD""}"
frankfurter,2016-06-16,EUR,1,10.893500,,,"{""base"": ""EUR"", ""date"": ""2016-06-16"", ""rate"": 10.8935, ""quote"": ""MAD""}"
frankfurter,2016-06-16,USD,1,9.744000,,,"{""base"": ""USD"", ""date"": ""2016-06-16"", ""rate"": 9.744, ""quote"": ""MAD""}"
frankfurter,2016-06-17,EUR,1,10.921500,,,"{""base"": ""EUR"", ""date"": ""2016-06-17"", ""rate"": 10.9215, ""quote"": ""MAD""}"
frankfurter,2016-06-17,USD,1,9.705200,,,"{""base"": ""USD"", ""date"": ""2016-06-17"", ""rate"": 9.7052, ""quote"": ""MAD""}"
frankfurter,2016-06-20,EUR,1,10.950000,,,"{""base"": ""EUR"", ""date"": ""2016-06-20"", ""rate"": 10.95, ""quote"": ""MAD""}"
frankfurter,2016-06-20,USD,1,9.664600,,,"{""base"": ""USD"", ""date"": ""2016-06-20"", ""rate"": 9.6646, ""quote"": ""MAD""}"
frankfurter,2016-06-21,EUR,1,10.943500,,,"{""base"": ""EUR"", ""date"": ""2016-06-21"", ""rate"": 10.9435, ""quote"": ""MAD""}"
frankfurter,2016-06-21,USD,1,9.673500,,,"{""base"": ""USD"", ""date"": ""2016-06-21"", ""rate"": 9.6735, ""quote"": ""MAD""}"
frankfurter,2016-06-22,EUR,1,10.933500,,,"{""base"": ""EUR"", ""date"": ""2016-06-22"", ""rate"": 10.9335, ""quote"": ""MAD""}"
frankfurter,2016-06-22,USD,1,9.687800,,,"{""base"": ""USD"", ""date"": ""2016-06-22"", ""rate"": 9.6878, ""quote"": ""MAD""}"
frankfurter,2016-06-23,EUR,1,10.972000,,,"{""base"": ""EUR"", ""date"": ""2016-06-23"", ""rate"": 10.972, ""quote"": ""MAD""}"
frankfurter,2016-06-23,USD,1,9.633200,,,"{""base"": ""USD"", ""date"": ""2016-06-23"", ""rate"": 9.6332, ""quote"": ""MAD""}"
frankfurter,2016-06-24,EUR,1,10.843500,,,"{""base"": ""EUR"", ""date"": ""2016-06-24"", ""rate"": 10.8435, ""quote"": ""MAD""}"
frankfurter,2016-06-24,USD,1,9.815000,,,"{""base"": ""USD"", ""date"": ""2016-06-24"", ""rate"": 9.815, ""quote"": ""MAD""}"
frankfurter,2016-06-27,EUR,1,10.825500,,,"{""base"": ""EUR"", ""date"": ""2016-06-27"", ""rate"": 10.8255, ""quote"": ""MAD""}"
frankfurter,2016-06-27,USD,1,9.841100,,,"{""base"": ""USD"", ""date"": ""2016-06-27"", ""rate"": 9.8411, ""quote"": ""MAD""}"
frankfurter,2016-06-28,EUR,1,10.850500,,,"{""base"": ""EUR"", ""date"": ""2016-06-28"", ""rate"": 10.8505, ""quote"": ""MAD""}"
frankfurter,2016-06-28,USD,1,9.805800,,,"{""base"": ""USD"", ""date"": ""2016-06-28"", ""rate"": 9.8058, ""quote"": ""MAD""}"
frankfurter,2016-06-29,EUR,1,10.859500,,,"{""base"": ""EUR"", ""date"": ""2016-06-29"", ""rate"": 10.8595, ""quote"": ""MAD""}"
frankfurter,2016-06-29,USD,1,9.792800,,,"{""base"": ""USD"", ""date"": ""2016-06-29"", ""rate"": 9.7928, ""quote"": ""MAD""}"
frankfurter,2016-06-30,EUR,1,10.865000,,,"{""base"": ""EUR"", ""date"": ""2016-06-30"", ""rate"": 10.865, ""quote"": ""MAD""}"
frankfurter,2016-06-30,USD,1,9.784700,,,"{""base"": ""USD"", ""date"": ""2016-06-30"", ""rate"": 9.7847, ""quote"": ""MAD""}"
frankfurter,2016-07-01,EUR,1,10.872500,,,"{""base"": ""EUR"", ""date"": ""2016-07-01"", ""rate"": 10.8725, ""quote"": ""MAD""}"
frankfurter,2016-07-01,USD,1,9.774500,,,"{""base"": ""USD"", ""date"": ""2016-07-01"", ""rate"": 9.7745, ""quote"": ""MAD""}"
frankfurter,2016-07-04,EUR,1,10.876500,,,"{""base"": ""EUR"", ""date"": ""2016-07-04"", ""rate"": 10.8765, ""quote"": ""MAD""}"
frankfurter,2016-07-04,USD,1,9.768000,,,"{""base"": ""USD"", ""date"": ""2016-07-04"", ""rate"": 9.768, ""quote"": ""MAD""}"
frankfurter,2016-07-05,EUR,1,10.879500,,,"{""base"": ""EUR"", ""date"": ""2016-07-05"", ""rate"": 10.8795, ""quote"": ""MAD""}"
frankfurter,2016-07-05,USD,1,9.763800,,,"{""base"": ""USD"", ""date"": ""2016-07-05"", ""rate"": 9.7638, ""quote"": ""MAD""}"
frankfurter,2016-07-11,EUR,1,10.845500,,,"{""base"": ""EUR"", ""date"": ""2016-07-11"", ""rate"": 10.8455, ""quote"": ""MAD""}"
frankfurter,2016-07-11,USD,1,9.812300,,,"{""base"": ""USD"", ""date"": ""2016-07-11"", ""rate"": 9.8123, ""quote"": ""MAD""}"
frankfurter,2016-07-12,EUR,1,10.862500,,,"{""base"": ""EUR"", ""date"": ""2016-07-12"", ""rate"": 10.8625, ""quote"": ""MAD""}"
frankfurter,2016-07-12,USD,1,9.787900,,,"{""base"": ""USD"", ""date"": ""2016-07-12"", ""rate"": 9.7879, ""quote"": ""MAD""}"
frankfurter,2016-07-13,EUR,1,10.858500,,,"{""base"": ""EUR"", ""date"": ""2016-07-13"", ""rate"": 10.8585, ""quote"": ""MAD""}"
frankfurter,2016-07-13,USD,1,9.793900,,,"{""base"": ""USD"", ""date"": ""2016-07-13"", ""rate"": 9.7939, ""quote"": ""MAD""}"
frankfurter,2016-07-14,EUR,1,10.869500,,,"{""base"": ""EUR"", ""date"": ""2016-07-14"", ""rate"": 10.8695, ""quote"": ""MAD""}"
frankfurter,2016-07-14,USD,1,9.778800,,,"{""base"": ""USD"", ""date"": ""2016-07-14"", ""rate"": 9.7788, ""quote"": ""MAD""}"
frankfurter,2016-07-15,EUR,1,10.868500,,,"{""base"": ""EUR"", ""date"": ""2016-07-15"", ""rate"": 10.8685, ""quote"": ""MAD""}"
frankfurter,2016-07-15,USD,1,9.779400,,,"{""base"": ""USD"", ""date"": ""2016-07-15"", ""rate"": 9.7794, ""quote"": ""MAD""}"
frankfurter,2016-07-18,EUR,1,10.845500,,,"{""base"": ""EUR"", ""date"": ""2016-07-18"", ""rate"": 10.8455, ""quote"": ""MAD""}"
frankfurter,2016-07-18,USD,1,9.812800,,,"{""base"": ""USD"", ""date"": ""2016-07-18"", ""rate"": 9.8128, ""quote"": ""MAD""}"
frankfurter,2016-07-19,EUR,1,10.834500,,,"{""base"": ""EUR"", ""date"": ""2016-07-19"", ""rate"": 10.8345, ""quote"": ""MAD""}"
frankfurter,2016-07-19,USD,1,9.828000,,,"{""base"": ""USD"", ""date"": ""2016-07-19"", ""rate"": 9.828, ""quote"": ""MAD""}"
frankfurter,2016-07-20,EUR,1,10.823500,,,"{""base"": ""EUR"", ""date"": ""2016-07-20"", ""rate"": 10.8235, ""quote"": ""MAD""}"
frankfurter,2016-07-20,USD,1,9.843200,,,"{""base"": ""USD"", ""date"": ""2016-07-20"", ""rate"": 9.8432, ""quote"": ""MAD""}"
frankfurter,2016-07-21,EUR,1,10.842500,,,"{""base"": ""EUR"", ""date"": ""2016-07-21"", ""rate"": 10.8425, ""quote"": ""MAD""}"
frankfurter,2016-07-21,USD,1,9.816100,,,"{""base"": ""USD"", ""date"": ""2016-07-21"", ""rate"": 9.8161, ""quote"": ""MAD""}"
frankfurter,2016-07-22,EUR,1,10.829500,,,"{""base"": ""EUR"", ""date"": ""2016-07-22"", ""rate"": 10.8295, ""quote"": ""MAD""}"
frankfurter,2016-07-22,USD,1,9.834500,,,"{""base"": ""USD"", ""date"": ""2016-07-22"", ""rate"": 9.8345, ""quote"": ""MAD""}"
frankfurter,2016-07-25,EUR,1,10.814500,,,"{""base"": ""EUR"", ""date"": ""2016-07-25"", ""rate"": 10.8145, ""quote"": ""MAD""}"
frankfurter,2016-07-25,USD,1,9.855800,,,"{""base"": ""USD"", ""date"": ""2016-07-25"", ""rate"": 9.8558, ""quote"": ""MAD""}"
frankfurter,2016-07-26,EUR,1,10.823500,,,"{""base"": ""EUR"", ""date"": ""2016-07-26"", ""rate"": 10.8235, ""quote"": ""MAD""}"
frankfurter,2016-07-26,USD,1,9.843800,,,"{""base"": ""USD"", ""date"": ""2016-07-26"", ""rate"": 9.8438, ""quote"": ""MAD""}"
frankfurter,2016-07-27,EUR,1,10.824500,,,"{""base"": ""EUR"", ""date"": ""2016-07-27"", ""rate"": 10.8245, ""quote"": ""MAD""}"
frankfurter,2016-07-27,USD,1,9.841600,,,"{""base"": ""USD"", ""date"": ""2016-07-27"", ""rate"": 9.8416, ""quote"": ""MAD""}"
frankfurter,2016-07-28,EUR,1,10.860500,,,"{""base"": ""EUR"", ""date"": ""2016-07-28"", ""rate"": 10.8605, ""quote"": ""MAD""}"
frankfurter,2016-07-28,USD,1,9.791200,,,"{""base"": ""USD"", ""date"": ""2016-07-28"", ""rate"": 9.7912, ""quote"": ""MAD""}"
frankfurter,2016-07-29,EUR,1,10.885500,,,"{""base"": ""EUR"", ""date"": ""2016-07-29"", ""rate"": 10.8855, ""quote"": ""MAD""}"
frankfurter,2016-07-29,USD,1,9.755200,,,"{""base"": ""USD"", ""date"": ""2016-07-29"", ""rate"": 9.7552, ""quote"": ""MAD""}"
frankfurter,2016-08-01,EUR,1,10.888500,,,"{""base"": ""EUR"", ""date"": ""2016-08-01"", ""rate"": 10.8885, ""quote"": ""MAD""}"
frankfurter,2016-08-01,USD,1,9.752000,,,"{""base"": ""USD"", ""date"": ""2016-08-01"", ""rate"": 9.752, ""quote"": ""MAD""}"
frankfurter,2016-08-02,EUR,1,10.902500,,,"{""base"": ""EUR"", ""date"": ""2016-08-02"", ""rate"": 10.9025, ""quote"": ""MAD""}"
frankfurter,2016-08-02,USD,1,9.731200,,,"{""base"": ""USD"", ""date"": ""2016-08-02"", ""rate"": 9.7312, ""quote"": ""MAD""}"
frankfurter,2016-08-03,EUR,1,10.899500,,,"{""base"": ""EUR"", ""date"": ""2016-08-03"", ""rate"": 10.8995, ""quote"": ""MAD""}"
frankfurter,2016-08-03,USD,1,9.736000,,,"{""base"": ""USD"", ""date"": ""2016-08-03"", ""rate"": 9.736, ""quote"": ""MAD""}"
frankfurter,2016-08-04,EUR,1,10.880500,,,"{""base"": ""EUR"", ""date"": ""2016-08-04"", ""rate"": 10.8805, ""quote"": ""MAD""}"
frankfurter,2016-08-04,USD,1,9.762800,,,"{""base"": ""USD"", ""date"": ""2016-08-04"", ""rate"": 9.7628, ""quote"": ""MAD""}"
frankfurter,2016-08-05,EUR,1,10.857500,,,"{""base"": ""EUR"", ""date"": ""2016-08-05"", ""rate"": 10.8575, ""quote"": ""MAD""}"
frankfurter,2016-08-05,USD,1,9.795500,,,"{""base"": ""USD"", ""date"": ""2016-08-05"", ""rate"": 9.7955, ""quote"": ""MAD""}"
frankfurter,2016-08-08,EUR,1,10.858500,,,"{""base"": ""EUR"", ""date"": ""2016-08-08"", ""rate"": 10.8585, ""quote"": ""MAD""}"
frankfurter,2016-08-08,USD,1,9.793900,,,"{""base"": ""USD"", ""date"": ""2016-08-08"", ""rate"": 9.7939, ""quote"": ""MAD""}"
frankfurter,2016-08-09,EUR,1,10.855500,,,"{""base"": ""EUR"", ""date"": ""2016-08-09"", ""rate"": 10.8555, ""quote"": ""MAD""}"
frankfurter,2016-08-09,USD,1,9.797700,,,"{""base"": ""USD"", ""date"": ""2016-08-09"", ""rate"": 9.7977, ""quote"": ""MAD""}"
frankfurter,2016-08-10,EUR,1,10.897500,,,"{""base"": ""EUR"", ""date"": ""2016-08-10"", ""rate"": 10.8975, ""quote"": ""MAD""}"
frankfurter,2016-08-10,USD,1,9.739200,,,"{""base"": ""USD"", ""date"": ""2016-08-10"", ""rate"": 9.7392, ""quote"": ""MAD""}"
frankfurter,2016-08-11,EUR,1,10.885000,,,"{""base"": ""EUR"", ""date"": ""2016-08-11"", ""rate"": 10.885, ""quote"": ""MAD""}"
frankfurter,2016-08-11,USD,1,9.756300,,,"{""base"": ""USD"", ""date"": ""2016-08-11"", ""rate"": 9.7563, ""quote"": ""MAD""}"
frankfurter,2016-08-12,EUR,1,10.903500,,,"{""base"": ""EUR"", ""date"": ""2016-08-12"", ""rate"": 10.9035, ""quote"": ""MAD""}"
frankfurter,2016-08-12,USD,1,9.730200,,,"{""base"": ""USD"", ""date"": ""2016-08-12"", ""rate"": 9.7302, ""quote"": ""MAD""}"
frankfurter,2016-08-15,EUR,1,10.892000,,,"{""base"": ""EUR"", ""date"": ""2016-08-15"", ""rate"": 10.892, ""quote"": ""MAD""}"
frankfurter,2016-08-15,USD,1,9.746700,,,"{""base"": ""USD"", ""date"": ""2016-08-15"", ""rate"": 9.7467, ""quote"": ""MAD""}"
frankfurter,2016-08-16,EUR,1,10.931000,,,"{""base"": ""EUR"", ""date"": ""2016-08-16"", ""rate"": 10.931, ""quote"": ""MAD""}"
frankfurter,2016-08-16,USD,1,9.691500,,,"{""base"": ""USD"", ""date"": ""2016-08-16"", ""rate"": 9.6915, ""quote"": ""MAD""}"
frankfurter,2016-08-17,EUR,1,10.928500,,,"{""base"": ""EUR"", ""date"": ""2016-08-17"", ""rate"": 10.9285, ""quote"": ""MAD""}"
frankfurter,2016-08-17,USD,1,9.695200,,,"{""base"": ""USD"", ""date"": ""2016-08-17"", ""rate"": 9.6952, ""quote"": ""MAD""}"
frankfurter,2016-08-18,EUR,1,10.943000,,,"{""base"": ""EUR"", ""date"": ""2016-08-18"", ""rate"": 10.943, ""quote"": ""MAD""}"
frankfurter,2016-08-18,USD,1,9.674100,,,"{""base"": ""USD"", ""date"": ""2016-08-18"", ""rate"": 9.6741, ""quote"": ""MAD""}"
frankfurter,2016-08-19,EUR,1,10.946500,,,"{""base"": ""EUR"", ""date"": ""2016-08-19"", ""rate"": 10.9465, ""quote"": ""MAD""}"
frankfurter,2016-08-19,USD,1,9.669300,,,"{""base"": ""USD"", ""date"": ""2016-08-19"", ""rate"": 9.6693, ""quote"": ""MAD""}"
frankfurter,2016-08-22,EUR,1,10.940000,,,"{""base"": ""EUR"", ""date"": ""2016-08-22"", ""rate"": 10.94, ""quote"": ""MAD""}"
frankfurter,2016-08-22,USD,1,9.678800,,,"{""base"": ""USD"", ""date"": ""2016-08-22"", ""rate"": 9.6788, ""quote"": ""MAD""}"
frankfurter,2016-08-23,EUR,1,10.953000,,,"{""base"": ""EUR"", ""date"": ""2016-08-23"", ""rate"": 10.953, ""quote"": ""MAD""}"
frankfurter,2016-08-23,USD,1,9.660400,,,"{""base"": ""USD"", ""date"": ""2016-08-23"", ""rate"": 9.6604, ""quote"": ""MAD""}"
frankfurter,2016-08-24,EUR,1,10.924500,,,"{""base"": ""EUR"", ""date"": ""2016-08-24"", ""rate"": 10.9245, ""quote"": ""MAD""}"
frankfurter,2016-08-24,USD,1,9.701000,,,"{""base"": ""USD"", ""date"": ""2016-08-24"", ""rate"": 9.701, ""quote"": ""MAD""}"
frankfurter,2016-08-25,EUR,1,10.936500,,,"{""base"": ""EUR"", ""date"": ""2016-08-25"", ""rate"": 10.9365, ""quote"": ""MAD""}"
frankfurter,2016-08-25,USD,1,9.683500,,,"{""base"": ""USD"", ""date"": ""2016-08-25"", ""rate"": 9.6835, ""quote"": ""MAD""}"
frankfurter,2016-08-26,EUR,1,10.938000,,,"{""base"": ""EUR"", ""date"": ""2016-08-26"", ""rate"": 10.938, ""quote"": ""MAD""}"
frankfurter,2016-08-26,USD,1,9.681400,,,"{""base"": ""USD"", ""date"": ""2016-08-26"", ""rate"": 9.6814, ""quote"": ""MAD""}"
frankfurter,2016-08-29,EUR,1,10.888500,,,"{""base"": ""EUR"", ""date"": ""2016-08-29"", ""rate"": 10.8885, ""quote"": ""MAD""}"
frankfurter,2016-08-29,USD,1,9.750900,,,"{""base"": ""USD"", ""date"": ""2016-08-29"", ""rate"": 9.7509, ""quote"": ""MAD""}"
frankfurter,2016-08-30,EUR,1,10.885500,,,"{""base"": ""EUR"", ""date"": ""2016-08-30"", ""rate"": 10.8855, ""quote"": ""MAD""}"
frankfurter,2016-08-30,USD,1,9.755200,,,"{""base"": ""USD"", ""date"": ""2016-08-30"", ""rate"": 9.7552, ""quote"": ""MAD""}"
frankfurter,2016-08-31,EUR,1,10.875500,,,"{""base"": ""EUR"", ""date"": ""2016-08-31"", ""rate"": 10.8755, ""quote"": ""MAD""}"
frankfurter,2016-08-31,USD,1,9.770300,,,"{""base"": ""USD"", ""date"": ""2016-08-31"", ""rate"": 9.7703, ""quote"": ""MAD""}"
frankfurter,2016-09-01,EUR,1,10.878500,,,"{""base"": ""EUR"", ""date"": ""2016-09-01"", ""rate"": 10.8785, ""quote"": ""MAD""}"
frankfurter,2016-09-01,USD,1,9.765400,,,"{""base"": ""USD"", ""date"": ""2016-09-01"", ""rate"": 9.7654, ""quote"": ""MAD""}"
frankfurter,2016-09-02,EUR,1,10.904500,,,"{""base"": ""EUR"", ""date"": ""2016-09-02"", ""rate"": 10.9045, ""quote"": ""MAD""}"
frankfurter,2016-09-02,USD,1,9.728600,,,"{""base"": ""USD"", ""date"": ""2016-09-02"", ""rate"": 9.7286, ""quote"": ""MAD""}"
frankfurter,2016-09-05,EUR,1,10.884000,,,"{""base"": ""EUR"", ""date"": ""2016-09-05"", ""rate"": 10.884, ""quote"": ""MAD""}"
frankfurter,2016-09-05,USD,1,9.757900,,,"{""base"": ""USD"", ""date"": ""2016-09-05"", ""rate"": 9.7579, ""quote"": ""MAD""}"
frankfurter,2016-09-06,EUR,1,10.886500,,,"{""base"": ""EUR"", ""date"": ""2016-09-06"", ""rate"": 10.8865, ""quote"": ""MAD""}"
frankfurter,2016-09-06,USD,1,9.754700,,,"{""base"": ""USD"", ""date"": ""2016-09-06"", ""rate"": 9.7547, ""quote"": ""MAD""}"
frankfurter,2016-09-07,EUR,1,10.918500,,,"{""base"": ""EUR"", ""date"": ""2016-09-07"", ""rate"": 10.9185, ""quote"": ""MAD""}"
frankfurter,2016-09-07,USD,1,9.708900,,,"{""base"": ""USD"", ""date"": ""2016-09-07"", ""rate"": 9.7089, ""quote"": ""MAD""}"
frankfurter,2016-09-08,EUR,1,10.941500,,,"{""base"": ""EUR"", ""date"": ""2016-09-08"", ""rate"": 10.9415, ""quote"": ""MAD""}"
frankfurter,2016-09-08,USD,1,9.676700,,,"{""base"": ""USD"", ""date"": ""2016-09-08"", ""rate"": 9.6767, ""quote"": ""MAD""}"
frankfurter,2016-09-09,EUR,1,10.916500,,,"{""base"": ""EUR"", ""date"": ""2016-09-09"", ""rate"": 10.9165, ""quote"": ""MAD""}"
frankfurter,2016-09-09,USD,1,9.712100,,,"{""base"": ""USD"", ""date"": ""2016-09-09"", ""rate"": 9.7121, ""quote"": ""MAD""}"
frankfurter,2016-09-14,EUR,1,10.909500,,,"{""base"": ""EUR"", ""date"": ""2016-09-14"", ""rate"": 10.9095, ""quote"": ""MAD""}"
frankfurter,2016-09-14,USD,1,9.721600,,,"{""base"": ""USD"", ""date"": ""2016-09-14"", ""rate"": 9.7216, ""quote"": ""MAD""}"
frankfurter,2016-09-15,EUR,1,10.920500,,,"{""base"": ""EUR"", ""date"": ""2016-09-15"", ""rate"": 10.9205, ""quote"": ""MAD""}"
frankfurter,2016-09-15,USD,1,9.706300,,,"{""base"": ""USD"", ""date"": ""2016-09-15"", ""rate"": 9.7063, ""quote"": ""MAD""}"
frankfurter,2016-09-16,EUR,1,10.895000,,,"{""base"": ""EUR"", ""date"": ""2016-09-16"", ""rate"": 10.895, ""quote"": ""MAD""}"
frankfurter,2016-09-16,USD,1,9.742400,,,"{""base"": ""USD"", ""date"": ""2016-09-16"", ""rate"": 9.7424, ""quote"": ""MAD""}"
frankfurter,2016-09-19,EUR,1,10.890000,,,"{""base"": ""EUR"", ""date"": ""2016-09-19"", ""rate"": 10.89, ""quote"": ""MAD""}"
frankfurter,2016-09-19,USD,1,9.749300,,,"{""base"": ""USD"", ""date"": ""2016-09-19"", ""rate"": 9.7493, ""quote"": ""MAD""}"
frankfurter,2016-09-20,EUR,1,10.893000,,,"{""base"": ""EUR"", ""date"": ""2016-09-20"", ""rate"": 10.893, ""quote"": ""MAD""}"
frankfurter,2016-09-20,USD,1,9.745100,,,"{""base"": ""USD"", ""date"": ""2016-09-20"", ""rate"": 9.7451, ""quote"": ""MAD""}"
frankfurter,2016-09-21,EUR,1,10.882000,,,"{""base"": ""EUR"", ""date"": ""2016-09-21"", ""rate"": 10.882, ""quote"": ""MAD""}"
frankfurter,2016-09-21,USD,1,9.760500,,,"{""base"": ""USD"", ""date"": ""2016-09-21"", ""rate"": 9.7605, ""quote"": ""MAD""}"
frankfurter,2016-09-22,EUR,1,10.919000,,,"{""base"": ""EUR"", ""date"": ""2016-09-22"", ""rate"": 10.919, ""quote"": ""MAD""}"
frankfurter,2016-09-22,USD,1,9.708400,,,"{""base"": ""USD"", ""date"": ""2016-09-22"", ""rate"": 9.7084, ""quote"": ""MAD""}"
frankfurter,2016-09-23,EUR,1,10.908000,,,"{""base"": ""EUR"", ""date"": ""2016-09-23"", ""rate"": 10.908, ""quote"": ""MAD""}"
frankfurter,2016-09-23,USD,1,9.723700,,,"{""base"": ""USD"", ""date"": ""2016-09-23"", ""rate"": 9.7237, ""quote"": ""MAD""}"
frankfurter,2016-09-26,EUR,1,10.925500,,,"{""base"": ""EUR"", ""date"": ""2016-09-26"", ""rate"": 10.9255, ""quote"": ""MAD""}"
frankfurter,2016-09-26,USD,1,9.699300,,,"{""base"": ""USD"", ""date"": ""2016-09-26"", ""rate"": 9.6993, ""quote"": ""MAD""}"
frankfurter,2016-09-27,EUR,1,10.903500,,,"{""base"": ""EUR"", ""date"": ""2016-09-27"", ""rate"": 10.9035, ""quote"": ""MAD""}"
frankfurter,2016-09-27,USD,1,9.730200,,,"{""base"": ""USD"", ""date"": ""2016-09-27"", ""rate"": 9.7302, ""quote"": ""MAD""}"
frankfurter,2016-09-28,EUR,1,10.911500,,,"{""base"": ""EUR"", ""date"": ""2016-09-28"", ""rate"": 10.9115, ""quote"": ""MAD""}"
frankfurter,2016-09-28,USD,1,9.719000,,,"{""base"": ""USD"", ""date"": ""2016-09-28"", ""rate"": 9.719, ""quote"": ""MAD""}"
frankfurter,2016-09-29,EUR,1,10.902000,,,"{""base"": ""EUR"", ""date"": ""2016-09-29"", ""rate"": 10.902, ""quote"": ""MAD""}"
frankfurter,2016-09-29,USD,1,9.732300,,,"{""base"": ""USD"", ""date"": ""2016-09-29"", ""rate"": 9.7323, ""quote"": ""MAD""}"
frankfurter,2016-09-30,EUR,1,10.890500,,,"{""base"": ""EUR"", ""date"": ""2016-09-30"", ""rate"": 10.8905, ""quote"": ""MAD""}"
frankfurter,2016-09-30,USD,1,9.748300,,,"{""base"": ""USD"", ""date"": ""2016-09-30"", ""rate"": 9.7483, ""quote"": ""MAD""}"
frankfurter,2016-10-03,EUR,1,10.890500,,,"{""base"": ""EUR"", ""date"": ""2016-10-03"", ""rate"": 10.8905, ""quote"": ""MAD""}"
frankfurter,2016-10-03,USD,1,9.748300,,,"{""base"": ""USD"", ""date"": ""2016-10-03"", ""rate"": 9.7483, ""quote"": ""MAD""}"
frankfurter,2016-10-04,EUR,1,10.888500,,,"{""base"": ""EUR"", ""date"": ""2016-10-04"", ""rate"": 10.8885, ""quote"": ""MAD""}"
frankfurter,2016-10-04,USD,1,9.751500,,,"{""base"": ""USD"", ""date"": ""2016-10-04"", ""rate"": 9.7515, ""quote"": ""MAD""}"
frankfurter,2016-10-05,EUR,1,10.905500,,,"{""base"": ""EUR"", ""date"": ""2016-10-05"", ""rate"": 10.9055, ""quote"": ""MAD""}"
frankfurter,2016-10-05,USD,1,9.727500,,,"{""base"": ""USD"", ""date"": ""2016-10-05"", ""rate"": 9.7275, ""quote"": ""MAD""}"
frankfurter,2016-10-06,EUR,1,10.893500,,,"{""base"": ""EUR"", ""date"": ""2016-10-06"", ""rate"": 10.8935, ""quote"": ""MAD""}"
frankfurter,2016-10-06,USD,1,9.744000,,,"{""base"": ""USD"", ""date"": ""2016-10-06"", ""rate"": 9.744, ""quote"": ""MAD""}"
frankfurter,2016-10-07,EUR,1,10.891500,,,"{""base"": ""EUR"", ""date"": ""2016-10-07"", ""rate"": 10.8915, ""quote"": ""MAD""}"
frankfurter,2016-10-07,USD,1,9.747200,,,"{""base"": ""USD"", ""date"": ""2016-10-07"", ""rate"": 9.7472, ""quote"": ""MAD""}"
frankfurter,2016-10-10,EUR,1,10.883500,,,"{""base"": ""EUR"", ""date"": ""2016-10-10"", ""rate"": 10.8835, ""quote"": ""MAD""}"
frankfurter,2016-10-10,USD,1,9.758500,,,"{""base"": ""USD"", ""date"": ""2016-10-10"", ""rate"": 9.7585, ""quote"": ""MAD""}"
frankfurter,2016-10-11,EUR,1,10.859500,,,"{""base"": ""EUR"", ""date"": ""2016-10-11"", ""rate"": 10.8595, ""quote"": ""MAD""}"
frankfurter,2016-10-11,USD,1,9.792300,,,"{""base"": ""USD"", ""date"": ""2016-10-11"", ""rate"": 9.7923, ""quote"": ""MAD""}"
frankfurter,2016-10-12,EUR,1,10.833500,,,"{""base"": ""EUR"", ""date"": ""2016-10-12"", ""rate"": 10.8335, ""quote"": ""MAD""}"
frankfurter,2016-10-12,USD,1,9.829000,,,"{""base"": ""USD"", ""date"": ""2016-10-12"", ""rate"": 9.829, ""quote"": ""MAD""}"
frankfurter,2016-10-13,EUR,1,10.837500,,,"{""base"": ""EUR"", ""date"": ""2016-10-13"", ""rate"": 10.8375, ""quote"": ""MAD""}"
frankfurter,2016-10-13,USD,1,9.824200,,,"{""base"": ""USD"", ""date"": ""2016-10-13"", ""rate"": 9.8242, ""quote"": ""MAD""}"
frankfurter,2016-10-14,EUR,1,10.828500,,,"{""base"": ""EUR"", ""date"": ""2016-10-14"", ""rate"": 10.8285, ""quote"": ""MAD""}"
frankfurter,2016-10-14,USD,1,9.836200,,,"{""base"": ""USD"", ""date"": ""2016-10-14"", ""rate"": 9.8362, ""quote"": ""MAD""}"
frankfurter,2016-10-17,EUR,1,10.826500,,,"{""base"": ""EUR"", ""date"": ""2016-10-17"", ""rate"": 10.8265, ""quote"": ""MAD""}"
frankfurter,2016-10-17,USD,1,9.839400,,,"{""base"": ""USD"", ""date"": ""2016-10-17"", ""rate"": 9.8394, ""quote"": ""MAD""}"
frankfurter,2016-10-18,EUR,1,10.819000,,,"{""base"": ""EUR"", ""date"": ""2016-10-18"", ""rate"": 10.819, ""quote"": ""MAD""}"
frankfurter,2016-10-18,USD,1,9.849800,,,"{""base"": ""USD"", ""date"": ""2016-10-18"", ""rate"": 9.8498, ""quote"": ""MAD""}"
frankfurter,2016-10-19,EUR,1,10.812500,,,"{""base"": ""EUR"", ""date"": ""2016-10-19"", ""rate"": 10.8125, ""quote"": ""MAD""}"
frankfurter,2016-10-19,USD,1,9.859100,,,"{""base"": ""USD"", ""date"": ""2016-10-19"", ""rate"": 9.8591, ""quote"": ""MAD""}"
frankfurter,2016-10-20,EUR,1,10.815500,,,"{""base"": ""EUR"", ""date"": ""2016-10-20"", ""rate"": 10.8155, ""quote"": ""MAD""}"
frankfurter,2016-10-20,USD,1,9.854100,,,"{""base"": ""USD"", ""date"": ""2016-10-20"", ""rate"": 9.8541, ""quote"": ""MAD""}"
frankfurter,2016-10-21,EUR,1,10.776500,,,"{""base"": ""EUR"", ""date"": ""2016-10-21"", ""rate"": 10.7765, ""quote"": ""MAD""}"
frankfurter,2016-10-21,USD,1,9.910100,,,"{""base"": ""USD"", ""date"": ""2016-10-21"", ""rate"": 9.9101, ""quote"": ""MAD""}"
frankfurter,2016-10-24,EUR,1,10.782500,,,"{""base"": ""EUR"", ""date"": ""2016-10-24"", ""rate"": 10.7825, ""quote"": ""MAD""}"
frankfurter,2016-10-24,USD,1,9.901300,,,"{""base"": ""USD"", ""date"": ""2016-10-24"", ""rate"": 9.9013, ""quote"": ""MAD""}"
frankfurter,2016-10-25,EUR,1,10.770500,,,"{""base"": ""EUR"", ""date"": ""2016-10-25"", ""rate"": 10.7705, ""quote"": ""MAD""}"
frankfurter,2016-10-25,USD,1,9.918400,,,"{""base"": ""USD"", ""date"": ""2016-10-25"", ""rate"": 9.9184, ""quote"": ""MAD""}"
frankfurter,2016-10-26,EUR,1,10.793000,,,"{""base"": ""EUR"", ""date"": ""2016-10-26"", ""rate"": 10.793, ""quote"": ""MAD""}"
frankfurter,2016-10-26,USD,1,9.886500,,,"{""base"": ""USD"", ""date"": ""2016-10-26"", ""rate"": 9.8865, ""quote"": ""MAD""}"
frankfurter,2016-10-27,EUR,1,10.794500,,,"{""base"": ""EUR"", ""date"": ""2016-10-27"", ""rate"": 10.7945, ""quote"": ""MAD""}"
frankfurter,2016-10-27,USD,1,9.884800,,,"{""base"": ""USD"", ""date"": ""2016-10-27"", ""rate"": 9.8848, ""quote"": ""MAD""}"
frankfurter,2016-10-28,EUR,1,10.795500,,,"{""base"": ""EUR"", ""date"": ""2016-10-28"", ""rate"": 10.7955, ""quote"": ""MAD""}"
frankfurter,2016-10-28,USD,1,9.882600,,,"{""base"": ""USD"", ""date"": ""2016-10-28"", ""rate"": 9.8826, ""quote"": ""MAD""}"
frankfurter,2016-10-31,EUR,1,10.804000,,,"{""base"": ""EUR"", ""date"": ""2016-10-31"", ""rate"": 10.804, ""quote"": ""MAD""}"
frankfurter,2016-10-31,USD,1,9.871100,,,"{""base"": ""USD"", ""date"": ""2016-10-31"", ""rate"": 9.8711, ""quote"": ""MAD""}"
frankfurter,2016-11-01,EUR,1,10.835500,,,"{""base"": ""EUR"", ""date"": ""2016-11-01"", ""rate"": 10.8355, ""quote"": ""MAD""}"
frankfurter,2016-11-01,USD,1,9.826400,,,"{""base"": ""USD"", ""date"": ""2016-11-01"", ""rate"": 9.8264, ""quote"": ""MAD""}"
frankfurter,2016-11-02,EUR,1,10.862500,,,"{""base"": ""EUR"", ""date"": ""2016-11-02"", ""rate"": 10.8625, ""quote"": ""MAD""}"
frankfurter,2016-11-02,USD,1,9.788500,,,"{""base"": ""USD"", ""date"": ""2016-11-02"", ""rate"": 9.7885, ""quote"": ""MAD""}"
frankfurter,2016-11-03,EUR,1,10.852500,,,"{""base"": ""EUR"", ""date"": ""2016-11-03"", ""rate"": 10.8525, ""quote"": ""MAD""}"
frankfurter,2016-11-03,USD,1,9.802000,,,"{""base"": ""USD"", ""date"": ""2016-11-03"", ""rate"": 9.802, ""quote"": ""MAD""}"
frankfurter,2016-11-04,EUR,1,10.863500,,,"{""base"": ""EUR"", ""date"": ""2016-11-04"", ""rate"": 10.8635, ""quote"": ""MAD""}"
frankfurter,2016-11-04,USD,1,9.786900,,,"{""base"": ""USD"", ""date"": ""2016-11-04"", ""rate"": 9.7869, ""quote"": ""MAD""}"
frankfurter,2016-11-07,EUR,1,10.846500,,,"{""base"": ""EUR"", ""date"": ""2016-11-07"", ""rate"": 10.8465, ""quote"": ""MAD""}"
frankfurter,2016-11-07,USD,1,9.810600,,,"{""base"": ""USD"", ""date"": ""2016-11-07"", ""rate"": 9.8106, ""quote"": ""MAD""}"
frankfurter,2016-11-08,EUR,1,10.843500,,,"{""base"": ""EUR"", ""date"": ""2016-11-08"", ""rate"": 10.8435, ""quote"": ""MAD""}"
frankfurter,2016-11-08,USD,1,9.815500,,,"{""base"": ""USD"", ""date"": ""2016-11-08"", ""rate"": 9.8155, ""quote"": ""MAD""}"
frankfurter,2016-11-09,EUR,1,10.829000,,,"{""base"": ""EUR"", ""date"": ""2016-11-09"", ""rate"": 10.829, ""quote"": ""MAD""}"
frankfurter,2016-11-09,USD,1,9.835600,,,"{""base"": ""USD"", ""date"": ""2016-11-09"", ""rate"": 9.8356, ""quote"": ""MAD""}"
frankfurter,2016-11-10,EUR,1,10.786500,,,"{""base"": ""EUR"", ""date"": ""2016-11-10"", ""rate"": 10.7865, ""quote"": ""MAD""}"
frankfurter,2016-11-10,USD,1,9.895800,,,"{""base"": ""USD"", ""date"": ""2016-11-10"", ""rate"": 9.8958, ""quote"": ""MAD""}"
frankfurter,2016-11-11,EUR,1,10.787000,,,"{""base"": ""EUR"", ""date"": ""2016-11-11"", ""rate"": 10.787, ""quote"": ""MAD""}"
frankfurter,2016-11-11,USD,1,9.894700,,,"{""base"": ""USD"", ""date"": ""2016-11-11"", ""rate"": 9.8947, ""quote"": ""MAD""}"
frankfurter,2016-11-14,EUR,1,10.728000,,,"{""base"": ""EUR"", ""date"": ""2016-11-14"", ""rate"": 10.728, ""quote"": ""MAD""}"
frankfurter,2016-11-14,USD,1,9.978100,,,"{""base"": ""USD"", ""date"": ""2016-11-14"", ""rate"": 9.9781, ""quote"": ""MAD""}"
frankfurter,2016-11-15,EUR,1,10.721000,,,"{""base"": ""EUR"", ""date"": ""2016-11-15"", ""rate"": 10.721, ""quote"": ""MAD""}"
frankfurter,2016-11-15,USD,1,9.988100,,,"{""base"": ""USD"", ""date"": ""2016-11-15"", ""rate"": 9.9881, ""quote"": ""MAD""}"
frankfurter,2016-11-16,EUR,1,10.712500,,,"{""base"": ""EUR"", ""date"": ""2016-11-16"", ""rate"": 10.7125, ""quote"": ""MAD""}"
frankfurter,2016-11-16,USD,1,10.000200,,,"{""base"": ""USD"", ""date"": ""2016-11-16"", ""rate"": 10.0002, ""quote"": ""MAD""}"
frankfurter,2016-11-17,EUR,1,10.704000,,,"{""base"": ""EUR"", ""date"": ""2016-11-17"", ""rate"": 10.704, ""quote"": ""MAD""}"
frankfurter,2016-11-17,USD,1,10.012100,,,"{""base"": ""USD"", ""date"": ""2016-11-17"", ""rate"": 10.0121, ""quote"": ""MAD""}"
frankfurter,2016-11-18,EUR,1,10.704000,,,"{""base"": ""EUR"", ""date"": ""2016-11-18"", ""rate"": 10.704, ""quote"": ""MAD""}"
frankfurter,2016-11-18,USD,1,10.012100,,,"{""base"": ""USD"", ""date"": ""2016-11-18"", ""rate"": 10.0121, ""quote"": ""MAD""}"
frankfurter,2016-11-21,EUR,1,10.681000,,,"{""base"": ""EUR"", ""date"": ""2016-11-21"", ""rate"": 10.681, ""quote"": ""MAD""}"
frankfurter,2016-11-21,USD,1,10.045000,,,"{""base"": ""USD"", ""date"": ""2016-11-21"", ""rate"": 10.045, ""quote"": ""MAD""}"
frankfurter,2016-11-22,EUR,1,10.672000,,,"{""base"": ""EUR"", ""date"": ""2016-11-22"", ""rate"": 10.672, ""quote"": ""MAD""}"
frankfurter,2016-11-22,USD,1,10.058000,,,"{""base"": ""USD"", ""date"": ""2016-11-22"", ""rate"": 10.058, ""quote"": ""MAD""}"
frankfurter,2016-11-23,EUR,1,10.651000,,,"{""base"": ""EUR"", ""date"": ""2016-11-23"", ""rate"": 10.651, ""quote"": ""MAD""}"
frankfurter,2016-11-23,USD,1,10.087000,,,"{""base"": ""USD"", ""date"": ""2016-11-23"", ""rate"": 10.087, ""quote"": ""MAD""}"
frankfurter,2016-11-24,EUR,1,10.652000,,,"{""base"": ""EUR"", ""date"": ""2016-11-24"", ""rate"": 10.652, ""quote"": ""MAD""}"
frankfurter,2016-11-24,USD,1,10.086000,,,"{""base"": ""USD"", ""date"": ""2016-11-24"", ""rate"": 10.086, ""quote"": ""MAD""}"
frankfurter,2016-11-25,EUR,1,10.677000,,,"{""base"": ""EUR"", ""date"": ""2016-11-25"", ""rate"": 10.677, ""quote"": ""MAD""}"
frankfurter,2016-11-25,USD,1,10.051000,,,"{""base"": ""USD"", ""date"": ""2016-11-25"", ""rate"": 10.051, ""quote"": ""MAD""}"
frankfurter,2016-11-28,EUR,1,10.655000,,,"{""base"": ""EUR"", ""date"": ""2016-11-28"", ""rate"": 10.655, ""quote"": ""MAD""}"
frankfurter,2016-11-28,USD,1,10.081500,,,"{""base"": ""USD"", ""date"": ""2016-11-28"", ""rate"": 10.0815, ""quote"": ""MAD""}"
frankfurter,2016-11-29,EUR,1,10.658000,,,"{""base"": ""EUR"", ""date"": ""2016-11-29"", ""rate"": 10.658, ""quote"": ""MAD""}"
frankfurter,2016-11-29,USD,1,10.077000,,,"{""base"": ""USD"", ""date"": ""2016-11-29"", ""rate"": 10.077, ""quote"": ""MAD""}"
frankfurter,2016-11-30,EUR,1,10.679000,,,"{""base"": ""EUR"", ""date"": ""2016-11-30"", ""rate"": 10.679, ""quote"": ""MAD""}"
frankfurter,2016-11-30,USD,1,10.047000,,,"{""base"": ""USD"", ""date"": ""2016-11-30"", ""rate"": 10.047, ""quote"": ""MAD""}"
frankfurter,2016-12-01,EUR,1,10.679000,,,"{""base"": ""EUR"", ""date"": ""2016-12-01"", ""rate"": 10.679, ""quote"": ""MAD""}"
frankfurter,2016-12-01,USD,1,10.047000,,,"{""base"": ""USD"", ""date"": ""2016-12-01"", ""rate"": 10.047, ""quote"": ""MAD""}"
frankfurter,2016-12-02,EUR,1,10.682000,,,"{""base"": ""EUR"", ""date"": ""2016-12-02"", ""rate"": 10.682, ""quote"": ""MAD""}"
frankfurter,2016-12-02,USD,1,10.043000,,,"{""base"": ""USD"", ""date"": ""2016-12-02"", ""rate"": 10.043, ""quote"": ""MAD""}"
frankfurter,2016-12-05,EUR,1,10.704000,,,"{""base"": ""EUR"", ""date"": ""2016-12-05"", ""rate"": 10.704, ""quote"": ""MAD""}"
frankfurter,2016-12-05,USD,1,10.012100,,,"{""base"": ""USD"", ""date"": ""2016-12-05"", ""rate"": 10.0121, ""quote"": ""MAD""}"
frankfurter,2016-12-06,EUR,1,10.721000,,,"{""base"": ""EUR"", ""date"": ""2016-12-06"", ""rate"": 10.721, ""quote"": ""MAD""}"
frankfurter,2016-12-06,USD,1,9.988100,,,"{""base"": ""USD"", ""date"": ""2016-12-06"", ""rate"": 9.9881, ""quote"": ""MAD""}"
frankfurter,2016-12-07,EUR,1,10.722000,,,"{""base"": ""EUR"", ""date"": ""2016-12-07"", ""rate"": 10.722, ""quote"": ""MAD""}"
frankfurter,2016-12-07,USD,1,9.987000,,,"{""base"": ""USD"", ""date"": ""2016-12-07"", ""rate"": 9.987, ""quote"": ""MAD""}"
frankfurter,2016-12-08,EUR,1,10.695000,,,"{""base"": ""EUR"", ""date"": ""2016-12-08"", ""rate"": 10.695, ""quote"": ""MAD""}"
frankfurter,2016-12-08,USD,1,10.025100,,,"{""base"": ""USD"", ""date"": ""2016-12-08"", ""rate"": 10.0251, ""quote"": ""MAD""}"
frankfurter,2016-12-09,EUR,1,10.653000,,,"{""base"": ""EUR"", ""date"": ""2016-12-09"", ""rate"": 10.653, ""quote"": ""MAD""}"
frankfurter,2016-12-09,USD,1,10.084500,,,"{""base"": ""USD"", ""date"": ""2016-12-09"", ""rate"": 10.0845, ""quote"": ""MAD""}"
frankfurter,2016-12-12,EUR,1,10.653000,,,"{""base"": ""EUR"", ""date"": ""2016-12-12"", ""rate"": 10.653, ""quote"": ""MAD""}"
frankfurter,2016-12-12,USD,1,10.084500,,,"{""base"": ""USD"", ""date"": ""2016-12-12"", ""rate"": 10.0845, ""quote"": ""MAD""}"
frankfurter,2016-12-13,EUR,1,10.653000,,,"{""base"": ""EUR"", ""date"": ""2016-12-13"", ""rate"": 10.653, ""quote"": ""MAD""}"
frankfurter,2016-12-13,USD,1,10.084500,,,"{""base"": ""USD"", ""date"": ""2016-12-13"", ""rate"": 10.0845, ""quote"": ""MAD""}"
frankfurter,2016-12-14,EUR,1,10.684000,,,"{""base"": ""EUR"", ""date"": ""2016-12-14"", ""rate"": 10.684, ""quote"": ""MAD""}"
frankfurter,2016-12-14,USD,1,10.040000,,,"{""base"": ""USD"", ""date"": ""2016-12-14"", ""rate"": 10.04, ""quote"": ""MAD""}"
frankfurter,2016-12-15,EUR,1,10.601000,,,"{""base"": ""EUR"", ""date"": ""2016-12-15"", ""rate"": 10.601, ""quote"": ""MAD""}"
frankfurter,2016-12-15,USD,1,10.158000,,,"{""base"": ""USD"", ""date"": ""2016-12-15"", ""rate"": 10.158, ""quote"": ""MAD""}"
frankfurter,2016-12-16,EUR,1,10.603000,,,"{""base"": ""EUR"", ""date"": ""2016-12-16"", ""rate"": 10.603, ""quote"": ""MAD""}"
frankfurter,2016-12-16,USD,1,10.155500,,,"{""base"": ""USD"", ""date"": ""2016-12-16"", ""rate"": 10.1555, ""quote"": ""MAD""}"
frankfurter,2016-12-19,EUR,1,10.598000,,,"{""base"": ""EUR"", ""date"": ""2016-12-19"", ""rate"": 10.598, ""quote"": ""MAD""}"
frankfurter,2016-12-19,USD,1,10.162500,,,"{""base"": ""USD"", ""date"": ""2016-12-19"", ""rate"": 10.1625, ""quote"": ""MAD""}"
frankfurter,2016-12-20,EUR,1,10.572000,,,"{""base"": ""EUR"", ""date"": ""2016-12-20"", ""rate"": 10.572, ""quote"": ""MAD""}"
frankfurter,2016-12-20,USD,1,10.198500,,,"{""base"": ""USD"", ""date"": ""2016-12-20"", ""rate"": 10.1985, ""quote"": ""MAD""}"
frankfurter,2016-12-21,EUR,1,10.602500,,,"{""base"": ""EUR"", ""date"": ""2016-12-21"", ""rate"": 10.6025, ""quote"": ""MAD""}"
frankfurter,2016-12-21,USD,1,10.155500,,,"{""base"": ""USD"", ""date"": ""2016-12-21"", ""rate"": 10.1555, ""quote"": ""MAD""}"
frankfurter,2016-12-22,EUR,1,10.601500,,,"{""base"": ""EUR"", ""date"": ""2016-12-22"", ""rate"": 10.6015, ""quote"": ""MAD""}"
frankfurter,2016-12-22,USD,1,10.157500,,,"{""base"": ""USD"", ""date"": ""2016-12-22"", ""rate"": 10.1575, ""quote"": ""MAD""}"
frankfurter,2016-12-23,EUR,1,10.600000,,,"{""base"": ""EUR"", ""date"": ""2016-12-23"", ""rate"": 10.6, ""quote"": ""MAD""}"
frankfurter,2016-12-23,USD,1,10.159500,,,"{""base"": ""USD"", ""date"": ""2016-12-23"", ""rate"": 10.1595, ""quote"": ""MAD""}"
frankfurter,2016-12-26,EUR,1,10.600000,,,"{""base"": ""EUR"", ""date"": ""2016-12-26"", ""rate"": 10.6, ""quote"": ""MAD""}"
frankfurter,2016-12-26,USD,1,10.159500,,,"{""base"": ""USD"", ""date"": ""2016-12-26"", ""rate"": 10.1595, ""quote"": ""MAD""}"
frankfurter,2016-12-27,EUR,1,10.603500,,,"{""base"": ""EUR"", ""date"": ""2016-12-27"", ""rate"": 10.6035, ""quote"": ""MAD""}"
frankfurter,2016-12-27,USD,1,10.154500,,,"{""base"": ""USD"", ""date"": ""2016-12-27"", ""rate"": 10.1545, ""quote"": ""MAD""}"
frankfurter,2016-12-28,EUR,1,10.584000,,,"{""base"": ""EUR"", ""date"": ""2016-12-28"", ""rate"": 10.584, ""quote"": ""MAD""}"
frankfurter,2016-12-28,USD,1,10.181500,,,"{""base"": ""USD"", ""date"": ""2016-12-28"", ""rate"": 10.1815, ""quote"": ""MAD""}"
frankfurter,2016-12-29,EUR,1,10.613000,,,"{""base"": ""EUR"", ""date"": ""2016-12-29"", ""rate"": 10.613, ""quote"": ""MAD""}"
frankfurter,2016-12-29,USD,1,10.141500,,,"{""base"": ""USD"", ""date"": ""2016-12-29"", ""rate"": 10.1415, ""quote"": ""MAD""}"
frankfurter,2016-12-30,EUR,1,10.645000,,,"{""base"": ""EUR"", ""date"": ""2016-12-30"", ""rate"": 10.645, ""quote"": ""MAD""}"
frankfurter,2016-12-30,USD,1,10.096000,,,"{""base"": ""USD"", ""date"": ""2016-12-30"", ""rate"": 10.096, ""quote"": ""MAD""}"
frankfurter,2017-01-02,EUR,1,10.613500,,,"{""base"": ""EUR"", ""date"": ""2017-01-02"", ""rate"": 10.6135, ""quote"": ""MAD""}"
frankfurter,2017-01-02,USD,1,10.140000,,,"{""base"": ""USD"", ""date"": ""2017-01-02"", ""rate"": 10.14, ""quote"": ""MAD""}"
frankfurter,2017-01-03,EUR,1,10.582500,,,"{""base"": ""EUR"", ""date"": ""2017-01-03"", ""rate"": 10.5825, ""quote"": ""MAD""}"
frankfurter,2017-01-03,USD,1,10.184500,,,"{""base"": ""USD"", ""date"": ""2017-01-03"", ""rate"": 10.1845, ""quote"": ""MAD""}"
frankfurter,2017-01-04,EUR,1,10.602000,,,"{""base"": ""EUR"", ""date"": ""2017-01-04"", ""rate"": 10.602, ""quote"": ""MAD""}"
frankfurter,2017-01-04,USD,1,10.156500,,,"{""base"": ""USD"", ""date"": ""2017-01-04"", ""rate"": 10.1565, ""quote"": ""MAD""}"
frankfurter,2017-01-05,EUR,1,10.639000,,,"{""base"": ""EUR"", ""date"": ""2017-01-05"", ""rate"": 10.639, ""quote"": ""MAD""}"
frankfurter,2017-01-05,USD,1,10.104500,,,"{""base"": ""USD"", ""date"": ""2017-01-05"", ""rate"": 10.1045, ""quote"": ""MAD""}"
frankfurter,2017-01-06,EUR,1,10.644500,,,"{""base"": ""EUR"", ""date"": ""2017-01-06"", ""rate"": 10.6445, ""quote"": ""MAD""}"
frankfurter,2017-01-06,USD,1,10.096500,,,"{""base"": ""USD"", ""date"": ""2017-01-06"", ""rate"": 10.0965, ""quote"": ""MAD""}"
frankfurter,2017-01-09,EUR,1,10.641000,,,"{""base"": ""EUR"", ""date"": ""2017-01-09"", ""rate"": 10.641, ""quote"": ""MAD""}"
frankfurter,2017-01-09,USD,1,10.101000,,,"{""base"": ""USD"", ""date"": ""2017-01-09"", ""rate"": 10.101, ""quote"": ""MAD""}"
frankfurter,2017-01-10,EUR,1,10.657500,,,"{""base"": ""EUR"", ""date"": ""2017-01-10"", ""rate"": 10.6575, ""quote"": ""MAD""}"
frankfurter,2017-01-10,USD,1,10.078000,,,"{""base"": ""USD"", ""date"": ""2017-01-10"", ""rate"": 10.078, ""quote"": ""MAD""}"
frankfurter,2017-01-11,EUR,1,10.657500,,,"{""base"": ""EUR"", ""date"": ""2017-01-11"", ""rate"": 10.6575, ""quote"": ""MAD""}"
frankfurter,2017-01-11,USD,1,10.078000,,,"{""base"": ""USD"", ""date"": ""2017-01-11"", ""rate"": 10.078, ""quote"": ""MAD""}"
frankfurter,2017-01-12,EUR,1,10.688000,,,"{""base"": ""EUR"", ""date"": ""2017-01-12"", ""rate"": 10.688, ""quote"": ""MAD""}"
frankfurter,2017-01-12,USD,1,10.035000,,,"{""base"": ""USD"", ""date"": ""2017-01-12"", ""rate"": 10.035, ""quote"": ""MAD""}"
frankfurter,2017-01-13,EUR,1,10.686000,,,"{""base"": ""EUR"", ""date"": ""2017-01-13"", ""rate"": 10.686, ""quote"": ""MAD""}"
frankfurter,2017-01-13,USD,1,10.038000,,,"{""base"": ""USD"", ""date"": ""2017-01-13"", ""rate"": 10.038, ""quote"": ""MAD""}"
frankfurter,2017-01-16,EUR,1,10.665000,,,"{""base"": ""EUR"", ""date"": ""2017-01-16"", ""rate"": 10.665, ""quote"": ""MAD""}"
frankfurter,2017-01-16,USD,1,10.068000,,,"{""base"": ""USD"", ""date"": ""2017-01-16"", ""rate"": 10.068, ""quote"": ""MAD""}"
frankfurter,2017-01-17,EUR,1,10.704000,,,"{""base"": ""EUR"", ""date"": ""2017-01-17"", ""rate"": 10.704, ""quote"": ""MAD""}"
frankfurter,2017-01-17,USD,1,10.012100,,,"{""base"": ""USD"", ""date"": ""2017-01-17"", ""rate"": 10.0121, ""quote"": ""MAD""}"
frankfurter,2017-01-18,EUR,1,10.695000,,,"{""base"": ""EUR"", ""date"": ""2017-01-18"", ""rate"": 10.695, ""quote"": ""MAD""}"
frankfurter,2017-01-18,USD,1,10.025100,,,"{""base"": ""USD"", ""date"": ""2017-01-18"", ""rate"": 10.0251, ""quote"": ""MAD""}"
frankfurter,2017-01-19,EUR,1,10.673000,,,"{""base"": ""EUR"", ""date"": ""2017-01-19"", ""rate"": 10.673, ""quote"": ""MAD""}"
frankfurter,2017-01-19,USD,1,10.056000,,,"{""base"": ""USD"", ""date"": ""2017-01-19"", ""rate"": 10.056, ""quote"": ""MAD""}"
frankfurter,2017-01-20,EUR,1,10.690000,,,"{""base"": ""EUR"", ""date"": ""2017-01-20"", ""rate"": 10.69, ""quote"": ""MAD""}"
frankfurter,2017-01-20,USD,1,10.032000,,,"{""base"": ""USD"", ""date"": ""2017-01-20"", ""rate"": 10.032, ""quote"": ""MAD""}"
frankfurter,2017-01-23,EUR,1,10.720000,,,"{""base"": ""EUR"", ""date"": ""2017-01-23"", ""rate"": 10.72, ""quote"": ""MAD""}"
frankfurter,2017-01-23,USD,1,9.989100,,,"{""base"": ""USD"", ""date"": ""2017-01-23"", ""rate"": 9.9891, ""quote"": ""MAD""}"
frankfurter,2017-01-24,EUR,1,10.727000,,,"{""base"": ""EUR"", ""date"": ""2017-01-24"", ""rate"": 10.727, ""quote"": ""MAD""}"
frankfurter,2017-01-24,USD,1,9.980200,,,"{""base"": ""USD"", ""date"": ""2017-01-24"", ""rate"": 9.9802, ""quote"": ""MAD""}"
frankfurter,2017-01-25,EUR,1,10.724000,,,"{""base"": ""EUR"", ""date"": ""2017-01-25"", ""rate"": 10.724, ""quote"": ""MAD""}"
frankfurter,2017-01-25,USD,1,9.983300,,,"{""base"": ""USD"", ""date"": ""2017-01-25"", ""rate"": 9.9833, ""quote"": ""MAD""}"
frankfurter,2017-01-26,EUR,1,10.707000,,,"{""base"": ""EUR"", ""date"": ""2017-01-26"", ""rate"": 10.707, ""quote"": ""MAD""}"
frankfurter,2017-01-26,USD,1,10.007900,,,"{""base"": ""USD"", ""date"": ""2017-01-26"", ""rate"": 10.0079, ""quote"": ""MAD""}"
frankfurter,2017-01-27,EUR,1,10.706500,,,"{""base"": ""EUR"", ""date"": ""2017-01-27"", ""rate"": 10.7065, ""quote"": ""MAD""}"
frankfurter,2017-01-27,USD,1,10.008900,,,"{""base"": ""USD"", ""date"": ""2017-01-27"", ""rate"": 10.0089, ""quote"": ""MAD""}"
frankfurter,2017-01-30,EUR,1,10.685000,,,"{""base"": ""EUR"", ""date"": ""2017-01-30"", ""rate"": 10.685, ""quote"": ""MAD""}"
frankfurter,2017-01-30,USD,1,10.039000,,,"{""base"": ""USD"", ""date"": ""2017-01-30"", ""rate"": 10.039, ""quote"": ""MAD""}"
frankfurter,2017-01-31,EUR,1,10.730000,,,"{""base"": ""EUR"", ""date"": ""2017-01-31"", ""rate"": 10.73, ""quote"": ""MAD""}"
frankfurter,2017-01-31,USD,1,9.975900,,,"{""base"": ""USD"", ""date"": ""2017-01-31"", ""rate"": 9.9759, ""quote"": ""MAD""}"
frankfurter,2017-02-01,EUR,1,10.732000,,,"{""base"": ""EUR"", ""date"": ""2017-02-01"", ""rate"": 10.732, ""quote"": ""MAD""}"
frankfurter,2017-02-01,USD,1,9.973000,,,"{""base"": ""USD"", ""date"": ""2017-02-01"", ""rate"": 9.973, ""quote"": ""MAD""}"
frankfurter,2017-02-02,EUR,1,10.753000,,,"{""base"": ""EUR"", ""date"": ""2017-02-02"", ""rate"": 10.753, ""quote"": ""MAD""}"
frankfurter,2017-02-02,USD,1,9.942800,,,"{""base"": ""USD"", ""date"": ""2017-02-02"", ""rate"": 9.9428, ""quote"": ""MAD""}"
frankfurter,2017-02-03,EUR,1,10.729500,,,"{""base"": ""EUR"", ""date"": ""2017-02-03"", ""rate"": 10.7295, ""quote"": ""MAD""}"
frankfurter,2017-02-03,USD,1,9.976200,,,"{""base"": ""USD"", ""date"": ""2017-02-03"", ""rate"": 9.9762, ""quote"": ""MAD""}"
frankfurter,2017-02-06,EUR,1,10.712500,,,"{""base"": ""EUR"", ""date"": ""2017-02-06"", ""rate"": 10.7125, ""quote"": ""MAD""}"
frankfurter,2017-02-06,USD,1,10.000200,,,"{""base"": ""USD"", ""date"": ""2017-02-06"", ""rate"": 10.0002, ""quote"": ""MAD""}"
frankfurter,2017-02-07,EUR,1,10.698000,,,"{""base"": ""EUR"", ""date"": ""2017-02-07"", ""rate"": 10.698, ""quote"": ""MAD""}"
frankfurter,2017-02-07,USD,1,10.020900,,,"{""base"": ""USD"", ""date"": ""2017-02-07"", ""rate"": 10.0209, ""quote"": ""MAD""}"
frankfurter,2017-02-08,EUR,1,10.696000,,,"{""base"": ""EUR"", ""date"": ""2017-02-08"", ""rate"": 10.696, ""quote"": ""MAD""}"
frankfurter,2017-02-08,USD,1,10.023800,,,"{""base"": ""USD"", ""date"": ""2017-02-08"", ""rate"": 10.0238, ""quote"": ""MAD""}"
frankfurter,2017-02-09,EUR,1,10.700000,,,"{""base"": ""EUR"", ""date"": ""2017-02-09"", ""rate"": 10.7, ""quote"": ""MAD""}"
frankfurter,2017-02-09,USD,1,10.018200,,,"{""base"": ""USD"", ""date"": ""2017-02-09"", ""rate"": 10.0182, ""quote"": ""MAD""}"
frankfurter,2017-02-10,EUR,1,10.676000,,,"{""base"": ""EUR"", ""date"": ""2017-02-10"", ""rate"": 10.676, ""quote"": ""MAD""}"
frankfurter,2017-02-10,USD,1,10.052000,,,"{""base"": ""USD"", ""date"": ""2017-02-10"", ""rate"": 10.052, ""quote"": ""MAD""}"
frankfurter,2017-02-13,EUR,1,10.677000,,,"{""base"": ""EUR"", ""date"": ""2017-02-13"", ""rate"": 10.677, ""quote"": ""MAD""}"
frankfurter,2017-02-13,USD,1,10.051000,,,"{""base"": ""USD"", ""date"": ""2017-02-13"", ""rate"": 10.051, ""quote"": ""MAD""}"
frankfurter,2017-02-14,EUR,1,10.672000,,,"{""base"": ""EUR"", ""date"": ""2017-02-14"", ""rate"": 10.672, ""quote"": ""MAD""}"
frankfurter,2017-02-14,USD,1,10.057000,,,"{""base"": ""USD"", ""date"": ""2017-02-14"", ""rate"": 10.057, ""quote"": ""MAD""}"
frankfurter,2017-02-15,EUR,1,10.640000,,,"{""base"": ""EUR"", ""date"": ""2017-02-15"", ""rate"": 10.64, ""quote"": ""MAD""}"
frankfurter,2017-02-15,USD,1,10.103000,,,"{""base"": ""USD"", ""date"": ""2017-02-15"", ""rate"": 10.103, ""quote"": ""MAD""}"
frankfurter,2017-02-16,EUR,1,10.684000,,,"{""base"": ""EUR"", ""date"": ""2017-02-16"", ""rate"": 10.684, ""quote"": ""MAD""}"
frankfurter,2017-02-16,USD,1,10.041000,,,"{""base"": ""USD"", ""date"": ""2017-02-16"", ""rate"": 10.041, ""quote"": ""MAD""}"
frankfurter,2017-02-17,EUR,1,10.690000,,,"{""base"": ""EUR"", ""date"": ""2017-02-17"", ""rate"": 10.69, ""quote"": ""MAD""}"
frankfurter,2017-02-17,USD,1,10.032500,,,"{""base"": ""USD"", ""date"": ""2017-02-17"", ""rate"": 10.0325, ""quote"": ""MAD""}"
frankfurter,2017-02-20,EUR,1,10.676000,,,"{""base"": ""EUR"", ""date"": ""2017-02-20"", ""rate"": 10.676, ""quote"": ""MAD""}"
frankfurter,2017-02-20,USD,1,10.052000,,,"{""base"": ""USD"", ""date"": ""2017-02-20"", ""rate"": 10.052, ""quote"": ""MAD""}"
frankfurter,2017-02-21,EUR,1,10.642500,,,"{""base"": ""EUR"", ""date"": ""2017-02-21"", ""rate"": 10.6425, ""quote"": ""MAD""}"
frankfurter,2017-02-21,USD,1,10.099000,,,"{""base"": ""USD"", ""date"": ""2017-02-21"", ""rate"": 10.099, ""quote"": ""MAD""}"
frankfurter,2017-02-22,EUR,1,10.633000,,,"{""base"": ""EUR"", ""date"": ""2017-02-22"", ""rate"": 10.633, ""quote"": ""MAD""}"
frankfurter,2017-02-22,USD,1,10.113000,,,"{""base"": ""USD"", ""date"": ""2017-02-22"", ""rate"": 10.113, ""quote"": ""MAD""}"
frankfurter,2017-02-23,EUR,1,10.659000,,,"{""base"": ""EUR"", ""date"": ""2017-02-23"", ""rate"": 10.659, ""quote"": ""MAD""}"
frankfurter,2017-02-23,USD,1,10.076000,,,"{""base"": ""USD"", ""date"": ""2017-02-23"", ""rate"": 10.076, ""quote"": ""MAD""}"
frankfurter,2017-02-24,EUR,1,10.673000,,,"{""base"": ""EUR"", ""date"": ""2017-02-24"", ""rate"": 10.673, ""quote"": ""MAD""}"
frankfurter,2017-02-24,USD,1,10.056000,,,"{""base"": ""USD"", ""date"": ""2017-02-24"", ""rate"": 10.056, ""quote"": ""MAD""}"
frankfurter,2017-02-27,EUR,1,10.667000,,,"{""base"": ""EUR"", ""date"": ""2017-02-27"", ""rate"": 10.667, ""quote"": ""MAD""}"
frankfurter,2017-02-27,USD,1,10.065000,,,"{""base"": ""USD"", ""date"": ""2017-02-27"", ""rate"": 10.065, ""quote"": ""MAD""}"
frankfurter,2017-02-28,EUR,1,10.666000,,,"{""base"": ""EUR"", ""date"": ""2017-02-28"", ""rate"": 10.666, ""quote"": ""MAD""}"
frankfurter,2017-02-28,USD,1,10.066000,,,"{""base"": ""USD"", ""date"": ""2017-02-28"", ""rate"": 10.066, ""quote"": ""MAD""}"
frankfurter,2017-03-01,EUR,1,10.637000,,,"{""base"": ""EUR"", ""date"": ""2017-03-01"", ""rate"": 10.637, ""quote"": ""MAD""}"
frankfurter,2017-03-01,USD,1,10.107000,,,"{""base"": ""USD"", ""date"": ""2017-03-01"", ""rate"": 10.107, ""quote"": ""MAD""}"
frankfurter,2017-03-02,EUR,1,10.633000,,,"{""base"": ""EUR"", ""date"": ""2017-03-02"", ""rate"": 10.633, ""quote"": ""MAD""}"
frankfurter,2017-03-02,USD,1,10.113000,,,"{""base"": ""USD"", ""date"": ""2017-03-02"", ""rate"": 10.113, ""quote"": ""MAD""}"
frankfurter,2017-03-03,EUR,1,10.655000,,,"{""base"": ""EUR"", ""date"": ""2017-03-03"", ""rate"": 10.655, ""quote"": ""MAD""}"
frankfurter,2017-03-03,USD,1,10.082000,,,"{""base"": ""USD"", ""date"": ""2017-03-03"", ""rate"": 10.082, ""quote"": ""MAD""}"
frankfurter,2017-03-06,EUR,1,10.666000,,,"{""base"": ""EUR"", ""date"": ""2017-03-06"", ""rate"": 10.666, ""quote"": ""MAD""}"
frankfurter,2017-03-06,USD,1,10.065500,,,"{""base"": ""USD"", ""date"": ""2017-03-06"", ""rate"": 10.0655, ""quote"": ""MAD""}"
frankfurter,2017-03-07,EUR,1,10.655000,,,"{""base"": ""EUR"", ""date"": ""2017-03-07"", ""rate"": 10.655, ""quote"": ""MAD""}"
frankfurter,2017-03-07,USD,1,10.082000,,,"{""base"": ""USD"", ""date"": ""2017-03-07"", ""rate"": 10.082, ""quote"": ""MAD""}"
frankfurter,2017-03-08,EUR,1,10.649500,,,"{""base"": ""EUR"", ""date"": ""2017-03-08"", ""rate"": 10.6495, ""quote"": ""MAD""}"
frankfurter,2017-03-08,USD,1,10.089500,,,"{""base"": ""USD"", ""date"": ""2017-03-08"", ""rate"": 10.0895, ""quote"": ""MAD""}"
frankfurter,2017-03-09,EUR,1,10.663000,,,"{""base"": ""EUR"", ""date"": ""2017-03-09"", ""rate"": 10.663, ""quote"": ""MAD""}"
frankfurter,2017-03-09,USD,1,10.070000,,,"{""base"": ""USD"", ""date"": ""2017-03-09"", ""rate"": 10.07, ""quote"": ""MAD""}"
frankfurter,2017-03-10,EUR,1,10.686000,,,"{""base"": ""EUR"", ""date"": ""2017-03-10"", ""rate"": 10.686, ""quote"": ""MAD""}"
frankfurter,2017-03-10,USD,1,10.038000,,,"{""base"": ""USD"", ""date"": ""2017-03-10"", ""rate"": 10.038, ""quote"": ""MAD""}"
frankfurter,2017-03-13,EUR,1,10.696000,,,"{""base"": ""EUR"", ""date"": ""2017-03-13"", ""rate"": 10.696, ""quote"": ""MAD""}"
frankfurter,2017-03-13,USD,1,10.024000,,,"{""base"": ""USD"", ""date"": ""2017-03-13"", ""rate"": 10.024, ""quote"": ""MAD""}"
frankfurter,2017-03-14,EUR,1,10.680000,,,"{""base"": ""EUR"", ""date"": ""2017-03-14"", ""rate"": 10.68, ""quote"": ""MAD""}"
frankfurter,2017-03-14,USD,1,10.047000,,,"{""base"": ""USD"", ""date"": ""2017-03-14"", ""rate"": 10.047, ""quote"": ""MAD""}"
frankfurter,2017-03-15,EUR,1,10.674000,,,"{""base"": ""EUR"", ""date"": ""2017-03-15"", ""rate"": 10.674, ""quote"": ""MAD""}"
frankfurter,2017-03-15,USD,1,10.055000,,,"{""base"": ""USD"", ""date"": ""2017-03-15"", ""rate"": 10.055, ""quote"": ""MAD""}"
frankfurter,2017-03-16,EUR,1,10.717500,,,"{""base"": ""EUR"", ""date"": ""2017-03-16"", ""rate"": 10.7175, ""quote"": ""MAD""}"
frankfurter,2017-03-16,USD,1,9.993100,,,"{""base"": ""USD"", ""date"": ""2017-03-16"", ""rate"": 9.9931, ""quote"": ""MAD""}"
frankfurter,2017-03-17,EUR,1,10.728000,,,"{""base"": ""EUR"", ""date"": ""2017-03-17"", ""rate"": 10.728, ""quote"": ""MAD""}"
frankfurter,2017-03-17,USD,1,9.978100,,,"{""base"": ""USD"", ""date"": ""2017-03-17"", ""rate"": 9.9781, ""quote"": ""MAD""}"
frankfurter,2017-03-20,EUR,1,10.728000,,,"{""base"": ""EUR"", ""date"": ""2017-03-20"", ""rate"": 10.728, ""quote"": ""MAD""}"
frankfurter,2017-03-20,USD,1,9.978300,,,"{""base"": ""USD"", ""date"": ""2017-03-20"", ""rate"": 9.9783, ""quote"": ""MAD""}"
frankfurter,2017-03-21,EUR,1,10.753000,,,"{""base"": ""EUR"", ""date"": ""2017-03-21"", ""rate"": 10.753, ""quote"": ""MAD""}"
frankfurter,2017-03-21,USD,1,9.942800,,,"{""base"": ""USD"", ""date"": ""2017-03-21"", ""rate"": 9.9428, ""quote"": ""MAD""}"
frankfurter,2017-03-22,EUR,1,10.747500,,,"{""base"": ""EUR"", ""date"": ""2017-03-22"", ""rate"": 10.7475, ""quote"": ""MAD""}"
frankfurter,2017-03-22,USD,1,9.950600,,,"{""base"": ""USD"", ""date"": ""2017-03-22"", ""rate"": 9.9506, ""quote"": ""MAD""}"
frankfurter,2017-03-23,EUR,1,10.741500,,,"{""base"": ""EUR"", ""date"": ""2017-03-23"", ""rate"": 10.7415, ""quote"": ""MAD""}"
frankfurter,2017-03-23,USD,1,9.959500,,,"{""base"": ""USD"", ""date"": ""2017-03-23"", ""rate"": 9.9595, ""quote"": ""MAD""}"
frankfurter,2017-03-24,EUR,1,10.746500,,,"{""base"": ""EUR"", ""date"": ""2017-03-24"", ""rate"": 10.7465, ""quote"": ""MAD""}"
frankfurter,2017-03-24,USD,1,9.952300,,,"{""base"": ""USD"", ""date"": ""2017-03-24"", ""rate"": 9.9523, ""quote"": ""MAD""}"
frankfurter,2017-03-27,EUR,1,10.784000,,,"{""base"": ""EUR"", ""date"": ""2017-03-27"", ""rate"": 10.784, ""quote"": ""MAD""}"
frankfurter,2017-03-27,USD,1,9.899000,,,"{""base"": ""USD"", ""date"": ""2017-03-27"", ""rate"": 9.899, ""quote"": ""MAD""}"
frankfurter,2017-03-28,EUR,1,10.771000,,,"{""base"": ""EUR"", ""date"": ""2017-03-28"", ""rate"": 10.771, ""quote"": ""MAD""}"
frankfurter,2017-03-28,USD,1,9.917900,,,"{""base"": ""USD"", ""date"": ""2017-03-28"", ""rate"": 9.9179, ""quote"": ""MAD""}"
frankfurter,2017-03-29,EUR,1,10.732500,,,"{""base"": ""EUR"", ""date"": ""2017-03-29"", ""rate"": 10.7325, ""quote"": ""MAD""}"
frankfurter,2017-03-29,USD,1,9.972000,,,"{""base"": ""USD"", ""date"": ""2017-03-29"", ""rate"": 9.972, ""quote"": ""MAD""}"
frankfurter,2017-03-30,EUR,1,10.716000,,,"{""base"": ""EUR"", ""date"": ""2017-03-30"", ""rate"": 10.716, ""quote"": ""MAD""}"
frankfurter,2017-03-30,USD,1,9.995200,,,"{""base"": ""USD"", ""date"": ""2017-03-30"", ""rate"": 9.9952, ""quote"": ""MAD""}"
frankfurter,2017-03-31,EUR,1,10.699000,,,"{""base"": ""EUR"", ""date"": ""2017-03-31"", ""rate"": 10.699, ""quote"": ""MAD""}"
frankfurter,2017-03-31,USD,1,10.019000,,,"{""base"": ""USD"", ""date"": ""2017-03-31"", ""rate"": 10.019, ""quote"": ""MAD""}"
frankfurter,2017-04-03,EUR,1,10.692000,,,"{""base"": ""EUR"", ""date"": ""2017-04-03"", ""rate"": 10.692, ""quote"": ""MAD""}"
frankfurter,2017-04-03,USD,1,10.028700,,,"{""base"": ""USD"", ""date"": ""2017-04-03"", ""rate"": 10.0287, ""quote"": ""MAD""}"
frankfurter,2017-04-04,EUR,1,10.690000,,,"{""base"": ""EUR"", ""date"": ""2017-04-04"", ""rate"": 10.69, ""quote"": ""MAD""}"
frankfurter,2017-04-04,USD,1,10.032500,,,"{""base"": ""USD"", ""date"": ""2017-04-04"", ""rate"": 10.0325, ""quote"": ""MAD""}"
frankfurter,2017-04-05,EUR,1,10.694500,,,"{""base"": ""EUR"", ""date"": ""2017-04-05"", ""rate"": 10.6945, ""quote"": ""MAD""}"
frankfurter,2017-04-05,USD,1,10.025800,,,"{""base"": ""USD"", ""date"": ""2017-04-05"", ""rate"": 10.0258, ""quote"": ""MAD""}"
frankfurter,2017-04-06,EUR,1,10.692000,,,"{""base"": ""EUR"", ""date"": ""2017-04-06"", ""rate"": 10.692, ""quote"": ""MAD""}"
frankfurter,2017-04-06,USD,1,10.029100,,,"{""base"": ""USD"", ""date"": ""2017-04-06"", ""rate"": 10.0291, ""quote"": ""MAD""}"
frankfurter,2017-04-07,EUR,1,10.676000,,,"{""base"": ""EUR"", ""date"": ""2017-04-07"", ""rate"": 10.676, ""quote"": ""MAD""}"
frankfurter,2017-04-07,USD,1,10.052000,,,"{""base"": ""USD"", ""date"": ""2017-04-07"", ""rate"": 10.052, ""quote"": ""MAD""}"
frankfurter,2017-04-10,EUR,1,10.657500,,,"{""base"": ""EUR"", ""date"": ""2017-04-10"", ""rate"": 10.6575, ""quote"": ""MAD""}"
frankfurter,2017-04-10,USD,1,10.078000,,,"{""base"": ""USD"", ""date"": ""2017-04-10"", ""rate"": 10.078, ""quote"": ""MAD""}"
frankfurter,2017-04-11,EUR,1,10.672000,,,"{""base"": ""EUR"", ""date"": ""2017-04-11"", ""rate"": 10.672, ""quote"": ""MAD""}"
frankfurter,2017-04-11,USD,1,10.057000,,,"{""base"": ""USD"", ""date"": ""2017-04-11"", ""rate"": 10.057, ""quote"": ""MAD""}"
frankfurter,2017-04-12,EUR,1,10.668000,,,"{""base"": ""EUR"", ""date"": ""2017-04-12"", ""rate"": 10.668, ""quote"": ""MAD""}"
frankfurter,2017-04-12,USD,1,10.063000,,,"{""base"": ""USD"", ""date"": ""2017-04-12"", ""rate"": 10.063, ""quote"": ""MAD""}"
frankfurter,2017-04-13,EUR,1,10.679000,,,"{""base"": ""EUR"", ""date"": ""2017-04-13"", ""rate"": 10.679, ""quote"": ""MAD""}"
frankfurter,2017-04-13,USD,1,10.048000,,,"{""base"": ""USD"", ""date"": ""2017-04-13"", ""rate"": 10.048, ""quote"": ""MAD""}"
frankfurter,2017-04-14,EUR,1,10.679000,,,"{""base"": ""EUR"", ""date"": ""2017-04-14"", ""rate"": 10.679, ""quote"": ""MAD""}"
frankfurter,2017-04-14,USD,1,10.047000,,,"{""base"": ""USD"", ""date"": ""2017-04-14"", ""rate"": 10.047, ""quote"": ""MAD""}"
frankfurter,2017-04-17,EUR,1,10.686000,,,"{""base"": ""EUR"", ""date"": ""2017-04-17"", ""rate"": 10.686, ""quote"": ""MAD""}"
frankfurter,2017-04-17,USD,1,10.038000,,,"{""base"": ""USD"", ""date"": ""2017-04-17"", ""rate"": 10.038, ""quote"": ""MAD""}"
frankfurter,2017-04-18,EUR,1,10.706500,,,"{""base"": ""EUR"", ""date"": ""2017-04-18"", ""rate"": 10.7065, ""quote"": ""MAD""}"
frankfurter,2017-04-18,USD,1,10.008900,,,"{""base"": ""USD"", ""date"": ""2017-04-18"", ""rate"": 10.0089, ""quote"": ""MAD""}"
frankfurter,2017-04-19,EUR,1,10.716000,,,"{""base"": ""EUR"", ""date"": ""2017-04-19"", ""rate"": 10.716, ""quote"": ""MAD""}"
frankfurter,2017-04-19,USD,1,9.995200,,,"{""base"": ""USD"", ""date"": ""2017-04-19"", ""rate"": 9.9952, ""quote"": ""MAD""}"
frankfurter,2017-04-20,EUR,1,10.728000,,,"{""base"": ""EUR"", ""date"": ""2017-04-20"", ""rate"": 10.728, ""quote"": ""MAD""}"
frankfurter,2017-04-20,USD,1,9.978300,,,"{""base"": ""USD"", ""date"": ""2017-04-20"", ""rate"": 9.9783, ""quote"": ""MAD""}"
frankfurter,2017-04-21,EUR,1,10.709000,,,"{""base"": ""EUR"", ""date"": ""2017-04-21"", ""rate"": 10.709, ""quote"": ""MAD""}"
frankfurter,2017-04-21,USD,1,10.005300,,,"{""base"": ""USD"", ""date"": ""2017-04-21"", ""rate"": 10.0053, ""quote"": ""MAD""}"
frankfurter,2017-04-24,EUR,1,10.770000,,,"{""base"": ""EUR"", ""date"": ""2017-04-24"", ""rate"": 10.77, ""quote"": ""MAD""}"
frankfurter,2017-04-24,USD,1,9.919000,,,"{""base"": ""USD"", ""date"": ""2017-04-24"", ""rate"": 9.919, ""quote"": ""MAD""}"
frankfurter,2017-04-25,EUR,1,10.779500,,,"{""base"": ""EUR"", ""date"": ""2017-04-25"", ""rate"": 10.7795, ""quote"": ""MAD""}"
frankfurter,2017-04-25,USD,1,9.905100,,,"{""base"": ""USD"", ""date"": ""2017-04-25"", ""rate"": 9.9051, ""quote"": ""MAD""}"
frankfurter,2017-04-26,EUR,1,10.781500,,,"{""base"": ""EUR"", ""date"": ""2017-04-26"", ""rate"": 10.7815, ""quote"": ""MAD""}"
frankfurter,2017-04-26,USD,1,9.902400,,,"{""base"": ""USD"", ""date"": ""2017-04-26"", ""rate"": 9.9024, ""quote"": ""MAD""}"
frankfurter,2017-04-27,EUR,1,10.782500,,,"{""base"": ""EUR"", ""date"": ""2017-04-27"", ""rate"": 10.7825, ""quote"": ""MAD""}"
frankfurter,2017-04-27,USD,1,9.901300,,,"{""base"": ""USD"", ""date"": ""2017-04-27"", ""rate"": 9.9013, ""quote"": ""MAD""}"
frankfurter,2017-04-28,EUR,1,10.790000,,,"{""base"": ""EUR"", ""date"": ""2017-04-28"", ""rate"": 10.79, ""quote"": ""MAD""}"
frankfurter,2017-04-28,USD,1,9.890900,,,"{""base"": ""USD"", ""date"": ""2017-04-28"", ""rate"": 9.8909, ""quote"": ""MAD""}"
frankfurter,2017-05-02,EUR,1,10.788500,,,"{""base"": ""EUR"", ""date"": ""2017-05-02"", ""rate"": 10.7885, ""quote"": ""MAD""}"
frankfurter,2017-05-02,USD,1,9.892500,,,"{""base"": ""USD"", ""date"": ""2017-05-02"", ""rate"": 9.8925, ""quote"": ""MAD""}"
frankfurter,2017-05-03,EUR,1,10.792500,,,"{""base"": ""EUR"", ""date"": ""2017-05-03"", ""rate"": 10.7925, ""quote"": ""MAD""}"
frankfurter,2017-05-03,USD,1,9.887000,,,"{""base"": ""USD"", ""date"": ""2017-05-03"", ""rate"": 9.887, ""quote"": ""MAD""}"
frankfurter,2017-05-04,EUR,1,10.800000,,,"{""base"": ""EUR"", ""date"": ""2017-05-04"", ""rate"": 10.8, ""quote"": ""MAD""}"
frankfurter,2017-05-04,USD,1,9.876600,,,"{""base"": ""USD"", ""date"": ""2017-05-04"", ""rate"": 9.8766, ""quote"": ""MAD""}"
frankfurter,2017-05-05,EUR,1,10.817000,,,"{""base"": ""EUR"", ""date"": ""2017-05-05"", ""rate"": 10.817, ""quote"": ""MAD""}"
frankfurter,2017-05-05,USD,1,9.852500,,,"{""base"": ""USD"", ""date"": ""2017-05-05"", ""rate"": 9.8525, ""quote"": ""MAD""}"
frankfurter,2017-05-08,EUR,1,10.804000,,,"{""base"": ""EUR"", ""date"": ""2017-05-08"", ""rate"": 10.804, ""quote"": ""MAD""}"
frankfurter,2017-05-08,USD,1,9.871100,,,"{""base"": ""USD"", ""date"": ""2017-05-08"", ""rate"": 9.8711, ""quote"": ""MAD""}"
frankfurter,2017-05-09,EUR,1,10.780000,,,"{""base"": ""EUR"", ""date"": ""2017-05-09"", ""rate"": 10.78, ""quote"": ""MAD""}"
frankfurter,2017-05-09,USD,1,9.904600,,,"{""base"": ""USD"", ""date"": ""2017-05-09"", ""rate"": 9.9046, ""quote"": ""MAD""}"
frankfurter,2017-05-10,EUR,1,10.778500,,,"{""base"": ""EUR"", ""date"": ""2017-05-10"", ""rate"": 10.7785, ""quote"": ""MAD""}"
frankfurter,2017-05-10,USD,1,9.907400,,,"{""base"": ""USD"", ""date"": ""2017-05-10"", ""rate"": 9.9074, ""quote"": ""MAD""}"
frankfurter,2017-05-11,EUR,1,10.768500,,,"{""base"": ""EUR"", ""date"": ""2017-05-11"", ""rate"": 10.7685, ""quote"": ""MAD""}"
frankfurter,2017-05-11,USD,1,9.921200,,,"{""base"": ""USD"", ""date"": ""2017-05-11"", ""rate"": 9.9212, ""quote"": ""MAD""}"
frankfurter,2017-05-12,EUR,1,10.790000,,,"{""base"": ""EUR"", ""date"": ""2017-05-12"", ""rate"": 10.79, ""quote"": ""MAD""}"
frankfurter,2017-05-12,USD,1,9.890900,,,"{""base"": ""USD"", ""date"": ""2017-05-12"", ""rate"": 9.8909, ""quote"": ""MAD""}"
frankfurter,2017-05-15,EUR,1,10.817500,,,"{""base"": ""EUR"", ""date"": ""2017-05-15"", ""rate"": 10.8175, ""quote"": ""MAD""}"
frankfurter,2017-05-15,USD,1,9.851900,,,"{""base"": ""USD"", ""date"": ""2017-05-15"", ""rate"": 9.8519, ""quote"": ""MAD""}"
frankfurter,2017-05-16,EUR,1,10.855500,,,"{""base"": ""EUR"", ""date"": ""2017-05-16"", ""rate"": 10.8555, ""quote"": ""MAD""}"
frankfurter,2017-05-16,USD,1,9.798300,,,"{""base"": ""USD"", ""date"": ""2017-05-16"", ""rate"": 9.7983, ""quote"": ""MAD""}"
frankfurter,2017-05-17,EUR,1,10.871500,,,"{""base"": ""EUR"", ""date"": ""2017-05-17"", ""rate"": 10.8715, ""quote"": ""MAD""}"
frankfurter,2017-05-17,USD,1,9.775100,,,"{""base"": ""USD"", ""date"": ""2017-05-17"", ""rate"": 9.7751, ""quote"": ""MAD""}"
frankfurter,2017-05-18,EUR,1,10.866500,,,"{""base"": ""EUR"", ""date"": ""2017-05-18"", ""rate"": 10.8665, ""quote"": ""MAD""}"
frankfurter,2017-05-18,USD,1,9.783100,,,"{""base"": ""USD"", ""date"": ""2017-05-18"", ""rate"": 9.7831, ""quote"": ""MAD""}"
frankfurter,2017-05-19,EUR,1,10.893500,,,"{""base"": ""EUR"", ""date"": ""2017-05-19"", ""rate"": 10.8935, ""quote"": ""MAD""}"
frankfurter,2017-05-19,USD,1,9.744000,,,"{""base"": ""USD"", ""date"": ""2017-05-19"", ""rate"": 9.744, ""quote"": ""MAD""}"
frankfurter,2017-05-22,EUR,1,10.924500,,,"{""base"": ""EUR"", ""date"": ""2017-05-22"", ""rate"": 10.9245, ""quote"": ""MAD""}"
frankfurter,2017-05-22,USD,1,9.700500,,,"{""base"": ""USD"", ""date"": ""2017-05-22"", ""rate"": 9.7005, ""quote"": ""MAD""}"
frankfurter,2017-05-23,EUR,1,10.911000,,,"{""base"": ""EUR"", ""date"": ""2017-05-23"", ""rate"": 10.911, ""quote"": ""MAD""}"
frankfurter,2017-05-23,USD,1,9.719500,,,"{""base"": ""USD"", ""date"": ""2017-05-23"", ""rate"": 9.7195, ""quote"": ""MAD""}"
frankfurter,2017-05-24,EUR,1,10.897500,,,"{""base"": ""EUR"", ""date"": ""2017-05-24"", ""rate"": 10.8975, ""quote"": ""MAD""}"
frankfurter,2017-05-24,USD,1,9.739200,,,"{""base"": ""USD"", ""date"": ""2017-05-24"", ""rate"": 9.7392, ""quote"": ""MAD""}"
frankfurter,2017-05-25,EUR,1,10.906500,,,"{""base"": ""EUR"", ""date"": ""2017-05-25"", ""rate"": 10.9065, ""quote"": ""MAD""}"
frankfurter,2017-05-25,USD,1,9.725900,,,"{""base"": ""USD"", ""date"": ""2017-05-25"", ""rate"": 9.7259, ""quote"": ""MAD""}"
frankfurter,2017-05-26,EUR,1,10.888500,,,"{""base"": ""EUR"", ""date"": ""2017-05-26"", ""rate"": 10.8885, ""quote"": ""MAD""}"
frankfurter,2017-05-26,USD,1,9.751500,,,"{""base"": ""USD"", ""date"": ""2017-05-26"", ""rate"": 9.7515, ""quote"": ""MAD""}"
frankfurter,2017-05-29,EUR,1,10.896500,,,"{""base"": ""EUR"", ""date"": ""2017-05-29"", ""rate"": 10.8965, ""quote"": ""MAD""}"
frankfurter,2017-05-29,USD,1,9.739800,,,"{""base"": ""USD"", ""date"": ""2017-05-29"", ""rate"": 9.7398, ""quote"": ""MAD""}"
frankfurter,2017-05-30,EUR,1,10.890500,,,"{""base"": ""EUR"", ""date"": ""2017-05-30"", ""rate"": 10.8905, ""quote"": ""MAD""}"
frankfurter,2017-05-30,USD,1,9.748800,,,"{""base"": ""USD"", ""date"": ""2017-05-30"", ""rate"": 9.7488, ""quote"": ""MAD""}"
frankfurter,2017-05-31,EUR,1,10.910500,,,"{""base"": ""EUR"", ""date"": ""2017-05-31"", ""rate"": 10.9105, ""quote"": ""MAD""}"
frankfurter,2017-05-31,USD,1,9.720600,,,"{""base"": ""USD"", ""date"": ""2017-05-31"", ""rate"": 9.7206, ""quote"": ""MAD""}"
frankfurter,2017-06-01,EUR,1,10.909500,,,"{""base"": ""EUR"", ""date"": ""2017-06-01"", ""rate"": 10.9095, ""quote"": ""MAD""}"
frankfurter,2017-06-01,USD,1,9.721600,,,"{""base"": ""USD"", ""date"": ""2017-06-01"", ""rate"": 9.7216, ""quote"": ""MAD""}"
frankfurter,2017-06-02,EUR,1,10.903500,,,"{""base"": ""EUR"", ""date"": ""2017-06-02"", ""rate"": 10.9035, ""quote"": ""MAD""}"
frankfurter,2017-06-02,USD,1,9.730200,,,"{""base"": ""USD"", ""date"": ""2017-06-02"", ""rate"": 9.7302, ""quote"": ""MAD""}"
frankfurter,2017-06-05,EUR,1,10.919500,,,"{""base"": ""EUR"", ""date"": ""2017-06-05"", ""rate"": 10.9195, ""quote"": ""MAD""}"
frankfurter,2017-06-05,USD,1,9.707900,,,"{""base"": ""USD"", ""date"": ""2017-06-05"", ""rate"": 9.7079, ""quote"": ""MAD""}"
frankfurter,2017-06-06,EUR,1,10.920000,,,"{""base"": ""EUR"", ""date"": ""2017-06-06"", ""rate"": 10.92, ""quote"": ""MAD""}"
frankfurter,2017-06-06,USD,1,9.706800,,,"{""base"": ""USD"", ""date"": ""2017-06-06"", ""rate"": 9.7068, ""quote"": ""MAD""}"
frankfurter,2017-06-07,EUR,1,10.907500,,,"{""base"": ""EUR"", ""date"": ""2017-06-07"", ""rate"": 10.9075, ""quote"": ""MAD""}"
frankfurter,2017-06-07,USD,1,9.724300,,,"{""base"": ""USD"", ""date"": ""2017-06-07"", ""rate"": 9.7243, ""quote"": ""MAD""}"
frankfurter,2017-06-08,EUR,1,10.911000,,,"{""base"": ""EUR"", ""date"": ""2017-06-08"", ""rate"": 10.911, ""quote"": ""MAD""}"
frankfurter,2017-06-08,USD,1,9.719500,,,"{""base"": ""USD"", ""date"": ""2017-06-08"", ""rate"": 9.7195, ""quote"": ""MAD""}"
frankfurter,2017-06-09,EUR,1,10.891500,,,"{""base"": ""EUR"", ""date"": ""2017-06-09"", ""rate"": 10.8915, ""quote"": ""MAD""}"
frankfurter,2017-06-09,USD,1,9.747700,,,"{""base"": ""USD"", ""date"": ""2017-06-09"", ""rate"": 9.7477, ""quote"": ""MAD""}"
frankfurter,2017-06-12,EUR,1,10.908500,,,"{""base"": ""EUR"", ""date"": ""2017-06-12"", ""rate"": 10.9085, ""quote"": ""MAD""}"
frankfurter,2017-06-12,USD,1,9.723200,,,"{""base"": ""USD"", ""date"": ""2017-06-12"", ""rate"": 9.7232, ""quote"": ""MAD""}"
frankfurter,2017-06-13,EUR,1,10.907500,,,"{""base"": ""EUR"", ""date"": ""2017-06-13"", ""rate"": 10.9075, ""quote"": ""MAD""}"
frankfurter,2017-06-13,USD,1,9.724300,,,"{""base"": ""USD"", ""date"": ""2017-06-13"", ""rate"": 9.7243, ""quote"": ""MAD""}"
frankfurter,2017-06-14,EUR,1,10.901500,,,"{""base"": ""EUR"", ""date"": ""2017-06-14"", ""rate"": 10.9015, ""quote"": ""MAD""}"
frankfurter,2017-06-14,USD,1,9.732800,,,"{""base"": ""USD"", ""date"": ""2017-06-14"", ""rate"": 9.7328, ""quote"": ""MAD""}"
frankfurter,2017-06-15,EUR,1,10.887500,,,"{""base"": ""EUR"", ""date"": ""2017-06-15"", ""rate"": 10.8875, ""quote"": ""MAD""}"
frankfurter,2017-06-15,USD,1,9.753100,,,"{""base"": ""USD"", ""date"": ""2017-06-15"", ""rate"": 9.7531, ""quote"": ""MAD""}"
frankfurter,2017-06-16,EUR,1,10.887500,,,"{""base"": ""EUR"", ""date"": ""2017-06-16"", ""rate"": 10.8875, ""quote"": ""MAD""}"
frankfurter,2017-06-16,USD,1,9.752600,,,"{""base"": ""USD"", ""date"": ""2017-06-16"", ""rate"": 9.7526, ""quote"": ""MAD""}"
frankfurter,2017-06-19,EUR,1,10.900500,,,"{""base"": ""EUR"", ""date"": ""2017-06-19"", ""rate"": 10.9005, ""quote"": ""MAD""}"
frankfurter,2017-06-19,USD,1,9.735000,,,"{""base"": ""USD"", ""date"": ""2017-06-19"", ""rate"": 9.735, ""quote"": ""MAD""}"
frankfurter,2017-06-20,EUR,1,10.885500,,,"{""base"": ""EUR"", ""date"": ""2017-06-20"", ""rate"": 10.8855, ""quote"": ""MAD""}"
frankfurter,2017-06-20,USD,1,9.755200,,,"{""base"": ""USD"", ""date"": ""2017-06-20"", ""rate"": 9.7552, ""quote"": ""MAD""}"
frankfurter,2017-06-21,EUR,1,10.880500,,,"{""base"": ""EUR"", ""date"": ""2017-06-21"", ""rate"": 10.8805, ""quote"": ""MAD""}"
frankfurter,2017-06-21,USD,1,9.763300,,,"{""base"": ""USD"", ""date"": ""2017-06-21"", ""rate"": 9.7633, ""quote"": ""MAD""}"
frankfurter,2017-06-22,EUR,1,10.888500,,,"{""base"": ""EUR"", ""date"": ""2017-06-22"", ""rate"": 10.8885, ""quote"": ""MAD""}"
frankfurter,2017-06-22,USD,1,9.752000,,,"{""base"": ""USD"", ""date"": ""2017-06-22"", ""rate"": 9.752, ""quote"": ""MAD""}"
frankfurter,2017-06-23,EUR,1,10.890500,,,"{""base"": ""EUR"", ""date"": ""2017-06-23"", ""rate"": 10.8905, ""quote"": ""MAD""}"
frankfurter,2017-06-23,USD,1,9.748800,,,"{""base"": ""USD"", ""date"": ""2017-06-23"", ""rate"": 9.7488, ""quote"": ""MAD""}"
frankfurter,2017-06-28,EUR,1,10.964000,,,"{""base"": ""EUR"", ""date"": ""2017-06-28"", ""rate"": 10.964, ""quote"": ""MAD""}"
frankfurter,2017-06-28,USD,1,9.644700,,,"{""base"": ""USD"", ""date"": ""2017-06-28"", ""rate"": 9.6447, ""quote"": ""MAD""}"
frankfurter,2017-06-29,EUR,1,10.975000,,,"{""base"": ""EUR"", ""date"": ""2017-06-29"", ""rate"": 10.975, ""quote"": ""MAD""}"
frankfurter,2017-06-29,USD,1,9.629600,,,"{""base"": ""USD"", ""date"": ""2017-06-29"", ""rate"": 9.6296, ""quote"": ""MAD""}"
frankfurter,2017-06-30,EUR,1,10.983000,,,"{""base"": ""EUR"", ""date"": ""2017-06-30"", ""rate"": 10.983, ""quote"": ""MAD""}"
frankfurter,2017-06-30,USD,1,9.617600,,,"{""base"": ""USD"", ""date"": ""2017-06-30"", ""rate"": 9.6176, ""quote"": ""MAD""}"
frankfurter,2017-07-03,EUR,1,10.964500,,,"{""base"": ""EUR"", ""date"": ""2017-07-03"", ""rate"": 10.9645, ""quote"": ""MAD""}"
frankfurter,2017-07-03,USD,1,9.644200,,,"{""base"": ""USD"", ""date"": ""2017-07-03"", ""rate"": 9.6442, ""quote"": ""MAD""}"
frankfurter,2017-07-04,EUR,1,10.955000,,,"{""base"": ""EUR"", ""date"": ""2017-07-04"", ""rate"": 10.955, ""quote"": ""MAD""}"
frankfurter,2017-07-04,USD,1,9.657800,,,"{""base"": ""USD"", ""date"": ""2017-07-04"", ""rate"": 9.6578, ""quote"": ""MAD""}"
frankfurter,2017-07-05,EUR,1,10.947000,,,"{""base"": ""EUR"", ""date"": ""2017-07-05"", ""rate"": 10.947, ""quote"": ""MAD""}"
frankfurter,2017-07-05,USD,1,9.668800,,,"{""base"": ""USD"", ""date"": ""2017-07-05"", ""rate"": 9.6688, ""quote"": ""MAD""}"
frankfurter,2017-07-06,EUR,1,10.972500,,,"{""base"": ""EUR"", ""date"": ""2017-07-06"", ""rate"": 10.9725, ""quote"": ""MAD""}"
frankfurter,2017-07-06,USD,1,9.632700,,,"{""base"": ""USD"", ""date"": ""2017-07-06"", ""rate"": 9.6327, ""quote"": ""MAD""}"
frankfurter,2017-07-07,EUR,1,10.978000,,,"{""base"": ""EUR"", ""date"": ""2017-07-07"", ""rate"": 10.978, ""quote"": ""MAD""}"
frankfurter,2017-07-07,USD,1,9.625400,,,"{""base"": ""USD"", ""date"": ""2017-07-07"", ""rate"": 9.6254, ""quote"": ""MAD""}"
frankfurter,2017-07-10,EUR,1,10.973000,,,"{""base"": ""EUR"", ""date"": ""2017-07-10"", ""rate"": 10.973, ""quote"": ""MAD""}"
frankfurter,2017-07-10,USD,1,9.631700,,,"{""base"": ""USD"", ""date"": ""2017-07-10"", ""rate"": 9.6317, ""quote"": ""MAD""}"
frankfurter,2017-07-11,EUR,1,10.976500,,,"{""base"": ""EUR"", ""date"": ""2017-07-11"", ""rate"": 10.9765, ""quote"": ""MAD""}"
frankfurter,2017-07-11,USD,1,9.627000,,,"{""base"": ""USD"", ""date"": ""2017-07-11"", ""rate"": 9.627, ""quote"": ""MAD""}"
frankfurter,2017-07-12,EUR,1,11.001000,,,"{""base"": ""EUR"", ""date"": ""2017-07-12"", ""rate"": 11.001, ""quote"": ""MAD""}"
frankfurter,2017-07-12,USD,1,9.592600,,,"{""base"": ""USD"", ""date"": ""2017-07-12"", ""rate"": 9.5926, ""quote"": ""MAD""}"
frankfurter,2017-07-13,EUR,1,10.982500,,,"{""base"": ""EUR"", ""date"": ""2017-07-13"", ""rate"": 10.9825, ""quote"": ""MAD""}"
frankfurter,2017-07-13,USD,1,9.618600,,,"{""base"": ""USD"", ""date"": ""2017-07-13"", ""rate"": 9.6186, ""quote"": ""MAD""}"
frankfurter,2017-07-14,EUR,1,10.999000,,,"{""base"": ""EUR"", ""date"": ""2017-07-14"", ""rate"": 10.999, ""quote"": ""MAD""}"
frankfurter,2017-07-14,USD,1,9.594800,,,"{""base"": ""USD"", ""date"": ""2017-07-14"", ""rate"": 9.5948, ""quote"": ""MAD""}"
frankfurter,2017-07-17,EUR,1,11.000500,,,"{""base"": ""EUR"", ""date"": ""2017-07-17"", ""rate"": 11.0005, ""quote"": ""MAD""}"
frankfurter,2017-07-17,USD,1,9.593200,,,"{""base"": ""USD"", ""date"": ""2017-07-17"", ""rate"": 9.5932, ""quote"": ""MAD""}"
frankfurter,2017-07-18,EUR,1,11.040500,,,"{""base"": ""EUR"", ""date"": ""2017-07-18"", ""rate"": 11.0405, ""quote"": ""MAD""}"
frankfurter,2017-07-18,USD,1,9.536600,,,"{""base"": ""USD"", ""date"": ""2017-07-18"", ""rate"": 9.5366, ""quote"": ""MAD""}"
frankfurter,2017-07-19,EUR,1,11.022000,,,"{""base"": ""EUR"", ""date"": ""2017-07-19"", ""rate"": 11.022, ""quote"": ""MAD""}"
frankfurter,2017-07-19,USD,1,9.562800,,,"{""base"": ""USD"", ""date"": ""2017-07-19"", ""rate"": 9.5628, ""quote"": ""MAD""}"
frankfurter,2017-07-20,EUR,1,11.035000,,,"{""base"": ""EUR"", ""date"": ""2017-07-20"", ""rate"": 11.035, ""quote"": ""MAD""}"
frankfurter,2017-07-20,USD,1,9.544800,,,"{""base"": ""USD"", ""date"": ""2017-07-20"", ""rate"": 9.5448, ""quote"": ""MAD""}"
frankfurter,2017-07-21,EUR,1,11.064000,,,"{""base"": ""EUR"", ""date"": ""2017-07-21"", ""rate"": 11.064, ""quote"": ""MAD""}"
frankfurter,2017-07-21,USD,1,9.503500,,,"{""base"": ""USD"", ""date"": ""2017-07-21"", ""rate"": 9.5035, ""quote"": ""MAD""}"
frankfurter,2017-07-24,EUR,1,11.068000,,,"{""base"": ""EUR"", ""date"": ""2017-07-24"", ""rate"": 11.068, ""quote"": ""MAD""}"
frankfurter,2017-07-24,USD,1,9.497900,,,"{""base"": ""USD"", ""date"": ""2017-07-24"", ""rate"": 9.4979, ""quote"": ""MAD""}"
frankfurter,2017-07-25,EUR,1,11.081000,,,"{""base"": ""EUR"", ""date"": ""2017-07-25"", ""rate"": 11.081, ""quote"": ""MAD""}"
frankfurter,2017-07-25,USD,1,9.479200,,,"{""base"": ""USD"", ""date"": ""2017-07-25"", ""rate"": 9.4792, ""quote"": ""MAD""}"
frankfurter,2017-07-26,EUR,1,11.063500,,,"{""base"": ""EUR"", ""date"": ""2017-07-26"", ""rate"": 11.0635, ""quote"": ""MAD""}"
frankfurter,2017-07-26,USD,1,9.504000,,,"{""base"": ""USD"", ""date"": ""2017-07-26"", ""rate"": 9.504, ""quote"": ""MAD""}"
frankfurter,2017-07-27,EUR,1,11.084000,,,"{""base"": ""EUR"", ""date"": ""2017-07-27"", ""rate"": 11.084, ""quote"": ""MAD""}"
frankfurter,2017-07-27,USD,1,9.475100,,,"{""base"": ""USD"", ""date"": ""2017-07-27"", ""rate"": 9.4751, ""quote"": ""MAD""}"
frankfurter,2017-07-28,EUR,1,11.092000,,,"{""base"": ""EUR"", ""date"": ""2017-07-28"", ""rate"": 11.092, ""quote"": ""MAD""}"
frankfurter,2017-07-28,USD,1,9.463600,,,"{""base"": ""USD"", ""date"": ""2017-07-28"", ""rate"": 9.4636, ""quote"": ""MAD""}"
frankfurter,2017-07-31,EUR,1,11.097000,,,"{""base"": ""EUR"", ""date"": ""2017-07-31"", ""rate"": 11.097, ""quote"": ""MAD""}"
frankfurter,2017-07-31,USD,1,9.457000,,,"{""base"": ""USD"", ""date"": ""2017-07-31"", ""rate"": 9.457, ""quote"": ""MAD""}"
frankfurter,2017-08-01,EUR,1,11.126500,,,"{""base"": ""EUR"", ""date"": ""2017-08-01"", ""rate"": 11.1265, ""quote"": ""MAD""}"
frankfurter,2017-08-01,USD,1,9.415400,,,"{""base"": ""USD"", ""date"": ""2017-08-01"", ""rate"": 9.4154, ""quote"": ""MAD""}"
frankfurter,2017-08-02,EUR,1,11.129000,,,"{""base"": ""EUR"", ""date"": ""2017-08-02"", ""rate"": 11.129, ""quote"": ""MAD""}"
frankfurter,2017-08-02,USD,1,9.411500,,,"{""base"": ""USD"", ""date"": ""2017-08-02"", ""rate"": 9.4115, ""quote"": ""MAD""}"
frankfurter,2017-08-03,EUR,1,11.140500,,,"{""base"": ""EUR"", ""date"": ""2017-08-03"", ""rate"": 11.1405, ""quote"": ""MAD""}"
frankfurter,2017-08-03,USD,1,9.395100,,,"{""base"": ""USD"", ""date"": ""2017-08-03"", ""rate"": 9.3951, ""quote"": ""MAD""}"
frankfurter,2017-08-04,EUR,1,11.133500,,,"{""base"": ""EUR"", ""date"": ""2017-08-04"", ""rate"": 11.1335, ""quote"": ""MAD""}"
frankfurter,2017-08-04,USD,1,9.405500,,,"{""base"": ""USD"", ""date"": ""2017-08-04"", ""rate"": 9.4055, ""quote"": ""MAD""}"
frankfurter,2017-08-07,EUR,1,11.115500,,,"{""base"": ""EUR"", ""date"": ""2017-08-07"", ""rate"": 11.1155, ""quote"": ""MAD""}"
frankfurter,2017-08-07,USD,1,9.430500,,,"{""base"": ""USD"", ""date"": ""2017-08-07"", ""rate"": 9.4305, ""quote"": ""MAD""}"
frankfurter,2017-08-08,EUR,1,11.126500,,,"{""base"": ""EUR"", ""date"": ""2017-08-08"", ""rate"": 11.1265, ""quote"": ""MAD""}"
frankfurter,2017-08-08,USD,1,9.415400,,,"{""base"": ""USD"", ""date"": ""2017-08-08"", ""rate"": 9.4154, ""quote"": ""MAD""}"
frankfurter,2017-08-09,EUR,1,11.100500,,,"{""base"": ""EUR"", ""date"": ""2017-08-09"", ""rate"": 11.1005, ""quote"": ""MAD""}"
frankfurter,2017-08-09,USD,1,9.451500,,,"{""base"": ""USD"", ""date"": ""2017-08-09"", ""rate"": 9.4515, ""quote"": ""MAD""}"
frankfurter,2017-08-10,EUR,1,11.098500,,,"{""base"": ""EUR"", ""date"": ""2017-08-10"", ""rate"": 11.0985, ""quote"": ""MAD""}"
frankfurter,2017-08-10,USD,1,9.454500,,,"{""base"": ""USD"", ""date"": ""2017-08-10"", ""rate"": 9.4545, ""quote"": ""MAD""}"
frankfurter,2017-08-11,EUR,1,11.127500,,,"{""base"": ""EUR"", ""date"": ""2017-08-11"", ""rate"": 11.1275, ""quote"": ""MAD""}"
frankfurter,2017-08-11,USD,1,9.413400,,,"{""base"": ""USD"", ""date"": ""2017-08-11"", ""rate"": 9.4134, ""quote"": ""MAD""}"
frankfurter,2017-08-15,EUR,1,11.081500,,,"{""base"": ""EUR"", ""date"": ""2017-08-15"", ""rate"": 11.0815, ""quote"": ""MAD""}"
frankfurter,2017-08-15,USD,1,9.478700,,,"{""base"": ""USD"", ""date"": ""2017-08-15"", ""rate"": 9.4787, ""quote"": ""MAD""}"
frankfurter,2017-08-16,EUR,1,11.087000,,,"{""base"": ""EUR"", ""date"": ""2017-08-16"", ""rate"": 11.087, ""quote"": ""MAD""}"
frankfurter,2017-08-16,USD,1,9.471100,,,"{""base"": ""USD"", ""date"": ""2017-08-16"", ""rate"": 9.4711, ""quote"": ""MAD""}"
frankfurter,2017-08-17,EUR,1,11.082500,,,"{""base"": ""EUR"", ""date"": ""2017-08-17"", ""rate"": 11.0825, ""quote"": ""MAD""}"
frankfurter,2017-08-17,USD,1,9.477100,,,"{""base"": ""USD"", ""date"": ""2017-08-17"", ""rate"": 9.4771, ""quote"": ""MAD""}"
frankfurter,2017-08-18,EUR,1,11.102000,,,"{""base"": ""EUR"", ""date"": ""2017-08-18"", ""rate"": 11.102, ""quote"": ""MAD""}"
frankfurter,2017-08-18,USD,1,9.450000,,,"{""base"": ""USD"", ""date"": ""2017-08-18"", ""rate"": 9.45, ""quote"": ""MAD""}"
frankfurter,2017-08-22,EUR,1,11.106500,,,"{""base"": ""EUR"", ""date"": ""2017-08-22"", ""rate"": 11.1065, ""quote"": ""MAD""}"
frankfurter,2017-08-22,USD,1,9.442900,,,"{""base"": ""USD"", ""date"": ""2017-08-22"", ""rate"": 9.4429, ""quote"": ""MAD""}"
frankfurter,2017-08-23,EUR,1,11.118500,,,"{""base"": ""EUR"", ""date"": ""2017-08-23"", ""rate"": 11.1185, ""quote"": ""MAD""}"
frankfurter,2017-08-23,USD,1,9.425900,,,"{""base"": ""USD"", ""date"": ""2017-08-23"", ""rate"": 9.4259, ""quote"": ""MAD""}"
frankfurter,2017-08-24,EUR,1,11.120000,,,"{""base"": ""EUR"", ""date"": ""2017-08-24"", ""rate"": 11.12, ""quote"": ""MAD""}"
frankfurter,2017-08-24,USD,1,9.424400,,,"{""base"": ""USD"", ""date"": ""2017-08-24"", ""rate"": 9.4244, ""quote"": ""MAD""}"
frankfurter,2017-08-25,EUR,1,11.122000,,,"{""base"": ""EUR"", ""date"": ""2017-08-25"", ""rate"": 11.122, ""quote"": ""MAD""}"
frankfurter,2017-08-25,USD,1,9.421400,,,"{""base"": ""USD"", ""date"": ""2017-08-25"", ""rate"": 9.4214, ""quote"": ""MAD""}"
frankfurter,2017-08-28,EUR,1,11.167500,,,"{""base"": ""EUR"", ""date"": ""2017-08-28"", ""rate"": 11.1675, ""quote"": ""MAD""}"
frankfurter,2017-08-28,USD,1,9.356500,,,"{""base"": ""USD"", ""date"": ""2017-08-28"", ""rate"": 9.3565, ""quote"": ""MAD""}"
frankfurter,2017-08-29,EUR,1,11.200500,,,"{""base"": ""EUR"", ""date"": ""2017-08-29"", ""rate"": 11.2005, ""quote"": ""MAD""}"
frankfurter,2017-08-29,USD,1,9.310900,,,"{""base"": ""USD"", ""date"": ""2017-08-29"", ""rate"": 9.3109, ""quote"": ""MAD""}"
frankfurter,2017-08-30,EUR,1,11.162500,,,"{""base"": ""EUR"", ""date"": ""2017-08-30"", ""rate"": 11.1625, ""quote"": ""MAD""}"
frankfurter,2017-08-30,USD,1,9.364400,,,"{""base"": ""USD"", ""date"": ""2017-08-30"", ""rate"": 9.3644, ""quote"": ""MAD""}"
frankfurter,2017-08-31,EUR,1,11.135500,,,"{""base"": ""EUR"", ""date"": ""2017-08-31"", ""rate"": 11.1355, ""quote"": ""MAD""}"
frankfurter,2017-08-31,USD,1,9.402000,,,"{""base"": ""USD"", ""date"": ""2017-08-31"", ""rate"": 9.402, ""quote"": ""MAD""}"
frankfurter,2017-09-04,EUR,1,11.154500,,,"{""base"": ""EUR"", ""date"": ""2017-09-04"", ""rate"": 11.1545, ""quote"": ""MAD""}"
frankfurter,2017-09-04,USD,1,9.375700,,,"{""base"": ""USD"", ""date"": ""2017-09-04"", ""rate"": 9.3757, ""quote"": ""MAD""}"
frankfurter,2017-09-05,EUR,1,11.155000,,,"{""base"": ""EUR"", ""date"": ""2017-09-05"", ""rate"": 11.155, ""quote"": ""MAD""}"
frankfurter,2017-09-05,USD,1,9.374700,,,"{""base"": ""USD"", ""date"": ""2017-09-05"", ""rate"": 9.3747, ""quote"": ""MAD""}"
frankfurter,2017-09-06,EUR,1,11.166500,,,"{""base"": ""EUR"", ""date"": ""2017-09-06"", ""rate"": 11.1665, ""quote"": ""MAD""}"
frankfurter,2017-09-06,USD,1,9.358500,,,"{""base"": ""USD"", ""date"": ""2017-09-06"", ""rate"": 9.3585, ""quote"": ""MAD""}"
frankfurter,2017-09-07,EUR,1,11.207500,,,"{""base"": ""EUR"", ""date"": ""2017-09-07"", ""rate"": 11.2075, ""quote"": ""MAD""}"
frankfurter,2017-09-07,USD,1,9.300800,,,"{""base"": ""USD"", ""date"": ""2017-09-07"", ""rate"": 9.3008, ""quote"": ""MAD""}"
frankfurter,2017-09-08,EUR,1,11.204500,,,"{""base"": ""EUR"", ""date"": ""2017-09-08"", ""rate"": 11.2045, ""quote"": ""MAD""}"
frankfurter,2017-09-08,USD,1,9.304600,,,"{""base"": ""USD"", ""date"": ""2017-09-08"", ""rate"": 9.3046, ""quote"": ""MAD""}"
frankfurter,2017-09-11,EUR,1,11.184500,,,"{""base"": ""EUR"", ""date"": ""2017-09-11"", ""rate"": 11.1845, ""quote"": ""MAD""}"
frankfurter,2017-09-11,USD,1,9.332500,,,"{""base"": ""USD"", ""date"": ""2017-09-11"", ""rate"": 9.3325, ""quote"": ""MAD""}"
frankfurter,2017-09-12,EUR,1,11.165500,,,"{""base"": ""EUR"", ""date"": ""2017-09-12"", ""rate"": 11.1655, ""quote"": ""MAD""}"
frankfurter,2017-09-12,USD,1,9.359400,,,"{""base"": ""USD"", ""date"": ""2017-09-12"", ""rate"": 9.3594, ""quote"": ""MAD""}"
frankfurter,2017-09-13,EUR,1,11.180500,,,"{""base"": ""EUR"", ""date"": ""2017-09-13"", ""rate"": 11.1805, ""quote"": ""MAD""}"
frankfurter,2017-09-13,USD,1,9.338300,,,"{""base"": ""USD"", ""date"": ""2017-09-13"", ""rate"": 9.3383, ""quote"": ""MAD""}"
frankfurter,2017-09-14,EUR,1,11.152500,,,"{""base"": ""EUR"", ""date"": ""2017-09-14"", ""rate"": 11.1525, ""quote"": ""MAD""}"
frankfurter,2017-09-14,USD,1,9.377700,,,"{""base"": ""USD"", ""date"": ""2017-09-14"", ""rate"": 9.3777, ""quote"": ""MAD""}"
frankfurter,2017-09-15,EUR,1,11.178500,,,"{""base"": ""EUR"", ""date"": ""2017-09-15"", ""rate"": 11.1785, ""quote"": ""MAD""}"
frankfurter,2017-09-15,USD,1,9.341800,,,"{""base"": ""USD"", ""date"": ""2017-09-15"", ""rate"": 9.3418, ""quote"": ""MAD""}"
frankfurter,2017-09-18,EUR,1,11.176500,,,"{""base"": ""EUR"", ""date"": ""2017-09-18"", ""rate"": 11.1765, ""quote"": ""MAD""}"
frankfurter,2017-09-18,USD,1,9.344200,,,"{""base"": ""USD"", ""date"": ""2017-09-18"", ""rate"": 9.3442, ""quote"": ""MAD""}"
frankfurter,2017-09-19,EUR,1,11.184500,,,"{""base"": ""EUR"", ""date"": ""2017-09-19"", ""rate"": 11.1845, ""quote"": ""MAD""}"
frankfurter,2017-09-19,USD,1,9.333000,,,"{""base"": ""USD"", ""date"": ""2017-09-19"", ""rate"": 9.333, ""quote"": ""MAD""}"
frankfurter,2017-09-20,EUR,1,11.187500,,,"{""base"": ""EUR"", ""date"": ""2017-09-20"", ""rate"": 11.1875, ""quote"": ""MAD""}"
frankfurter,2017-09-20,USD,1,9.328600,,,"{""base"": ""USD"", ""date"": ""2017-09-20"", ""rate"": 9.3286, ""quote"": ""MAD""}"
frankfurter,2017-09-21,EUR,1,11.161000,,,"{""base"": ""EUR"", ""date"": ""2017-09-21"", ""rate"": 11.161, ""quote"": ""MAD""}"
frankfurter,2017-09-21,USD,1,9.366400,,,"{""base"": ""USD"", ""date"": ""2017-09-21"", ""rate"": 9.3664, ""quote"": ""MAD""}"
frankfurter,2017-09-25,EUR,1,11.146000,,,"{""base"": ""EUR"", ""date"": ""2017-09-25"", ""rate"": 11.146, ""quote"": ""MAD""}"
frankfurter,2017-09-25,USD,1,9.387600,,,"{""base"": ""USD"", ""date"": ""2017-09-25"", ""rate"": 9.3876, ""quote"": ""MAD""}"
frankfurter,2017-09-26,EUR,1,11.117500,,,"{""base"": ""EUR"", ""date"": ""2017-09-26"", ""rate"": 11.1175, ""quote"": ""MAD""}"
frankfurter,2017-09-26,USD,1,9.427900,,,"{""base"": ""USD"", ""date"": ""2017-09-26"", ""rate"": 9.4279, ""quote"": ""MAD""}"
frankfurter,2017-09-27,EUR,1,11.092000,,,"{""base"": ""EUR"", ""date"": ""2017-09-27"", ""rate"": 11.092, ""quote"": ""MAD""}"
frankfurter,2017-09-27,USD,1,9.463600,,,"{""base"": ""USD"", ""date"": ""2017-09-27"", ""rate"": 9.4636, ""quote"": ""MAD""}"
frankfurter,2017-09-28,EUR,1,11.109500,,,"{""base"": ""EUR"", ""date"": ""2017-09-28"", ""rate"": 11.1095, ""quote"": ""MAD""}"
frankfurter,2017-09-28,USD,1,9.439400,,,"{""base"": ""USD"", ""date"": ""2017-09-28"", ""rate"": 9.4394, ""quote"": ""MAD""}"
frankfurter,2017-09-29,EUR,1,11.131000,,,"{""base"": ""EUR"", ""date"": ""2017-09-29"", ""rate"": 11.131, ""quote"": ""MAD""}"
frankfurter,2017-09-29,USD,1,9.408500,,,"{""base"": ""USD"", ""date"": ""2017-09-29"", ""rate"": 9.4085, ""quote"": ""MAD""}"
frankfurter,2017-10-02,EUR,1,11.105500,,,"{""base"": ""EUR"", ""date"": ""2017-10-02"", ""rate"": 11.1055, ""quote"": ""MAD""}"
frankfurter,2017-10-02,USD,1,9.444900,,,"{""base"": ""USD"", ""date"": ""2017-10-02"", ""rate"": 9.4449, ""quote"": ""MAD""}"
frankfurter,2017-10-03,EUR,1,11.101500,,,"{""base"": ""EUR"", ""date"": ""2017-10-03"", ""rate"": 11.1015, ""quote"": ""MAD""}"
frankfurter,2017-10-03,USD,1,9.450500,,,"{""base"": ""USD"", ""date"": ""2017-10-03"", ""rate"": 9.4505, ""quote"": ""MAD""}"
frankfurter,2017-10-04,EUR,1,11.110500,,,"{""base"": ""EUR"", ""date"": ""2017-10-04"", ""rate"": 11.1105, ""quote"": ""MAD""}"
frankfurter,2017-10-04,USD,1,9.437400,,,"{""base"": ""USD"", ""date"": ""2017-10-04"", ""rate"": 9.4374, ""quote"": ""MAD""}"
frankfurter,2017-10-05,EUR,1,11.096000,,,"{""base"": ""EUR"", ""date"": ""2017-10-05"", ""rate"": 11.096, ""quote"": ""MAD""}"
frankfurter,2017-10-05,USD,1,9.458000,,,"{""base"": ""USD"", ""date"": ""2017-10-05"", ""rate"": 9.458, ""quote"": ""MAD""}"
frankfurter,2017-10-06,EUR,1,11.081500,,,"{""base"": ""EUR"", ""date"": ""2017-10-06"", ""rate"": 11.0815, ""quote"": ""MAD""}"
frankfurter,2017-10-06,USD,1,9.478700,,,"{""base"": ""USD"", ""date"": ""2017-10-06"", ""rate"": 9.4787, ""quote"": ""MAD""}"
frankfurter,2017-10-09,EUR,1,11.098500,,,"{""base"": ""EUR"", ""date"": ""2017-10-09"", ""rate"": 11.0985, ""quote"": ""MAD""}"
frankfurter,2017-10-09,USD,1,9.454500,,,"{""base"": ""USD"", ""date"": ""2017-10-09"", ""rate"": 9.4545, ""quote"": ""MAD""}"
frankfurter,2017-10-10,EUR,1,11.115500,,,"{""base"": ""EUR"", ""date"": ""2017-10-10"", ""rate"": 11.1155, ""quote"": ""MAD""}"
frankfurter,2017-10-10,USD,1,9.430500,,,"{""base"": ""USD"", ""date"": ""2017-10-10"", ""rate"": 9.4305, ""quote"": ""MAD""}"
frankfurter,2017-10-11,EUR,1,11.135500,,,"{""base"": ""EUR"", ""date"": ""2017-10-11"", ""rate"": 11.1355, ""quote"": ""MAD""}"
frankfurter,2017-10-11,USD,1,9.402500,,,"{""base"": ""USD"", ""date"": ""2017-10-11"", ""rate"": 9.4025, ""quote"": ""MAD""}"
frankfurter,2017-10-12,EUR,1,11.137000,,,"{""base"": ""EUR"", ""date"": ""2017-10-12"", ""rate"": 11.137, ""quote"": ""MAD""}"
frankfurter,2017-10-12,USD,1,9.400000,,,"{""base"": ""USD"", ""date"": ""2017-10-12"", ""rate"": 9.4, ""quote"": ""MAD""}"
frankfurter,2017-10-13,EUR,1,11.141000,,,"{""base"": ""EUR"", ""date"": ""2017-10-13"", ""rate"": 11.141, ""quote"": ""MAD""}"
frankfurter,2017-10-13,USD,1,9.394600,,,"{""base"": ""USD"", ""date"": ""2017-10-13"", ""rate"": 9.3946, ""quote"": ""MAD""}"
frankfurter,2017-10-16,EUR,1,11.123000,,,"{""base"": ""EUR"", ""date"": ""2017-10-16"", ""rate"": 11.123, ""quote"": ""MAD""}"
frankfurter,2017-10-16,USD,1,9.419900,,,"{""base"": ""USD"", ""date"": ""2017-10-16"", ""rate"": 9.4199, ""quote"": ""MAD""}"
frankfurter,2017-10-17,EUR,1,11.103000,,,"{""base"": ""EUR"", ""date"": ""2017-10-17"", ""rate"": 11.103, ""quote"": ""MAD""}"
frankfurter,2017-10-17,USD,1,9.447900,,,"{""base"": ""USD"", ""date"": ""2017-10-17"", ""rate"": 9.4479, ""quote"": ""MAD""}"
frankfurter,2017-10-18,EUR,1,11.108000,,,"{""base"": ""EUR"", ""date"": ""2017-10-18"", ""rate"": 11.108, ""quote"": ""MAD""}"
frankfurter,2017-10-18,USD,1,9.441400,,,"{""base"": ""USD"", ""date"": ""2017-10-18"", ""rate"": 9.4414, ""quote"": ""MAD""}"
frankfurter,2017-10-19,EUR,1,11.131000,,,"{""base"": ""EUR"", ""date"": ""2017-10-19"", ""rate"": 11.131, ""quote"": ""MAD""}"
frankfurter,2017-10-19,USD,1,9.408500,,,"{""base"": ""USD"", ""date"": ""2017-10-19"", ""rate"": 9.4085, ""quote"": ""MAD""}"
frankfurter,2017-10-20,EUR,1,11.121500,,,"{""base"": ""EUR"", ""date"": ""2017-10-20"", ""rate"": 11.1215, ""quote"": ""MAD""}"
frankfurter,2017-10-20,USD,1,9.421900,,,"{""base"": ""USD"", ""date"": ""2017-10-20"", ""rate"": 9.4219, ""quote"": ""MAD""}"
frankfurter,2017-10-23,EUR,1,11.097500,,,"{""base"": ""EUR"", ""date"": ""2017-10-23"", ""rate"": 11.0975, ""quote"": ""MAD""}"
frankfurter,2017-10-23,USD,1,9.456000,,,"{""base"": ""USD"", ""date"": ""2017-10-23"", ""rate"": 9.456, ""quote"": ""MAD""}"
frankfurter,2017-10-24,EUR,1,11.106000,,,"{""base"": ""EUR"", ""date"": ""2017-10-24"", ""rate"": 11.106, ""quote"": ""MAD""}"
frankfurter,2017-10-24,USD,1,9.443900,,,"{""base"": ""USD"", ""date"": ""2017-10-24"", ""rate"": 9.4439, ""quote"": ""MAD""}"
frankfurter,2017-10-25,EUR,1,11.112500,,,"{""base"": ""EUR"", ""date"": ""2017-10-25"", ""rate"": 11.1125, ""quote"": ""MAD""}"
frankfurter,2017-10-25,USD,1,9.434900,,,"{""base"": ""USD"", ""date"": ""2017-10-25"", ""rate"": 9.4349, ""quote"": ""MAD""}"
frankfurter,2017-10-26,EUR,1,11.111500,,,"{""base"": ""EUR"", ""date"": ""2017-10-26"", ""rate"": 11.1115, ""quote"": ""MAD""}"
frankfurter,2017-10-26,USD,1,9.436400,,,"{""base"": ""USD"", ""date"": ""2017-10-26"", ""rate"": 9.4364, ""quote"": ""MAD""}"
frankfurter,2017-10-27,EUR,1,11.049000,,,"{""base"": ""EUR"", ""date"": ""2017-10-27"", ""rate"": 11.049, ""quote"": ""MAD""}"
frankfurter,2017-10-27,USD,1,9.524900,,,"{""base"": ""USD"", ""date"": ""2017-10-27"", ""rate"": 9.5249, ""quote"": ""MAD""}"
frankfurter,2017-10-30,EUR,1,11.056000,,,"{""base"": ""EUR"", ""date"": ""2017-10-30"", ""rate"": 11.056, ""quote"": ""MAD""}"
frankfurter,2017-10-30,USD,1,9.515200,,,"{""base"": ""USD"", ""date"": ""2017-10-30"", ""rate"": 9.5152, ""quote"": ""MAD""}"
frankfurter,2017-10-31,EUR,1,11.063000,,,"{""base"": ""EUR"", ""date"": ""2017-10-31"", ""rate"": 11.063, ""quote"": ""MAD""}"
frankfurter,2017-10-31,USD,1,9.504500,,,"{""base"": ""USD"", ""date"": ""2017-10-31"", ""rate"": 9.5045, ""quote"": ""MAD""}"
frankfurter,2017-11-01,EUR,1,11.053000,,,"{""base"": ""EUR"", ""date"": ""2017-11-01"", ""rate"": 11.053, ""quote"": ""MAD""}"
frankfurter,2017-11-01,USD,1,9.518700,,,"{""base"": ""USD"", ""date"": ""2017-11-01"", ""rate"": 9.5187, ""quote"": ""MAD""}"
frankfurter,2017-11-02,EUR,1,11.067000,,,"{""base"": ""EUR"", ""date"": ""2017-11-02"", ""rate"": 11.067, ""quote"": ""MAD""}"
frankfurter,2017-11-02,USD,1,9.498900,,,"{""base"": ""USD"", ""date"": ""2017-11-02"", ""rate"": 9.4989, ""quote"": ""MAD""}"
frankfurter,2017-11-03,EUR,1,11.065000,,,"{""base"": ""EUR"", ""date"": ""2017-11-03"", ""rate"": 11.065, ""quote"": ""MAD""}"
frankfurter,2017-11-03,USD,1,9.502000,,,"{""base"": ""USD"", ""date"": ""2017-11-03"", ""rate"": 9.502, ""quote"": ""MAD""}"
frankfurter,2017-11-07,EUR,1,11.035000,,,"{""base"": ""EUR"", ""date"": ""2017-11-07"", ""rate"": 11.035, ""quote"": ""MAD""}"
frankfurter,2017-11-07,USD,1,9.543800,,,"{""base"": ""USD"", ""date"": ""2017-11-07"", ""rate"": 9.5438, ""quote"": ""MAD""}"
frankfurter,2017-11-08,EUR,1,11.046000,,,"{""base"": ""EUR"", ""date"": ""2017-11-08"", ""rate"": 11.046, ""quote"": ""MAD""}"
frankfurter,2017-11-08,USD,1,9.529000,,,"{""base"": ""USD"", ""date"": ""2017-11-08"", ""rate"": 9.529, ""quote"": ""MAD""}"
frankfurter,2017-11-09,EUR,1,11.050000,,,"{""base"": ""EUR"", ""date"": ""2017-11-09"", ""rate"": 11.05, ""quote"": ""MAD""}"
frankfurter,2017-11-09,USD,1,9.522800,,,"{""base"": ""USD"", ""date"": ""2017-11-09"", ""rate"": 9.5228, ""quote"": ""MAD""}"
frankfurter,2017-11-10,EUR,1,11.066500,,,"{""base"": ""EUR"", ""date"": ""2017-11-10"", ""rate"": 11.0665, ""quote"": ""MAD""}"
frankfurter,2017-11-10,USD,1,9.500000,,,"{""base"": ""USD"", ""date"": ""2017-11-10"", ""rate"": 9.5, ""quote"": ""MAD""}"
frankfurter,2017-11-13,EUR,1,11.074500,,,"{""base"": ""EUR"", ""date"": ""2017-11-13"", ""rate"": 11.0745, ""quote"": ""MAD""}"
frankfurter,2017-11-13,USD,1,9.488800,,,"{""base"": ""USD"", ""date"": ""2017-11-13"", ""rate"": 9.4888, ""quote"": ""MAD""}"
frankfurter,2017-11-14,EUR,1,11.103500,,,"{""base"": ""EUR"", ""date"": ""2017-11-14"", ""rate"": 11.1035, ""quote"": ""MAD""}"
frankfurter,2017-11-14,USD,1,9.447400,,,"{""base"": ""USD"", ""date"": ""2017-11-14"", ""rate"": 9.4474, ""quote"": ""MAD""}"
frankfurter,2017-11-15,EUR,1,11.135000,,,"{""base"": ""EUR"", ""date"": ""2017-11-15"", ""rate"": 11.135, ""quote"": ""MAD""}"
frankfurter,2017-11-15,USD,1,9.403000,,,"{""base"": ""USD"", ""date"": ""2017-11-15"", ""rate"": 9.403, ""quote"": ""MAD""}"
frankfurter,2017-11-16,EUR,1,11.111500,,,"{""base"": ""EUR"", ""date"": ""2017-11-16"", ""rate"": 11.1115, ""quote"": ""MAD""}"
frankfurter,2017-11-16,USD,1,9.435900,,,"{""base"": ""USD"", ""date"": ""2017-11-16"", ""rate"": 9.4359, ""quote"": ""MAD""}"
frankfurter,2017-11-17,EUR,1,11.115500,,,"{""base"": ""EUR"", ""date"": ""2017-11-17"", ""rate"": 11.1155, ""quote"": ""MAD""}"
frankfurter,2017-11-17,USD,1,9.430500,,,"{""base"": ""USD"", ""date"": ""2017-11-17"", ""rate"": 9.4305, ""quote"": ""MAD""}"
frankfurter,2017-11-20,EUR,1,11.110000,,,"{""base"": ""EUR"", ""date"": ""2017-11-20"", ""rate"": 11.11, ""quote"": ""MAD""}"
frankfurter,2017-11-20,USD,1,9.438400,,,"{""base"": ""USD"", ""date"": ""2017-11-20"", ""rate"": 9.4384, ""quote"": ""MAD""}"
frankfurter,2017-11-21,EUR,1,11.093000,,,"{""base"": ""EUR"", ""date"": ""2017-11-21"", ""rate"": 11.093, ""quote"": ""MAD""}"
frankfurter,2017-11-21,USD,1,9.462600,,,"{""base"": ""USD"", ""date"": ""2017-11-21"", ""rate"": 9.4626, ""quote"": ""MAD""}"
frankfurter,2017-11-22,EUR,1,11.103000,,,"{""base"": ""EUR"", ""date"": ""2017-11-22"", ""rate"": 11.103, ""quote"": ""MAD""}"
frankfurter,2017-11-22,USD,1,9.447900,,,"{""base"": ""USD"", ""date"": ""2017-11-22"", ""rate"": 9.4479, ""quote"": ""MAD""}"
frankfurter,2017-11-23,EUR,1,11.137500,,,"{""base"": ""EUR"", ""date"": ""2017-11-23"", ""rate"": 11.1375, ""quote"": ""MAD""}"
frankfurter,2017-11-23,USD,1,9.399000,,,"{""base"": ""USD"", ""date"": ""2017-11-23"", ""rate"": 9.399, ""quote"": ""MAD""}"
frankfurter,2017-11-24,EUR,1,11.154500,,,"{""base"": ""EUR"", ""date"": ""2017-11-24"", ""rate"": 11.1545, ""quote"": ""MAD""}"
frankfurter,2017-11-24,USD,1,9.375700,,,"{""base"": ""USD"", ""date"": ""2017-11-24"", ""rate"": 9.3757, ""quote"": ""MAD""}"
frankfurter,2017-11-27,EUR,1,11.175500,,,"{""base"": ""EUR"", ""date"": ""2017-11-27"", ""rate"": 11.1755, ""quote"": ""MAD""}"
frankfurter,2017-11-27,USD,1,9.345700,,,"{""base"": ""USD"", ""date"": ""2017-11-27"", ""rate"": 9.3457, ""quote"": ""MAD""}"
frankfurter,2017-11-28,EUR,1,11.154000,,,"{""base"": ""EUR"", ""date"": ""2017-11-28"", ""rate"": 11.154, ""quote"": ""MAD""}"
frankfurter,2017-11-28,USD,1,9.376200,,,"{""base"": ""USD"", ""date"": ""2017-11-28"", ""rate"": 9.3762, ""quote"": ""MAD""}"
frankfurter,2017-11-29,EUR,1,11.133500,,,"{""base"": ""EUR"", ""date"": ""2017-11-29"", ""rate"": 11.1335, ""quote"": ""MAD""}"
frankfurter,2017-11-29,USD,1,9.405500,,,"{""base"": ""USD"", ""date"": ""2017-11-29"", ""rate"": 9.4055, ""quote"": ""MAD""}"
frankfurter,2017-11-30,EUR,1,11.141500,,,"{""base"": ""EUR"", ""date"": ""2017-11-30"", ""rate"": 11.1415, ""quote"": ""MAD""}"
frankfurter,2017-11-30,USD,1,9.394100,,,"{""base"": ""USD"", ""date"": ""2017-11-30"", ""rate"": 9.3941, ""quote"": ""MAD""}"
frankfurter,2017-12-04,EUR,1,11.136500,,,"{""base"": ""EUR"", ""date"": ""2017-12-04"", ""rate"": 11.1365, ""quote"": ""MAD""}"
frankfurter,2017-12-04,USD,1,9.401000,,,"{""base"": ""USD"", ""date"": ""2017-12-04"", ""rate"": 9.401, ""quote"": ""MAD""}"
frankfurter,2017-12-05,EUR,1,11.132500,,,"{""base"": ""EUR"", ""date"": ""2017-12-05"", ""rate"": 11.1325, ""quote"": ""MAD""}"
frankfurter,2017-12-05,USD,1,9.406500,,,"{""base"": ""USD"", ""date"": ""2017-12-05"", ""rate"": 9.4065, ""quote"": ""MAD""}"
frankfurter,2017-12-06,EUR,1,11.123000,,,"{""base"": ""EUR"", ""date"": ""2017-12-06"", ""rate"": 11.123, ""quote"": ""MAD""}"
frankfurter,2017-12-06,USD,1,9.419900,,,"{""base"": ""USD"", ""date"": ""2017-12-06"", ""rate"": 9.4199, ""quote"": ""MAD""}"
frankfurter,2017-12-07,EUR,1,11.119500,,,"{""base"": ""EUR"", ""date"": ""2017-12-07"", ""rate"": 11.1195, ""quote"": ""MAD""}"
frankfurter,2017-12-07,USD,1,9.424900,,,"{""base"": ""USD"", ""date"": ""2017-12-07"", ""rate"": 9.4249, ""quote"": ""MAD""}"
frankfurter,2017-12-08,EUR,1,11.108000,,,"{""base"": ""EUR"", ""date"": ""2017-12-08"", ""rate"": 11.108, ""quote"": ""MAD""}"
frankfurter,2017-12-08,USD,1,9.440900,,,"{""base"": ""USD"", ""date"": ""2017-12-08"", ""rate"": 9.4409, ""quote"": ""MAD""}"
frankfurter,2017-12-11,EUR,1,11.112500,,,"{""base"": ""EUR"", ""date"": ""2017-12-11"", ""rate"": 11.1125, ""quote"": ""MAD""}"
frankfurter,2017-12-11,USD,1,9.434900,,,"{""base"": ""USD"", ""date"": ""2017-12-11"", ""rate"": 9.4349, ""quote"": ""MAD""}"
frankfurter,2017-12-12,EUR,1,11.103000,,,"{""base"": ""EUR"", ""date"": ""2017-12-12"", ""rate"": 11.103, ""quote"": ""MAD""}"
frankfurter,2017-12-12,USD,1,9.447900,,,"{""base"": ""USD"", ""date"": ""2017-12-12"", ""rate"": 9.4479, ""quote"": ""MAD""}"
frankfurter,2017-12-13,EUR,1,11.105000,,,"{""base"": ""EUR"", ""date"": ""2017-12-13"", ""rate"": 11.105, ""quote"": ""MAD""}"
frankfurter,2017-12-13,USD,1,9.445400,,,"{""base"": ""USD"", ""date"": ""2017-12-13"", ""rate"": 9.4454, ""quote"": ""MAD""}"
frankfurter,2017-12-14,EUR,1,11.127500,,,"{""base"": ""EUR"", ""date"": ""2017-12-14"", ""rate"": 11.1275, ""quote"": ""MAD""}"
frankfurter,2017-12-14,USD,1,9.413400,,,"{""base"": ""USD"", ""date"": ""2017-12-14"", ""rate"": 9.4134, ""quote"": ""MAD""}"
frankfurter,2017-12-15,EUR,1,11.120000,,,"{""base"": ""EUR"", ""date"": ""2017-12-15"", ""rate"": 11.12, ""quote"": ""MAD""}"
frankfurter,2017-12-15,USD,1,9.424400,,,"{""base"": ""USD"", ""date"": ""2017-12-15"", ""rate"": 9.4244, ""quote"": ""MAD""}"
frankfurter,2017-12-18,EUR,1,11.118000,,,"{""base"": ""EUR"", ""date"": ""2017-12-18"", ""rate"": 11.118, ""quote"": ""MAD""}"
frankfurter,2017-12-18,USD,1,9.426900,,,"{""base"": ""USD"", ""date"": ""2017-12-18"", ""rate"": 9.4269, ""quote"": ""MAD""}"
frankfurter,2017-12-19,EUR,1,11.129500,,,"{""base"": ""EUR"", ""date"": ""2017-12-19"", ""rate"": 11.1295, ""quote"": ""MAD""}"
frankfurter,2017-12-19,USD,1,9.410500,,,"{""base"": ""USD"", ""date"": ""2017-12-19"", ""rate"": 9.4105, ""quote"": ""MAD""}"
frankfurter,2017-12-20,EUR,1,11.136000,,,"{""base"": ""EUR"", ""date"": ""2017-12-20"", ""rate"": 11.136, ""quote"": ""MAD""}"
frankfurter,2017-12-20,USD,1,9.401500,,,"{""base"": ""USD"", ""date"": ""2017-12-20"", ""rate"": 9.4015, ""quote"": ""MAD""}"
frankfurter,2017-12-21,EUR,1,11.141000,,,"{""base"": ""EUR"", ""date"": ""2017-12-21"", ""rate"": 11.141, ""quote"": ""MAD""}"
frankfurter,2017-12-21,USD,1,9.394600,,,"{""base"": ""USD"", ""date"": ""2017-12-21"", ""rate"": 9.3946, ""quote"": ""MAD""}"
frankfurter,2017-12-22,EUR,1,11.139500,,,"{""base"": ""EUR"", ""date"": ""2017-12-22"", ""rate"": 11.1395, ""quote"": ""MAD""}"
frankfurter,2017-12-22,USD,1,9.396600,,,"{""base"": ""USD"", ""date"": ""2017-12-22"", ""rate"": 9.3966, ""quote"": ""MAD""}"
frankfurter,2017-12-27,EUR,1,11.155000,,,"{""base"": ""EUR"", ""date"": ""2017-12-27"", ""rate"": 11.155, ""quote"": ""MAD""}"
frankfurter,2017-12-27,USD,1,9.374700,,,"{""base"": ""USD"", ""date"": ""2017-12-27"", ""rate"": 9.3747, ""quote"": ""MAD""}"
frankfurter,2017-12-28,EUR,1,11.172500,,,"{""base"": ""EUR"", ""date"": ""2017-12-28"", ""rate"": 11.1725, ""quote"": ""MAD""}"
frankfurter,2017-12-28,USD,1,9.350600,,,"{""base"": ""USD"", ""date"": ""2017-12-28"", ""rate"": 9.3506, ""quote"": ""MAD""}"
frankfurter,2017-12-29,EUR,1,11.187000,,,"{""base"": ""EUR"", ""date"": ""2017-12-29"", ""rate"": 11.187, ""quote"": ""MAD""}"
frankfurter,2017-12-29,USD,1,9.329500,,,"{""base"": ""USD"", ""date"": ""2017-12-29"", ""rate"": 9.3295, ""quote"": ""MAD""}"
frankfurter,2018-01-02,EUR,1,11.209500,,,"{""base"": ""EUR"", ""date"": ""2018-01-02"", ""rate"": 11.2095, ""quote"": ""MAD""}"
frankfurter,2018-01-02,USD,1,9.298300,,,"{""base"": ""USD"", ""date"": ""2018-01-02"", ""rate"": 9.2983, ""quote"": ""MAD""}"
frankfurter,2018-01-03,EUR,1,11.201500,,,"{""base"": ""EUR"", ""date"": ""2018-01-03"", ""rate"": 11.2015, ""quote"": ""MAD""}"
frankfurter,2018-01-03,USD,1,9.309500,,,"{""base"": ""USD"", ""date"": ""2018-01-03"", ""rate"": 9.3095, ""quote"": ""MAD""}"
frankfurter,2018-01-04,EUR,1,11.212500,,,"{""base"": ""EUR"", ""date"": ""2018-01-04"", ""rate"": 11.2125, ""quote"": ""MAD""}"
frankfurter,2018-01-04,USD,1,9.293900,,,"{""base"": ""USD"", ""date"": ""2018-01-04"", ""rate"": 9.2939, ""quote"": ""MAD""}"
frankfurter,2018-01-05,EUR,1,11.207500,,,"{""base"": ""EUR"", ""date"": ""2018-01-05"", ""rate"": 11.2075, ""quote"": ""MAD""}"
frankfurter,2018-01-05,USD,1,9.300200,,,"{""base"": ""USD"", ""date"": ""2018-01-05"", ""rate"": 9.3002, ""quote"": ""MAD""}"
frankfurter,2018-01-08,EUR,1,11.181500,,,"{""base"": ""EUR"", ""date"": ""2018-01-08"", ""rate"": 11.1815, ""quote"": ""MAD""}"
frankfurter,2018-01-08,USD,1,9.337900,,,"{""base"": ""USD"", ""date"": ""2018-01-08"", ""rate"": 9.3379, ""quote"": ""MAD""}"
frankfurter,2018-01-09,EUR,1,11.162500,,,"{""base"": ""EUR"", ""date"": ""2018-01-09"", ""rate"": 11.1625, ""quote"": ""MAD""}"
frankfurter,2018-01-09,USD,1,9.364400,,,"{""base"": ""USD"", ""date"": ""2018-01-09"", ""rate"": 9.3644, ""quote"": ""MAD""}"
frankfurter,2018-01-10,EUR,1,11.188500,,,"{""base"": ""EUR"", ""date"": ""2018-01-10"", ""rate"": 11.1885, ""quote"": ""MAD""}"
frankfurter,2018-01-10,USD,1,9.327500,,,"{""base"": ""USD"", ""date"": ""2018-01-10"", ""rate"": 9.3275, ""quote"": ""MAD""}"
frankfurter,2018-01-12,EUR,1,11.230500,,,"{""base"": ""EUR"", ""date"": ""2018-01-12"", ""rate"": 11.2305, ""quote"": ""MAD""}"
frankfurter,2018-01-12,USD,1,9.268300,,,"{""base"": ""USD"", ""date"": ""2018-01-12"", ""rate"": 9.2683, ""quote"": ""MAD""}"
frankfurter,2018-01-15,EUR,1,11.302700,,,"{""base"": ""EUR"", ""date"": ""2018-01-15"", ""rate"": 11.3027, ""quote"": ""MAD""}"
frankfurter,2018-01-15,USD,1,9.218400,,,"{""base"": ""USD"", ""date"": ""2018-01-15"", ""rate"": 9.2184, ""quote"": ""MAD""}"
frankfurter,2018-01-16,EUR,1,11.293400,,,"{""base"": ""EUR"", ""date"": ""2018-01-16"", ""rate"": 11.2934, ""quote"": ""MAD""}"
frankfurter,2018-01-16,USD,1,9.235700,,,"{""base"": ""USD"", ""date"": ""2018-01-16"", ""rate"": 9.2357, ""quote"": ""MAD""}"
frankfurter,2018-01-17,EUR,1,11.288200,,,"{""base"": ""EUR"", ""date"": ""2018-01-17"", ""rate"": 11.2882, ""quote"": ""MAD""}"
frankfurter,2018-01-17,USD,1,9.244300,,,"{""base"": ""USD"", ""date"": ""2018-01-17"", ""rate"": 9.2443, ""quote"": ""MAD""}"
frankfurter,2018-01-18,EUR,1,11.300900,,,"{""base"": ""EUR"", ""date"": ""2018-01-18"", ""rate"": 11.3009, ""quote"": ""MAD""}"
frankfurter,2018-01-18,USD,1,9.226000,,,"{""base"": ""USD"", ""date"": ""2018-01-18"", ""rate"": 9.226, ""quote"": ""MAD""}"
frankfurter,2018-01-19,EUR,1,11.306200,,,"{""base"": ""EUR"", ""date"": ""2018-01-19"", ""rate"": 11.3062, ""quote"": ""MAD""}"
frankfurter,2018-01-19,USD,1,9.221300,,,"{""base"": ""USD"", ""date"": ""2018-01-19"", ""rate"": 9.2213, ""quote"": ""MAD""}"
frankfurter,2018-01-22,EUR,1,11.303000,,,"{""base"": ""EUR"", ""date"": ""2018-01-22"", ""rate"": 11.303, ""quote"": ""MAD""}"
frankfurter,2018-01-22,USD,1,9.226900,,,"{""base"": ""USD"", ""date"": ""2018-01-22"", ""rate"": 9.2269, ""quote"": ""MAD""}"
frankfurter,2018-01-23,EUR,1,11.299600,,,"{""base"": ""EUR"", ""date"": ""2018-01-23"", ""rate"": 11.2996, ""quote"": ""MAD""}"
frankfurter,2018-01-23,USD,1,9.234000,,,"{""base"": ""USD"", ""date"": ""2018-01-23"", ""rate"": 9.234, ""quote"": ""MAD""}"
frankfurter,2018-01-24,EUR,1,11.333100,,,"{""base"": ""EUR"", ""date"": ""2018-01-24"", ""rate"": 11.3331, ""quote"": ""MAD""}"
frankfurter,2018-01-24,USD,1,9.187000,,,"{""base"": ""USD"", ""date"": ""2018-01-24"", ""rate"": 9.187, ""quote"": ""MAD""}"
frankfurter,2018-01-25,EUR,1,11.358100,,,"{""base"": ""EUR"", ""date"": ""2018-01-25"", ""rate"": 11.3581, ""quote"": ""MAD""}"
frankfurter,2018-01-25,USD,1,9.158300,,,"{""base"": ""USD"", ""date"": ""2018-01-25"", ""rate"": 9.1583, ""quote"": ""MAD""}"
frankfurter,2018-01-26,EUR,1,11.370900,,,"{""base"": ""EUR"", ""date"": ""2018-01-26"", ""rate"": 11.3709, ""quote"": ""MAD""}"
frankfurter,2018-01-26,USD,1,9.138400,,,"{""base"": ""USD"", ""date"": ""2018-01-26"", ""rate"": 9.1384, ""quote"": ""MAD""}"
frankfurter,2018-01-29,EUR,1,11.355500,,,"{""base"": ""EUR"", ""date"": ""2018-01-29"", ""rate"": 11.3555, ""quote"": ""MAD""}"
frankfurter,2018-01-29,USD,1,9.164300,,,"{""base"": ""USD"", ""date"": ""2018-01-29"", ""rate"": 9.1643, ""quote"": ""MAD""}"
frankfurter,2018-01-30,EUR,1,11.373500,,,"{""base"": ""EUR"", ""date"": ""2018-01-30"", ""rate"": 11.3735, ""quote"": ""MAD""}"
frankfurter,2018-01-30,USD,1,9.149300,,,"{""base"": ""USD"", ""date"": ""2018-01-30"", ""rate"": 9.1493, ""quote"": ""MAD""}"
frankfurter,2018-01-31,EUR,1,11.382100,,,"{""base"": ""EUR"", ""date"": ""2018-01-31"", ""rate"": 11.3821, ""quote"": ""MAD""}"
frankfurter,2018-01-31,USD,1,9.140800,,,"{""base"": ""USD"", ""date"": ""2018-01-31"", ""rate"": 9.1408, ""quote"": ""MAD""}"
frankfurter,2018-02-01,EUR,1,11.382400,,,"{""base"": ""EUR"", ""date"": ""2018-02-01"", ""rate"": 11.3824, ""quote"": ""MAD""}"
frankfurter,2018-02-01,USD,1,9.145400,,,"{""base"": ""USD"", ""date"": ""2018-02-01"", ""rate"": 9.1454, ""quote"": ""MAD""}"
frankfurter,2018-02-02,EUR,1,11.398300,,,"{""base"": ""EUR"", ""date"": ""2018-02-02"", ""rate"": 11.3983, ""quote"": ""MAD""}"
frankfurter,2018-02-02,USD,1,9.125200,,,"{""base"": ""USD"", ""date"": ""2018-02-02"", ""rate"": 9.1252, ""quote"": ""MAD""}"
frankfurter,2018-02-05,EUR,1,11.381200,,,"{""base"": ""EUR"", ""date"": ""2018-02-05"", ""rate"": 11.3812, ""quote"": ""MAD""}"
frankfurter,2018-02-05,USD,1,9.146700,,,"{""base"": ""USD"", ""date"": ""2018-02-05"", ""rate"": 9.1467, ""quote"": ""MAD""}"
frankfurter,2018-02-06,EUR,1,11.355000,,,"{""base"": ""EUR"", ""date"": ""2018-02-06"", ""rate"": 11.355, ""quote"": ""MAD""}"
frankfurter,2018-02-06,USD,1,9.186900,,,"{""base"": ""USD"", ""date"": ""2018-02-06"", ""rate"": 9.1869, ""quote"": ""MAD""}"
frankfurter,2018-02-07,EUR,1,11.348500,,,"{""base"": ""EUR"", ""date"": ""2018-02-07"", ""rate"": 11.3485, ""quote"": ""MAD""}"
frankfurter,2018-02-07,USD,1,9.195000,,,"{""base"": ""USD"", ""date"": ""2018-02-07"", ""rate"": 9.195, ""quote"": ""MAD""}"
frankfurter,2018-02-08,EUR,1,11.314200,,,"{""base"": ""EUR"", ""date"": ""2018-02-08"", ""rate"": 11.3142, ""quote"": ""MAD""}"
frankfurter,2018-02-08,USD,1,9.244400,,,"{""base"": ""USD"", ""date"": ""2018-02-08"", ""rate"": 9.2444, ""quote"": ""MAD""}"
frankfurter,2018-02-09,EUR,1,11.313000,,,"{""base"": ""EUR"", ""date"": ""2018-02-09"", ""rate"": 11.313, ""quote"": ""MAD""}"
frankfurter,2018-02-09,USD,1,9.245700,,,"{""base"": ""USD"", ""date"": ""2018-02-09"", ""rate"": 9.2457, ""quote"": ""MAD""}"
frankfurter,2018-02-12,EUR,1,11.321900,,,"{""base"": ""EUR"", ""date"": ""2018-02-12"", ""rate"": 11.3219, ""quote"": ""MAD""}"
frankfurter,2018-02-12,USD,1,9.232600,,,"{""base"": ""USD"", ""date"": ""2018-02-12"", ""rate"": 9.2326, ""quote"": ""MAD""}"
frankfurter,2018-02-13,EUR,1,11.348000,,,"{""base"": ""EUR"", ""date"": ""2018-02-13"", ""rate"": 11.348, ""quote"": ""MAD""}"
frankfurter,2018-02-13,USD,1,9.192400,,,"{""base"": ""USD"", ""date"": ""2018-02-13"", ""rate"": 9.1924, ""quote"": ""MAD""}"
frankfurter,2018-02-14,EUR,1,11.347700,,,"{""base"": ""EUR"", ""date"": ""2018-02-14"", ""rate"": 11.3477, ""quote"": ""MAD""}"
frankfurter,2018-02-14,USD,1,9.193600,,,"{""base"": ""USD"", ""date"": ""2018-02-14"", ""rate"": 9.1936, ""quote"": ""MAD""}"
frankfurter,2018-02-15,EUR,1,11.389800,,,"{""base"": ""EUR"", ""date"": ""2018-02-15"", ""rate"": 11.3898, ""quote"": ""MAD""}"
frankfurter,2018-02-15,USD,1,9.132300,,,"{""base"": ""USD"", ""date"": ""2018-02-15"", ""rate"": 9.1323, ""quote"": ""MAD""}"
frankfurter,2018-02-16,EUR,1,11.390700,,,"{""base"": ""EUR"", ""date"": ""2018-02-16"", ""rate"": 11.3907, ""quote"": ""MAD""}"
frankfurter,2018-02-16,USD,1,9.130800,,,"{""base"": ""USD"", ""date"": ""2018-02-16"", ""rate"": 9.1308, ""quote"": ""MAD""}"
frankfurter,2018-02-19,EUR,1,11.373200,,,"{""base"": ""EUR"", ""date"": ""2018-02-19"", ""rate"": 11.3732, ""quote"": ""MAD""}"
frankfurter,2018-02-19,USD,1,9.156400,,,"{""base"": ""USD"", ""date"": ""2018-02-19"", ""rate"": 9.1564, ""quote"": ""MAD""}"
frankfurter,2018-02-20,EUR,1,11.347800,,,"{""base"": ""EUR"", ""date"": ""2018-02-20"", ""rate"": 11.3478, ""quote"": ""MAD""}"
frankfurter,2018-02-20,USD,1,9.190000,,,"{""base"": ""USD"", ""date"": ""2018-02-20"", ""rate"": 9.19, ""quote"": ""MAD""}"
frankfurter,2018-02-21,EUR,1,11.337400,,,"{""base"": ""EUR"", ""date"": ""2018-02-21"", ""rate"": 11.3374, ""quote"": ""MAD""}"
frankfurter,2018-02-21,USD,1,9.203900,,,"{""base"": ""USD"", ""date"": ""2018-02-21"", ""rate"": 9.2039, ""quote"": ""MAD""}"
frankfurter,2018-02-22,EUR,1,11.327200,,,"{""base"": ""EUR"", ""date"": ""2018-02-22"", ""rate"": 11.3272, ""quote"": ""MAD""}"
frankfurter,2018-02-22,USD,1,9.221100,,,"{""base"": ""USD"", ""date"": ""2018-02-22"", ""rate"": 9.2211, ""quote"": ""MAD""}"
frankfurter,2018-02-23,EUR,1,11.332600,,,"{""base"": ""EUR"", ""date"": ""2018-02-23"", ""rate"": 11.3326, ""quote"": ""MAD""}"
frankfurter,2018-02-23,USD,1,9.209000,,,"{""base"": ""USD"", ""date"": ""2018-02-23"", ""rate"": 9.209, ""quote"": ""MAD""}"
frankfurter,2018-02-26,EUR,1,11.342000,,,"{""base"": ""EUR"", ""date"": ""2018-02-26"", ""rate"": 11.342, ""quote"": ""MAD""}"
frankfurter,2018-02-26,USD,1,9.198000,,,"{""base"": ""USD"", ""date"": ""2018-02-26"", ""rate"": 9.198, ""quote"": ""MAD""}"
frankfurter,2018-02-27,EUR,1,11.337900,,,"{""base"": ""EUR"", ""date"": ""2018-02-27"", ""rate"": 11.3379, ""quote"": ""MAD""}"
frankfurter,2018-02-27,USD,1,9.203600,,,"{""base"": ""USD"", ""date"": ""2018-02-27"", ""rate"": 9.2036, ""quote"": ""MAD""}"
frankfurter,2018-02-28,EUR,1,11.304400,,,"{""base"": ""EUR"", ""date"": ""2018-02-28"", ""rate"": 11.3044, ""quote"": ""MAD""}"
frankfurter,2018-02-28,USD,1,9.248500,,,"{""base"": ""USD"", ""date"": ""2018-02-28"", ""rate"": 9.2485, ""quote"": ""MAD""}"
frankfurter,2018-03-01,EUR,1,11.289800,,,"{""base"": ""EUR"", ""date"": ""2018-03-01"", ""rate"": 11.2898, ""quote"": ""MAD""}"
frankfurter,2018-03-01,USD,1,9.267600,,,"{""base"": ""USD"", ""date"": ""2018-03-01"", ""rate"": 9.2676, ""quote"": ""MAD""}"
frankfurter,2018-03-02,EUR,1,11.334400,,,"{""base"": ""EUR"", ""date"": ""2018-03-02"", ""rate"": 11.3344, ""quote"": ""MAD""}"
frankfurter,2018-03-02,USD,1,9.206700,,,"{""base"": ""USD"", ""date"": ""2018-03-02"", ""rate"": 9.2067, ""quote"": ""MAD""}"
frankfurter,2018-03-05,EUR,1,11.330000,,,"{""base"": ""EUR"", ""date"": ""2018-03-05"", ""rate"": 11.33, ""quote"": ""MAD""}"
frankfurter,2018-03-05,USD,1,9.210600,,,"{""base"": ""USD"", ""date"": ""2018-03-05"", ""rate"": 9.2106, ""quote"": ""MAD""}"
frankfurter,2018-03-06,EUR,1,11.363600,,,"{""base"": ""EUR"", ""date"": ""2018-03-06"", ""rate"": 11.3636, ""quote"": ""MAD""}"
frankfurter,2018-03-06,USD,1,9.164900,,,"{""base"": ""USD"", ""date"": ""2018-03-06"", ""rate"": 9.1649, ""quote"": ""MAD""}"
frankfurter,2018-03-07,EUR,1,11.365700,,,"{""base"": ""EUR"", ""date"": ""2018-03-07"", ""rate"": 11.3657, ""quote"": ""MAD""}"
frankfurter,2018-03-07,USD,1,9.160700,,,"{""base"": ""USD"", ""date"": ""2018-03-07"", ""rate"": 9.1607, ""quote"": ""MAD""}"
frankfurter,2018-03-08,EUR,1,11.354500,,,"{""base"": ""EUR"", ""date"": ""2018-03-08"", ""rate"": 11.3545, ""quote"": ""MAD""}"
frankfurter,2018-03-08,USD,1,9.168700,,,"{""base"": ""USD"", ""date"": ""2018-03-08"", ""rate"": 9.1687, ""quote"": ""MAD""}"
frankfurter,2018-03-09,EUR,1,11.321000,,,"{""base"": ""EUR"", ""date"": ""2018-03-09"", ""rate"": 11.321, ""quote"": ""MAD""}"
frankfurter,2018-03-09,USD,1,9.207100,,,"{""base"": ""USD"", ""date"": ""2018-03-09"", ""rate"": 9.2071, ""quote"": ""MAD""}"
frankfurter,2018-03-12,EUR,1,11.316500,,,"{""base"": ""EUR"", ""date"": ""2018-03-12"", ""rate"": 11.3165, ""quote"": ""MAD""}"
frankfurter,2018-03-12,USD,1,9.201900,,,"{""base"": ""USD"", ""date"": ""2018-03-12"", ""rate"": 9.2019, ""quote"": ""MAD""}"
frankfurter,2018-03-13,EUR,1,11.329700,,,"{""base"": ""EUR"", ""date"": ""2018-03-13"", ""rate"": 11.3297, ""quote"": ""MAD""}"
frankfurter,2018-03-13,USD,1,9.180500,,,"{""base"": ""USD"", ""date"": ""2018-03-13"", ""rate"": 9.1805, ""quote"": ""MAD""}"
frankfurter,2018-03-14,EUR,1,11.339700,,,"{""base"": ""EUR"", ""date"": ""2018-03-14"", ""rate"": 11.3397, ""quote"": ""MAD""}"
frankfurter,2018-03-14,USD,1,9.154500,,,"{""base"": ""USD"", ""date"": ""2018-03-14"", ""rate"": 9.1545, ""quote"": ""MAD""}"
frankfurter,2018-03-15,EUR,1,11.313200,,,"{""base"": ""EUR"", ""date"": ""2018-03-15"", ""rate"": 11.3132, ""quote"": ""MAD""}"
frankfurter,2018-03-15,USD,1,9.159000,,,"{""base"": ""USD"", ""date"": ""2018-03-15"", ""rate"": 9.159, ""quote"": ""MAD""}"
frankfurter,2018-03-16,EUR,1,11.305600,,,"{""base"": ""EUR"", ""date"": ""2018-03-16"", ""rate"": 11.3056, ""quote"": ""MAD""}"
frankfurter,2018-03-16,USD,1,9.172900,,,"{""base"": ""USD"", ""date"": ""2018-03-16"", ""rate"": 9.1729, ""quote"": ""MAD""}"
frankfurter,2018-03-19,EUR,1,11.303800,,,"{""base"": ""EUR"", ""date"": ""2018-03-19"", ""rate"": 11.3038, ""quote"": ""MAD""}"
frankfurter,2018-03-19,USD,1,9.175200,,,"{""base"": ""USD"", ""date"": ""2018-03-19"", ""rate"": 9.1752, ""quote"": ""MAD""}"
frankfurter,2018-03-20,EUR,1,11.295400,,,"{""base"": ""EUR"", ""date"": ""2018-03-20"", ""rate"": 11.2954, ""quote"": ""MAD""}"
frankfurter,2018-03-20,USD,1,9.191500,,,"{""base"": ""USD"", ""date"": ""2018-03-20"", ""rate"": 9.1915, ""quote"": ""MAD""}"
frankfurter,2018-03-21,EUR,1,11.294800,,,"{""base"": ""EUR"", ""date"": ""2018-03-21"", ""rate"": 11.2948, ""quote"": ""MAD""}"
frankfurter,2018-03-21,USD,1,9.200700,,,"{""base"": ""USD"", ""date"": ""2018-03-21"", ""rate"": 9.2007, ""quote"": ""MAD""}"
frankfurter,2018-03-22,EUR,1,11.310400,,,"{""base"": ""EUR"", ""date"": ""2018-03-22"", ""rate"": 11.3104, ""quote"": ""MAD""}"
frankfurter,2018-03-22,USD,1,9.186500,,,"{""base"": ""USD"", ""date"": ""2018-03-22"", ""rate"": 9.1865, ""quote"": ""MAD""}"
frankfurter,2018-03-23,EUR,1,11.325100,,,"{""base"": ""EUR"", ""date"": ""2018-03-23"", ""rate"": 11.3251, ""quote"": ""MAD""}"
frankfurter,2018-03-23,USD,1,9.173100,,,"{""base"": ""USD"", ""date"": ""2018-03-23"", ""rate"": 9.1731, ""quote"": ""MAD""}"
frankfurter,2018-03-26,EUR,1,11.353500,,,"{""base"": ""EUR"", ""date"": ""2018-03-26"", ""rate"": 11.3535, ""quote"": ""MAD""}"
frankfurter,2018-03-26,USD,1,9.145000,,,"{""base"": ""USD"", ""date"": ""2018-03-26"", ""rate"": 9.145, ""quote"": ""MAD""}"
frankfurter,2018-03-27,EUR,1,11.350300,,,"{""base"": ""EUR"", ""date"": ""2018-03-27"", ""rate"": 11.3503, ""quote"": ""MAD""}"
frankfurter,2018-03-27,USD,1,9.155700,,,"{""base"": ""USD"", ""date"": ""2018-03-27"", ""rate"": 9.1557, ""quote"": ""MAD""}"
frankfurter,2018-03-28,EUR,1,11.354000,,,"{""base"": ""EUR"", ""date"": ""2018-03-28"", ""rate"": 11.354, ""quote"": ""MAD""}"
frankfurter,2018-03-28,USD,1,9.162400,,,"{""base"": ""USD"", ""date"": ""2018-03-28"", ""rate"": 9.1624, ""quote"": ""MAD""}"
frankfurter,2018-03-29,EUR,1,11.331900,,,"{""base"": ""EUR"", ""date"": ""2018-03-29"", ""rate"": 11.3319, ""quote"": ""MAD""}"
frankfurter,2018-03-29,USD,1,9.198700,,,"{""base"": ""USD"", ""date"": ""2018-03-29"", ""rate"": 9.1987, ""quote"": ""MAD""}"
frankfurter,2018-03-30,EUR,1,11.337800,,,"{""base"": ""EUR"", ""date"": ""2018-03-30"", ""rate"": 11.3378, ""quote"": ""MAD""}"
frankfurter,2018-03-30,USD,1,9.198300,,,"{""base"": ""USD"", ""date"": ""2018-03-30"", ""rate"": 9.1983, ""quote"": ""MAD""}"
frankfurter,2018-04-02,EUR,1,11.340900,,,"{""base"": ""EUR"", ""date"": ""2018-04-02"", ""rate"": 11.3409, ""quote"": ""MAD""}"
frankfurter,2018-04-02,USD,1,9.197800,,,"{""base"": ""USD"", ""date"": ""2018-04-02"", ""rate"": 9.1978, ""quote"": ""MAD""}"
frankfurter,2018-04-03,EUR,1,11.328500,,,"{""base"": ""EUR"", ""date"": ""2018-04-03"", ""rate"": 11.3285, ""quote"": ""MAD""}"
frankfurter,2018-04-03,USD,1,9.215400,,,"{""base"": ""USD"", ""date"": ""2018-04-03"", ""rate"": 9.2154, ""quote"": ""MAD""}"
frankfurter,2018-04-04,EUR,1,11.328100,,,"{""base"": ""EUR"", ""date"": ""2018-04-04"", ""rate"": 11.3281, ""quote"": ""MAD""}"
frankfurter,2018-04-04,USD,1,9.216600,,,"{""base"": ""USD"", ""date"": ""2018-04-04"", ""rate"": 9.2166, ""quote"": ""MAD""}"
frankfurter,2018-04-05,EUR,1,11.320700,,,"{""base"": ""EUR"", ""date"": ""2018-04-05"", ""rate"": 11.3207, ""quote"": ""MAD""}"
frankfurter,2018-04-05,USD,1,9.224800,,,"{""base"": ""USD"", ""date"": ""2018-04-05"", ""rate"": 9.2248, ""quote"": ""MAD""}"
frankfurter,2018-04-06,EUR,1,11.305800,,,"{""base"": ""EUR"", ""date"": ""2018-04-06"", ""rate"": 11.3058, ""quote"": ""MAD""}"
frankfurter,2018-04-06,USD,1,9.237500,,,"{""base"": ""USD"", ""date"": ""2018-04-06"", ""rate"": 9.2375, ""quote"": ""MAD""}"
frankfurter,2018-04-09,EUR,1,11.314800,,,"{""base"": ""EUR"", ""date"": ""2018-04-09"", ""rate"": 11.3148, ""quote"": ""MAD""}"
frankfurter,2018-04-09,USD,1,9.221500,,,"{""base"": ""USD"", ""date"": ""2018-04-09"", ""rate"": 9.2215, ""quote"": ""MAD""}"
frankfurter,2018-04-10,EUR,1,11.326000,,,"{""base"": ""EUR"", ""date"": ""2018-04-10"", ""rate"": 11.326, ""quote"": ""MAD""}"
frankfurter,2018-04-10,USD,1,9.186500,,,"{""base"": ""USD"", ""date"": ""2018-04-10"", ""rate"": 9.1865, ""quote"": ""MAD""}"
frankfurter,2018-04-11,EUR,1,11.343100,,,"{""base"": ""EUR"", ""date"": ""2018-04-11"", ""rate"": 11.3431, ""quote"": ""MAD""}"
frankfurter,2018-04-11,USD,1,9.160200,,,"{""base"": ""USD"", ""date"": ""2018-04-11"", ""rate"": 9.1602, ""quote"": ""MAD""}"
frankfurter,2018-04-12,EUR,1,11.332700,,,"{""base"": ""EUR"", ""date"": ""2018-04-12"", ""rate"": 11.3327, ""quote"": ""MAD""}"
frankfurter,2018-04-12,USD,1,9.182200,,,"{""base"": ""USD"", ""date"": ""2018-04-12"", ""rate"": 9.1822, ""quote"": ""MAD""}"
frankfurter,2018-04-13,EUR,1,11.325200,,,"{""base"": ""EUR"", ""date"": ""2018-04-13"", ""rate"": 11.3252, ""quote"": ""MAD""}"
frankfurter,2018-04-13,USD,1,9.196300,,,"{""base"": ""USD"", ""date"": ""2018-04-13"", ""rate"": 9.1963, ""quote"": ""MAD""}"
frankfurter,2018-04-16,EUR,1,11.342500,,,"{""base"": ""EUR"", ""date"": ""2018-04-16"", ""rate"": 11.3425, ""quote"": ""MAD""}"
frankfurter,2018-04-16,USD,1,9.173800,,,"{""base"": ""USD"", ""date"": ""2018-04-16"", ""rate"": 9.1738, ""quote"": ""MAD""}"
frankfurter,2018-04-17,EUR,1,11.344300,,,"{""base"": ""EUR"", ""date"": ""2018-04-17"", ""rate"": 11.3443, ""quote"": ""MAD""}"
frankfurter,2018-04-17,USD,1,9.166400,,,"{""base"": ""USD"", ""date"": ""2018-04-17"", ""rate"": 9.1664, ""quote"": ""MAD""}"
frankfurter,2018-04-18,EUR,1,11.342400,,,"{""base"": ""EUR"", ""date"": ""2018-04-18"", ""rate"": 11.3424, ""quote"": ""MAD""}"
frankfurter,2018-04-18,USD,1,9.162600,,,"{""base"": ""USD"", ""date"": ""2018-04-18"", ""rate"": 9.1626, ""quote"": ""MAD""}"
frankfurter,2018-04-19,EUR,1,11.336300,,,"{""base"": ""EUR"", ""date"": ""2018-04-19"", ""rate"": 11.3363, ""quote"": ""MAD""}"
frankfurter,2018-04-19,USD,1,9.167300,,,"{""base"": ""USD"", ""date"": ""2018-04-19"", ""rate"": 9.1673, ""quote"": ""MAD""}"
frankfurter,2018-04-20,EUR,1,11.315000,,,"{""base"": ""EUR"", ""date"": ""2018-04-20"", ""rate"": 11.315, ""quote"": ""MAD""}"
frankfurter,2018-04-20,USD,1,9.193200,,,"{""base"": ""USD"", ""date"": ""2018-04-20"", ""rate"": 9.1932, ""quote"": ""MAD""}"
frankfurter,2018-04-23,EUR,1,11.287200,,,"{""base"": ""EUR"", ""date"": ""2018-04-23"", ""rate"": 11.2872, ""quote"": ""MAD""}"
frankfurter,2018-04-23,USD,1,9.229900,,,"{""base"": ""USD"", ""date"": ""2018-04-23"", ""rate"": 9.2299, ""quote"": ""MAD""}"
frankfurter,2018-04-24,EUR,1,11.282100,,,"{""base"": ""EUR"", ""date"": ""2018-04-24"", ""rate"": 11.2821, ""quote"": ""MAD""}"
frankfurter,2018-04-24,USD,1,9.236300,,,"{""base"": ""USD"", ""date"": ""2018-04-24"", ""rate"": 9.2363, ""quote"": ""MAD""}"
frankfurter,2018-04-25,EUR,1,11.275400,,,"{""base"": ""EUR"", ""date"": ""2018-04-25"", ""rate"": 11.2754, ""quote"": ""MAD""}"
frankfurter,2018-04-25,USD,1,9.242100,,,"{""base"": ""USD"", ""date"": ""2018-04-25"", ""rate"": 9.2421, ""quote"": ""MAD""}"
frankfurter,2018-04-26,EUR,1,11.266200,,,"{""base"": ""EUR"", ""date"": ""2018-04-26"", ""rate"": 11.2662, ""quote"": ""MAD""}"
frankfurter,2018-04-26,USD,1,9.246000,,,"{""base"": ""USD"", ""date"": ""2018-04-26"", ""rate"": 9.246, ""quote"": ""MAD""}"
frankfurter,2018-04-27,EUR,1,11.230800,,,"{""base"": ""EUR"", ""date"": ""2018-04-27"", ""rate"": 11.2308, ""quote"": ""MAD""}"
frankfurter,2018-04-27,USD,1,9.295500,,,"{""base"": ""USD"", ""date"": ""2018-04-27"", ""rate"": 9.2955, ""quote"": ""MAD""}"
frankfurter,2018-04-30,EUR,1,11.232400,,,"{""base"": ""EUR"", ""date"": ""2018-04-30"", ""rate"": 11.2324, ""quote"": ""MAD""}"
frankfurter,2018-04-30,USD,1,9.291400,,,"{""base"": ""USD"", ""date"": ""2018-04-30"", ""rate"": 9.2914, ""quote"": ""MAD""}"
frankfurter,2018-05-01,EUR,1,11.232400,,,"{""base"": ""EUR"", ""date"": ""2018-05-01"", ""rate"": 11.2324, ""quote"": ""MAD""}"
frankfurter,2018-05-01,USD,1,9.291400,,,"{""base"": ""USD"", ""date"": ""2018-05-01"", ""rate"": 9.2914, ""quote"": ""MAD""}"
frankfurter,2018-05-02,EUR,1,11.202100,,,"{""base"": ""EUR"", ""date"": ""2018-05-02"", ""rate"": 11.2021, ""quote"": ""MAD""}"
frankfurter,2018-05-02,USD,1,9.335100,,,"{""base"": ""USD"", ""date"": ""2018-05-02"", ""rate"": 9.3351, ""quote"": ""MAD""}"
frankfurter,2018-05-03,EUR,1,11.191100,,,"{""base"": ""EUR"", ""date"": ""2018-05-03"", ""rate"": 11.1911, ""quote"": ""MAD""}"
frankfurter,2018-05-03,USD,1,9.345400,,,"{""base"": ""USD"", ""date"": ""2018-05-03"", ""rate"": 9.3454, ""quote"": ""MAD""}"
frankfurter,2018-05-04,EUR,1,11.190400,,,"{""base"": ""EUR"", ""date"": ""2018-05-04"", ""rate"": 11.1904, ""quote"": ""MAD""}"
frankfurter,2018-05-04,USD,1,9.350300,,,"{""base"": ""USD"", ""date"": ""2018-05-04"", ""rate"": 9.3503, ""quote"": ""MAD""}"
frankfurter,2018-05-07,EUR,1,11.172000,,,"{""base"": ""EUR"", ""date"": ""2018-05-07"", ""rate"": 11.172, ""quote"": ""MAD""}"
frankfurter,2018-05-07,USD,1,9.375600,,,"{""base"": ""USD"", ""date"": ""2018-05-07"", ""rate"": 9.3756, ""quote"": ""MAD""}"
frankfurter,2018-05-08,EUR,1,11.155800,,,"{""base"": ""EUR"", ""date"": ""2018-05-08"", ""rate"": 11.1558, ""quote"": ""MAD""}"
frankfurter,2018-05-08,USD,1,9.399100,,,"{""base"": ""USD"", ""date"": ""2018-05-08"", ""rate"": 9.3991, ""quote"": ""MAD""}"
frankfurter,2018-05-09,EUR,1,11.158600,,,"{""base"": ""EUR"", ""date"": ""2018-05-09"", ""rate"": 11.1586, ""quote"": ""MAD""}"
frankfurter,2018-05-09,USD,1,9.394300,,,"{""base"": ""USD"", ""date"": ""2018-05-09"", ""rate"": 9.3943, ""quote"": ""MAD""}"
frankfurter,2018-05-10,EUR,1,11.158600,,,"{""base"": ""EUR"", ""date"": ""2018-05-10"", ""rate"": 11.1586, ""quote"": ""MAD""}"
frankfurter,2018-05-10,USD,1,9.395100,,,"{""base"": ""USD"", ""date"": ""2018-05-10"", ""rate"": 9.3951, ""quote"": ""MAD""}"
frankfurter,2018-05-11,EUR,1,11.178600,,,"{""base"": ""EUR"", ""date"": ""2018-05-11"", ""rate"": 11.1786, ""quote"": ""MAD""}"
frankfurter,2018-05-11,USD,1,9.364700,,,"{""base"": ""USD"", ""date"": ""2018-05-11"", ""rate"": 9.3647, ""quote"": ""MAD""}"
frankfurter,2018-05-14,EUR,1,11.194400,,,"{""base"": ""EUR"", ""date"": ""2018-05-14"", ""rate"": 11.1944, ""quote"": ""MAD""}"
frankfurter,2018-05-14,USD,1,9.338800,,,"{""base"": ""USD"", ""date"": ""2018-05-14"", ""rate"": 9.3388, ""quote"": ""MAD""}"
frankfurter,2018-05-15,EUR,1,11.158000,,,"{""base"": ""EUR"", ""date"": ""2018-05-15"", ""rate"": 11.158, ""quote"": ""MAD""}"
frankfurter,2018-05-15,USD,1,9.391500,,,"{""base"": ""USD"", ""date"": ""2018-05-15"", ""rate"": 9.3915, ""quote"": ""MAD""}"
frankfurter,2018-05-16,EUR,1,11.124200,,,"{""base"": ""EUR"", ""date"": ""2018-05-16"", ""rate"": 11.1242, ""quote"": ""MAD""}"
frankfurter,2018-05-16,USD,1,9.440100,,,"{""base"": ""USD"", ""date"": ""2018-05-16"", ""rate"": 9.4401, ""quote"": ""MAD""}"
frankfurter,2018-05-17,EUR,1,11.132600,,,"{""base"": ""EUR"", ""date"": ""2018-05-17"", ""rate"": 11.1326, ""quote"": ""MAD""}"
frankfurter,2018-05-17,USD,1,9.429600,,,"{""base"": ""USD"", ""date"": ""2018-05-17"", ""rate"": 9.4296, ""quote"": ""MAD""}"
frankfurter,2018-05-18,EUR,1,11.123200,,,"{""base"": ""EUR"", ""date"": ""2018-05-18"", ""rate"": 11.1232, ""quote"": ""MAD""}"
frankfurter,2018-05-18,USD,1,9.441600,,,"{""base"": ""USD"", ""date"": ""2018-05-18"", ""rate"": 9.4416, ""quote"": ""MAD""}"
frankfurter,2018-05-21,EUR,1,11.114400,,,"{""base"": ""EUR"", ""date"": ""2018-05-21"", ""rate"": 11.1144, ""quote"": ""MAD""}"
frankfurter,2018-05-21,USD,1,9.452600,,,"{""base"": ""USD"", ""date"": ""2018-05-21"", ""rate"": 9.4526, ""quote"": ""MAD""}"
frankfurter,2018-05-22,EUR,1,11.130500,,,"{""base"": ""EUR"", ""date"": ""2018-05-22"", ""rate"": 11.1305, ""quote"": ""MAD""}"
frankfurter,2018-05-22,USD,1,9.435000,,,"{""base"": ""USD"", ""date"": ""2018-05-22"", ""rate"": 9.435, ""quote"": ""MAD""}"
frankfurter,2018-05-23,EUR,1,11.097900,,,"{""base"": ""EUR"", ""date"": ""2018-05-23"", ""rate"": 11.0979, ""quote"": ""MAD""}"
frankfurter,2018-05-23,USD,1,9.478900,,,"{""base"": ""USD"", ""date"": ""2018-05-23"", ""rate"": 9.4789, ""quote"": ""MAD""}"
frankfurter,2018-05-24,EUR,1,11.103500,,,"{""base"": ""EUR"", ""date"": ""2018-05-24"", ""rate"": 11.1035, ""quote"": ""MAD""}"
frankfurter,2018-05-24,USD,1,9.469900,,,"{""base"": ""USD"", ""date"": ""2018-05-24"", ""rate"": 9.4699, ""quote"": ""MAD""}"
frankfurter,2018-05-25,EUR,1,11.086100,,,"{""base"": ""EUR"", ""date"": ""2018-05-25"", ""rate"": 11.0861, ""quote"": ""MAD""}"
frankfurter,2018-05-25,USD,1,9.495600,,,"{""base"": ""USD"", ""date"": ""2018-05-25"", ""rate"": 9.4956, ""quote"": ""MAD""}"
frankfurter,2018-05-28,EUR,1,11.075000,,,"{""base"": ""EUR"", ""date"": ""2018-05-28"", ""rate"": 11.075, ""quote"": ""MAD""}"
frankfurter,2018-05-28,USD,1,9.510500,,,"{""base"": ""USD"", ""date"": ""2018-05-28"", ""rate"": 9.5105, ""quote"": ""MAD""}"
frankfurter,2018-05-29,EUR,1,11.044200,,,"{""base"": ""EUR"", ""date"": ""2018-05-29"", ""rate"": 11.0442, ""quote"": ""MAD""}"
frankfurter,2018-05-29,USD,1,9.555500,,,"{""base"": ""USD"", ""date"": ""2018-05-29"", ""rate"": 9.5555, ""quote"": ""MAD""}"
frankfurter,2018-05-30,EUR,1,11.073800,,,"{""base"": ""EUR"", ""date"": ""2018-05-30"", ""rate"": 11.0738, ""quote"": ""MAD""}"
frankfurter,2018-05-30,USD,1,9.515200,,,"{""base"": ""USD"", ""date"": ""2018-05-30"", ""rate"": 9.5152, ""quote"": ""MAD""}"
frankfurter,2018-05-31,EUR,1,11.094500,,,"{""base"": ""EUR"", ""date"": ""2018-05-31"", ""rate"": 11.0945, ""quote"": ""MAD""}"
frankfurter,2018-05-31,USD,1,9.484900,,,"{""base"": ""USD"", ""date"": ""2018-05-31"", ""rate"": 9.4849, ""quote"": ""MAD""}"
frankfurter,2018-06-01,EUR,1,11.085600,,,"{""base"": ""EUR"", ""date"": ""2018-06-01"", ""rate"": 11.0856, ""quote"": ""MAD""}"
frankfurter,2018-06-01,USD,1,9.498400,,,"{""base"": ""USD"", ""date"": ""2018-06-01"", ""rate"": 9.4984, ""quote"": ""MAD""}"
frankfurter,2018-06-04,EUR,1,11.109100,,,"{""base"": ""EUR"", ""date"": ""2018-06-04"", ""rate"": 11.1091, ""quote"": ""MAD""}"
frankfurter,2018-06-04,USD,1,9.465000,,,"{""base"": ""USD"", ""date"": ""2018-06-04"", ""rate"": 9.465, ""quote"": ""MAD""}"
frankfurter,2018-06-05,EUR,1,11.086000,,,"{""base"": ""EUR"", ""date"": ""2018-06-05"", ""rate"": 11.086, ""quote"": ""MAD""}"
frankfurter,2018-06-05,USD,1,9.497100,,,"{""base"": ""USD"", ""date"": ""2018-06-05"", ""rate"": 9.4971, ""quote"": ""MAD""}"
frankfurter,2018-06-06,EUR,1,11.120400,,,"{""base"": ""EUR"", ""date"": ""2018-06-06"", ""rate"": 11.1204, ""quote"": ""MAD""}"
frankfurter,2018-06-06,USD,1,9.451300,,,"{""base"": ""USD"", ""date"": ""2018-06-06"", ""rate"": 9.4513, ""quote"": ""MAD""}"
frankfurter,2018-06-07,EUR,1,11.145400,,,"{""base"": ""EUR"", ""date"": ""2018-06-07"", ""rate"": 11.1454, ""quote"": ""MAD""}"
frankfurter,2018-06-07,USD,1,9.418100,,,"{""base"": ""USD"", ""date"": ""2018-06-07"", ""rate"": 9.4181, ""quote"": ""MAD""}"
frankfurter,2018-06-08,EUR,1,11.118100,,,"{""base"": ""EUR"", ""date"": ""2018-06-08"", ""rate"": 11.1181, ""quote"": ""MAD""}"
frankfurter,2018-06-08,USD,1,9.459000,,,"{""base"": ""USD"", ""date"": ""2018-06-08"", ""rate"": 9.459, ""quote"": ""MAD""}"
frankfurter,2018-06-11,EUR,1,11.129200,,,"{""base"": ""EUR"", ""date"": ""2018-06-11"", ""rate"": 11.1292, ""quote"": ""MAD""}"
frankfurter,2018-06-11,USD,1,9.441900,,,"{""base"": ""USD"", ""date"": ""2018-06-11"", ""rate"": 9.4419, ""quote"": ""MAD""}"
frankfurter,2018-06-12,EUR,1,11.129200,,,"{""base"": ""EUR"", ""date"": ""2018-06-12"", ""rate"": 11.1292, ""quote"": ""MAD""}"
frankfurter,2018-06-12,USD,1,9.442700,,,"{""base"": ""USD"", ""date"": ""2018-06-12"", ""rate"": 9.4427, ""quote"": ""MAD""}"
frankfurter,2018-06-13,EUR,1,11.120500,,,"{""base"": ""EUR"", ""date"": ""2018-06-13"", ""rate"": 11.1205, ""quote"": ""MAD""}"
frankfurter,2018-06-13,USD,1,9.454600,,,"{""base"": ""USD"", ""date"": ""2018-06-13"", ""rate"": 9.4546, ""quote"": ""MAD""}"
frankfurter,2018-06-14,EUR,1,11.110500,,,"{""base"": ""EUR"", ""date"": ""2018-06-14"", ""rate"": 11.1105, ""quote"": ""MAD""}"
frankfurter,2018-06-14,USD,1,9.472700,,,"{""base"": ""USD"", ""date"": ""2018-06-14"", ""rate"": 9.4727, ""quote"": ""MAD""}"
frankfurter,2018-06-15,EUR,1,11.110500,,,"{""base"": ""EUR"", ""date"": ""2018-06-15"", ""rate"": 11.1105, ""quote"": ""MAD""}"
frankfurter,2018-06-15,USD,1,9.472700,,,"{""base"": ""USD"", ""date"": ""2018-06-15"", ""rate"": 9.4727, ""quote"": ""MAD""}"
frankfurter,2018-06-18,EUR,1,11.072100,,,"{""base"": ""EUR"", ""date"": ""2018-06-18"", ""rate"": 11.0721, ""quote"": ""MAD""}"
frankfurter,2018-06-18,USD,1,9.528500,,,"{""base"": ""USD"", ""date"": ""2018-06-18"", ""rate"": 9.5285, ""quote"": ""MAD""}"
frankfurter,2018-06-19,EUR,1,11.046100,,,"{""base"": ""EUR"", ""date"": ""2018-06-19"", ""rate"": 11.0461, ""quote"": ""MAD""}"
frankfurter,2018-06-19,USD,1,9.567000,,,"{""base"": ""USD"", ""date"": ""2018-06-19"", ""rate"": 9.567, ""quote"": ""MAD""}"
frankfurter,2018-06-20,EUR,1,11.052200,,,"{""base"": ""EUR"", ""date"": ""2018-06-20"", ""rate"": 11.0522, ""quote"": ""MAD""}"
frankfurter,2018-06-20,USD,1,9.558200,,,"{""base"": ""USD"", ""date"": ""2018-06-20"", ""rate"": 9.5582, ""quote"": ""MAD""}"
frankfurter,2018-06-21,EUR,1,11.041500,,,"{""base"": ""EUR"", ""date"": ""2018-06-21"", ""rate"": 11.0415, ""quote"": ""MAD""}"
frankfurter,2018-06-21,USD,1,9.570500,,,"{""base"": ""USD"", ""date"": ""2018-06-21"", ""rate"": 9.5705, ""quote"": ""MAD""}"
frankfurter,2018-06-22,EUR,1,11.077600,,,"{""base"": ""EUR"", ""date"": ""2018-06-22"", ""rate"": 11.0776, ""quote"": ""MAD""}"
frankfurter,2018-06-22,USD,1,9.516800,,,"{""base"": ""USD"", ""date"": ""2018-06-22"", ""rate"": 9.5168, ""quote"": ""MAD""}"
frankfurter,2018-06-25,EUR,1,11.087100,,,"{""base"": ""EUR"", ""date"": ""2018-06-25"", ""rate"": 11.0871, ""quote"": ""MAD""}"
frankfurter,2018-06-25,USD,1,9.501300,,,"{""base"": ""USD"", ""date"": ""2018-06-25"", ""rate"": 9.5013, ""quote"": ""MAD""}"
frankfurter,2018-06-26,EUR,1,11.085800,,,"{""base"": ""EUR"", ""date"": ""2018-06-26"", ""rate"": 11.0858, ""quote"": ""MAD""}"
frankfurter,2018-06-26,USD,1,9.501000,,,"{""base"": ""USD"", ""date"": ""2018-06-26"", ""rate"": 9.501, ""quote"": ""MAD""}"
frankfurter,2018-06-27,EUR,1,11.068600,,,"{""base"": ""EUR"", ""date"": ""2018-06-27"", ""rate"": 11.0686, ""quote"": ""MAD""}"
frankfurter,2018-06-27,USD,1,9.523800,,,"{""base"": ""USD"", ""date"": ""2018-06-27"", ""rate"": 9.5238, ""quote"": ""MAD""}"
frankfurter,2018-06-28,EUR,1,11.050400,,,"{""base"": ""EUR"", ""date"": ""2018-06-28"", ""rate"": 11.0504, ""quote"": ""MAD""}"
frankfurter,2018-06-28,USD,1,9.538500,,,"{""base"": ""USD"", ""date"": ""2018-06-28"", ""rate"": 9.5385, ""quote"": ""MAD""}"
frankfurter,2018-06-29,EUR,1,11.069400,,,"{""base"": ""EUR"", ""date"": ""2018-06-29"", ""rate"": 11.0694, ""quote"": ""MAD""}"
frankfurter,2018-06-29,USD,1,9.500000,,,"{""base"": ""USD"", ""date"": ""2018-06-29"", ""rate"": 9.5, ""quote"": ""MAD""}"
frankfurter,2018-07-02,EUR,1,11.057500,,,"{""base"": ""EUR"", ""date"": ""2018-07-02"", ""rate"": 11.0575, ""quote"": ""MAD""}"
frankfurter,2018-07-02,USD,1,9.501200,,,"{""base"": ""USD"", ""date"": ""2018-07-02"", ""rate"": 9.5012, ""quote"": ""MAD""}"
frankfurter,2018-07-03,EUR,1,11.059400,,,"{""base"": ""EUR"", ""date"": ""2018-07-03"", ""rate"": 11.0594, ""quote"": ""MAD""}"
frankfurter,2018-07-03,USD,1,9.492200,,,"{""base"": ""USD"", ""date"": ""2018-07-03"", ""rate"": 9.4922, ""quote"": ""MAD""}"
frankfurter,2018-07-04,EUR,1,11.047000,,,"{""base"": ""EUR"", ""date"": ""2018-07-04"", ""rate"": 11.047, ""quote"": ""MAD""}"
frankfurter,2018-07-04,USD,1,9.493800,,,"{""base"": ""USD"", ""date"": ""2018-07-04"", ""rate"": 9.4938, ""quote"": ""MAD""}"
frankfurter,2018-07-05,EUR,1,11.068800,,,"{""base"": ""EUR"", ""date"": ""2018-07-05"", ""rate"": 11.0688, ""quote"": ""MAD""}"
frankfurter,2018-07-05,USD,1,9.462100,,,"{""base"": ""USD"", ""date"": ""2018-07-05"", ""rate"": 9.4621, ""quote"": ""MAD""}"
frankfurter,2018-07-06,EUR,1,11.072300,,,"{""base"": ""EUR"", ""date"": ""2018-07-06"", ""rate"": 11.0723, ""quote"": ""MAD""}"
frankfurter,2018-07-06,USD,1,9.452200,,,"{""base"": ""USD"", ""date"": ""2018-07-06"", ""rate"": 9.4522, ""quote"": ""MAD""}"
frankfurter,2018-07-09,EUR,1,11.095500,,,"{""base"": ""EUR"", ""date"": ""2018-07-09"", ""rate"": 11.0955, ""quote"": ""MAD""}"
frankfurter,2018-07-09,USD,1,9.420500,,,"{""base"": ""USD"", ""date"": ""2018-07-09"", ""rate"": 9.4205, ""quote"": ""MAD""}"
frankfurter,2018-07-10,EUR,1,11.065200,,,"{""base"": ""EUR"", ""date"": ""2018-07-10"", ""rate"": 11.0652, ""quote"": ""MAD""}"
frankfurter,2018-07-10,USD,1,9.461500,,,"{""base"": ""USD"", ""date"": ""2018-07-10"", ""rate"": 9.4615, ""quote"": ""MAD""}"
frankfurter,2018-07-11,EUR,1,11.072600,,,"{""base"": ""EUR"", ""date"": ""2018-07-11"", ""rate"": 11.0726, ""quote"": ""MAD""}"
frankfurter,2018-07-11,USD,1,9.451600,,,"{""base"": ""USD"", ""date"": ""2018-07-11"", ""rate"": 9.4516, ""quote"": ""MAD""}"
frankfurter,2018-07-12,EUR,1,11.052800,,,"{""base"": ""EUR"", ""date"": ""2018-07-12"", ""rate"": 11.0528, ""quote"": ""MAD""}"
frankfurter,2018-07-12,USD,1,9.480100,,,"{""base"": ""USD"", ""date"": ""2018-07-12"", ""rate"": 9.4801, ""quote"": ""MAD""}"
frankfurter,2018-07-13,EUR,1,11.041800,,,"{""base"": ""EUR"", ""date"": ""2018-07-13"", ""rate"": 11.0418, ""quote"": ""MAD""}"
frankfurter,2018-07-13,USD,1,9.495900,,,"{""base"": ""USD"", ""date"": ""2018-07-13"", ""rate"": 9.4959, ""quote"": ""MAD""}"
frankfurter,2018-07-16,EUR,1,11.075800,,,"{""base"": ""EUR"", ""date"": ""2018-07-16"", ""rate"": 11.0758, ""quote"": ""MAD""}"
frankfurter,2018-07-16,USD,1,9.448700,,,"{""base"": ""USD"", ""date"": ""2018-07-16"", ""rate"": 9.4487, ""quote"": ""MAD""}"
frankfurter,2018-07-17,EUR,1,11.072600,,,"{""base"": ""EUR"", ""date"": ""2018-07-17"", ""rate"": 11.0726, ""quote"": ""MAD""}"
frankfurter,2018-07-17,USD,1,9.451600,,,"{""base"": ""USD"", ""date"": ""2018-07-17"", ""rate"": 9.4516, ""quote"": ""MAD""}"
frankfurter,2018-07-18,EUR,1,11.032300,,,"{""base"": ""EUR"", ""date"": ""2018-07-18"", ""rate"": 11.0323, ""quote"": ""MAD""}"
frankfurter,2018-07-18,USD,1,9.493400,,,"{""base"": ""USD"", ""date"": ""2018-07-18"", ""rate"": 9.4934, ""quote"": ""MAD""}"
frankfurter,2018-07-19,EUR,1,11.021600,,,"{""base"": ""EUR"", ""date"": ""2018-07-19"", ""rate"": 11.0216, ""quote"": ""MAD""}"
frankfurter,2018-07-19,USD,1,9.508800,,,"{""base"": ""USD"", ""date"": ""2018-07-19"", ""rate"": 9.5088, ""quote"": ""MAD""}"
frankfurter,2018-07-20,EUR,1,11.043600,,,"{""base"": ""EUR"", ""date"": ""2018-07-20"", ""rate"": 11.0436, ""quote"": ""MAD""}"
frankfurter,2018-07-20,USD,1,9.478700,,,"{""base"": ""USD"", ""date"": ""2018-07-20"", ""rate"": 9.4787, ""quote"": ""MAD""}"
frankfurter,2018-07-23,EUR,1,11.057300,,,"{""base"": ""EUR"", ""date"": ""2018-07-23"", ""rate"": 11.0573, ""quote"": ""MAD""}"
frankfurter,2018-07-23,USD,1,9.438600,,,"{""base"": ""USD"", ""date"": ""2018-07-23"", ""rate"": 9.4386, ""quote"": ""MAD""}"
frankfurter,2018-07-24,EUR,1,11.054800,,,"{""base"": ""EUR"", ""date"": ""2018-07-24"", ""rate"": 11.0548, ""quote"": ""MAD""}"
frankfurter,2018-07-24,USD,1,9.439700,,,"{""base"": ""USD"", ""date"": ""2018-07-24"", ""rate"": 9.4397, ""quote"": ""MAD""}"
frankfurter,2018-07-25,EUR,1,11.048000,,,"{""base"": ""EUR"", ""date"": ""2018-07-25"", ""rate"": 11.048, ""quote"": ""MAD""}"
frankfurter,2018-07-25,USD,1,9.449200,,,"{""base"": ""USD"", ""date"": ""2018-07-25"", ""rate"": 9.4492, ""quote"": ""MAD""}"
frankfurter,2018-07-26,EUR,1,11.055200,,,"{""base"": ""EUR"", ""date"": ""2018-07-26"", ""rate"": 11.0552, ""quote"": ""MAD""}"
frankfurter,2018-07-26,USD,1,9.441600,,,"{""base"": ""USD"", ""date"": ""2018-07-26"", ""rate"": 9.4416, ""quote"": ""MAD""}"
frankfurter,2018-07-27,EUR,1,11.025800,,,"{""base"": ""EUR"", ""date"": ""2018-07-27"", ""rate"": 11.0258, ""quote"": ""MAD""}"
frankfurter,2018-07-27,USD,1,9.481300,,,"{""base"": ""USD"", ""date"": ""2018-07-27"", ""rate"": 9.4813, ""quote"": ""MAD""}"
frankfurter,2018-07-30,EUR,1,11.025800,,,"{""base"": ""EUR"", ""date"": ""2018-07-30"", ""rate"": 11.0258, ""quote"": ""MAD""}"
frankfurter,2018-07-30,USD,1,9.481300,,,"{""base"": ""USD"", ""date"": ""2018-07-30"", ""rate"": 9.4813, ""quote"": ""MAD""}"
frankfurter,2018-07-31,EUR,1,11.062800,,,"{""base"": ""EUR"", ""date"": ""2018-07-31"", ""rate"": 11.0628, ""quote"": ""MAD""}"
frankfurter,2018-07-31,USD,1,9.421600,,,"{""base"": ""USD"", ""date"": ""2018-07-31"", ""rate"": 9.4216, ""quote"": ""MAD""}"
frankfurter,2018-08-01,EUR,1,11.040800,,,"{""base"": ""EUR"", ""date"": ""2018-08-01"", ""rate"": 11.0408, ""quote"": ""MAD""}"
frankfurter,2018-08-01,USD,1,9.450300,,,"{""base"": ""USD"", ""date"": ""2018-08-01"", ""rate"": 9.4503, ""quote"": ""MAD""}"
frankfurter,2018-08-02,EUR,1,11.003600,,,"{""base"": ""EUR"", ""date"": ""2018-08-02"", ""rate"": 11.0036, ""quote"": ""MAD""}"
frankfurter,2018-08-02,USD,1,9.473600,,,"{""base"": ""USD"", ""date"": ""2018-08-02"", ""rate"": 9.4736, ""quote"": ""MAD""}"
frankfurter,2018-08-03,EUR,1,10.971400,,,"{""base"": ""EUR"", ""date"": ""2018-08-03"", ""rate"": 10.9714, ""quote"": ""MAD""}"
frankfurter,2018-08-03,USD,1,9.462200,,,"{""base"": ""USD"", ""date"": ""2018-08-03"", ""rate"": 9.4622, ""quote"": ""MAD""}"
frankfurter,2018-08-06,EUR,1,10.942100,,,"{""base"": ""EUR"", ""date"": ""2018-08-06"", ""rate"": 10.9421, ""quote"": ""MAD""}"
frankfurter,2018-08-06,USD,1,9.482700,,,"{""base"": ""USD"", ""date"": ""2018-08-06"", ""rate"": 9.4827, ""quote"": ""MAD""}"
frankfurter,2018-08-07,EUR,1,10.952400,,,"{""base"": ""EUR"", ""date"": ""2018-08-07"", ""rate"": 10.9524, ""quote"": ""MAD""}"
frankfurter,2018-08-07,USD,1,9.445000,,,"{""base"": ""USD"", ""date"": ""2018-08-07"", ""rate"": 9.445, ""quote"": ""MAD""}"
frankfurter,2018-08-08,EUR,1,10.953400,,,"{""base"": ""EUR"", ""date"": ""2018-08-08"", ""rate"": 10.9534, ""quote"": ""MAD""}"
frankfurter,2018-08-08,USD,1,9.445800,,,"{""base"": ""USD"", ""date"": ""2018-08-08"", ""rate"": 9.4458, ""quote"": ""MAD""}"
frankfurter,2018-08-09,EUR,1,10.954500,,,"{""base"": ""EUR"", ""date"": ""2018-08-09"", ""rate"": 10.9545, ""quote"": ""MAD""}"
frankfurter,2018-08-09,USD,1,9.450900,,,"{""base"": ""USD"", ""date"": ""2018-08-09"", ""rate"": 9.4509, ""quote"": ""MAD""}"
frankfurter,2018-08-10,EUR,1,10.911300,,,"{""base"": ""EUR"", ""date"": ""2018-08-10"", ""rate"": 10.9113, ""quote"": ""MAD""}"
frankfurter,2018-08-10,USD,1,9.512900,,,"{""base"": ""USD"", ""date"": ""2018-08-10"", ""rate"": 9.5129, ""quote"": ""MAD""}"
frankfurter,2018-08-13,EUR,1,10.876300,,,"{""base"": ""EUR"", ""date"": ""2018-08-13"", ""rate"": 10.8763, ""quote"": ""MAD""}"
frankfurter,2018-08-13,USD,1,9.559900,,,"{""base"": ""USD"", ""date"": ""2018-08-13"", ""rate"": 9.5599, ""quote"": ""MAD""}"
frankfurter,2018-08-14,EUR,1,10.876300,,,"{""base"": ""EUR"", ""date"": ""2018-08-14"", ""rate"": 10.8763, ""quote"": ""MAD""}"
frankfurter,2018-08-14,USD,1,9.559900,,,"{""base"": ""USD"", ""date"": ""2018-08-14"", ""rate"": 9.5599, ""quote"": ""MAD""}"
frankfurter,2018-08-15,EUR,1,10.852700,,,"{""base"": ""EUR"", ""date"": ""2018-08-15"", ""rate"": 10.8527, ""quote"": ""MAD""}"
frankfurter,2018-08-15,USD,1,9.592300,,,"{""base"": ""USD"", ""date"": ""2018-08-15"", ""rate"": 9.5923, ""quote"": ""MAD""}"
frankfurter,2018-08-16,EUR,1,10.879200,,,"{""base"": ""EUR"", ""date"": ""2018-08-16"", ""rate"": 10.8792, ""quote"": ""MAD""}"
frankfurter,2018-08-16,USD,1,9.565800,,,"{""base"": ""USD"", ""date"": ""2018-08-16"", ""rate"": 9.5658, ""quote"": ""MAD""}"
frankfurter,2018-08-17,EUR,1,10.887500,,,"{""base"": ""EUR"", ""date"": ""2018-08-17"", ""rate"": 10.8875, ""quote"": ""MAD""}"
frankfurter,2018-08-17,USD,1,9.559700,,,"{""base"": ""USD"", ""date"": ""2018-08-17"", ""rate"": 9.5597, ""quote"": ""MAD""}"
frankfurter,2018-08-23,EUR,1,10.887500,,,"{""base"": ""EUR"", ""date"": ""2018-08-23"", ""rate"": 10.8875, ""quote"": ""MAD""}"
frankfurter,2018-08-23,USD,1,9.559700,,,"{""base"": ""USD"", ""date"": ""2018-08-23"", ""rate"": 9.5597, ""quote"": ""MAD""}"
frankfurter,2018-08-24,EUR,1,10.958200,,,"{""base"": ""EUR"", ""date"": ""2018-08-24"", ""rate"": 10.9582, ""quote"": ""MAD""}"
frankfurter,2018-08-24,USD,1,9.461400,,,"{""base"": ""USD"", ""date"": ""2018-08-24"", ""rate"": 9.4614, ""quote"": ""MAD""}"
frankfurter,2018-08-27,EUR,1,10.970900,,,"{""base"": ""EUR"", ""date"": ""2018-08-27"", ""rate"": 10.9709, ""quote"": ""MAD""}"
frankfurter,2018-08-27,USD,1,9.443000,,,"{""base"": ""USD"", ""date"": ""2018-08-27"", ""rate"": 9.443, ""quote"": ""MAD""}"
frankfurter,2018-08-28,EUR,1,10.990400,,,"{""base"": ""EUR"", ""date"": ""2018-08-28"", ""rate"": 10.9904, ""quote"": ""MAD""}"
frankfurter,2018-08-28,USD,1,9.393500,,,"{""base"": ""USD"", ""date"": ""2018-08-28"", ""rate"": 9.3935, ""quote"": ""MAD""}"
frankfurter,2018-08-29,EUR,1,10.984000,,,"{""base"": ""EUR"", ""date"": ""2018-08-29"", ""rate"": 10.984, ""quote"": ""MAD""}"
frankfurter,2018-08-29,USD,1,9.421900,,,"{""base"": ""USD"", ""date"": ""2018-08-29"", ""rate"": 9.4219, ""quote"": ""MAD""}"
frankfurter,2018-08-30,EUR,1,10.993600,,,"{""base"": ""EUR"", ""date"": ""2018-08-30"", ""rate"": 10.9936, ""quote"": ""MAD""}"
frankfurter,2018-08-30,USD,1,9.402700,,,"{""base"": ""USD"", ""date"": ""2018-08-30"", ""rate"": 9.4027, ""quote"": ""MAD""}"
frankfurter,2018-08-31,EUR,1,10.980800,,,"{""base"": ""EUR"", ""date"": ""2018-08-31"", ""rate"": 10.9808, ""quote"": ""MAD""}"
frankfurter,2018-08-31,USD,1,9.418300,,,"{""base"": ""USD"", ""date"": ""2018-08-31"", ""rate"": 9.4183, ""quote"": ""MAD""}"
frankfurter,2018-09-03,EUR,1,10.965500,,,"{""base"": ""EUR"", ""date"": ""2018-09-03"", ""rate"": 10.9655, ""quote"": ""MAD""}"
frankfurter,2018-09-03,USD,1,9.440800,,,"{""base"": ""USD"", ""date"": ""2018-09-03"", ""rate"": 9.4408, ""quote"": ""MAD""}"
frankfurter,2018-09-04,EUR,1,10.936800,,,"{""base"": ""EUR"", ""date"": ""2018-09-04"", ""rate"": 10.9368, ""quote"": ""MAD""}"
frankfurter,2018-09-04,USD,1,9.465000,,,"{""base"": ""USD"", ""date"": ""2018-09-04"", ""rate"": 9.465, ""quote"": ""MAD""}"
frankfurter,2018-09-05,EUR,1,10.944800,,,"{""base"": ""EUR"", ""date"": ""2018-09-05"", ""rate"": 10.9448, ""quote"": ""MAD""}"
frankfurter,2018-09-05,USD,1,9.444900,,,"{""base"": ""USD"", ""date"": ""2018-09-05"", ""rate"": 9.4449, ""quote"": ""MAD""}"
frankfurter,2018-09-06,EUR,1,10.957300,,,"{""base"": ""EUR"", ""date"": ""2018-09-06"", ""rate"": 10.9573, ""quote"": ""MAD""}"
frankfurter,2018-09-06,USD,1,9.424000,,,"{""base"": ""USD"", ""date"": ""2018-09-06"", ""rate"": 9.424, ""quote"": ""MAD""}"
frankfurter,2018-09-07,EUR,1,10.949800,,,"{""base"": ""EUR"", ""date"": ""2018-09-07"", ""rate"": 10.9498, ""quote"": ""MAD""}"
frankfurter,2018-09-07,USD,1,9.424000,,,"{""base"": ""USD"", ""date"": ""2018-09-07"", ""rate"": 9.424, ""quote"": ""MAD""}"
frankfurter,2018-09-10,EUR,1,10.932200,,,"{""base"": ""EUR"", ""date"": ""2018-09-10"", ""rate"": 10.9322, ""quote"": ""MAD""}"
frankfurter,2018-09-10,USD,1,9.446300,,,"{""base"": ""USD"", ""date"": ""2018-09-10"", ""rate"": 9.4463, ""quote"": ""MAD""}"
frankfurter,2018-09-11,EUR,1,10.932200,,,"{""base"": ""EUR"", ""date"": ""2018-09-11"", ""rate"": 10.9322, ""quote"": ""MAD""}"
frankfurter,2018-09-11,USD,1,9.446300,,,"{""base"": ""USD"", ""date"": ""2018-09-11"", ""rate"": 9.4463, ""quote"": ""MAD""}"
frankfurter,2018-09-12,EUR,1,10.933900,,,"{""base"": ""EUR"", ""date"": ""2018-09-12"", ""rate"": 10.9339, ""quote"": ""MAD""}"
frankfurter,2018-09-12,USD,1,9.442900,,,"{""base"": ""USD"", ""date"": ""2018-09-12"", ""rate"": 9.4429, ""quote"": ""MAD""}"
frankfurter,2018-09-13,EUR,1,10.953500,,,"{""base"": ""EUR"", ""date"": ""2018-09-13"", ""rate"": 10.9535, ""quote"": ""MAD""}"
frankfurter,2018-09-13,USD,1,9.419900,,,"{""base"": ""USD"", ""date"": ""2018-09-13"", ""rate"": 9.4199, ""quote"": ""MAD""}"
frankfurter,2018-09-14,EUR,1,10.984700,,,"{""base"": ""EUR"", ""date"": ""2018-09-14"", ""rate"": 10.9847, ""quote"": ""MAD""}"
frankfurter,2018-09-14,USD,1,9.387000,,,"{""base"": ""USD"", ""date"": ""2018-09-14"", ""rate"": 9.387, ""quote"": ""MAD""}"
frankfurter,2018-09-17,EUR,1,10.967300,,,"{""base"": ""EUR"", ""date"": ""2018-09-17"", ""rate"": 10.9673, ""quote"": ""MAD""}"
frankfurter,2018-09-17,USD,1,9.406700,,,"{""base"": ""USD"", ""date"": ""2018-09-17"", ""rate"": 9.4067, ""quote"": ""MAD""}"
frankfurter,2018-09-18,EUR,1,10.976800,,,"{""base"": ""EUR"", ""date"": ""2018-09-18"", ""rate"": 10.9768, ""quote"": ""MAD""}"
frankfurter,2018-09-18,USD,1,9.393900,,,"{""base"": ""USD"", ""date"": ""2018-09-18"", ""rate"": 9.3939, ""quote"": ""MAD""}"
frankfurter,2018-09-19,EUR,1,10.979700,,,"{""base"": ""EUR"", ""date"": ""2018-09-19"", ""rate"": 10.9797, ""quote"": ""MAD""}"
frankfurter,2018-09-19,USD,1,9.400400,,,"{""base"": ""USD"", ""date"": ""2018-09-19"", ""rate"": 9.4004, ""quote"": ""MAD""}"
frankfurter,2018-09-20,EUR,1,10.990100,,,"{""base"": ""EUR"", ""date"": ""2018-09-20"", ""rate"": 10.9901, ""quote"": ""MAD""}"
frankfurter,2018-09-20,USD,1,9.378800,,,"{""base"": ""USD"", ""date"": ""2018-09-20"", ""rate"": 9.3788, ""quote"": ""MAD""}"
frankfurter,2018-09-21,EUR,1,11.009300,,,"{""base"": ""EUR"", ""date"": ""2018-09-21"", ""rate"": 11.0093, ""quote"": ""MAD""}"
frankfurter,2018-09-21,USD,1,9.356100,,,"{""base"": ""USD"", ""date"": ""2018-09-21"", ""rate"": 9.3561, ""quote"": ""MAD""}"
frankfurter,2018-09-24,EUR,1,11.005800,,,"{""base"": ""EUR"", ""date"": ""2018-09-24"", ""rate"": 11.0058, ""quote"": ""MAD""}"
frankfurter,2018-09-24,USD,1,9.353900,,,"{""base"": ""USD"", ""date"": ""2018-09-24"", ""rate"": 9.3539, ""quote"": ""MAD""}"
frankfurter,2018-09-25,EUR,1,11.005100,,,"{""base"": ""EUR"", ""date"": ""2018-09-25"", ""rate"": 11.0051, ""quote"": ""MAD""}"
frankfurter,2018-09-25,USD,1,9.356500,,,"{""base"": ""USD"", ""date"": ""2018-09-25"", ""rate"": 9.3565, ""quote"": ""MAD""}"
frankfurter,2018-09-26,EUR,1,10.999100,,,"{""base"": ""EUR"", ""date"": ""2018-09-26"", ""rate"": 10.9991, ""quote"": ""MAD""}"
frankfurter,2018-09-26,USD,1,9.364900,,,"{""base"": ""USD"", ""date"": ""2018-09-26"", ""rate"": 9.3649, ""quote"": ""MAD""}"
frankfurter,2018-09-27,EUR,1,10.988200,,,"{""base"": ""EUR"", ""date"": ""2018-09-27"", ""rate"": 10.9882, ""quote"": ""MAD""}"
frankfurter,2018-09-27,USD,1,9.381200,,,"{""base"": ""USD"", ""date"": ""2018-09-27"", ""rate"": 9.3812, ""quote"": ""MAD""}"
frankfurter,2018-09-28,EUR,1,10.941400,,,"{""base"": ""EUR"", ""date"": ""2018-09-28"", ""rate"": 10.9414, ""quote"": ""MAD""}"
frankfurter,2018-09-28,USD,1,9.451000,,,"{""base"": ""USD"", ""date"": ""2018-09-28"", ""rate"": 9.451, ""quote"": ""MAD""}"
frankfurter,2018-10-01,EUR,1,10.945200,,,"{""base"": ""EUR"", ""date"": ""2018-10-01"", ""rate"": 10.9452, ""quote"": ""MAD""}"
frankfurter,2018-10-01,USD,1,9.425000,,,"{""base"": ""USD"", ""date"": ""2018-10-01"", ""rate"": 9.425, ""quote"": ""MAD""}"
frankfurter,2018-10-02,EUR,1,10.915900,,,"{""base"": ""EUR"", ""date"": ""2018-10-02"", ""rate"": 10.9159, ""quote"": ""MAD""}"
frankfurter,2018-10-02,USD,1,9.468200,,,"{""base"": ""USD"", ""date"": ""2018-10-02"", ""rate"": 9.4682, ""quote"": ""MAD""}"
frankfurter,2018-10-03,EUR,1,10.922300,,,"{""base"": ""EUR"", ""date"": ""2018-10-03"", ""rate"": 10.9223, ""quote"": ""MAD""}"
frankfurter,2018-10-03,USD,1,9.460600,,,"{""base"": ""USD"", ""date"": ""2018-10-03"", ""rate"": 9.4606, ""quote"": ""MAD""}"
frankfurter,2018-10-04,EUR,1,10.903900,,,"{""base"": ""EUR"", ""date"": ""2018-10-04"", ""rate"": 10.9039, ""quote"": ""MAD""}"
frankfurter,2018-10-04,USD,1,9.483300,,,"{""base"": ""USD"", ""date"": ""2018-10-04"", ""rate"": 9.4833, ""quote"": ""MAD""}"
frankfurter,2018-10-05,EUR,1,10.907100,,,"{""base"": ""EUR"", ""date"": ""2018-10-05"", ""rate"": 10.9071, ""quote"": ""MAD""}"
frankfurter,2018-10-05,USD,1,9.482000,,,"{""base"": ""USD"", ""date"": ""2018-10-05"", ""rate"": 9.482, ""quote"": ""MAD""}"
frankfurter,2018-10-09,EUR,1,10.884800,,,"{""base"": ""EUR"", ""date"": ""2018-10-09"", ""rate"": 10.8848, ""quote"": ""MAD""}"
frankfurter,2018-10-09,USD,1,9.510500,,,"{""base"": ""USD"", ""date"": ""2018-10-09"", ""rate"": 9.5105, ""quote"": ""MAD""}"
frankfurter,2018-10-10,EUR,1,10.905100,,,"{""base"": ""EUR"", ""date"": ""2018-10-10"", ""rate"": 10.9051, ""quote"": ""MAD""}"
frankfurter,2018-10-10,USD,1,9.483500,,,"{""base"": ""USD"", ""date"": ""2018-10-10"", ""rate"": 9.4835, ""quote"": ""MAD""}"
frankfurter,2018-10-11,EUR,1,10.931600,,,"{""base"": ""EUR"", ""date"": ""2018-10-11"", ""rate"": 10.9316, ""quote"": ""MAD""}"
frankfurter,2018-10-11,USD,1,9.446600,,,"{""base"": ""USD"", ""date"": ""2018-10-11"", ""rate"": 9.4466, ""quote"": ""MAD""}"
frankfurter,2018-10-12,EUR,1,10.935500,,,"{""base"": ""EUR"", ""date"": ""2018-10-12"", ""rate"": 10.9355, ""quote"": ""MAD""}"
frankfurter,2018-10-12,USD,1,9.439400,,,"{""base"": ""USD"", ""date"": ""2018-10-12"", ""rate"": 9.4394, ""quote"": ""MAD""}"
frankfurter,2018-10-15,EUR,1,10.939800,,,"{""base"": ""EUR"", ""date"": ""2018-10-15"", ""rate"": 10.9398, ""quote"": ""MAD""}"
frankfurter,2018-10-15,USD,1,9.434900,,,"{""base"": ""USD"", ""date"": ""2018-10-15"", ""rate"": 9.4349, ""quote"": ""MAD""}"
frankfurter,2018-10-16,EUR,1,10.934000,,,"{""base"": ""EUR"", ""date"": ""2018-10-16"", ""rate"": 10.934, ""quote"": ""MAD""}"
frankfurter,2018-10-16,USD,1,9.443000,,,"{""base"": ""USD"", ""date"": ""2018-10-16"", ""rate"": 9.443, ""quote"": ""MAD""}"
frankfurter,2018-10-17,EUR,1,10.922200,,,"{""base"": ""EUR"", ""date"": ""2018-10-17"", ""rate"": 10.9222, ""quote"": ""MAD""}"
frankfurter,2018-10-17,USD,1,9.459700,,,"{""base"": ""USD"", ""date"": ""2018-10-17"", ""rate"": 9.4597, ""quote"": ""MAD""}"
frankfurter,2018-10-18,EUR,1,10.911700,,,"{""base"": ""EUR"", ""date"": ""2018-10-18"", ""rate"": 10.9117, ""quote"": ""MAD""}"
frankfurter,2018-10-18,USD,1,9.473600,,,"{""base"": ""USD"", ""date"": ""2018-10-18"", ""rate"": 9.4736, ""quote"": ""MAD""}"
frankfurter,2018-10-19,EUR,1,10.895500,,,"{""base"": ""EUR"", ""date"": ""2018-10-19"", ""rate"": 10.8955, ""quote"": ""MAD""}"
frankfurter,2018-10-19,USD,1,9.497500,,,"{""base"": ""USD"", ""date"": ""2018-10-19"", ""rate"": 9.4975, ""quote"": ""MAD""}"
frankfurter,2018-10-22,EUR,1,10.905800,,,"{""base"": ""EUR"", ""date"": ""2018-10-22"", ""rate"": 10.9058, ""quote"": ""MAD""}"
frankfurter,2018-10-22,USD,1,9.481700,,,"{""base"": ""USD"", ""date"": ""2018-10-22"", ""rate"": 9.4817, ""quote"": ""MAD""}"
frankfurter,2018-10-23,EUR,1,10.891300,,,"{""base"": ""EUR"", ""date"": ""2018-10-23"", ""rate"": 10.8913, ""quote"": ""MAD""}"
frankfurter,2018-10-23,USD,1,9.502100,,,"{""base"": ""USD"", ""date"": ""2018-10-23"", ""rate"": 9.5021, ""quote"": ""MAD""}"
frankfurter,2018-10-24,EUR,1,10.868000,,,"{""base"": ""EUR"", ""date"": ""2018-10-24"", ""rate"": 10.868, ""quote"": ""MAD""}"
frankfurter,2018-10-24,USD,1,9.527500,,,"{""base"": ""USD"", ""date"": ""2018-10-24"", ""rate"": 9.5275, ""quote"": ""MAD""}"
frankfurter,2018-10-25,EUR,1,10.869000,,,"{""base"": ""EUR"", ""date"": ""2018-10-25"", ""rate"": 10.869, ""quote"": ""MAD""}"
frankfurter,2018-10-25,USD,1,9.532500,,,"{""base"": ""USD"", ""date"": ""2018-10-25"", ""rate"": 9.5325, ""quote"": ""MAD""}"
frankfurter,2018-10-26,EUR,1,10.848600,,,"{""base"": ""EUR"", ""date"": ""2018-10-26"", ""rate"": 10.8486, ""quote"": ""MAD""}"
frankfurter,2018-10-26,USD,1,9.563300,,,"{""base"": ""USD"", ""date"": ""2018-10-26"", ""rate"": 9.5633, ""quote"": ""MAD""}"
frankfurter,2018-10-29,EUR,1,10.872400,,,"{""base"": ""EUR"", ""date"": ""2018-10-29"", ""rate"": 10.8724, ""quote"": ""MAD""}"
frankfurter,2018-10-29,USD,1,9.527200,,,"{""base"": ""USD"", ""date"": ""2018-10-29"", ""rate"": 9.5272, ""quote"": ""MAD""}"
frankfurter,2018-10-30,EUR,1,10.850400,,,"{""base"": ""EUR"", ""date"": ""2018-10-30"", ""rate"": 10.8504, ""quote"": ""MAD""}"
frankfurter,2018-10-30,USD,1,9.559800,,,"{""base"": ""USD"", ""date"": ""2018-10-30"", ""rate"": 9.5598, ""quote"": ""MAD""}"
frankfurter,2018-10-31,EUR,1,10.845300,,,"{""base"": ""EUR"", ""date"": ""2018-10-31"", ""rate"": 10.8453, ""quote"": ""MAD""}"
frankfurter,2018-10-31,USD,1,9.564600,,,"{""base"": ""USD"", ""date"": ""2018-10-31"", ""rate"": 9.5646, ""quote"": ""MAD""}"
frankfurter,2018-11-01,EUR,1,10.861300,,,"{""base"": ""EUR"", ""date"": ""2018-11-01"", ""rate"": 10.8613, ""quote"": ""MAD""}"
frankfurter,2018-11-01,USD,1,9.543400,,,"{""base"": ""USD"", ""date"": ""2018-11-01"", ""rate"": 9.5434, ""quote"": ""MAD""}"
frankfurter,2018-11-02,EUR,1,10.877100,,,"{""base"": ""EUR"", ""date"": ""2018-11-02"", ""rate"": 10.8771, ""quote"": ""MAD""}"
frankfurter,2018-11-02,USD,1,9.498800,,,"{""base"": ""USD"", ""date"": ""2018-11-02"", ""rate"": 9.4988, ""quote"": ""MAD""}"
frankfurter,2018-11-05,EUR,1,10.828700,,,"{""base"": ""EUR"", ""date"": ""2018-11-05"", ""rate"": 10.8287, ""quote"": ""MAD""}"
frankfurter,2018-11-05,USD,1,9.514700,,,"{""base"": ""USD"", ""date"": ""2018-11-05"", ""rate"": 9.5147, ""quote"": ""MAD""}"
frankfurter,2018-11-07,EUR,1,10.865800,,,"{""base"": ""EUR"", ""date"": ""2018-11-07"", ""rate"": 10.8658, ""quote"": ""MAD""}"
frankfurter,2018-11-07,USD,1,9.457600,,,"{""base"": ""USD"", ""date"": ""2018-11-07"", ""rate"": 9.4576, ""quote"": ""MAD""}"
frankfurter,2018-11-08,EUR,1,10.839300,,,"{""base"": ""EUR"", ""date"": ""2018-11-08"", ""rate"": 10.8393, ""quote"": ""MAD""}"
frankfurter,2018-11-08,USD,1,9.491500,,,"{""base"": ""USD"", ""date"": ""2018-11-08"", ""rate"": 9.4915, ""quote"": ""MAD""}"
frankfurter,2018-11-09,EUR,1,10.811200,,,"{""base"": ""EUR"", ""date"": ""2018-11-09"", ""rate"": 10.8112, ""quote"": ""MAD""}"
frankfurter,2018-11-09,USD,1,9.527000,,,"{""base"": ""USD"", ""date"": ""2018-11-09"", ""rate"": 9.527, ""quote"": ""MAD""}"
frankfurter,2018-11-12,EUR,1,10.772500,,,"{""base"": ""EUR"", ""date"": ""2018-11-12"", ""rate"": 10.7725, ""quote"": ""MAD""}"
frankfurter,2018-11-12,USD,1,9.576400,,,"{""base"": ""USD"", ""date"": ""2018-11-12"", ""rate"": 9.5764, ""quote"": ""MAD""}"
frankfurter,2018-11-13,EUR,1,10.770100,,,"{""base"": ""EUR"", ""date"": ""2018-11-13"", ""rate"": 10.7701, ""quote"": ""MAD""}"
frankfurter,2018-11-13,USD,1,9.580200,,,"{""base"": ""USD"", ""date"": ""2018-11-13"", ""rate"": 9.5802, ""quote"": ""MAD""}"
frankfurter,2018-11-14,EUR,1,10.780500,,,"{""base"": ""EUR"", ""date"": ""2018-11-14"", ""rate"": 10.7805, ""quote"": ""MAD""}"
frankfurter,2018-11-14,USD,1,9.566500,,,"{""base"": ""USD"", ""date"": ""2018-11-14"", ""rate"": 9.5665, ""quote"": ""MAD""}"
frankfurter,2018-11-15,EUR,1,10.793200,,,"{""base"": ""EUR"", ""date"": ""2018-11-15"", ""rate"": 10.7932, ""quote"": ""MAD""}"
frankfurter,2018-11-15,USD,1,9.547300,,,"{""base"": ""USD"", ""date"": ""2018-11-15"", ""rate"": 9.5473, ""quote"": ""MAD""}"
frankfurter,2018-11-16,EUR,1,10.790100,,,"{""base"": ""EUR"", ""date"": ""2018-11-16"", ""rate"": 10.7901, ""quote"": ""MAD""}"
frankfurter,2018-11-16,USD,1,9.526000,,,"{""base"": ""USD"", ""date"": ""2018-11-16"", ""rate"": 9.526, ""quote"": ""MAD""}"
frankfurter,2018-11-19,EUR,1,10.821700,,,"{""base"": ""EUR"", ""date"": ""2018-11-19"", ""rate"": 10.8217, ""quote"": ""MAD""}"
frankfurter,2018-11-19,USD,1,9.474400,,,"{""base"": ""USD"", ""date"": ""2018-11-19"", ""rate"": 9.4744, ""quote"": ""MAD""}"
frankfurter,2018-11-22,EUR,1,10.819500,,,"{""base"": ""EUR"", ""date"": ""2018-11-22"", ""rate"": 10.8195, ""quote"": ""MAD""}"
frankfurter,2018-11-22,USD,1,9.478300,,,"{""base"": ""USD"", ""date"": ""2018-11-22"", ""rate"": 9.4783, ""quote"": ""MAD""}"
frankfurter,2018-11-23,EUR,1,10.790900,,,"{""base"": ""EUR"", ""date"": ""2018-11-23"", ""rate"": 10.7909, ""quote"": ""MAD""}"
frankfurter,2018-11-23,USD,1,9.511600,,,"{""base"": ""USD"", ""date"": ""2018-11-23"", ""rate"": 9.5116, ""quote"": ""MAD""}"
frankfurter,2018-11-26,EUR,1,10.799300,,,"{""base"": ""EUR"", ""date"": ""2018-11-26"", ""rate"": 10.7993, ""quote"": ""MAD""}"
frankfurter,2018-11-26,USD,1,9.499700,,,"{""base"": ""USD"", ""date"": ""2018-11-26"", ""rate"": 9.4997, ""quote"": ""MAD""}"
frankfurter,2018-11-27,EUR,1,10.780600,,,"{""base"": ""EUR"", ""date"": ""2018-11-27"", ""rate"": 10.7806, ""quote"": ""MAD""}"
frankfurter,2018-11-27,USD,1,9.525200,,,"{""base"": ""USD"", ""date"": ""2018-11-27"", ""rate"": 9.5252, ""quote"": ""MAD""}"
frankfurter,2018-11-28,EUR,1,10.770800,,,"{""base"": ""EUR"", ""date"": ""2018-11-28"", ""rate"": 10.7708, ""quote"": ""MAD""}"
frankfurter,2018-11-28,USD,1,9.539300,,,"{""base"": ""USD"", ""date"": ""2018-11-28"", ""rate"": 9.5393, ""quote"": ""MAD""}"
frankfurter,2018-11-29,EUR,1,10.794100,,,"{""base"": ""EUR"", ""date"": ""2018-11-29"", ""rate"": 10.7941, ""quote"": ""MAD""}"
frankfurter,2018-11-29,USD,1,9.506000,,,"{""base"": ""USD"", ""date"": ""2018-11-29"", ""rate"": 9.506, ""quote"": ""MAD""}"
frankfurter,2018-11-30,EUR,1,10.802500,,,"{""base"": ""EUR"", ""date"": ""2018-11-30"", ""rate"": 10.8025, ""quote"": ""MAD""}"
frankfurter,2018-11-30,USD,1,9.494200,,,"{""base"": ""USD"", ""date"": ""2018-11-30"", ""rate"": 9.4942, ""quote"": ""MAD""}"
frankfurter,2018-12-03,EUR,1,10.785800,,,"{""base"": ""EUR"", ""date"": ""2018-12-03"", ""rate"": 10.7858, ""quote"": ""MAD""}"
frankfurter,2018-12-03,USD,1,9.518000,,,"{""base"": ""USD"", ""date"": ""2018-12-03"", ""rate"": 9.518, ""quote"": ""MAD""}"
frankfurter,2018-12-04,EUR,1,10.816200,,,"{""base"": ""EUR"", ""date"": ""2018-12-04"", ""rate"": 10.8162, ""quote"": ""MAD""}"
frankfurter,2018-12-04,USD,1,9.474600,,,"{""base"": ""USD"", ""date"": ""2018-12-04"", ""rate"": 9.4746, ""quote"": ""MAD""}"
frankfurter,2018-12-05,EUR,1,10.793900,,,"{""base"": ""EUR"", ""date"": ""2018-12-05"", ""rate"": 10.7939, ""quote"": ""MAD""}"
frankfurter,2018-12-05,USD,1,9.505000,,,"{""base"": ""USD"", ""date"": ""2018-12-05"", ""rate"": 9.505, ""quote"": ""MAD""}"
frankfurter,2018-12-06,EUR,1,10.786700,,,"{""base"": ""EUR"", ""date"": ""2018-12-06"", ""rate"": 10.7867, ""quote"": ""MAD""}"
frankfurter,2018-12-06,USD,1,9.515400,,,"{""base"": ""USD"", ""date"": ""2018-12-06"", ""rate"": 9.5154, ""quote"": ""MAD""}"
frankfurter,2018-12-07,EUR,1,10.801200,,,"{""base"": ""EUR"", ""date"": ""2018-12-07"", ""rate"": 10.8012, ""quote"": ""MAD""}"
frankfurter,2018-12-07,USD,1,9.496400,,,"{""base"": ""USD"", ""date"": ""2018-12-07"", ""rate"": 9.4964, ""quote"": ""MAD""}"
frankfurter,2018-12-10,EUR,1,10.815500,,,"{""base"": ""EUR"", ""date"": ""2018-12-10"", ""rate"": 10.8155, ""quote"": ""MAD""}"
frankfurter,2018-12-10,USD,1,9.474800,,,"{""base"": ""USD"", ""date"": ""2018-12-10"", ""rate"": 9.4748, ""quote"": ""MAD""}"
frankfurter,2018-12-11,EUR,1,10.804900,,,"{""base"": ""EUR"", ""date"": ""2018-12-11"", ""rate"": 10.8049, ""quote"": ""MAD""}"
frankfurter,2018-12-11,USD,1,9.489600,,,"{""base"": ""USD"", ""date"": ""2018-12-11"", ""rate"": 9.4896, ""quote"": ""MAD""}"
frankfurter,2018-12-12,EUR,1,10.787000,,,"{""base"": ""EUR"", ""date"": ""2018-12-12"", ""rate"": 10.787, ""quote"": ""MAD""}"
frankfurter,2018-12-12,USD,1,9.516500,,,"{""base"": ""USD"", ""date"": ""2018-12-12"", ""rate"": 9.5165, ""quote"": ""MAD""}"
frankfurter,2018-12-13,EUR,1,10.852000,,,"{""base"": ""EUR"", ""date"": ""2018-12-13"", ""rate"": 10.852, ""quote"": ""MAD""}"
frankfurter,2018-12-13,USD,1,9.536000,,,"{""base"": ""USD"", ""date"": ""2018-12-13"", ""rate"": 9.536, ""quote"": ""MAD""}"
frankfurter,2018-12-14,EUR,1,10.860700,,,"{""base"": ""EUR"", ""date"": ""2018-12-14"", ""rate"": 10.8607, ""quote"": ""MAD""}"
frankfurter,2018-12-14,USD,1,9.607000,,,"{""base"": ""USD"", ""date"": ""2018-12-14"", ""rate"": 9.607, ""quote"": ""MAD""}"
frankfurter,2018-12-17,EUR,1,10.877900,,,"{""base"": ""EUR"", ""date"": ""2018-12-17"", ""rate"": 10.8779, ""quote"": ""MAD""}"
frankfurter,2018-12-17,USD,1,9.594200,,,"{""base"": ""USD"", ""date"": ""2018-12-17"", ""rate"": 9.5942, ""quote"": ""MAD""}"
frankfurter,2018-12-18,EUR,1,10.893100,,,"{""base"": ""EUR"", ""date"": ""2018-12-18"", ""rate"": 10.8931, ""quote"": ""MAD""}"
frankfurter,2018-12-18,USD,1,9.557900,,,"{""base"": ""USD"", ""date"": ""2018-12-18"", ""rate"": 9.5579, ""quote"": ""MAD""}"
frankfurter,2018-12-19,EUR,1,10.887700,,,"{""base"": ""EUR"", ""date"": ""2018-12-19"", ""rate"": 10.8877, ""quote"": ""MAD""}"
frankfurter,2018-12-19,USD,1,9.543100,,,"{""base"": ""USD"", ""date"": ""2018-12-19"", ""rate"": 9.5431, ""quote"": ""MAD""}"
frankfurter,2018-12-20,EUR,1,10.903700,,,"{""base"": ""EUR"", ""date"": ""2018-12-20"", ""rate"": 10.9037, ""quote"": ""MAD""}"
frankfurter,2018-12-20,USD,1,9.498800,,,"{""base"": ""USD"", ""date"": ""2018-12-20"", ""rate"": 9.4988, ""quote"": ""MAD""}"
frankfurter,2018-12-21,EUR,1,10.880800,,,"{""base"": ""EUR"", ""date"": ""2018-12-21"", ""rate"": 10.8808, ""quote"": ""MAD""}"
frankfurter,2018-12-21,USD,1,9.527000,,,"{""base"": ""USD"", ""date"": ""2018-12-21"", ""rate"": 9.527, ""quote"": ""MAD""}"
frankfurter,2018-12-24,EUR,1,10.875400,,,"{""base"": ""EUR"", ""date"": ""2018-12-24"", ""rate"": 10.8754, ""quote"": ""MAD""}"
frankfurter,2018-12-24,USD,1,9.537300,,,"{""base"": ""USD"", ""date"": ""2018-12-24"", ""rate"": 9.5373, ""quote"": ""MAD""}"
frankfurter,2018-12-27,EUR,1,10.892200,,,"{""base"": ""EUR"", ""date"": ""2018-12-27"", ""rate"": 10.8922, ""quote"": ""MAD""}"
frankfurter,2018-12-27,USD,1,9.553700,,,"{""base"": ""USD"", ""date"": ""2018-12-27"", ""rate"": 9.5537, ""quote"": ""MAD""}"
frankfurter,2018-12-28,EUR,1,10.930000,,,"{""base"": ""EUR"", ""date"": ""2018-12-28"", ""rate"": 10.93, ""quote"": ""MAD""}"
frankfurter,2018-12-28,USD,1,9.530000,,,"{""base"": ""USD"", ""date"": ""2018-12-28"", ""rate"": 9.53, ""quote"": ""MAD""}"
frankfurter,2018-12-31,EUR,1,10.952500,,,"{""base"": ""EUR"", ""date"": ""2018-12-31"", ""rate"": 10.9525, ""quote"": ""MAD""}"
frankfurter,2018-12-31,USD,1,9.565500,,,"{""base"": ""USD"", ""date"": ""2018-12-31"", ""rate"": 9.5655, ""quote"": ""MAD""}"
frankfurter,2019-01-02,EUR,1,10.943000,,,"{""base"": ""EUR"", ""date"": ""2019-01-02"", ""rate"": 10.943, ""quote"": ""MAD""}"
frankfurter,2019-01-02,USD,1,9.576400,,,"{""base"": ""USD"", ""date"": ""2019-01-02"", ""rate"": 9.5764, ""quote"": ""MAD""}"
frankfurter,2019-01-03,EUR,1,10.854300,,,"{""base"": ""EUR"", ""date"": ""2019-01-03"", ""rate"": 10.8543, ""quote"": ""MAD""}"
frankfurter,2019-01-03,USD,1,9.557400,,,"{""base"": ""USD"", ""date"": ""2019-01-03"", ""rate"": 9.5574, ""quote"": ""MAD""}"
frankfurter,2019-01-04,EUR,1,10.859300,,,"{""base"": ""EUR"", ""date"": ""2019-01-04"", ""rate"": 10.8593, ""quote"": ""MAD""}"
frankfurter,2019-01-04,USD,1,9.519000,,,"{""base"": ""USD"", ""date"": ""2019-01-04"", ""rate"": 9.519, ""quote"": ""MAD""}"
frankfurter,2019-01-07,EUR,1,10.864500,,,"{""base"": ""EUR"", ""date"": ""2019-01-07"", ""rate"": 10.8645, ""quote"": ""MAD""}"
frankfurter,2019-01-07,USD,1,9.499400,,,"{""base"": ""USD"", ""date"": ""2019-01-07"", ""rate"": 9.4994, ""quote"": ""MAD""}"
frankfurter,2019-01-08,EUR,1,10.869300,,,"{""base"": ""EUR"", ""date"": ""2019-01-08"", ""rate"": 10.8693, ""quote"": ""MAD""}"
frankfurter,2019-01-08,USD,1,9.497000,,,"{""base"": ""USD"", ""date"": ""2019-01-08"", ""rate"": 9.497, ""quote"": ""MAD""}"
frankfurter,2019-01-09,EUR,1,10.871500,,,"{""base"": ""EUR"", ""date"": ""2019-01-09"", ""rate"": 10.8715, ""quote"": ""MAD""}"
frankfurter,2019-01-09,USD,1,9.493100,,,"{""base"": ""USD"", ""date"": ""2019-01-09"", ""rate"": 9.4931, ""quote"": ""MAD""}"
frankfurter,2019-01-10,EUR,1,10.913100,,,"{""base"": ""EUR"", ""date"": ""2019-01-10"", ""rate"": 10.9131, ""quote"": ""MAD""}"
frankfurter,2019-01-10,USD,1,9.461700,,,"{""base"": ""USD"", ""date"": ""2019-01-10"", ""rate"": 9.4617, ""quote"": ""MAD""}"
frankfurter,2019-01-14,EUR,1,10.903400,,,"{""base"": ""EUR"", ""date"": ""2019-01-14"", ""rate"": 10.9034, ""quote"": ""MAD""}"
frankfurter,2019-01-14,USD,1,9.516000,,,"{""base"": ""USD"", ""date"": ""2019-01-14"", ""rate"": 9.516, ""quote"": ""MAD""}"
frankfurter,2019-01-15,EUR,1,10.883000,,,"{""base"": ""EUR"", ""date"": ""2019-01-15"", ""rate"": 10.883, ""quote"": ""MAD""}"
frankfurter,2019-01-15,USD,1,9.520600,,,"{""base"": ""USD"", ""date"": ""2019-01-15"", ""rate"": 9.5206, ""quote"": ""MAD""}"
frankfurter,2019-01-16,EUR,1,10.882400,,,"{""base"": ""EUR"", ""date"": ""2019-01-16"", ""rate"": 10.8824, ""quote"": ""MAD""}"
frankfurter,2019-01-16,USD,1,9.547600,,,"{""base"": ""USD"", ""date"": ""2019-01-16"", ""rate"": 9.5476, ""quote"": ""MAD""}"
frankfurter,2019-01-17,EUR,1,10.881000,,,"{""base"": ""EUR"", ""date"": ""2019-01-17"", ""rate"": 10.881, ""quote"": ""MAD""}"
frankfurter,2019-01-17,USD,1,9.544700,,,"{""base"": ""USD"", ""date"": ""2019-01-17"", ""rate"": 9.5447, ""quote"": ""MAD""}"
frankfurter,2019-01-18,EUR,1,10.882700,,,"{""base"": ""EUR"", ""date"": ""2019-01-18"", ""rate"": 10.8827, ""quote"": ""MAD""}"
frankfurter,2019-01-18,USD,1,9.543700,,,"{""base"": ""USD"", ""date"": ""2019-01-18"", ""rate"": 9.5437, ""quote"": ""MAD""}"
frankfurter,2019-01-21,EUR,1,10.873600,,,"{""base"": ""EUR"", ""date"": ""2019-01-21"", ""rate"": 10.8736, ""quote"": ""MAD""}"
frankfurter,2019-01-21,USD,1,9.560900,,,"{""base"": ""USD"", ""date"": ""2019-01-21"", ""rate"": 9.5609, ""quote"": ""MAD""}"
frankfurter,2019-01-22,EUR,1,10.866100,,,"{""base"": ""EUR"", ""date"": ""2019-01-22"", ""rate"": 10.8661, ""quote"": ""MAD""}"
frankfurter,2019-01-22,USD,1,9.565200,,,"{""base"": ""USD"", ""date"": ""2019-01-22"", ""rate"": 9.5652, ""quote"": ""MAD""}"
frankfurter,2019-01-23,EUR,1,10.865600,,,"{""base"": ""EUR"", ""date"": ""2019-01-23"", ""rate"": 10.8656, ""quote"": ""MAD""}"
frankfurter,2019-01-23,USD,1,9.562300,,,"{""base"": ""USD"", ""date"": ""2019-01-23"", ""rate"": 9.5623, ""quote"": ""MAD""}"
frankfurter,2019-01-24,EUR,1,10.866900,,,"{""base"": ""EUR"", ""date"": ""2019-01-24"", ""rate"": 10.8669, ""quote"": ""MAD""}"
frankfurter,2019-01-24,USD,1,9.588700,,,"{""base"": ""USD"", ""date"": ""2019-01-24"", ""rate"": 9.5887, ""quote"": ""MAD""}"
frankfurter,2019-01-25,EUR,1,10.867700,,,"{""base"": ""EUR"", ""date"": ""2019-01-25"", ""rate"": 10.8677, ""quote"": ""MAD""}"
frankfurter,2019-01-25,USD,1,9.586900,,,"{""base"": ""USD"", ""date"": ""2019-01-25"", ""rate"": 9.5869, ""quote"": ""MAD""}"
frankfurter,2019-01-28,EUR,1,10.894400,,,"{""base"": ""EUR"", ""date"": ""2019-01-28"", ""rate"": 10.8944, ""quote"": ""MAD""}"
frankfurter,2019-01-28,USD,1,9.538900,,,"{""base"": ""USD"", ""date"": ""2019-01-28"", ""rate"": 9.5389, ""quote"": ""MAD""}"
frankfurter,2019-01-29,EUR,1,10.893900,,,"{""base"": ""EUR"", ""date"": ""2019-01-29"", ""rate"": 10.8939, ""quote"": ""MAD""}"
frankfurter,2019-01-29,USD,1,9.525100,,,"{""base"": ""USD"", ""date"": ""2019-01-29"", ""rate"": 9.5251, ""quote"": ""MAD""}"
frankfurter,2019-01-30,EUR,1,10.889400,,,"{""base"": ""EUR"", ""date"": ""2019-01-30"", ""rate"": 10.8894, ""quote"": ""MAD""}"
frankfurter,2019-01-30,USD,1,9.531200,,,"{""base"": ""USD"", ""date"": ""2019-01-30"", ""rate"": 9.5312, ""quote"": ""MAD""}"
frankfurter,2019-01-31,EUR,1,10.924700,,,"{""base"": ""EUR"", ""date"": ""2019-01-31"", ""rate"": 10.9247, ""quote"": ""MAD""}"
frankfurter,2019-01-31,USD,1,9.514600,,,"{""base"": ""USD"", ""date"": ""2019-01-31"", ""rate"": 9.5146, ""quote"": ""MAD""}"
frankfurter,2019-02-01,EUR,1,10.915700,,,"{""base"": ""EUR"", ""date"": ""2019-02-01"", ""rate"": 10.9157, ""quote"": ""MAD""}"
frankfurter,2019-02-01,USD,1,9.519200,,,"{""base"": ""USD"", ""date"": ""2019-02-01"", ""rate"": 9.5192, ""quote"": ""MAD""}"
frankfurter,2019-02-04,EUR,1,10.909000,,,"{""base"": ""EUR"", ""date"": ""2019-02-04"", ""rate"": 10.909, ""quote"": ""MAD""}"
frankfurter,2019-02-04,USD,1,9.528300,,,"{""base"": ""USD"", ""date"": ""2019-02-04"", ""rate"": 9.5283, ""quote"": ""MAD""}"
frankfurter,2019-02-05,EUR,1,10.894200,,,"{""base"": ""EUR"", ""date"": ""2019-02-05"", ""rate"": 10.8942, ""quote"": ""MAD""}"
frankfurter,2019-02-05,USD,1,9.543800,,,"{""base"": ""USD"", ""date"": ""2019-02-05"", ""rate"": 9.5438, ""quote"": ""MAD""}"
frankfurter,2019-02-06,EUR,1,10.869000,,,"{""base"": ""EUR"", ""date"": ""2019-02-06"", ""rate"": 10.869, ""quote"": ""MAD""}"
frankfurter,2019-02-06,USD,1,9.543400,,,"{""base"": ""USD"", ""date"": ""2019-02-06"", ""rate"": 9.5434, ""quote"": ""MAD""}"
frankfurter,2019-02-07,EUR,1,10.830600,,,"{""base"": ""EUR"", ""date"": ""2019-02-07"", ""rate"": 10.8306, ""quote"": ""MAD""}"
frankfurter,2019-02-07,USD,1,9.554200,,,"{""base"": ""USD"", ""date"": ""2019-02-07"", ""rate"": 9.5542, ""quote"": ""MAD""}"
frankfurter,2019-02-08,EUR,1,10.810300,,,"{""base"": ""EUR"", ""date"": ""2019-02-08"", ""rate"": 10.8103, ""quote"": ""MAD""}"
frankfurter,2019-02-08,USD,1,9.531200,,,"{""base"": ""USD"", ""date"": ""2019-02-08"", ""rate"": 9.5312, ""quote"": ""MAD""}"
frankfurter,2019-02-11,EUR,1,10.781400,,,"{""base"": ""EUR"", ""date"": ""2019-02-11"", ""rate"": 10.7814, ""quote"": ""MAD""}"
frankfurter,2019-02-11,USD,1,9.534300,,,"{""base"": ""USD"", ""date"": ""2019-02-11"", ""rate"": 9.5343, ""quote"": ""MAD""}"
frankfurter,2019-02-12,EUR,1,10.749300,,,"{""base"": ""EUR"", ""date"": ""2019-02-12"", ""rate"": 10.7493, ""quote"": ""MAD""}"
frankfurter,2019-02-12,USD,1,9.527800,,,"{""base"": ""USD"", ""date"": ""2019-02-12"", ""rate"": 9.5278, ""quote"": ""MAD""}"
frankfurter,2019-02-13,EUR,1,10.769400,,,"{""base"": ""EUR"", ""date"": ""2019-02-13"", ""rate"": 10.7694, ""quote"": ""MAD""}"
frankfurter,2019-02-13,USD,1,9.517000,,,"{""base"": ""USD"", ""date"": ""2019-02-13"", ""rate"": 9.517, ""quote"": ""MAD""}"
frankfurter,2019-02-14,EUR,1,10.776100,,,"{""base"": ""EUR"", ""date"": ""2019-02-14"", ""rate"": 10.7761, ""quote"": ""MAD""}"
frankfurter,2019-02-14,USD,1,9.555800,,,"{""base"": ""USD"", ""date"": ""2019-02-14"", ""rate"": 9.5558, ""quote"": ""MAD""}"
frankfurter,2019-02-15,EUR,1,10.774600,,,"{""base"": ""EUR"", ""date"": ""2019-02-15"", ""rate"": 10.7746, ""quote"": ""MAD""}"
frankfurter,2019-02-15,USD,1,9.556200,,,"{""base"": ""USD"", ""date"": ""2019-02-15"", ""rate"": 9.5562, ""quote"": ""MAD""}"
frankfurter,2019-02-18,EUR,1,10.793100,,,"{""base"": ""EUR"", ""date"": ""2019-02-18"", ""rate"": 10.7931, ""quote"": ""MAD""}"
frankfurter,2019-02-18,USD,1,9.529500,,,"{""base"": ""USD"", ""date"": ""2019-02-18"", ""rate"": 9.5295, ""quote"": ""MAD""}"
frankfurter,2019-02-19,EUR,1,10.785000,,,"{""base"": ""EUR"", ""date"": ""2019-02-19"", ""rate"": 10.785, ""quote"": ""MAD""}"
frankfurter,2019-02-19,USD,1,9.540900,,,"{""base"": ""USD"", ""date"": ""2019-02-19"", ""rate"": 9.5409, ""quote"": ""MAD""}"
frankfurter,2019-02-20,EUR,1,10.798800,,,"{""base"": ""EUR"", ""date"": ""2019-02-20"", ""rate"": 10.7988, ""quote"": ""MAD""}"
frankfurter,2019-02-20,USD,1,9.524400,,,"{""base"": ""USD"", ""date"": ""2019-02-20"", ""rate"": 9.5244, ""quote"": ""MAD""}"
frankfurter,2019-02-21,EUR,1,10.802800,,,"{""base"": ""EUR"", ""date"": ""2019-02-21"", ""rate"": 10.8028, ""quote"": ""MAD""}"
frankfurter,2019-02-21,USD,1,9.519600,,,"{""base"": ""USD"", ""date"": ""2019-02-21"", ""rate"": 9.5196, ""quote"": ""MAD""}"
frankfurter,2019-02-22,EUR,1,10.815700,,,"{""base"": ""EUR"", ""date"": ""2019-02-22"", ""rate"": 10.8157, ""quote"": ""MAD""}"
frankfurter,2019-02-22,USD,1,9.536800,,,"{""base"": ""USD"", ""date"": ""2019-02-22"", ""rate"": 9.5368, ""quote"": ""MAD""}"
frankfurter,2019-02-25,EUR,1,10.848600,,,"{""base"": ""EUR"", ""date"": ""2019-02-25"", ""rate"": 10.8486, ""quote"": ""MAD""}"
frankfurter,2019-02-25,USD,1,9.548100,,,"{""base"": ""USD"", ""date"": ""2019-02-25"", ""rate"": 9.5481, ""quote"": ""MAD""}"
frankfurter,2019-02-26,EUR,1,10.848600,,,"{""base"": ""EUR"", ""date"": ""2019-02-26"", ""rate"": 10.8486, ""quote"": ""MAD""}"
frankfurter,2019-02-26,USD,1,9.549000,,,"{""base"": ""USD"", ""date"": ""2019-02-26"", ""rate"": 9.549, ""quote"": ""MAD""}"
frankfurter,2019-02-27,EUR,1,10.866200,,,"{""base"": ""EUR"", ""date"": ""2019-02-27"", ""rate"": 10.8662, ""quote"": ""MAD""}"
frankfurter,2019-02-27,USD,1,9.530100,,,"{""base"": ""USD"", ""date"": ""2019-02-27"", ""rate"": 9.5301, ""quote"": ""MAD""}"
frankfurter,2019-02-28,EUR,1,10.886400,,,"{""base"": ""EUR"", ""date"": ""2019-02-28"", ""rate"": 10.8864, ""quote"": ""MAD""}"
frankfurter,2019-02-28,USD,1,9.537800,,,"{""base"": ""USD"", ""date"": ""2019-02-28"", ""rate"": 9.5378, ""quote"": ""MAD""}"
frankfurter,2019-03-01,EUR,1,10.870100,,,"{""base"": ""EUR"", ""date"": ""2019-03-01"", ""rate"": 10.8701, ""quote"": ""MAD""}"
frankfurter,2019-03-01,USD,1,9.557000,,,"{""base"": ""USD"", ""date"": ""2019-03-01"", ""rate"": 9.557, ""quote"": ""MAD""}"
frankfurter,2019-03-04,EUR,1,10.859300,,,"{""base"": ""EUR"", ""date"": ""2019-03-04"", ""rate"": 10.8593, ""quote"": ""MAD""}"
frankfurter,2019-03-04,USD,1,9.574400,,,"{""base"": ""USD"", ""date"": ""2019-03-04"", ""rate"": 9.5744, ""quote"": ""MAD""}"
frankfurter,2019-03-05,EUR,1,10.859800,,,"{""base"": ""EUR"", ""date"": ""2019-03-05"", ""rate"": 10.8598, ""quote"": ""MAD""}"
frankfurter,2019-03-05,USD,1,9.586700,,,"{""base"": ""USD"", ""date"": ""2019-03-05"", ""rate"": 9.5867, ""quote"": ""MAD""}"
frankfurter,2019-03-06,EUR,1,10.853400,,,"{""base"": ""EUR"", ""date"": ""2019-03-06"", ""rate"": 10.8534, ""quote"": ""MAD""}"
frankfurter,2019-03-06,USD,1,9.600500,,,"{""base"": ""USD"", ""date"": ""2019-03-06"", ""rate"": 9.6005, ""quote"": ""MAD""}"
frankfurter,2019-03-07,EUR,1,10.856500,,,"{""base"": ""EUR"", ""date"": ""2019-03-07"", ""rate"": 10.8565, ""quote"": ""MAD""}"
frankfurter,2019-03-07,USD,1,9.591400,,,"{""base"": ""USD"", ""date"": ""2019-03-07"", ""rate"": 9.5914, ""quote"": ""MAD""}"
frankfurter,2019-03-08,EUR,1,10.818600,,,"{""base"": ""EUR"", ""date"": ""2019-03-08"", ""rate"": 10.8186, ""quote"": ""MAD""}"
frankfurter,2019-03-08,USD,1,9.645700,,,"{""base"": ""USD"", ""date"": ""2019-03-08"", ""rate"": 9.6457, ""quote"": ""MAD""}"
frankfurter,2019-03-11,EUR,1,10.831100,,,"{""base"": ""EUR"", ""date"": ""2019-03-11"", ""rate"": 10.8311, ""quote"": ""MAD""}"
frankfurter,2019-03-11,USD,1,9.631100,,,"{""base"": ""USD"", ""date"": ""2019-03-11"", ""rate"": 9.6311, ""quote"": ""MAD""}"
frankfurter,2019-03-12,EUR,1,10.846400,,,"{""base"": ""EUR"", ""date"": ""2019-03-12"", ""rate"": 10.8464, ""quote"": ""MAD""}"
frankfurter,2019-03-12,USD,1,9.629300,,,"{""base"": ""USD"", ""date"": ""2019-03-12"", ""rate"": 9.6293, ""quote"": ""MAD""}"
frankfurter,2019-03-13,EUR,1,10.861000,,,"{""base"": ""EUR"", ""date"": ""2019-03-13"", ""rate"": 10.861, ""quote"": ""MAD""}"
frankfurter,2019-03-13,USD,1,9.614100,,,"{""base"": ""USD"", ""date"": ""2019-03-13"", ""rate"": 9.6141, ""quote"": ""MAD""}"
frankfurter,2019-03-14,EUR,1,10.866900,,,"{""base"": ""EUR"", ""date"": ""2019-03-14"", ""rate"": 10.8669, ""quote"": ""MAD""}"
frankfurter,2019-03-14,USD,1,9.607400,,,"{""base"": ""USD"", ""date"": ""2019-03-14"", ""rate"": 9.6074, ""quote"": ""MAD""}"
frankfurter,2019-03-15,EUR,1,10.869100,,,"{""base"": ""EUR"", ""date"": ""2019-03-15"", ""rate"": 10.8691, ""quote"": ""MAD""}"
frankfurter,2019-03-15,USD,1,9.603400,,,"{""base"": ""USD"", ""date"": ""2019-03-15"", ""rate"": 9.6034, ""quote"": ""MAD""}"
frankfurter,2019-03-18,EUR,1,10.886400,,,"{""base"": ""EUR"", ""date"": ""2019-03-18"", ""rate"": 10.8864, ""quote"": ""MAD""}"
frankfurter,2019-03-18,USD,1,9.585600,,,"{""base"": ""USD"", ""date"": ""2019-03-18"", ""rate"": 9.5856, ""quote"": ""MAD""}"
frankfurter,2019-03-19,EUR,1,10.899600,,,"{""base"": ""EUR"", ""date"": ""2019-03-19"", ""rate"": 10.8996, ""quote"": ""MAD""}"
frankfurter,2019-03-19,USD,1,9.594700,,,"{""base"": ""USD"", ""date"": ""2019-03-19"", ""rate"": 9.5947, ""quote"": ""MAD""}"
frankfurter,2019-03-20,EUR,1,10.897500,,,"{""base"": ""EUR"", ""date"": ""2019-03-20"", ""rate"": 10.8975, ""quote"": ""MAD""}"
frankfurter,2019-03-20,USD,1,9.599600,,,"{""base"": ""USD"", ""date"": ""2019-03-20"", ""rate"": 9.5996, ""quote"": ""MAD""}"
frankfurter,2019-03-21,EUR,1,10.913100,,,"{""base"": ""EUR"", ""date"": ""2019-03-21"", ""rate"": 10.9131, ""quote"": ""MAD""}"
frankfurter,2019-03-21,USD,1,9.578800,,,"{""base"": ""USD"", ""date"": ""2019-03-21"", ""rate"": 9.5788, ""quote"": ""MAD""}"
frankfurter,2019-03-22,EUR,1,10.880600,,,"{""base"": ""EUR"", ""date"": ""2019-03-22"", ""rate"": 10.8806, ""quote"": ""MAD""}"
frankfurter,2019-03-22,USD,1,9.624600,,,"{""base"": ""USD"", ""date"": ""2019-03-22"", ""rate"": 9.6246, ""quote"": ""MAD""}"
frankfurter,2019-03-25,EUR,1,10.878900,,,"{""base"": ""EUR"", ""date"": ""2019-03-25"", ""rate"": 10.8789, ""quote"": ""MAD""}"
frankfurter,2019-03-25,USD,1,9.621400,,,"{""base"": ""USD"", ""date"": ""2019-03-25"", ""rate"": 9.6214, ""quote"": ""MAD""}"
frankfurter,2019-03-26,EUR,1,10.884800,,,"{""base"": ""EUR"", ""date"": ""2019-03-26"", ""rate"": 10.8848, ""quote"": ""MAD""}"
frankfurter,2019-03-26,USD,1,9.613000,,,"{""base"": ""USD"", ""date"": ""2019-03-26"", ""rate"": 9.613, ""quote"": ""MAD""}"
frankfurter,2019-03-27,EUR,1,10.866900,,,"{""base"": ""EUR"", ""date"": ""2019-03-27"", ""rate"": 10.8669, ""quote"": ""MAD""}"
frankfurter,2019-03-27,USD,1,9.640600,,,"{""base"": ""USD"", ""date"": ""2019-03-27"", ""rate"": 9.6406, ""quote"": ""MAD""}"
frankfurter,2019-03-28,EUR,1,10.856300,,,"{""base"": ""EUR"", ""date"": ""2019-03-28"", ""rate"": 10.8563, ""quote"": ""MAD""}"
frankfurter,2019-03-28,USD,1,9.656900,,,"{""base"": ""USD"", ""date"": ""2019-03-28"", ""rate"": 9.6569, ""quote"": ""MAD""}"
frankfurter,2019-03-29,EUR,1,10.853600,,,"{""base"": ""EUR"", ""date"": ""2019-03-29"", ""rate"": 10.8536, ""quote"": ""MAD""}"
frankfurter,2019-03-29,USD,1,9.663100,,,"{""base"": ""USD"", ""date"": ""2019-03-29"", ""rate"": 9.6631, ""quote"": ""MAD""}"
frankfurter,2019-04-01,EUR,1,10.854000,,,"{""base"": ""EUR"", ""date"": ""2019-04-01"", ""rate"": 10.854, ""quote"": ""MAD""}"
frankfurter,2019-04-01,USD,1,9.661700,,,"{""base"": ""USD"", ""date"": ""2019-04-01"", ""rate"": 9.6617, ""quote"": ""MAD""}"
frankfurter,2019-04-02,EUR,1,10.832800,,,"{""base"": ""EUR"", ""date"": ""2019-04-02"", ""rate"": 10.8328, ""quote"": ""MAD""}"
frankfurter,2019-04-02,USD,1,9.671300,,,"{""base"": ""USD"", ""date"": ""2019-04-02"", ""rate"": 9.6713, ""quote"": ""MAD""}"
frankfurter,2019-04-03,EUR,1,10.846400,,,"{""base"": ""EUR"", ""date"": ""2019-04-03"", ""rate"": 10.8464, ""quote"": ""MAD""}"
frankfurter,2019-04-03,USD,1,9.643800,,,"{""base"": ""USD"", ""date"": ""2019-04-03"", ""rate"": 9.6438, ""quote"": ""MAD""}"
frankfurter,2019-04-04,EUR,1,10.838100,,,"{""base"": ""EUR"", ""date"": ""2019-04-04"", ""rate"": 10.8381, ""quote"": ""MAD""}"
frankfurter,2019-04-04,USD,1,9.653600,,,"{""base"": ""USD"", ""date"": ""2019-04-04"", ""rate"": 9.6536, ""quote"": ""MAD""}"
frankfurter,2019-04-05,EUR,1,10.837800,,,"{""base"": ""EUR"", ""date"": ""2019-04-05"", ""rate"": 10.8378, ""quote"": ""MAD""}"
frankfurter,2019-04-05,USD,1,9.652500,,,"{""base"": ""USD"", ""date"": ""2019-04-05"", ""rate"": 9.6525, ""quote"": ""MAD""}"
frankfurter,2019-04-08,EUR,1,10.843300,,,"{""base"": ""EUR"", ""date"": ""2019-04-08"", ""rate"": 10.8433, ""quote"": ""MAD""}"
frankfurter,2019-04-08,USD,1,9.640200,,,"{""base"": ""USD"", ""date"": ""2019-04-08"", ""rate"": 9.6402, ""quote"": ""MAD""}"
frankfurter,2019-04-09,EUR,1,10.855700,,,"{""base"": ""EUR"", ""date"": ""2019-04-09"", ""rate"": 10.8557, ""quote"": ""MAD""}"
frankfurter,2019-04-09,USD,1,9.623000,,,"{""base"": ""USD"", ""date"": ""2019-04-09"", ""rate"": 9.623, ""quote"": ""MAD""}"
frankfurter,2019-04-10,EUR,1,10.850700,,,"{""base"": ""EUR"", ""date"": ""2019-04-10"", ""rate"": 10.8507, ""quote"": ""MAD""}"
frankfurter,2019-04-10,USD,1,9.624500,,,"{""base"": ""USD"", ""date"": ""2019-04-10"", ""rate"": 9.6245, ""quote"": ""MAD""}"
frankfurter,2019-04-11,EUR,1,10.851200,,,"{""base"": ""EUR"", ""date"": ""2019-04-11"", ""rate"": 10.8512, ""quote"": ""MAD""}"
frankfurter,2019-04-11,USD,1,9.622400,,,"{""base"": ""USD"", ""date"": ""2019-04-11"", ""rate"": 9.6224, ""quote"": ""MAD""}"
frankfurter,2019-04-12,EUR,1,10.860700,,,"{""base"": ""EUR"", ""date"": ""2019-04-12"", ""rate"": 10.8607, ""quote"": ""MAD""}"
frankfurter,2019-04-12,USD,1,9.595100,,,"{""base"": ""USD"", ""date"": ""2019-04-12"", ""rate"": 9.5951, ""quote"": ""MAD""}"
frankfurter,2019-04-15,EUR,1,10.853200,,,"{""base"": ""EUR"", ""date"": ""2019-04-15"", ""rate"": 10.8532, ""quote"": ""MAD""}"
frankfurter,2019-04-15,USD,1,9.595300,,,"{""base"": ""USD"", ""date"": ""2019-04-15"", ""rate"": 9.5953, ""quote"": ""MAD""}"
frankfurter,2019-04-16,EUR,1,10.841800,,,"{""base"": ""EUR"", ""date"": ""2019-04-16"", ""rate"": 10.8418, ""quote"": ""MAD""}"
frankfurter,2019-04-16,USD,1,9.594500,,,"{""base"": ""USD"", ""date"": ""2019-04-16"", ""rate"": 9.5945, ""quote"": ""MAD""}"
frankfurter,2019-04-17,EUR,1,10.841000,,,"{""base"": ""EUR"", ""date"": ""2019-04-17"", ""rate"": 10.841, ""quote"": ""MAD""}"
frankfurter,2019-04-17,USD,1,9.585300,,,"{""base"": ""USD"", ""date"": ""2019-04-17"", ""rate"": 9.5853, ""quote"": ""MAD""}"
frankfurter,2019-04-18,EUR,1,10.818300,,,"{""base"": ""EUR"", ""date"": ""2019-04-18"", ""rate"": 10.8183, ""quote"": ""MAD""}"
frankfurter,2019-04-18,USD,1,9.613700,,,"{""base"": ""USD"", ""date"": ""2019-04-18"", ""rate"": 9.6137, ""quote"": ""MAD""}"
frankfurter,2019-04-19,EUR,1,10.816100,,,"{""base"": ""EUR"", ""date"": ""2019-04-19"", ""rate"": 10.8161, ""quote"": ""MAD""}"
frankfurter,2019-04-19,USD,1,9.616900,,,"{""base"": ""USD"", ""date"": ""2019-04-19"", ""rate"": 9.6169, ""quote"": ""MAD""}"
frankfurter,2019-04-22,EUR,1,10.808700,,,"{""base"": ""EUR"", ""date"": ""2019-04-22"", ""rate"": 10.8087, ""quote"": ""MAD""}"
frankfurter,2019-04-22,USD,1,9.608600,,,"{""base"": ""USD"", ""date"": ""2019-04-22"", ""rate"": 9.6086, ""quote"": ""MAD""}"
frankfurter,2019-04-23,EUR,1,10.802000,,,"{""base"": ""EUR"", ""date"": ""2019-04-23"", ""rate"": 10.802, ""quote"": ""MAD""}"
frankfurter,2019-04-23,USD,1,9.603500,,,"{""base"": ""USD"", ""date"": ""2019-04-23"", ""rate"": 9.6035, ""quote"": ""MAD""}"
frankfurter,2019-04-24,EUR,1,10.794400,,,"{""base"": ""EUR"", ""date"": ""2019-04-24"", ""rate"": 10.7944, ""quote"": ""MAD""}"
frankfurter,2019-04-24,USD,1,9.632700,,,"{""base"": ""USD"", ""date"": ""2019-04-24"", ""rate"": 9.6327, ""quote"": ""MAD""}"
frankfurter,2019-04-25,EUR,1,10.767500,,,"{""base"": ""EUR"", ""date"": ""2019-04-25"", ""rate"": 10.7675, ""quote"": ""MAD""}"
frankfurter,2019-04-25,USD,1,9.675200,,,"{""base"": ""USD"", ""date"": ""2019-04-25"", ""rate"": 9.6752, ""quote"": ""MAD""}"
frankfurter,2019-04-26,EUR,1,10.769900,,,"{""base"": ""EUR"", ""date"": ""2019-04-26"", ""rate"": 10.7699, ""quote"": ""MAD""}"
frankfurter,2019-04-26,USD,1,9.673000,,,"{""base"": ""USD"", ""date"": ""2019-04-26"", ""rate"": 9.673, ""quote"": ""MAD""}"
frankfurter,2019-04-29,EUR,1,10.792900,,,"{""base"": ""EUR"", ""date"": ""2019-04-29"", ""rate"": 10.7929, ""quote"": ""MAD""}"
frankfurter,2019-04-29,USD,1,9.677100,,,"{""base"": ""USD"", ""date"": ""2019-04-29"", ""rate"": 9.6771, ""quote"": ""MAD""}"
frankfurter,2019-04-30,EUR,1,10.820700,,,"{""base"": ""EUR"", ""date"": ""2019-04-30"", ""rate"": 10.8207, ""quote"": ""MAD""}"
frankfurter,2019-04-30,USD,1,9.651000,,,"{""base"": ""USD"", ""date"": ""2019-04-30"", ""rate"": 9.651, ""quote"": ""MAD""}"
frankfurter,2019-05-02,EUR,1,10.824000,,,"{""base"": ""EUR"", ""date"": ""2019-05-02"", ""rate"": 10.824, ""quote"": ""MAD""}"
frankfurter,2019-05-02,USD,1,9.659100,,,"{""base"": ""USD"", ""date"": ""2019-05-02"", ""rate"": 9.6591, ""quote"": ""MAD""}"
frankfurter,2019-05-03,EUR,1,10.802200,,,"{""base"": ""EUR"", ""date"": ""2019-05-03"", ""rate"": 10.8022, ""quote"": ""MAD""}"
frankfurter,2019-05-03,USD,1,9.689800,,,"{""base"": ""USD"", ""date"": ""2019-05-03"", ""rate"": 9.6898, ""quote"": ""MAD""}"
frankfurter,2019-05-06,EUR,1,10.821300,,,"{""base"": ""EUR"", ""date"": ""2019-05-06"", ""rate"": 10.8213, ""quote"": ""MAD""}"
frankfurter,2019-05-06,USD,1,9.663600,,,"{""base"": ""USD"", ""date"": ""2019-05-06"", ""rate"": 9.6636, ""quote"": ""MAD""}"
frankfurter,2019-05-07,EUR,1,10.826100,,,"{""base"": ""EUR"", ""date"": ""2019-05-07"", ""rate"": 10.8261, ""quote"": ""MAD""}"
frankfurter,2019-05-07,USD,1,9.680000,,,"{""base"": ""USD"", ""date"": ""2019-05-07"", ""rate"": 9.68, ""quote"": ""MAD""}"
frankfurter,2019-05-08,EUR,1,10.831900,,,"{""base"": ""EUR"", ""date"": ""2019-05-08"", ""rate"": 10.8319, ""quote"": ""MAD""}"
frankfurter,2019-05-08,USD,1,9.670500,,,"{""base"": ""USD"", ""date"": ""2019-05-08"", ""rate"": 9.6705, ""quote"": ""MAD""}"
frankfurter,2019-05-09,EUR,1,10.818500,,,"{""base"": ""EUR"", ""date"": ""2019-05-09"", ""rate"": 10.8185, ""quote"": ""MAD""}"
frankfurter,2019-05-09,USD,1,9.665400,,,"{""base"": ""USD"", ""date"": ""2019-05-09"", ""rate"": 9.6654, ""quote"": ""MAD""}"
frankfurter,2019-05-10,EUR,1,10.825400,,,"{""base"": ""EUR"", ""date"": ""2019-05-10"", ""rate"": 10.8254, ""quote"": ""MAD""}"
frankfurter,2019-05-10,USD,1,9.639700,,,"{""base"": ""USD"", ""date"": ""2019-05-10"", ""rate"": 9.6397, ""quote"": ""MAD""}"
frankfurter,2019-05-13,EUR,1,10.829300,,,"{""base"": ""EUR"", ""date"": ""2019-05-13"", ""rate"": 10.8293, ""quote"": ""MAD""}"
frankfurter,2019-05-13,USD,1,9.632000,,,"{""base"": ""USD"", ""date"": ""2019-05-13"", ""rate"": 9.632, ""quote"": ""MAD""}"
frankfurter,2019-05-14,EUR,1,10.821400,,,"{""base"": ""EUR"", ""date"": ""2019-05-14"", ""rate"": 10.8214, ""quote"": ""MAD""}"
frankfurter,2019-05-14,USD,1,9.643000,,,"{""base"": ""USD"", ""date"": ""2019-05-14"", ""rate"": 9.643, ""quote"": ""MAD""}"
frankfurter,2019-05-15,EUR,1,10.802400,,,"{""base"": ""EUR"", ""date"": ""2019-05-15"", ""rate"": 10.8024, ""quote"": ""MAD""}"
frankfurter,2019-05-15,USD,1,9.659700,,,"{""base"": ""USD"", ""date"": ""2019-05-15"", ""rate"": 9.6597, ""quote"": ""MAD""}"
frankfurter,2019-05-16,EUR,1,10.810200,,,"{""base"": ""EUR"", ""date"": ""2019-05-16"", ""rate"": 10.8102, ""quote"": ""MAD""}"
frankfurter,2019-05-16,USD,1,9.649400,,,"{""base"": ""USD"", ""date"": ""2019-05-16"", ""rate"": 9.6494, ""quote"": ""MAD""}"
frankfurter,2019-05-17,EUR,1,10.798400,,,"{""base"": ""EUR"", ""date"": ""2019-05-17"", ""rate"": 10.7984, ""quote"": ""MAD""}"
frankfurter,2019-05-17,USD,1,9.665600,,,"{""base"": ""USD"", ""date"": ""2019-05-17"", ""rate"": 9.6656, ""quote"": ""MAD""}"
frankfurter,2019-05-20,EUR,1,10.806200,,,"{""base"": ""EUR"", ""date"": ""2019-05-20"", ""rate"": 10.8062, ""quote"": ""MAD""}"
frankfurter,2019-05-20,USD,1,9.677800,,,"{""base"": ""USD"", ""date"": ""2019-05-20"", ""rate"": 9.6778, ""quote"": ""MAD""}"
frankfurter,2019-05-21,EUR,1,10.812400,,,"{""base"": ""EUR"", ""date"": ""2019-05-21"", ""rate"": 10.8124, ""quote"": ""MAD""}"
frankfurter,2019-05-21,USD,1,9.690300,,,"{""base"": ""USD"", ""date"": ""2019-05-21"", ""rate"": 9.6903, ""quote"": ""MAD""}"
frankfurter,2019-05-22,EUR,1,10.815800,,,"{""base"": ""EUR"", ""date"": ""2019-05-22"", ""rate"": 10.8158, ""quote"": ""MAD""}"
frankfurter,2019-05-22,USD,1,9.682900,,,"{""base"": ""USD"", ""date"": ""2019-05-22"", ""rate"": 9.6829, ""quote"": ""MAD""}"
frankfurter,2019-05-23,EUR,1,10.828400,,,"{""base"": ""EUR"", ""date"": ""2019-05-23"", ""rate"": 10.8284, ""quote"": ""MAD""}"
frankfurter,2019-05-23,USD,1,9.721200,,,"{""base"": ""USD"", ""date"": ""2019-05-23"", ""rate"": 9.7212, ""quote"": ""MAD""}"
frankfurter,2019-05-24,EUR,1,10.847700,,,"{""base"": ""EUR"", ""date"": ""2019-05-24"", ""rate"": 10.8477, ""quote"": ""MAD""}"
frankfurter,2019-05-24,USD,1,9.696700,,,"{""base"": ""USD"", ""date"": ""2019-05-24"", ""rate"": 9.6967, ""quote"": ""MAD""}"
frankfurter,2019-05-27,EUR,1,10.851200,,,"{""base"": ""EUR"", ""date"": ""2019-05-27"", ""rate"": 10.8512, ""quote"": ""MAD""}"
frankfurter,2019-05-27,USD,1,9.691200,,,"{""base"": ""USD"", ""date"": ""2019-05-27"", ""rate"": 9.6912, ""quote"": ""MAD""}"
frankfurter,2019-05-28,EUR,1,10.854000,,,"{""base"": ""EUR"", ""date"": ""2019-05-28"", ""rate"": 10.854, ""quote"": ""MAD""}"
frankfurter,2019-05-28,USD,1,9.698000,,,"{""base"": ""USD"", ""date"": ""2019-05-28"", ""rate"": 9.698, ""quote"": ""MAD""}"
frankfurter,2019-05-29,EUR,1,10.839300,,,"{""base"": ""EUR"", ""date"": ""2019-05-29"", ""rate"": 10.8393, ""quote"": ""MAD""}"
frankfurter,2019-05-29,USD,1,9.717000,,,"{""base"": ""USD"", ""date"": ""2019-05-29"", ""rate"": 9.717, ""quote"": ""MAD""}"
frankfurter,2019-05-30,EUR,1,10.832800,,,"{""base"": ""EUR"", ""date"": ""2019-05-30"", ""rate"": 10.8328, ""quote"": ""MAD""}"
frankfurter,2019-05-30,USD,1,9.728600,,,"{""base"": ""USD"", ""date"": ""2019-05-30"", ""rate"": 9.7286, ""quote"": ""MAD""}"
frankfurter,2019-05-31,EUR,1,10.839200,,,"{""base"": ""EUR"", ""date"": ""2019-05-31"", ""rate"": 10.8392, ""quote"": ""MAD""}"
frankfurter,2019-05-31,USD,1,9.720400,,,"{""base"": ""USD"", ""date"": ""2019-05-31"", ""rate"": 9.7204, ""quote"": ""MAD""}"
frankfurter,2019-06-03,EUR,1,10.851800,,,"{""base"": ""EUR"", ""date"": ""2019-06-03"", ""rate"": 10.8518, ""quote"": ""MAD""}"
frankfurter,2019-06-03,USD,1,9.701200,,,"{""base"": ""USD"", ""date"": ""2019-06-03"", ""rate"": 9.7012, ""quote"": ""MAD""}"
frankfurter,2019-06-04,EUR,1,10.864600,,,"{""base"": ""EUR"", ""date"": ""2019-06-04"", ""rate"": 10.8646, ""quote"": ""MAD""}"
frankfurter,2019-06-04,USD,1,9.666000,,,"{""base"": ""USD"", ""date"": ""2019-06-04"", ""rate"": 9.666, ""quote"": ""MAD""}"
frankfurter,2019-06-10,EUR,1,10.883600,,,"{""base"": ""EUR"", ""date"": ""2019-06-10"", ""rate"": 10.8836, ""quote"": ""MAD""}"
frankfurter,2019-06-10,USD,1,9.623800,,,"{""base"": ""USD"", ""date"": ""2019-06-10"", ""rate"": 9.6238, ""quote"": ""MAD""}"
frankfurter,2019-06-11,EUR,1,10.882300,,,"{""base"": ""EUR"", ""date"": ""2019-06-11"", ""rate"": 10.8823, ""quote"": ""MAD""}"
frankfurter,2019-06-11,USD,1,9.613300,,,"{""base"": ""USD"", ""date"": ""2019-06-11"", ""rate"": 9.6133, ""quote"": ""MAD""}"
frankfurter,2019-06-12,EUR,1,10.876900,,,"{""base"": ""EUR"", ""date"": ""2019-06-12"", ""rate"": 10.8769, ""quote"": ""MAD""}"
frankfurter,2019-06-12,USD,1,9.604300,,,"{""base"": ""USD"", ""date"": ""2019-06-12"", ""rate"": 9.6043, ""quote"": ""MAD""}"
frankfurter,2019-06-13,EUR,1,10.864300,,,"{""base"": ""EUR"", ""date"": ""2019-06-13"", ""rate"": 10.8643, ""quote"": ""MAD""}"
frankfurter,2019-06-13,USD,1,9.623800,,,"{""base"": ""USD"", ""date"": ""2019-06-13"", ""rate"": 9.6238, ""quote"": ""MAD""}"
frankfurter,2019-06-14,EUR,1,10.857700,,,"{""base"": ""EUR"", ""date"": ""2019-06-14"", ""rate"": 10.8577, ""quote"": ""MAD""}"
frankfurter,2019-06-14,USD,1,9.644400,,,"{""base"": ""USD"", ""date"": ""2019-06-14"", ""rate"": 9.6444, ""quote"": ""MAD""}"
frankfurter,2019-06-17,EUR,1,10.843000,,,"{""base"": ""EUR"", ""date"": ""2019-06-17"", ""rate"": 10.843, ""quote"": ""MAD""}"
frankfurter,2019-06-17,USD,1,9.666600,,,"{""base"": ""USD"", ""date"": ""2019-06-17"", ""rate"": 9.6666, ""quote"": ""MAD""}"
frankfurter,2019-06-18,EUR,1,10.804500,,,"{""base"": ""EUR"", ""date"": ""2019-06-18"", ""rate"": 10.8045, ""quote"": ""MAD""}"
frankfurter,2019-06-18,USD,1,9.651200,,,"{""base"": ""USD"", ""date"": ""2019-06-18"", ""rate"": 9.6512, ""quote"": ""MAD""}"
frankfurter,2019-06-19,EUR,1,10.731400,,,"{""base"": ""EUR"", ""date"": ""2019-06-19"", ""rate"": 10.7314, ""quote"": ""MAD""}"
frankfurter,2019-06-19,USD,1,9.576500,,,"{""base"": ""USD"", ""date"": ""2019-06-19"", ""rate"": 9.5765, ""quote"": ""MAD""}"
frankfurter,2019-06-20,EUR,1,10.781300,,,"{""base"": ""EUR"", ""date"": ""2019-06-20"", ""rate"": 10.7813, ""quote"": ""MAD""}"
frankfurter,2019-06-20,USD,1,9.537600,,,"{""base"": ""USD"", ""date"": ""2019-06-20"", ""rate"": 9.5376, ""quote"": ""MAD""}"
frankfurter,2019-06-21,EUR,1,10.794700,,,"{""base"": ""EUR"", ""date"": ""2019-06-21"", ""rate"": 10.7947, ""quote"": ""MAD""}"
frankfurter,2019-06-21,USD,1,9.546900,,,"{""base"": ""USD"", ""date"": ""2019-06-21"", ""rate"": 9.5469, ""quote"": ""MAD""}"
frankfurter,2019-06-24,EUR,1,10.840000,,,"{""base"": ""EUR"", ""date"": ""2019-06-24"", ""rate"": 10.84, ""quote"": ""MAD""}"
frankfurter,2019-06-24,USD,1,9.513800,,,"{""base"": ""USD"", ""date"": ""2019-06-24"", ""rate"": 9.5138, ""quote"": ""MAD""}"
frankfurter,2019-06-25,EUR,1,10.834200,,,"{""base"": ""EUR"", ""date"": ""2019-06-25"", ""rate"": 10.8342, ""quote"": ""MAD""}"
frankfurter,2019-06-25,USD,1,9.521200,,,"{""base"": ""USD"", ""date"": ""2019-06-25"", ""rate"": 9.5212, ""quote"": ""MAD""}"
frankfurter,2019-06-26,EUR,1,10.861000,,,"{""base"": ""EUR"", ""date"": ""2019-06-26"", ""rate"": 10.861, ""quote"": ""MAD""}"
frankfurter,2019-06-26,USD,1,9.555700,,,"{""base"": ""USD"", ""date"": ""2019-06-26"", ""rate"": 9.5557, ""quote"": ""MAD""}"
frankfurter,2019-06-27,EUR,1,10.890700,,,"{""base"": ""EUR"", ""date"": ""2019-06-27"", ""rate"": 10.8907, ""quote"": ""MAD""}"
frankfurter,2019-06-27,USD,1,9.576800,,,"{""base"": ""USD"", ""date"": ""2019-06-27"", ""rate"": 9.5768, ""quote"": ""MAD""}"
frankfurter,2019-06-28,EUR,1,10.895600,,,"{""base"": ""EUR"", ""date"": ""2019-06-28"", ""rate"": 10.8956, ""quote"": ""MAD""}"
frankfurter,2019-06-28,USD,1,9.571800,,,"{""base"": ""USD"", ""date"": ""2019-06-28"", ""rate"": 9.5718, ""quote"": ""MAD""}"
frankfurter,2019-07-01,EUR,1,10.883600,,,"{""base"": ""EUR"", ""date"": ""2019-07-01"", ""rate"": 10.8836, ""quote"": ""MAD""}"
frankfurter,2019-07-01,USD,1,9.587400,,,"{""base"": ""USD"", ""date"": ""2019-07-01"", ""rate"": 9.5874, ""quote"": ""MAD""}"
frankfurter,2019-07-02,EUR,1,10.862800,,,"{""base"": ""EUR"", ""date"": ""2019-07-02"", ""rate"": 10.8628, ""quote"": ""MAD""}"
frankfurter,2019-07-02,USD,1,9.613100,,,"{""base"": ""USD"", ""date"": ""2019-07-02"", ""rate"": 9.6131, ""quote"": ""MAD""}"
frankfurter,2019-07-03,EUR,1,10.819100,,,"{""base"": ""EUR"", ""date"": ""2019-07-03"", ""rate"": 10.8191, ""quote"": ""MAD""}"
frankfurter,2019-07-03,USD,1,9.576100,,,"{""base"": ""USD"", ""date"": ""2019-07-03"", ""rate"": 9.5761, ""quote"": ""MAD""}"
frankfurter,2019-07-04,EUR,1,10.799000,,,"{""base"": ""EUR"", ""date"": ""2019-07-04"", ""rate"": 10.799, ""quote"": ""MAD""}"
frankfurter,2019-07-04,USD,1,9.568500,,,"{""base"": ""USD"", ""date"": ""2019-07-04"", ""rate"": 9.5685, ""quote"": ""MAD""}"
frankfurter,2019-07-05,EUR,1,10.789600,,,"{""base"": ""EUR"", ""date"": ""2019-07-05"", ""rate"": 10.7896, ""quote"": ""MAD""}"
frankfurter,2019-07-05,USD,1,9.579700,,,"{""base"": ""USD"", ""date"": ""2019-07-05"", ""rate"": 9.5797, ""quote"": ""MAD""}"
frankfurter,2019-07-08,EUR,1,10.773100,,,"{""base"": ""EUR"", ""date"": ""2019-07-08"", ""rate"": 10.7731, ""quote"": ""MAD""}"
frankfurter,2019-07-08,USD,1,9.603400,,,"{""base"": ""USD"", ""date"": ""2019-07-08"", ""rate"": 9.6034, ""quote"": ""MAD""}"
frankfurter,2019-07-09,EUR,1,10.766800,,,"{""base"": ""EUR"", ""date"": ""2019-07-09"", ""rate"": 10.7668, ""quote"": ""MAD""}"
frankfurter,2019-07-09,USD,1,9.611500,,,"{""base"": ""USD"", ""date"": ""2019-07-09"", ""rate"": 9.6115, ""quote"": ""MAD""}"
frankfurter,2019-07-10,EUR,1,10.745800,,,"{""base"": ""EUR"", ""date"": ""2019-07-10"", ""rate"": 10.7458, ""quote"": ""MAD""}"
frankfurter,2019-07-10,USD,1,9.579900,,,"{""base"": ""USD"", ""date"": ""2019-07-10"", ""rate"": 9.5799, ""quote"": ""MAD""}"
frankfurter,2019-07-11,EUR,1,10.782300,,,"{""base"": ""EUR"", ""date"": ""2019-07-11"", ""rate"": 10.7823, ""quote"": ""MAD""}"
frankfurter,2019-07-11,USD,1,9.563000,,,"{""base"": ""USD"", ""date"": ""2019-07-11"", ""rate"": 9.563, ""quote"": ""MAD""}"
frankfurter,2019-07-12,EUR,1,10.776700,,,"{""base"": ""EUR"", ""date"": ""2019-07-12"", ""rate"": 10.7767, ""quote"": ""MAD""}"
frankfurter,2019-07-12,USD,1,9.571600,,,"{""base"": ""USD"", ""date"": ""2019-07-12"", ""rate"": 9.5716, ""quote"": ""MAD""}"
frankfurter,2019-07-15,EUR,1,10.764300,,,"{""base"": ""EUR"", ""date"": ""2019-07-15"", ""rate"": 10.7643, ""quote"": ""MAD""}"
frankfurter,2019-07-15,USD,1,9.546200,,,"{""base"": ""USD"", ""date"": ""2019-07-15"", ""rate"": 9.5462, ""quote"": ""MAD""}"
frankfurter,2019-07-16,EUR,1,10.735500,,,"{""base"": ""EUR"", ""date"": ""2019-07-16"", ""rate"": 10.7355, ""quote"": ""MAD""}"
frankfurter,2019-07-16,USD,1,9.566500,,,"{""base"": ""USD"", ""date"": ""2019-07-16"", ""rate"": 9.5665, ""quote"": ""MAD""}"
frankfurter,2019-07-17,EUR,1,10.734000,,,"{""base"": ""EUR"", ""date"": ""2019-07-17"", ""rate"": 10.734, ""quote"": ""MAD""}"
frankfurter,2019-07-17,USD,1,9.566800,,,"{""base"": ""USD"", ""date"": ""2019-07-17"", ""rate"": 9.5668, ""quote"": ""MAD""}"
frankfurter,2019-07-18,EUR,1,10.748900,,,"{""base"": ""EUR"", ""date"": ""2019-07-18"", ""rate"": 10.7489, ""quote"": ""MAD""}"
frankfurter,2019-07-18,USD,1,9.586100,,,"{""base"": ""USD"", ""date"": ""2019-07-18"", ""rate"": 9.5861, ""quote"": ""MAD""}"
frankfurter,2019-07-19,EUR,1,10.770600,,,"{""base"": ""EUR"", ""date"": ""2019-07-19"", ""rate"": 10.7706, ""quote"": ""MAD""}"
frankfurter,2019-07-19,USD,1,9.586600,,,"{""base"": ""USD"", ""date"": ""2019-07-19"", ""rate"": 9.5866, ""quote"": ""MAD""}"
frankfurter,2019-07-22,EUR,1,10.767100,,,"{""base"": ""EUR"", ""date"": ""2019-07-22"", ""rate"": 10.7671, ""quote"": ""MAD""}"
frankfurter,2019-07-22,USD,1,9.597200,,,"{""base"": ""USD"", ""date"": ""2019-07-22"", ""rate"": 9.5972, ""quote"": ""MAD""}"
frankfurter,2019-07-23,EUR,1,10.764100,,,"{""base"": ""EUR"", ""date"": ""2019-07-23"", ""rate"": 10.7641, ""quote"": ""MAD""}"
frankfurter,2019-07-23,USD,1,9.628000,,,"{""base"": ""USD"", ""date"": ""2019-07-23"", ""rate"": 9.628, ""quote"": ""MAD""}"
frankfurter,2019-07-24,EUR,1,10.712700,,,"{""base"": ""EUR"", ""date"": ""2019-07-24"", ""rate"": 10.7127, ""quote"": ""MAD""}"
frankfurter,2019-07-24,USD,1,9.609500,,,"{""base"": ""USD"", ""date"": ""2019-07-24"", ""rate"": 9.6095, ""quote"": ""MAD""}"
frankfurter,2019-07-25,EUR,1,10.696200,,,"{""base"": ""EUR"", ""date"": ""2019-07-25"", ""rate"": 10.6962, ""quote"": ""MAD""}"
frankfurter,2019-07-25,USD,1,9.601600,,,"{""base"": ""USD"", ""date"": ""2019-07-25"", ""rate"": 9.6016, ""quote"": ""MAD""}"
frankfurter,2019-07-26,EUR,1,10.693800,,,"{""base"": ""EUR"", ""date"": ""2019-07-26"", ""rate"": 10.6938, ""quote"": ""MAD""}"
frankfurter,2019-07-26,USD,1,9.605500,,,"{""base"": ""USD"", ""date"": ""2019-07-26"", ""rate"": 9.6055, ""quote"": ""MAD""}"
frankfurter,2019-07-29,EUR,1,10.692000,,,"{""base"": ""EUR"", ""date"": ""2019-07-29"", ""rate"": 10.692, ""quote"": ""MAD""}"
frankfurter,2019-07-29,USD,1,9.616000,,,"{""base"": ""USD"", ""date"": ""2019-07-29"", ""rate"": 9.616, ""quote"": ""MAD""}"
frankfurter,2019-07-31,EUR,1,10.713900,,,"{""base"": ""EUR"", ""date"": ""2019-07-31"", ""rate"": 10.7139, ""quote"": ""MAD""}"
frankfurter,2019-07-31,USD,1,9.612300,,,"{""base"": ""USD"", ""date"": ""2019-07-31"", ""rate"": 9.6123, ""quote"": ""MAD""}"
frankfurter,2019-08-01,EUR,1,10.668600,,,"{""base"": ""EUR"", ""date"": ""2019-08-01"", ""rate"": 10.6686, ""quote"": ""MAD""}"
frankfurter,2019-08-01,USD,1,9.672300,,,"{""base"": ""USD"", ""date"": ""2019-08-01"", ""rate"": 9.6723, ""quote"": ""MAD""}"
frankfurter,2019-08-02,EUR,1,10.683200,,,"{""base"": ""EUR"", ""date"": ""2019-08-02"", ""rate"": 10.6832, ""quote"": ""MAD""}"
frankfurter,2019-08-02,USD,1,9.623600,,,"{""base"": ""USD"", ""date"": ""2019-08-02"", ""rate"": 9.6236, ""quote"": ""MAD""}"
frankfurter,2019-08-05,EUR,1,10.702600,,,"{""base"": ""EUR"", ""date"": ""2019-08-05"", ""rate"": 10.7026, ""quote"": ""MAD""}"
frankfurter,2019-08-05,USD,1,9.578100,,,"{""base"": ""USD"", ""date"": ""2019-08-05"", ""rate"": 9.5781, ""quote"": ""MAD""}"
frankfurter,2019-08-06,EUR,1,10.708700,,,"{""base"": ""EUR"", ""date"": ""2019-08-06"", ""rate"": 10.7087, ""quote"": ""MAD""}"
frankfurter,2019-08-06,USD,1,9.561300,,,"{""base"": ""USD"", ""date"": ""2019-08-06"", ""rate"": 9.5613, ""quote"": ""MAD""}"
frankfurter,2019-08-07,EUR,1,10.706500,,,"{""base"": ""EUR"", ""date"": ""2019-08-07"", ""rate"": 10.7065, ""quote"": ""MAD""}"
frankfurter,2019-08-07,USD,1,9.570500,,,"{""base"": ""USD"", ""date"": ""2019-08-07"", ""rate"": 9.5705, ""quote"": ""MAD""}"
frankfurter,2019-08-08,EUR,1,10.712500,,,"{""base"": ""EUR"", ""date"": ""2019-08-08"", ""rate"": 10.7125, ""quote"": ""MAD""}"
frankfurter,2019-08-08,USD,1,9.563000,,,"{""base"": ""USD"", ""date"": ""2019-08-08"", ""rate"": 9.563, ""quote"": ""MAD""}"
frankfurter,2019-08-09,EUR,1,10.702800,,,"{""base"": ""EUR"", ""date"": ""2019-08-09"", ""rate"": 10.7028, ""quote"": ""MAD""}"
frankfurter,2019-08-09,USD,1,9.554400,,,"{""base"": ""USD"", ""date"": ""2019-08-09"", ""rate"": 9.5544, ""quote"": ""MAD""}"
frankfurter,2019-08-15,EUR,1,10.681400,,,"{""base"": ""EUR"", ""date"": ""2019-08-15"", ""rate"": 10.6814, ""quote"": ""MAD""}"
frankfurter,2019-08-15,USD,1,9.576300,,,"{""base"": ""USD"", ""date"": ""2019-08-15"", ""rate"": 9.5763, ""quote"": ""MAD""}"
frankfurter,2019-08-16,EUR,1,10.669000,,,"{""base"": ""EUR"", ""date"": ""2019-08-16"", ""rate"": 10.669, ""quote"": ""MAD""}"
frankfurter,2019-08-16,USD,1,9.629900,,,"{""base"": ""USD"", ""date"": ""2019-08-16"", ""rate"": 9.6299, ""quote"": ""MAD""}"
frankfurter,2019-08-19,EUR,1,10.674000,,,"{""base"": ""EUR"", ""date"": ""2019-08-19"", ""rate"": 10.674, ""quote"": ""MAD""}"
frankfurter,2019-08-19,USD,1,9.613600,,,"{""base"": ""USD"", ""date"": ""2019-08-19"", ""rate"": 9.6136, ""quote"": ""MAD""}"
frankfurter,2019-08-22,EUR,1,10.654900,,,"{""base"": ""EUR"", ""date"": ""2019-08-22"", ""rate"": 10.6549, ""quote"": ""MAD""}"
frankfurter,2019-08-22,USD,1,9.625000,,,"{""base"": ""USD"", ""date"": ""2019-08-22"", ""rate"": 9.625, ""quote"": ""MAD""}"
frankfurter,2019-08-23,EUR,1,10.637200,,,"{""base"": ""EUR"", ""date"": ""2019-08-23"", ""rate"": 10.6372, ""quote"": ""MAD""}"
frankfurter,2019-08-23,USD,1,9.622900,,,"{""base"": ""USD"", ""date"": ""2019-08-23"", ""rate"": 9.6229, ""quote"": ""MAD""}"
frankfurter,2019-08-26,EUR,1,10.646000,,,"{""base"": ""EUR"", ""date"": ""2019-08-26"", ""rate"": 10.646, ""quote"": ""MAD""}"
frankfurter,2019-08-26,USD,1,9.576300,,,"{""base"": ""USD"", ""date"": ""2019-08-26"", ""rate"": 9.5763, ""quote"": ""MAD""}"
frankfurter,2019-08-27,EUR,1,10.635700,,,"{""base"": ""EUR"", ""date"": ""2019-08-27"", ""rate"": 10.6357, ""quote"": ""MAD""}"
frankfurter,2019-08-27,USD,1,9.576500,,,"{""base"": ""USD"", ""date"": ""2019-08-27"", ""rate"": 9.5765, ""quote"": ""MAD""}"
frankfurter,2019-08-28,EUR,1,10.649600,,,"{""base"": ""EUR"", ""date"": ""2019-08-28"", ""rate"": 10.6496, ""quote"": ""MAD""}"
frankfurter,2019-08-28,USD,1,9.603800,,,"{""base"": ""USD"", ""date"": ""2019-08-28"", ""rate"": 9.6038, ""quote"": ""MAD""}"
frankfurter,2019-08-29,EUR,1,10.642100,,,"{""base"": ""EUR"", ""date"": ""2019-08-29"", ""rate"": 10.6421, ""quote"": ""MAD""}"
frankfurter,2019-08-29,USD,1,9.612600,,,"{""base"": ""USD"", ""date"": ""2019-08-29"", ""rate"": 9.6126, ""quote"": ""MAD""}"
frankfurter,2019-08-30,EUR,1,10.628300,,,"{""base"": ""EUR"", ""date"": ""2019-08-30"", ""rate"": 10.6283, ""quote"": ""MAD""}"
frankfurter,2019-08-30,USD,1,9.628800,,,"{""base"": ""USD"", ""date"": ""2019-08-30"", ""rate"": 9.6288, ""quote"": ""MAD""}"
frankfurter,2019-09-02,EUR,1,10.602500,,,"{""base"": ""EUR"", ""date"": ""2019-09-02"", ""rate"": 10.6025, ""quote"": ""MAD""}"
frankfurter,2019-09-02,USD,1,9.663200,,,"{""base"": ""USD"", ""date"": ""2019-09-02"", ""rate"": 9.6632, ""quote"": ""MAD""}"
frankfurter,2019-09-03,EUR,1,10.601100,,,"{""base"": ""EUR"", ""date"": ""2019-09-03"", ""rate"": 10.6011, ""quote"": ""MAD""}"
frankfurter,2019-09-03,USD,1,9.691100,,,"{""base"": ""USD"", ""date"": ""2019-09-03"", ""rate"": 9.6911, ""quote"": ""MAD""}"
frankfurter,2019-09-04,EUR,1,10.660800,,,"{""base"": ""EUR"", ""date"": ""2019-09-04"", ""rate"": 10.6608, ""quote"": ""MAD""}"
frankfurter,2019-09-04,USD,1,9.677600,,,"{""base"": ""USD"", ""date"": ""2019-09-04"", ""rate"": 9.6776, ""quote"": ""MAD""}"
frankfurter,2019-09-05,EUR,1,10.677400,,,"{""base"": ""EUR"", ""date"": ""2019-09-05"", ""rate"": 10.6774, ""quote"": ""MAD""}"
frankfurter,2019-09-05,USD,1,9.655800,,,"{""base"": ""USD"", ""date"": ""2019-09-05"", ""rate"": 9.6558, ""quote"": ""MAD""}"
frankfurter,2019-09-06,EUR,1,10.664300,,,"{""base"": ""EUR"", ""date"": ""2019-09-06"", ""rate"": 10.6643, ""quote"": ""MAD""}"
frankfurter,2019-09-06,USD,1,9.673700,,,"{""base"": ""USD"", ""date"": ""2019-09-06"", ""rate"": 9.6737, ""quote"": ""MAD""}"
frankfurter,2019-09-09,EUR,1,10.688400,,,"{""base"": ""EUR"", ""date"": ""2019-09-09"", ""rate"": 10.6884, ""quote"": ""MAD""}"
frankfurter,2019-09-09,USD,1,9.694700,,,"{""base"": ""USD"", ""date"": ""2019-09-09"", ""rate"": 9.6947, ""quote"": ""MAD""}"
frankfurter,2019-09-10,EUR,1,10.657700,,,"{""base"": ""EUR"", ""date"": ""2019-09-10"", ""rate"": 10.6577, ""quote"": ""MAD""}"
frankfurter,2019-09-10,USD,1,9.656300,,,"{""base"": ""USD"", ""date"": ""2019-09-10"", ""rate"": 9.6563, ""quote"": ""MAD""}"
frankfurter,2019-09-11,EUR,1,10.635700,,,"{""base"": ""EUR"", ""date"": ""2019-09-11"", ""rate"": 10.6357, ""quote"": ""MAD""}"
frankfurter,2019-09-11,USD,1,9.661800,,,"{""base"": ""USD"", ""date"": ""2019-09-11"", ""rate"": 9.6618, ""quote"": ""MAD""}"
frankfurter,2019-09-12,EUR,1,10.646700,,,"{""base"": ""EUR"", ""date"": ""2019-09-12"", ""rate"": 10.6467, ""quote"": ""MAD""}"
frankfurter,2019-09-12,USD,1,9.656000,,,"{""base"": ""USD"", ""date"": ""2019-09-12"", ""rate"": 9.656, ""quote"": ""MAD""}"
frankfurter,2019-09-13,EUR,1,10.697300,,,"{""base"": ""EUR"", ""date"": ""2019-09-13"", ""rate"": 10.6973, ""quote"": ""MAD""}"
frankfurter,2019-09-13,USD,1,9.637200,,,"{""base"": ""USD"", ""date"": ""2019-09-13"", ""rate"": 9.6372, ""quote"": ""MAD""}"
frankfurter,2019-09-16,EUR,1,10.680900,,,"{""base"": ""EUR"", ""date"": ""2019-09-16"", ""rate"": 10.6809, ""quote"": ""MAD""}"
frankfurter,2019-09-16,USD,1,9.676500,,,"{""base"": ""USD"", ""date"": ""2019-09-16"", ""rate"": 9.6765, ""quote"": ""MAD""}"
frankfurter,2019-09-17,EUR,1,10.680500,,,"{""base"": ""EUR"", ""date"": ""2019-09-17"", ""rate"": 10.6805, ""quote"": ""MAD""}"
frankfurter,2019-09-17,USD,1,9.689300,,,"{""base"": ""USD"", ""date"": ""2019-09-17"", ""rate"": 9.6893, ""quote"": ""MAD""}"
frankfurter,2019-09-18,EUR,1,10.700700,,,"{""base"": ""EUR"", ""date"": ""2019-09-18"", ""rate"": 10.7007, ""quote"": ""MAD""}"
frankfurter,2019-09-18,USD,1,9.691800,,,"{""base"": ""USD"", ""date"": ""2019-09-18"", ""rate"": 9.6918, ""quote"": ""MAD""}"
frankfurter,2019-09-19,EUR,1,10.709800,,,"{""base"": ""EUR"", ""date"": ""2019-09-19"", ""rate"": 10.7098, ""quote"": ""MAD""}"
frankfurter,2019-09-19,USD,1,9.679900,,,"{""base"": ""USD"", ""date"": ""2019-09-19"", ""rate"": 9.6799, ""quote"": ""MAD""}"
frankfurter,2019-09-20,EUR,1,10.695800,,,"{""base"": ""EUR"", ""date"": ""2019-09-20"", ""rate"": 10.6958, ""quote"": ""MAD""}"
frankfurter,2019-09-20,USD,1,9.688200,,,"{""base"": ""USD"", ""date"": ""2019-09-20"", ""rate"": 9.6882, ""quote"": ""MAD""}"
frankfurter,2019-09-23,EUR,1,10.666900,,,"{""base"": ""EUR"", ""date"": ""2019-09-23"", ""rate"": 10.6669, ""quote"": ""MAD""}"
frankfurter,2019-09-23,USD,1,9.716600,,,"{""base"": ""USD"", ""date"": ""2019-09-23"", ""rate"": 9.7166, ""quote"": ""MAD""}"
frankfurter,2019-09-24,EUR,1,10.672200,,,"{""base"": ""EUR"", ""date"": ""2019-09-24"", ""rate"": 10.6722, ""quote"": ""MAD""}"
frankfurter,2019-09-24,USD,1,9.709100,,,"{""base"": ""USD"", ""date"": ""2019-09-24"", ""rate"": 9.7091, ""quote"": ""MAD""}"
frankfurter,2019-09-25,EUR,1,10.679100,,,"{""base"": ""EUR"", ""date"": ""2019-09-25"", ""rate"": 10.6791, ""quote"": ""MAD""}"
frankfurter,2019-09-25,USD,1,9.715300,,,"{""base"": ""USD"", ""date"": ""2019-09-25"", ""rate"": 9.7153, ""quote"": ""MAD""}"
frankfurter,2019-09-26,EUR,1,10.651400,,,"{""base"": ""EUR"", ""date"": ""2019-09-26"", ""rate"": 10.6514, ""quote"": ""MAD""}"
frankfurter,2019-09-26,USD,1,9.741500,,,"{""base"": ""USD"", ""date"": ""2019-09-26"", ""rate"": 9.7415, ""quote"": ""MAD""}"
frankfurter,2019-09-27,EUR,1,10.650800,,,"{""base"": ""EUR"", ""date"": ""2019-09-27"", ""rate"": 10.6508, ""quote"": ""MAD""}"
frankfurter,2019-09-27,USD,1,9.740100,,,"{""base"": ""USD"", ""date"": ""2019-09-27"", ""rate"": 9.7401, ""quote"": ""MAD""}"
frankfurter,2019-09-30,EUR,1,10.639600,,,"{""base"": ""EUR"", ""date"": ""2019-09-30"", ""rate"": 10.6396, ""quote"": ""MAD""}"
frankfurter,2019-09-30,USD,1,9.746800,,,"{""base"": ""USD"", ""date"": ""2019-09-30"", ""rate"": 9.7468, ""quote"": ""MAD""}"
frankfurter,2019-10-01,EUR,1,10.627600,,,"{""base"": ""EUR"", ""date"": ""2019-10-01"", ""rate"": 10.6276, ""quote"": ""MAD""}"
frankfurter,2019-10-01,USD,1,9.745600,,,"{""base"": ""USD"", ""date"": ""2019-10-01"", ""rate"": 9.7456, ""quote"": ""MAD""}"
frankfurter,2019-10-02,EUR,1,10.637500,,,"{""base"": ""EUR"", ""date"": ""2019-10-02"", ""rate"": 10.6375, ""quote"": ""MAD""}"
frankfurter,2019-10-02,USD,1,9.734200,,,"{""base"": ""USD"", ""date"": ""2019-10-02"", ""rate"": 9.7342, ""quote"": ""MAD""}"
frankfurter,2019-10-03,EUR,1,10.640600,,,"{""base"": ""EUR"", ""date"": ""2019-10-03"", ""rate"": 10.6406, ""quote"": ""MAD""}"
frankfurter,2019-10-03,USD,1,9.703300,,,"{""base"": ""USD"", ""date"": ""2019-10-03"", ""rate"": 9.7033, ""quote"": ""MAD""}"
frankfurter,2019-10-04,EUR,1,10.647600,,,"{""base"": ""EUR"", ""date"": ""2019-10-04"", ""rate"": 10.6476, ""quote"": ""MAD""}"
frankfurter,2019-10-04,USD,1,9.692000,,,"{""base"": ""USD"", ""date"": ""2019-10-04"", ""rate"": 9.692, ""quote"": ""MAD""}"
frankfurter,2019-10-07,EUR,1,10.634100,,,"{""base"": ""EUR"", ""date"": ""2019-10-07"", ""rate"": 10.6341, ""quote"": ""MAD""}"
frankfurter,2019-10-07,USD,1,9.679700,,,"{""base"": ""USD"", ""date"": ""2019-10-07"", ""rate"": 9.6797, ""quote"": ""MAD""}"
frankfurter,2019-10-08,EUR,1,10.652900,,,"{""base"": ""EUR"", ""date"": ""2019-10-08"", ""rate"": 10.6529, ""quote"": ""MAD""}"
frankfurter,2019-10-08,USD,1,9.693300,,,"{""base"": ""USD"", ""date"": ""2019-10-08"", ""rate"": 9.6933, ""quote"": ""MAD""}"
frankfurter,2019-10-09,EUR,1,10.648400,,,"{""base"": ""EUR"", ""date"": ""2019-10-09"", ""rate"": 10.6484, ""quote"": ""MAD""}"
frankfurter,2019-10-09,USD,1,9.696200,,,"{""base"": ""USD"", ""date"": ""2019-10-09"", ""rate"": 9.6962, ""quote"": ""MAD""}"
frankfurter,2019-10-10,EUR,1,10.666100,,,"{""base"": ""EUR"", ""date"": ""2019-10-10"", ""rate"": 10.6661, ""quote"": ""MAD""}"
frankfurter,2019-10-10,USD,1,9.671800,,,"{""base"": ""USD"", ""date"": ""2019-10-10"", ""rate"": 9.6718, ""quote"": ""MAD""}"
frankfurter,2019-10-11,EUR,1,10.670300,,,"{""base"": ""EUR"", ""date"": ""2019-10-11"", ""rate"": 10.6703, ""quote"": ""MAD""}"
frankfurter,2019-10-11,USD,1,9.663400,,,"{""base"": ""USD"", ""date"": ""2019-10-11"", ""rate"": 9.6634, ""quote"": ""MAD""}"
frankfurter,2019-10-14,EUR,1,10.660100,,,"{""base"": ""EUR"", ""date"": ""2019-10-14"", ""rate"": 10.6601, ""quote"": ""MAD""}"
frankfurter,2019-10-14,USD,1,9.665500,,,"{""base"": ""USD"", ""date"": ""2019-10-14"", ""rate"": 9.6655, ""quote"": ""MAD""}"
frankfurter,2019-10-15,EUR,1,10.651500,,,"{""base"": ""EUR"", ""date"": ""2019-10-15"", ""rate"": 10.6515, ""quote"": ""MAD""}"
frankfurter,2019-10-15,USD,1,9.677000,,,"{""base"": ""USD"", ""date"": ""2019-10-15"", ""rate"": 9.677, ""quote"": ""MAD""}"
frankfurter,2019-10-16,EUR,1,10.648400,,,"{""base"": ""EUR"", ""date"": ""2019-10-16"", ""rate"": 10.6484, ""quote"": ""MAD""}"
frankfurter,2019-10-16,USD,1,9.654900,,,"{""base"": ""USD"", ""date"": ""2019-10-16"", ""rate"": 9.6549, ""quote"": ""MAD""}"
frankfurter,2019-10-17,EUR,1,10.687200,,,"{""base"": ""EUR"", ""date"": ""2019-10-17"", ""rate"": 10.6872, ""quote"": ""MAD""}"
frankfurter,2019-10-17,USD,1,9.616000,,,"{""base"": ""USD"", ""date"": ""2019-10-17"", ""rate"": 9.616, ""quote"": ""MAD""}"
frankfurter,2019-10-21,EUR,1,10.713400,,,"{""base"": ""EUR"", ""date"": ""2019-10-21"", ""rate"": 10.7134, ""quote"": ""MAD""}"
frankfurter,2019-10-21,USD,1,9.593800,,,"{""base"": ""USD"", ""date"": ""2019-10-21"", ""rate"": 9.5938, ""quote"": ""MAD""}"
frankfurter,2019-10-22,EUR,1,10.706700,,,"{""base"": ""EUR"", ""date"": ""2019-10-22"", ""rate"": 10.7067, ""quote"": ""MAD""}"
frankfurter,2019-10-22,USD,1,9.610200,,,"{""base"": ""USD"", ""date"": ""2019-10-22"", ""rate"": 9.6102, ""quote"": ""MAD""}"
frankfurter,2019-10-23,EUR,1,10.694600,,,"{""base"": ""EUR"", ""date"": ""2019-10-23"", ""rate"": 10.6946, ""quote"": ""MAD""}"
frankfurter,2019-10-23,USD,1,9.622600,,,"{""base"": ""USD"", ""date"": ""2019-10-23"", ""rate"": 9.6226, ""quote"": ""MAD""}"
frankfurter,2019-10-24,EUR,1,10.710700,,,"{""base"": ""EUR"", ""date"": ""2019-10-24"", ""rate"": 10.7107, ""quote"": ""MAD""}"
frankfurter,2019-10-24,USD,1,9.624100,,,"{""base"": ""USD"", ""date"": ""2019-10-24"", ""rate"": 9.6241, ""quote"": ""MAD""}"
frankfurter,2019-10-25,EUR,1,10.704600,,,"{""base"": ""EUR"", ""date"": ""2019-10-25"", ""rate"": 10.7046, ""quote"": ""MAD""}"
frankfurter,2019-10-25,USD,1,9.633400,,,"{""base"": ""USD"", ""date"": ""2019-10-25"", ""rate"": 9.6334, ""quote"": ""MAD""}"
frankfurter,2019-10-28,EUR,1,10.700400,,,"{""base"": ""EUR"", ""date"": ""2019-10-28"", ""rate"": 10.7004, ""quote"": ""MAD""}"
frankfurter,2019-10-28,USD,1,9.638300,,,"{""base"": ""USD"", ""date"": ""2019-10-28"", ""rate"": 9.6383, ""quote"": ""MAD""}"
frankfurter,2019-10-29,EUR,1,10.690200,,,"{""base"": ""EUR"", ""date"": ""2019-10-29"", ""rate"": 10.6902, ""quote"": ""MAD""}"
frankfurter,2019-10-29,USD,1,9.648200,,,"{""base"": ""USD"", ""date"": ""2019-10-29"", ""rate"": 9.6482, ""quote"": ""MAD""}"
frankfurter,2019-10-30,EUR,1,10.715800,,,"{""base"": ""EUR"", ""date"": ""2019-10-30"", ""rate"": 10.7158, ""quote"": ""MAD""}"
frankfurter,2019-10-30,USD,1,9.642600,,,"{""base"": ""USD"", ""date"": ""2019-10-30"", ""rate"": 9.6426, ""quote"": ""MAD""}"
frankfurter,2019-10-31,EUR,1,10.734200,,,"{""base"": ""EUR"", ""date"": ""2019-10-31"", ""rate"": 10.7342, ""quote"": ""MAD""}"
frankfurter,2019-10-31,USD,1,9.617600,,,"{""base"": ""USD"", ""date"": ""2019-10-31"", ""rate"": 9.6176, ""quote"": ""MAD""}"
frankfurter,2019-11-01,EUR,1,10.721700,,,"{""base"": ""EUR"", ""date"": ""2019-11-01"", ""rate"": 10.7217, ""quote"": ""MAD""}"
frankfurter,2019-11-01,USD,1,9.613300,,,"{""base"": ""USD"", ""date"": ""2019-11-01"", ""rate"": 9.6133, ""quote"": ""MAD""}"
frankfurter,2019-11-04,EUR,1,10.726100,,,"{""base"": ""EUR"", ""date"": ""2019-11-04"", ""rate"": 10.7261, ""quote"": ""MAD""}"
frankfurter,2019-11-04,USD,1,9.609500,,,"{""base"": ""USD"", ""date"": ""2019-11-04"", ""rate"": 9.6095, ""quote"": ""MAD""}"
frankfurter,2019-11-05,EUR,1,10.709200,,,"{""base"": ""EUR"", ""date"": ""2019-11-05"", ""rate"": 10.7092, ""quote"": ""MAD""}"
frankfurter,2019-11-05,USD,1,9.632300,,,"{""base"": ""USD"", ""date"": ""2019-11-05"", ""rate"": 9.6323, ""quote"": ""MAD""}"
frankfurter,2019-11-07,EUR,1,10.690700,,,"{""base"": ""EUR"", ""date"": ""2019-11-07"", ""rate"": 10.6907, ""quote"": ""MAD""}"
frankfurter,2019-11-07,USD,1,9.640800,,,"{""base"": ""USD"", ""date"": ""2019-11-07"", ""rate"": 9.6408, ""quote"": ""MAD""}"
frankfurter,2019-11-08,EUR,1,10.671500,,,"{""base"": ""EUR"", ""date"": ""2019-11-08"", ""rate"": 10.6715, ""quote"": ""MAD""}"
frankfurter,2019-11-08,USD,1,9.674100,,,"{""base"": ""USD"", ""date"": ""2019-11-08"", ""rate"": 9.6741, ""quote"": ""MAD""}"
frankfurter,2019-11-12,EUR,1,10.670200,,,"{""base"": ""EUR"", ""date"": ""2019-11-12"", ""rate"": 10.6702, ""quote"": ""MAD""}"
frankfurter,2019-11-12,USD,1,9.684300,,,"{""base"": ""USD"", ""date"": ""2019-11-12"", ""rate"": 9.6843, ""quote"": ""MAD""}"
frankfurter,2019-11-13,EUR,1,10.663800,,,"{""base"": ""EUR"", ""date"": ""2019-11-13"", ""rate"": 10.6638, ""quote"": ""MAD""}"
frankfurter,2019-11-13,USD,1,9.684700,,,"{""base"": ""USD"", ""date"": ""2019-11-13"", ""rate"": 9.6847, ""quote"": ""MAD""}"
frankfurter,2019-11-14,EUR,1,10.653900,,,"{""base"": ""EUR"", ""date"": ""2019-11-14"", ""rate"": 10.6539, ""quote"": ""MAD""}"
frankfurter,2019-11-14,USD,1,9.688900,,,"{""base"": ""USD"", ""date"": ""2019-11-14"", ""rate"": 9.6889, ""quote"": ""MAD""}"
frankfurter,2019-11-15,EUR,1,10.668900,,,"{""base"": ""EUR"", ""date"": ""2019-11-15"", ""rate"": 10.6689, ""quote"": ""MAD""}"
frankfurter,2019-11-15,USD,1,9.672600,,,"{""base"": ""USD"", ""date"": ""2019-11-15"", ""rate"": 9.6726, ""quote"": ""MAD""}"
frankfurter,2019-11-19,EUR,1,10.671300,,,"{""base"": ""EUR"", ""date"": ""2019-11-19"", ""rate"": 10.6713, ""quote"": ""MAD""}"
frankfurter,2019-11-19,USD,1,9.637200,,,"{""base"": ""USD"", ""date"": ""2019-11-19"", ""rate"": 9.6372, ""quote"": ""MAD""}"
frankfurter,2019-11-20,EUR,1,10.662000,,,"{""base"": ""EUR"", ""date"": ""2019-11-20"", ""rate"": 10.662, ""quote"": ""MAD""}"
frankfurter,2019-11-20,USD,1,9.639300,,,"{""base"": ""USD"", ""date"": ""2019-11-20"", ""rate"": 9.6393, ""quote"": ""MAD""}"
frankfurter,2019-11-21,EUR,1,10.667200,,,"{""base"": ""EUR"", ""date"": ""2019-11-21"", ""rate"": 10.6672, ""quote"": ""MAD""}"
frankfurter,2019-11-21,USD,1,9.624000,,,"{""base"": ""USD"", ""date"": ""2019-11-21"", ""rate"": 9.624, ""quote"": ""MAD""}"
frankfurter,2019-11-22,EUR,1,10.650500,,,"{""base"": ""EUR"", ""date"": ""2019-11-22"", ""rate"": 10.6505, ""quote"": ""MAD""}"
frankfurter,2019-11-22,USD,1,9.634100,,,"{""base"": ""USD"", ""date"": ""2019-11-22"", ""rate"": 9.6341, ""quote"": ""MAD""}"
frankfurter,2019-11-25,EUR,1,10.634200,,,"{""base"": ""EUR"", ""date"": ""2019-11-25"", ""rate"": 10.6342, ""quote"": ""MAD""}"
frankfurter,2019-11-25,USD,1,9.656000,,,"{""base"": ""USD"", ""date"": ""2019-11-25"", ""rate"": 9.656, ""quote"": ""MAD""}"
frankfurter,2019-11-26,EUR,1,10.629000,,,"{""base"": ""EUR"", ""date"": ""2019-11-26"", ""rate"": 10.629, ""quote"": ""MAD""}"
frankfurter,2019-11-26,USD,1,9.647800,,,"{""base"": ""USD"", ""date"": ""2019-11-26"", ""rate"": 9.6478, ""quote"": ""MAD""}"
frankfurter,2019-11-27,EUR,1,10.626700,,,"{""base"": ""EUR"", ""date"": ""2019-11-27"", ""rate"": 10.6267, ""quote"": ""MAD""}"
frankfurter,2019-11-27,USD,1,9.654500,,,"{""base"": ""USD"", ""date"": ""2019-11-27"", ""rate"": 9.6545, ""quote"": ""MAD""}"
frankfurter,2019-11-28,EUR,1,10.619200,,,"{""base"": ""EUR"", ""date"": ""2019-11-28"", ""rate"": 10.6192, ""quote"": ""MAD""}"
frankfurter,2019-11-28,USD,1,9.647700,,,"{""base"": ""USD"", ""date"": ""2019-11-28"", ""rate"": 9.6477, ""quote"": ""MAD""}"
frankfurter,2019-11-29,EUR,1,10.642600,,,"{""base"": ""EUR"", ""date"": ""2019-11-29"", ""rate"": 10.6426, ""quote"": ""MAD""}"
frankfurter,2019-11-29,USD,1,9.672500,,,"{""base"": ""USD"", ""date"": ""2019-11-29"", ""rate"": 9.6725, ""quote"": ""MAD""}"
frankfurter,2019-12-02,EUR,1,10.645800,,,"{""base"": ""EUR"", ""date"": ""2019-12-02"", ""rate"": 10.6458, ""quote"": ""MAD""}"
frankfurter,2019-12-02,USD,1,9.665700,,,"{""base"": ""USD"", ""date"": ""2019-12-02"", ""rate"": 9.6657, ""quote"": ""MAD""}"
frankfurter,2019-12-03,EUR,1,10.661700,,,"{""base"": ""EUR"", ""date"": ""2019-12-03"", ""rate"": 10.6617, ""quote"": ""MAD""}"
frankfurter,2019-12-03,USD,1,9.626800,,,"{""base"": ""USD"", ""date"": ""2019-12-03"", ""rate"": 9.6268, ""quote"": ""MAD""}"
frankfurter,2019-12-04,EUR,1,10.662000,,,"{""base"": ""EUR"", ""date"": ""2019-12-04"", ""rate"": 10.662, ""quote"": ""MAD""}"
frankfurter,2019-12-04,USD,1,9.629700,,,"{""base"": ""USD"", ""date"": ""2019-12-04"", ""rate"": 9.6297, ""quote"": ""MAD""}"
frankfurter,2019-12-05,EUR,1,10.675500,,,"{""base"": ""EUR"", ""date"": ""2019-12-05"", ""rate"": 10.6755, ""quote"": ""MAD""}"
frankfurter,2019-12-05,USD,1,9.629700,,,"{""base"": ""USD"", ""date"": ""2019-12-05"", ""rate"": 9.6297, ""quote"": ""MAD""}"
frankfurter,2019-12-06,EUR,1,10.680500,,,"{""base"": ""EUR"", ""date"": ""2019-12-06"", ""rate"": 10.6805, ""quote"": ""MAD""}"
frankfurter,2019-12-06,USD,1,9.627300,,,"{""base"": ""USD"", ""date"": ""2019-12-06"", ""rate"": 9.6273, ""quote"": ""MAD""}"
frankfurter,2019-12-09,EUR,1,10.680500,,,"{""base"": ""EUR"", ""date"": ""2019-12-09"", ""rate"": 10.6805, ""quote"": ""MAD""}"
frankfurter,2019-12-09,USD,1,9.644700,,,"{""base"": ""USD"", ""date"": ""2019-12-09"", ""rate"": 9.6447, ""quote"": ""MAD""}"
frankfurter,2019-12-10,EUR,1,10.680800,,,"{""base"": ""EUR"", ""date"": ""2019-12-10"", ""rate"": 10.6808, ""quote"": ""MAD""}"
frankfurter,2019-12-10,USD,1,9.638000,,,"{""base"": ""USD"", ""date"": ""2019-12-10"", ""rate"": 9.638, ""quote"": ""MAD""}"
frankfurter,2019-12-11,EUR,1,10.692800,,,"{""base"": ""EUR"", ""date"": ""2019-12-11"", ""rate"": 10.6928, ""quote"": ""MAD""}"
frankfurter,2019-12-11,USD,1,9.649700,,,"{""base"": ""USD"", ""date"": ""2019-12-11"", ""rate"": 9.6497, ""quote"": ""MAD""}"
frankfurter,2019-12-12,EUR,1,10.694500,,,"{""base"": ""EUR"", ""date"": ""2019-12-12"", ""rate"": 10.6945, ""quote"": ""MAD""}"
frankfurter,2019-12-12,USD,1,9.609600,,,"{""base"": ""USD"", ""date"": ""2019-12-12"", ""rate"": 9.6096, ""quote"": ""MAD""}"
frankfurter,2019-12-13,EUR,1,10.709800,,,"{""base"": ""EUR"", ""date"": ""2019-12-13"", ""rate"": 10.7098, ""quote"": ""MAD""}"
frankfurter,2019-12-13,USD,1,9.575100,,,"{""base"": ""USD"", ""date"": ""2019-12-13"", ""rate"": 9.5751, ""quote"": ""MAD""}"
frankfurter,2019-12-16,EUR,1,10.700800,,,"{""base"": ""EUR"", ""date"": ""2019-12-16"", ""rate"": 10.7008, ""quote"": ""MAD""}"
frankfurter,2019-12-16,USD,1,9.607500,,,"{""base"": ""USD"", ""date"": ""2019-12-16"", ""rate"": 9.6075, ""quote"": ""MAD""}"
frankfurter,2019-12-17,EUR,1,10.712500,,,"{""base"": ""EUR"", ""date"": ""2019-12-17"", ""rate"": 10.7125, ""quote"": ""MAD""}"
frankfurter,2019-12-17,USD,1,9.600700,,,"{""base"": ""USD"", ""date"": ""2019-12-17"", ""rate"": 9.6007, ""quote"": ""MAD""}"
frankfurter,2019-12-18,EUR,1,10.705000,,,"{""base"": ""EUR"", ""date"": ""2019-12-18"", ""rate"": 10.705, ""quote"": ""MAD""}"
frankfurter,2019-12-18,USD,1,9.614700,,,"{""base"": ""USD"", ""date"": ""2019-12-18"", ""rate"": 9.6147, ""quote"": ""MAD""}"
frankfurter,2019-12-19,EUR,1,10.706900,,,"{""base"": ""EUR"", ""date"": ""2019-12-19"", ""rate"": 10.7069, ""quote"": ""MAD""}"
frankfurter,2019-12-19,USD,1,9.617300,,,"{""base"": ""USD"", ""date"": ""2019-12-19"", ""rate"": 9.6173, ""quote"": ""MAD""}"
frankfurter,2019-12-20,EUR,1,10.680400,,,"{""base"": ""EUR"", ""date"": ""2019-12-20"", ""rate"": 10.6804, ""quote"": ""MAD""}"
frankfurter,2019-12-20,USD,1,9.622800,,,"{""base"": ""USD"", ""date"": ""2019-12-20"", ""rate"": 9.6228, ""quote"": ""MAD""}"
frankfurter,2019-12-23,EUR,1,10.675700,,,"{""base"": ""EUR"", ""date"": ""2019-12-23"", ""rate"": 10.6757, ""quote"": ""MAD""}"
frankfurter,2019-12-23,USD,1,9.635100,,,"{""base"": ""USD"", ""date"": ""2019-12-23"", ""rate"": 9.6351, ""quote"": ""MAD""}"
frankfurter,2019-12-24,EUR,1,10.676300,,,"{""base"": ""EUR"", ""date"": ""2019-12-24"", ""rate"": 10.6763, ""quote"": ""MAD""}"
frankfurter,2019-12-24,USD,1,9.642600,,,"{""base"": ""USD"", ""date"": ""2019-12-24"", ""rate"": 9.6426, ""quote"": ""MAD""}"
frankfurter,2019-12-27,EUR,1,10.703500,,,"{""base"": ""EUR"", ""date"": ""2019-12-27"", ""rate"": 10.7035, ""quote"": ""MAD""}"
frankfurter,2019-12-27,USD,1,9.603000,,,"{""base"": ""USD"", ""date"": ""2019-12-27"", ""rate"": 9.603, ""quote"": ""MAD""}"
frankfurter,2019-12-30,EUR,1,10.748600,,,"{""base"": ""EUR"", ""date"": ""2019-12-30"", ""rate"": 10.7486, ""quote"": ""MAD""}"
frankfurter,2019-12-30,USD,1,9.597000,,,"{""base"": ""USD"", ""date"": ""2019-12-30"", ""rate"": 9.597, ""quote"": ""MAD""}"
frankfurter,2019-12-31,EUR,1,10.764500,,,"{""base"": ""EUR"", ""date"": ""2019-12-31"", ""rate"": 10.7645, ""quote"": ""MAD""}"
frankfurter,2019-12-31,USD,1,9.593200,,,"{""base"": ""USD"", ""date"": ""2019-12-31"", ""rate"": 9.5932, ""quote"": ""MAD""}"
frankfurter,2020-01-02,EUR,1,10.736500,,,"{""base"": ""EUR"", ""date"": ""2020-01-02"", ""rate"": 10.7365, ""quote"": ""MAD""}"
frankfurter,2020-01-02,USD,1,9.587900,,,"{""base"": ""USD"", ""date"": ""2020-01-02"", ""rate"": 9.5879, ""quote"": ""MAD""}"
frankfurter,2020-01-03,EUR,1,10.710700,,,"{""base"": ""EUR"", ""date"": ""2020-01-03"", ""rate"": 10.7107, ""quote"": ""MAD""}"
frankfurter,2020-01-03,USD,1,9.624100,,,"{""base"": ""USD"", ""date"": ""2020-01-03"", ""rate"": 9.6241, ""quote"": ""MAD""}"
frankfurter,2020-01-06,EUR,1,10.732900,,,"{""base"": ""EUR"", ""date"": ""2020-01-06"", ""rate"": 10.7329, ""quote"": ""MAD""}"
frankfurter,2020-01-06,USD,1,9.580400,,,"{""base"": ""USD"", ""date"": ""2020-01-06"", ""rate"": 9.5804, ""quote"": ""MAD""}"
frankfurter,2020-01-07,EUR,1,10.711000,,,"{""base"": ""EUR"", ""date"": ""2020-01-07"", ""rate"": 10.711, ""quote"": ""MAD""}"
frankfurter,2020-01-07,USD,1,9.583900,,,"{""base"": ""USD"", ""date"": ""2020-01-07"", ""rate"": 9.5839, ""quote"": ""MAD""}"
frankfurter,2020-01-08,EUR,1,10.692700,,,"{""base"": ""EUR"", ""date"": ""2020-01-08"", ""rate"": 10.6927, ""quote"": ""MAD""}"
frankfurter,2020-01-08,USD,1,9.608000,,,"{""base"": ""USD"", ""date"": ""2020-01-08"", ""rate"": 9.608, ""quote"": ""MAD""}"
frankfurter,2020-01-09,EUR,1,10.677100,,,"{""base"": ""EUR"", ""date"": ""2020-01-09"", ""rate"": 10.6771, ""quote"": ""MAD""}"
frankfurter,2020-01-09,USD,1,9.609500,,,"{""base"": ""USD"", ""date"": ""2020-01-09"", ""rate"": 9.6095, ""quote"": ""MAD""}"
frankfurter,2020-01-13,EUR,1,10.658000,,,"{""base"": ""EUR"", ""date"": ""2020-01-13"", ""rate"": 10.658, ""quote"": ""MAD""}"
frankfurter,2020-01-13,USD,1,9.585400,,,"{""base"": ""USD"", ""date"": ""2020-01-13"", ""rate"": 9.5854, ""quote"": ""MAD""}"
frankfurter,2020-01-14,EUR,1,10.663000,,,"{""base"": ""EUR"", ""date"": ""2020-01-14"", ""rate"": 10.663, ""quote"": ""MAD""}"
frankfurter,2020-01-14,USD,1,9.578700,,,"{""base"": ""USD"", ""date"": ""2020-01-14"", ""rate"": 9.5787, ""quote"": ""MAD""}"
frankfurter,2020-01-15,EUR,1,10.672500,,,"{""base"": ""EUR"", ""date"": ""2020-01-15"", ""rate"": 10.6725, ""quote"": ""MAD""}"
frankfurter,2020-01-15,USD,1,9.570900,,,"{""base"": ""USD"", ""date"": ""2020-01-15"", ""rate"": 9.5709, ""quote"": ""MAD""}"
frankfurter,2020-01-16,EUR,1,10.687400,,,"{""base"": ""EUR"", ""date"": ""2020-01-16"", ""rate"": 10.6874, ""quote"": ""MAD""}"
frankfurter,2020-01-16,USD,1,9.578200,,,"{""base"": ""USD"", ""date"": ""2020-01-16"", ""rate"": 9.5782, ""quote"": ""MAD""}"
frankfurter,2020-01-17,EUR,1,10.671500,,,"{""base"": ""EUR"", ""date"": ""2020-01-17"", ""rate"": 10.6715, ""quote"": ""MAD""}"
frankfurter,2020-01-17,USD,1,9.606200,,,"{""base"": ""USD"", ""date"": ""2020-01-17"", ""rate"": 9.6062, ""quote"": ""MAD""}"
frankfurter,2020-01-20,EUR,1,10.658500,,,"{""base"": ""EUR"", ""date"": ""2020-01-20"", ""rate"": 10.6585, ""quote"": ""MAD""}"
frankfurter,2020-01-20,USD,1,9.614400,,,"{""base"": ""USD"", ""date"": ""2020-01-20"", ""rate"": 9.6144, ""quote"": ""MAD""}"
frankfurter,2020-01-21,EUR,1,10.661100,,,"{""base"": ""EUR"", ""date"": ""2020-01-21"", ""rate"": 10.6611, ""quote"": ""MAD""}"
frankfurter,2020-01-21,USD,1,9.599400,,,"{""base"": ""USD"", ""date"": ""2020-01-21"", ""rate"": 9.5994, ""quote"": ""MAD""}"
frankfurter,2020-01-22,EUR,1,10.653700,,,"{""base"": ""EUR"", ""date"": ""2020-01-22"", ""rate"": 10.6537, ""quote"": ""MAD""}"
frankfurter,2020-01-22,USD,1,9.611800,,,"{""base"": ""USD"", ""date"": ""2020-01-22"", ""rate"": 9.6118, ""quote"": ""MAD""}"
frankfurter,2020-01-24,EUR,1,10.638200,,,"{""base"": ""EUR"", ""date"": ""2020-01-24"", ""rate"": 10.6382, ""quote"": ""MAD""}"
frankfurter,2020-01-24,USD,1,9.642200,,,"{""base"": ""USD"", ""date"": ""2020-01-24"", ""rate"": 9.6422, ""quote"": ""MAD""}"
frankfurter,2020-01-27,EUR,1,10.628900,,,"{""base"": ""EUR"", ""date"": ""2020-01-27"", ""rate"": 10.6289, ""quote"": ""MAD""}"
frankfurter,2020-01-27,USD,1,9.641600,,,"{""base"": ""USD"", ""date"": ""2020-01-27"", ""rate"": 9.6416, ""quote"": ""MAD""}"
frankfurter,2020-01-28,EUR,1,10.633900,,,"{""base"": ""EUR"", ""date"": ""2020-01-28"", ""rate"": 10.6339, ""quote"": ""MAD""}"
frankfurter,2020-01-28,USD,1,9.652300,,,"{""base"": ""USD"", ""date"": ""2020-01-28"", ""rate"": 9.6523, ""quote"": ""MAD""}"
frankfurter,2020-01-29,EUR,1,10.616000,,,"{""base"": ""EUR"", ""date"": ""2020-01-29"", ""rate"": 10.616, ""quote"": ""MAD""}"
frankfurter,2020-01-29,USD,1,9.650900,,,"{""base"": ""USD"", ""date"": ""2020-01-29"", ""rate"": 9.6509, ""quote"": ""MAD""}"
frankfurter,2020-01-30,EUR,1,10.616500,,,"{""base"": ""EUR"", ""date"": ""2020-01-30"", ""rate"": 10.6165, ""quote"": ""MAD""}"
frankfurter,2020-01-30,USD,1,9.636500,,,"{""base"": ""USD"", ""date"": ""2020-01-30"", ""rate"": 9.6365, ""quote"": ""MAD""}"
frankfurter,2020-01-31,EUR,1,10.620100,,,"{""base"": ""EUR"", ""date"": ""2020-01-31"", ""rate"": 10.6201, ""quote"": ""MAD""}"
frankfurter,2020-01-31,USD,1,9.628400,,,"{""base"": ""USD"", ""date"": ""2020-01-31"", ""rate"": 9.6284, ""quote"": ""MAD""}"
frankfurter,2020-02-03,EUR,1,10.629800,,,"{""base"": ""EUR"", ""date"": ""2020-02-03"", ""rate"": 10.6298, ""quote"": ""MAD""}"
frankfurter,2020-02-03,USD,1,9.609300,,,"{""base"": ""USD"", ""date"": ""2020-02-03"", ""rate"": 9.6093, ""quote"": ""MAD""}"
frankfurter,2020-02-04,EUR,1,10.627700,,,"{""base"": ""EUR"", ""date"": ""2020-02-04"", ""rate"": 10.6277, ""quote"": ""MAD""}"
frankfurter,2020-02-04,USD,1,9.613500,,,"{""base"": ""USD"", ""date"": ""2020-02-04"", ""rate"": 9.6135, ""quote"": ""MAD""}"
frankfurter,2020-02-05,EUR,1,10.612600,,,"{""base"": ""EUR"", ""date"": ""2020-02-05"", ""rate"": 10.6126, ""quote"": ""MAD""}"
frankfurter,2020-02-05,USD,1,9.633800,,,"{""base"": ""USD"", ""date"": ""2020-02-05"", ""rate"": 9.6338, ""quote"": ""MAD""}"
frankfurter,2020-02-06,EUR,1,10.606900,,,"{""base"": ""EUR"", ""date"": ""2020-02-06"", ""rate"": 10.6069, ""quote"": ""MAD""}"
frankfurter,2020-02-06,USD,1,9.642600,,,"{""base"": ""USD"", ""date"": ""2020-02-06"", ""rate"": 9.6426, ""quote"": ""MAD""}"
frankfurter,2020-02-07,EUR,1,10.587400,,,"{""base"": ""EUR"", ""date"": ""2020-02-07"", ""rate"": 10.5874, ""quote"": ""MAD""}"
frankfurter,2020-02-07,USD,1,9.666200,,,"{""base"": ""USD"", ""date"": ""2020-02-07"", ""rate"": 9.6662, ""quote"": ""MAD""}"
frankfurter,2020-02-10,EUR,1,10.586200,,,"{""base"": ""EUR"", ""date"": ""2020-02-10"", ""rate"": 10.5862, ""quote"": ""MAD""}"
frankfurter,2020-02-10,USD,1,9.667800,,,"{""base"": ""USD"", ""date"": ""2020-02-10"", ""rate"": 9.6678, ""quote"": ""MAD""}"
frankfurter,2020-02-11,EUR,1,10.568100,,,"{""base"": ""EUR"", ""date"": ""2020-02-11"", ""rate"": 10.5681, ""quote"": ""MAD""}"
frankfurter,2020-02-11,USD,1,9.680400,,,"{""base"": ""USD"", ""date"": ""2020-02-11"", ""rate"": 9.6804, ""quote"": ""MAD""}"
frankfurter,2020-02-12,EUR,1,10.567800,,,"{""base"": ""EUR"", ""date"": ""2020-02-12"", ""rate"": 10.5678, ""quote"": ""MAD""}"
frankfurter,2020-02-12,USD,1,9.681900,,,"{""base"": ""USD"", ""date"": ""2020-02-12"", ""rate"": 9.6819, ""quote"": ""MAD""}"
frankfurter,2020-02-13,EUR,1,10.549900,,,"{""base"": ""EUR"", ""date"": ""2020-02-13"", ""rate"": 10.5499, ""quote"": ""MAD""}"
frankfurter,2020-02-13,USD,1,9.703700,,,"{""base"": ""USD"", ""date"": ""2020-02-13"", ""rate"": 9.7037, ""quote"": ""MAD""}"
frankfurter,2020-02-14,EUR,1,10.535000,,,"{""base"": ""EUR"", ""date"": ""2020-02-14"", ""rate"": 10.535, ""quote"": ""MAD""}"
frankfurter,2020-02-14,USD,1,9.715900,,,"{""base"": ""USD"", ""date"": ""2020-02-14"", ""rate"": 9.7159, ""quote"": ""MAD""}"
frankfurter,2020-02-17,EUR,1,10.538400,,,"{""base"": ""EUR"", ""date"": ""2020-02-17"", ""rate"": 10.5384, ""quote"": ""MAD""}"
frankfurter,2020-02-17,USD,1,9.717300,,,"{""base"": ""USD"", ""date"": ""2020-02-17"", ""rate"": 9.7173, ""quote"": ""MAD""}"
frankfurter,2020-02-18,EUR,1,10.530200,,,"{""base"": ""EUR"", ""date"": ""2020-02-18"", ""rate"": 10.5302, ""quote"": ""MAD""}"
frankfurter,2020-02-18,USD,1,9.719600,,,"{""base"": ""USD"", ""date"": ""2020-02-18"", ""rate"": 9.7196, ""quote"": ""MAD""}"
frankfurter,2020-02-19,EUR,1,10.512400,,,"{""base"": ""EUR"", ""date"": ""2020-02-19"", ""rate"": 10.5124, ""quote"": ""MAD""}"
frankfurter,2020-02-19,USD,1,9.738200,,,"{""base"": ""USD"", ""date"": ""2020-02-19"", ""rate"": 9.7382, ""quote"": ""MAD""}"
frankfurter,2020-02-20,EUR,1,10.511000,,,"{""base"": ""EUR"", ""date"": ""2020-02-20"", ""rate"": 10.511, ""quote"": ""MAD""}"
frankfurter,2020-02-20,USD,1,9.740500,,,"{""base"": ""USD"", ""date"": ""2020-02-20"", ""rate"": 9.7405, ""quote"": ""MAD""}"
frankfurter,2020-02-21,EUR,1,10.513800,,,"{""base"": ""EUR"", ""date"": ""2020-02-21"", ""rate"": 10.5138, ""quote"": ""MAD""}"
frankfurter,2020-02-21,USD,1,9.735900,,,"{""base"": ""USD"", ""date"": ""2020-02-21"", ""rate"": 9.7359, ""quote"": ""MAD""}"
frankfurter,2020-02-24,EUR,1,10.521000,,,"{""base"": ""EUR"", ""date"": ""2020-02-24"", ""rate"": 10.521, ""quote"": ""MAD""}"
frankfurter,2020-02-24,USD,1,9.723700,,,"{""base"": ""USD"", ""date"": ""2020-02-24"", ""rate"": 9.7237, ""quote"": ""MAD""}"
frankfurter,2020-02-25,EUR,1,10.518300,,,"{""base"": ""EUR"", ""date"": ""2020-02-25"", ""rate"": 10.5183, ""quote"": ""MAD""}"
frankfurter,2020-02-25,USD,1,9.708600,,,"{""base"": ""USD"", ""date"": ""2020-02-25"", ""rate"": 9.7086, ""quote"": ""MAD""}"
frankfurter,2020-02-26,EUR,1,10.528100,,,"{""base"": ""EUR"", ""date"": ""2020-02-26"", ""rate"": 10.5281, ""quote"": ""MAD""}"
frankfurter,2020-02-26,USD,1,9.673000,,,"{""base"": ""USD"", ""date"": ""2020-02-26"", ""rate"": 9.673, ""quote"": ""MAD""}"
frankfurter,2020-02-27,EUR,1,10.546100,,,"{""base"": ""EUR"", ""date"": ""2020-02-27"", ""rate"": 10.5461, ""quote"": ""MAD""}"
frankfurter,2020-02-27,USD,1,9.641700,,,"{""base"": ""USD"", ""date"": ""2020-02-27"", ""rate"": 9.6417, ""quote"": ""MAD""}"
frankfurter,2020-02-28,EUR,1,10.586100,,,"{""base"": ""EUR"", ""date"": ""2020-02-28"", ""rate"": 10.5861, ""quote"": ""MAD""}"
frankfurter,2020-02-28,USD,1,9.598400,,,"{""base"": ""USD"", ""date"": ""2020-02-28"", ""rate"": 9.5984, ""quote"": ""MAD""}"
frankfurter,2020-03-02,EUR,1,10.618500,,,"{""base"": ""EUR"", ""date"": ""2020-03-02"", ""rate"": 10.6185, ""quote"": ""MAD""}"
frankfurter,2020-03-02,USD,1,9.571400,,,"{""base"": ""USD"", ""date"": ""2020-03-02"", ""rate"": 9.5714, ""quote"": ""MAD""}"
frankfurter,2020-03-03,EUR,1,10.632000,,,"{""base"": ""EUR"", ""date"": ""2020-03-03"", ""rate"": 10.632, ""quote"": ""MAD""}"
frankfurter,2020-03-03,USD,1,9.564600,,,"{""base"": ""USD"", ""date"": ""2020-03-03"", ""rate"": 9.5646, ""quote"": ""MAD""}"
frankfurter,2020-03-04,EUR,1,10.648500,,,"{""base"": ""EUR"", ""date"": ""2020-03-04"", ""rate"": 10.6485, ""quote"": ""MAD""}"
frankfurter,2020-03-04,USD,1,9.551900,,,"{""base"": ""USD"", ""date"": ""2020-03-04"", ""rate"": 9.5519, ""quote"": ""MAD""}"
frankfurter,2020-03-05,EUR,1,10.653700,,,"{""base"": ""EUR"", ""date"": ""2020-03-05"", ""rate"": 10.6537, ""quote"": ""MAD""}"
frankfurter,2020-03-05,USD,1,9.544600,,,"{""base"": ""USD"", ""date"": ""2020-03-05"", ""rate"": 9.5446, ""quote"": ""MAD""}"
frankfurter,2020-03-06,EUR,1,10.734400,,,"{""base"": ""EUR"", ""date"": ""2020-03-06"", ""rate"": 10.7344, ""quote"": ""MAD""}"
frankfurter,2020-03-06,USD,1,9.473500,,,"{""base"": ""USD"", ""date"": ""2020-03-06"", ""rate"": 9.4735, ""quote"": ""MAD""}"
frankfurter,2020-03-09,EUR,1,10.766200,,,"{""base"": ""EUR"", ""date"": ""2020-03-09"", ""rate"": 10.7662, ""quote"": ""MAD""}"
frankfurter,2020-03-09,USD,1,9.427500,,,"{""base"": ""USD"", ""date"": ""2020-03-09"", ""rate"": 9.4275, ""quote"": ""MAD""}"
frankfurter,2020-03-10,EUR,1,10.743300,,,"{""base"": ""EUR"", ""date"": ""2020-03-10"", ""rate"": 10.7433, ""quote"": ""MAD""}"
frankfurter,2020-03-10,USD,1,9.463800,,,"{""base"": ""USD"", ""date"": ""2020-03-10"", ""rate"": 9.4638, ""quote"": ""MAD""}"
frankfurter,2020-03-11,EUR,1,10.734300,,,"{""base"": ""EUR"", ""date"": ""2020-03-11"", ""rate"": 10.7343, ""quote"": ""MAD""}"
frankfurter,2020-03-11,USD,1,9.474200,,,"{""base"": ""USD"", ""date"": ""2020-03-11"", ""rate"": 9.4742, ""quote"": ""MAD""}"
frankfurter,2020-03-12,EUR,1,10.697700,,,"{""base"": ""EUR"", ""date"": ""2020-03-12"", ""rate"": 10.6977, ""quote"": ""MAD""}"
frankfurter,2020-03-12,USD,1,9.526000,,,"{""base"": ""USD"", ""date"": ""2020-03-12"", ""rate"": 9.526, ""quote"": ""MAD""}"
frankfurter,2020-03-13,EUR,1,10.669300,,,"{""base"": ""EUR"", ""date"": ""2020-03-13"", ""rate"": 10.6693, ""quote"": ""MAD""}"
frankfurter,2020-03-13,USD,1,9.567200,,,"{""base"": ""USD"", ""date"": ""2020-03-13"", ""rate"": 9.5672, ""quote"": ""MAD""}"
frankfurter,2020-03-16,EUR,1,10.674600,,,"{""base"": ""EUR"", ""date"": ""2020-03-16"", ""rate"": 10.6746, ""quote"": ""MAD""}"
frankfurter,2020-03-16,USD,1,9.558200,,,"{""base"": ""USD"", ""date"": ""2020-03-16"", ""rate"": 9.5582, ""quote"": ""MAD""}"
frankfurter,2020-03-17,EUR,1,10.615100,,,"{""base"": ""EUR"", ""date"": ""2020-03-17"", ""rate"": 10.6151, ""quote"": ""MAD""}"
frankfurter,2020-03-17,USD,1,9.643100,,,"{""base"": ""USD"", ""date"": ""2020-03-17"", ""rate"": 9.6431, ""quote"": ""MAD""}"
frankfurter,2020-03-18,EUR,1,10.604600,,,"{""base"": ""EUR"", ""date"": ""2020-03-18"", ""rate"": 10.6046, ""quote"": ""MAD""}"
frankfurter,2020-03-18,USD,1,9.660700,,,"{""base"": ""USD"", ""date"": ""2020-03-18"", ""rate"": 9.6607, ""quote"": ""MAD""}"
frankfurter,2020-03-19,EUR,1,10.540100,,,"{""base"": ""EUR"", ""date"": ""2020-03-19"", ""rate"": 10.5401, ""quote"": ""MAD""}"
frankfurter,2020-03-19,USD,1,9.769300,,,"{""base"": ""USD"", ""date"": ""2020-03-19"", ""rate"": 9.7693, ""quote"": ""MAD""}"
frankfurter,2020-03-20,EUR,1,10.535100,,,"{""base"": ""EUR"", ""date"": ""2020-03-20"", ""rate"": 10.5351, ""quote"": ""MAD""}"
frankfurter,2020-03-20,USD,1,9.833900,,,"{""base"": ""USD"", ""date"": ""2020-03-20"", ""rate"": 9.8339, ""quote"": ""MAD""}"
frankfurter,2020-03-23,EUR,1,10.536100,,,"{""base"": ""EUR"", ""date"": ""2020-03-23"", ""rate"": 10.5361, ""quote"": ""MAD""}"
frankfurter,2020-03-23,USD,1,9.863400,,,"{""base"": ""USD"", ""date"": ""2020-03-23"", ""rate"": 9.8634, ""quote"": ""MAD""}"
frankfurter,2020-03-24,EUR,1,10.635000,,,"{""base"": ""EUR"", ""date"": ""2020-03-24"", ""rate"": 10.635, ""quote"": ""MAD""}"
frankfurter,2020-03-24,USD,1,9.782900,,,"{""base"": ""USD"", ""date"": ""2020-03-24"", ""rate"": 9.7829, ""quote"": ""MAD""}"
frankfurter,2020-03-25,EUR,1,10.666000,,,"{""base"": ""EUR"", ""date"": ""2020-03-25"", ""rate"": 10.666, ""quote"": ""MAD""}"
frankfurter,2020-03-25,USD,1,9.864100,,,"{""base"": ""USD"", ""date"": ""2020-03-25"", ""rate"": 9.8641, ""quote"": ""MAD""}"
frankfurter,2020-03-26,EUR,1,10.799400,,,"{""base"": ""EUR"", ""date"": ""2020-03-26"", ""rate"": 10.7994, ""quote"": ""MAD""}"
frankfurter,2020-03-26,USD,1,9.848100,,,"{""base"": ""USD"", ""date"": ""2020-03-26"", ""rate"": 9.8481, ""quote"": ""MAD""}"
frankfurter,2020-03-27,EUR,1,10.933000,,,"{""base"": ""EUR"", ""date"": ""2020-03-27"", ""rate"": 10.933, ""quote"": ""MAD""}"
frankfurter,2020-03-27,USD,1,9.914800,,,"{""base"": ""USD"", ""date"": ""2020-03-27"", ""rate"": 9.9148, ""quote"": ""MAD""}"
frankfurter,2020-03-30,EUR,1,11.070200,,,"{""base"": ""EUR"", ""date"": ""2020-03-30"", ""rate"": 11.0702, ""quote"": ""MAD""}"
frankfurter,2020-03-30,USD,1,10.007400,,,"{""base"": ""USD"", ""date"": ""2020-03-30"", ""rate"": 10.0074, ""quote"": ""MAD""}"
frankfurter,2020-03-31,EUR,1,11.089800,,,"{""base"": ""EUR"", ""date"": ""2020-03-31"", ""rate"": 11.0898, ""quote"": ""MAD""}"
frankfurter,2020-03-31,USD,1,10.139700,,,"{""base"": ""USD"", ""date"": ""2020-03-31"", ""rate"": 10.1397, ""quote"": ""MAD""}"
frankfurter,2020-04-01,EUR,1,11.175800,,,"{""base"": ""EUR"", ""date"": ""2020-04-01"", ""rate"": 11.1758, ""quote"": ""MAD""}"
frankfurter,2020-04-01,USD,1,10.211800,,,"{""base"": ""USD"", ""date"": ""2020-04-01"", ""rate"": 10.2118, ""quote"": ""MAD""}"
frankfurter,2020-04-02,EUR,1,11.173200,,,"{""base"": ""EUR"", ""date"": ""2020-04-02"", ""rate"": 11.1732, ""quote"": ""MAD""}"
frankfurter,2020-04-02,USD,1,10.233700,,,"{""base"": ""USD"", ""date"": ""2020-04-02"", ""rate"": 10.2337, ""quote"": ""MAD""}"
frankfurter,2020-04-03,EUR,1,11.128600,,,"{""base"": ""EUR"", ""date"": ""2020-04-03"", ""rate"": 11.1286, ""quote"": ""MAD""}"
frankfurter,2020-04-03,USD,1,10.310000,,,"{""base"": ""USD"", ""date"": ""2020-04-03"", ""rate"": 10.31, ""quote"": ""MAD""}"
frankfurter,2020-04-06,EUR,1,11.129300,,,"{""base"": ""EUR"", ""date"": ""2020-04-06"", ""rate"": 11.1293, ""quote"": ""MAD""}"
frankfurter,2020-04-06,USD,1,10.297300,,,"{""base"": ""USD"", ""date"": ""2020-04-06"", ""rate"": 10.2973, ""quote"": ""MAD""}"
frankfurter,2020-04-07,EUR,1,11.153600,,,"{""base"": ""EUR"", ""date"": ""2020-04-07"", ""rate"": 11.1536, ""quote"": ""MAD""}"
frankfurter,2020-04-07,USD,1,10.258100,,,"{""base"": ""USD"", ""date"": ""2020-04-07"", ""rate"": 10.2581, ""quote"": ""MAD""}"
frankfurter,2020-04-24,EUR,1,10.780500,,,"{""base"": ""EUR"", ""date"": ""2020-04-24"", ""rate"": 10.7805, ""quote"": ""MAD""}"
frankfurter,2020-04-24,USD,1,9.983800,,,"{""base"": ""USD"", ""date"": ""2020-04-24"", ""rate"": 9.9838, ""quote"": ""MAD""}"
frankfurter,2020-04-27,EUR,1,10.798300,,,"{""base"": ""EUR"", ""date"": ""2020-04-27"", ""rate"": 10.7983, ""quote"": ""MAD""}"
frankfurter,2020-04-27,USD,1,9.948700,,,"{""base"": ""USD"", ""date"": ""2020-04-27"", ""rate"": 9.9487, ""quote"": ""MAD""}"
frankfurter,2020-04-28,EUR,1,10.780900,,,"{""base"": ""EUR"", ""date"": ""2020-04-28"", ""rate"": 10.7809, ""quote"": ""MAD""}"
frankfurter,2020-04-28,USD,1,9.912600,,,"{""base"": ""USD"", ""date"": ""2020-04-28"", ""rate"": 9.9126, ""quote"": ""MAD""}"
frankfurter,2020-04-29,EUR,1,10.765400,,,"{""base"": ""EUR"", ""date"": ""2020-04-29"", ""rate"": 10.7654, ""quote"": ""MAD""}"
frankfurter,2020-04-29,USD,1,9.928400,,,"{""base"": ""USD"", ""date"": ""2020-04-29"", ""rate"": 9.9284, ""quote"": ""MAD""}"
frankfurter,2020-04-30,EUR,1,10.765200,,,"{""base"": ""EUR"", ""date"": ""2020-04-30"", ""rate"": 10.7652, ""quote"": ""MAD""}"
frankfurter,2020-04-30,USD,1,9.899900,,,"{""base"": ""USD"", ""date"": ""2020-04-30"", ""rate"": 9.8999, ""quote"": ""MAD""}"
frankfurter,2020-05-04,EUR,1,10.793400,,,"{""base"": ""EUR"", ""date"": ""2020-05-04"", ""rate"": 10.7934, ""quote"": ""MAD""}"
frankfurter,2020-05-04,USD,1,9.865100,,,"{""base"": ""USD"", ""date"": ""2020-05-04"", ""rate"": 9.8651, ""quote"": ""MAD""}"
frankfurter,2020-05-05,EUR,1,10.744400,,,"{""base"": ""EUR"", ""date"": ""2020-05-05"", ""rate"": 10.7444, ""quote"": ""MAD""}"
frankfurter,2020-05-05,USD,1,9.907200,,,"{""base"": ""USD"", ""date"": ""2020-05-05"", ""rate"": 9.9072, ""quote"": ""MAD""}"
frankfurter,2020-05-06,EUR,1,10.707600,,,"{""base"": ""EUR"", ""date"": ""2020-05-06"", ""rate"": 10.7076, ""quote"": ""MAD""}"
frankfurter,2020-05-06,USD,1,9.909900,,,"{""base"": ""USD"", ""date"": ""2020-05-06"", ""rate"": 9.9099, ""quote"": ""MAD""}"
frankfurter,2020-05-07,EUR,1,10.666900,,,"{""base"": ""EUR"", ""date"": ""2020-05-07"", ""rate"": 10.6669, ""quote"": ""MAD""}"
frankfurter,2020-05-07,USD,1,9.892300,,,"{""base"": ""USD"", ""date"": ""2020-05-07"", ""rate"": 9.8923, ""quote"": ""MAD""}"
frankfurter,2020-05-08,EUR,1,10.662200,,,"{""base"": ""EUR"", ""date"": ""2020-05-08"", ""rate"": 10.6622, ""quote"": ""MAD""}"
frankfurter,2020-05-08,USD,1,9.833300,,,"{""base"": ""USD"", ""date"": ""2020-05-08"", ""rate"": 9.8333, ""quote"": ""MAD""}"
frankfurter,2020-05-11,EUR,1,10.657000,,,"{""base"": ""EUR"", ""date"": ""2020-05-11"", ""rate"": 10.657, ""quote"": ""MAD""}"
frankfurter,2020-05-11,USD,1,9.846600,,,"{""base"": ""USD"", ""date"": ""2020-05-11"", ""rate"": 9.8466, ""quote"": ""MAD""}"
frankfurter,2020-05-12,EUR,1,10.673400,,,"{""base"": ""EUR"", ""date"": ""2020-05-12"", ""rate"": 10.6734, ""quote"": ""MAD""}"
frankfurter,2020-05-12,USD,1,9.830000,,,"{""base"": ""USD"", ""date"": ""2020-05-12"", ""rate"": 9.83, ""quote"": ""MAD""}"
frankfurter,2020-05-13,EUR,1,10.683500,,,"{""base"": ""EUR"", ""date"": ""2020-05-13"", ""rate"": 10.6835, ""quote"": ""MAD""}"
frankfurter,2020-05-13,USD,1,9.822100,,,"{""base"": ""USD"", ""date"": ""2020-05-13"", ""rate"": 9.8221, ""quote"": ""MAD""}"
frankfurter,2020-05-14,EUR,1,10.650100,,,"{""base"": ""EUR"", ""date"": ""2020-05-14"", ""rate"": 10.6501, ""quote"": ""MAD""}"
frankfurter,2020-05-14,USD,1,9.868500,,,"{""base"": ""USD"", ""date"": ""2020-05-14"", ""rate"": 9.8685, ""quote"": ""MAD""}"
frankfurter,2020-05-15,EUR,1,10.673700,,,"{""base"": ""EUR"", ""date"": ""2020-05-15"", ""rate"": 10.6737, ""quote"": ""MAD""}"
frankfurter,2020-05-15,USD,1,9.885800,,,"{""base"": ""USD"", ""date"": ""2020-05-15"", ""rate"": 9.8858, ""quote"": ""MAD""}"
frankfurter,2020-05-18,EUR,1,10.704400,,,"{""base"": ""EUR"", ""date"": ""2020-05-18"", ""rate"": 10.7044, ""quote"": ""MAD""}"
frankfurter,2020-05-18,USD,1,9.880400,,,"{""base"": ""USD"", ""date"": ""2020-05-18"", ""rate"": 9.8804, ""quote"": ""MAD""}"
frankfurter,2020-05-19,EUR,1,10.749700,,,"{""base"": ""EUR"", ""date"": ""2020-05-19"", ""rate"": 10.7497, ""quote"": ""MAD""}"
frankfurter,2020-05-19,USD,1,9.818900,,,"{""base"": ""USD"", ""date"": ""2020-05-19"", ""rate"": 9.8189, ""quote"": ""MAD""}"
frankfurter,2020-05-20,EUR,1,10.754900,,,"{""base"": ""EUR"", ""date"": ""2020-05-20"", ""rate"": 10.7549, ""quote"": ""MAD""}"
frankfurter,2020-05-20,USD,1,9.813800,,,"{""base"": ""USD"", ""date"": ""2020-05-20"", ""rate"": 9.8138, ""quote"": ""MAD""}"
frankfurter,2020-05-21,EUR,1,10.788800,,,"{""base"": ""EUR"", ""date"": ""2020-05-21"", ""rate"": 10.7888, ""quote"": ""MAD""}"
frankfurter,2020-05-21,USD,1,9.808000,,,"{""base"": ""USD"", ""date"": ""2020-05-21"", ""rate"": 9.808, ""quote"": ""MAD""}"
frankfurter,2020-05-22,EUR,1,10.772900,,,"{""base"": ""EUR"", ""date"": ""2020-05-22"", ""rate"": 10.7729, ""quote"": ""MAD""}"
frankfurter,2020-05-22,USD,1,9.881600,,,"{""base"": ""USD"", ""date"": ""2020-05-22"", ""rate"": 9.8816, ""quote"": ""MAD""}"
frankfurter,2020-05-27,EUR,1,10.836000,,,"{""base"": ""EUR"", ""date"": ""2020-05-27"", ""rate"": 10.836, ""quote"": ""MAD""}"
frankfurter,2020-05-27,USD,1,9.854500,,,"{""base"": ""USD"", ""date"": ""2020-05-27"", ""rate"": 9.8545, ""quote"": ""MAD""}"
frankfurter,2020-05-28,EUR,1,10.841500,,,"{""base"": ""EUR"", ""date"": ""2020-05-28"", ""rate"": 10.8415, ""quote"": ""MAD""}"
frankfurter,2020-05-28,USD,1,9.844300,,,"{""base"": ""USD"", ""date"": ""2020-05-28"", ""rate"": 9.8443, ""quote"": ""MAD""}"
frankfurter,2020-05-29,EUR,1,10.891100,,,"{""base"": ""EUR"", ""date"": ""2020-05-29"", ""rate"": 10.8911, ""quote"": ""MAD""}"
frankfurter,2020-05-29,USD,1,9.775700,,,"{""base"": ""USD"", ""date"": ""2020-05-29"", ""rate"": 9.7757, ""quote"": ""MAD""}"
frankfurter,2020-06-01,EUR,1,10.871200,,,"{""base"": ""EUR"", ""date"": ""2020-06-01"", ""rate"": 10.8712, ""quote"": ""MAD""}"
frankfurter,2020-06-01,USD,1,9.781500,,,"{""base"": ""USD"", ""date"": ""2020-06-01"", ""rate"": 9.7815, ""quote"": ""MAD""}"
frankfurter,2020-06-02,EUR,1,10.879500,,,"{""base"": ""EUR"", ""date"": ""2020-06-02"", ""rate"": 10.8795, ""quote"": ""MAD""}"
frankfurter,2020-06-02,USD,1,9.745200,,,"{""base"": ""USD"", ""date"": ""2020-06-02"", ""rate"": 9.7452, ""quote"": ""MAD""}"
frankfurter,2020-06-03,EUR,1,10.886000,,,"{""base"": ""EUR"", ""date"": ""2020-06-03"", ""rate"": 10.886, ""quote"": ""MAD""}"
frankfurter,2020-06-03,USD,1,9.724000,,,"{""base"": ""USD"", ""date"": ""2020-06-03"", ""rate"": 9.724, ""quote"": ""MAD""}"
frankfurter,2020-06-04,EUR,1,10.889200,,,"{""base"": ""EUR"", ""date"": ""2020-06-04"", ""rate"": 10.8892, ""quote"": ""MAD""}"
frankfurter,2020-06-04,USD,1,9.721600,,,"{""base"": ""USD"", ""date"": ""2020-06-04"", ""rate"": 9.7216, ""quote"": ""MAD""}"
frankfurter,2020-06-05,EUR,1,10.944600,,,"{""base"": ""EUR"", ""date"": ""2020-06-05"", ""rate"": 10.9446, ""quote"": ""MAD""}"
frankfurter,2020-06-05,USD,1,9.655600,,,"{""base"": ""USD"", ""date"": ""2020-06-05"", ""rate"": 9.6556, ""quote"": ""MAD""}"
frankfurter,2020-06-08,EUR,1,10.923000,,,"{""base"": ""EUR"", ""date"": ""2020-06-08"", ""rate"": 10.923, ""quote"": ""MAD""}"
frankfurter,2020-06-08,USD,1,9.686100,,,"{""base"": ""USD"", ""date"": ""2020-06-08"", ""rate"": 9.6861, ""quote"": ""MAD""}"
frankfurter,2020-06-09,EUR,1,10.920400,,,"{""base"": ""EUR"", ""date"": ""2020-06-09"", ""rate"": 10.9204, ""quote"": ""MAD""}"
frankfurter,2020-06-09,USD,1,9.688100,,,"{""base"": ""USD"", ""date"": ""2020-06-09"", ""rate"": 9.6881, ""quote"": ""MAD""}"
frankfurter,2020-06-10,EUR,1,10.959200,,,"{""base"": ""EUR"", ""date"": ""2020-06-10"", ""rate"": 10.9592, ""quote"": ""MAD""}"
frankfurter,2020-06-10,USD,1,9.634500,,,"{""base"": ""USD"", ""date"": ""2020-06-10"", ""rate"": 9.6345, ""quote"": ""MAD""}"
frankfurter,2020-06-11,EUR,1,10.931600,,,"{""base"": ""EUR"", ""date"": ""2020-06-11"", ""rate"": 10.9316, ""quote"": ""MAD""}"
frankfurter,2020-06-11,USD,1,9.617800,,,"{""base"": ""USD"", ""date"": ""2020-06-11"", ""rate"": 9.6178, ""quote"": ""MAD""}"
frankfurter,2020-06-12,EUR,1,10.903800,,,"{""base"": ""EUR"", ""date"": ""2020-06-12"", ""rate"": 10.9038, ""quote"": ""MAD""}"
frankfurter,2020-06-12,USD,1,9.648500,,,"{""base"": ""USD"", ""date"": ""2020-06-12"", ""rate"": 9.6485, ""quote"": ""MAD""}"
frankfurter,2020-06-15,EUR,1,10.884000,,,"{""base"": ""EUR"", ""date"": ""2020-06-15"", ""rate"": 10.884, ""quote"": ""MAD""}"
frankfurter,2020-06-15,USD,1,9.677200,,,"{""base"": ""USD"", ""date"": ""2020-06-15"", ""rate"": 9.6772, ""quote"": ""MAD""}"
frankfurter,2020-06-16,EUR,1,10.903000,,,"{""base"": ""EUR"", ""date"": ""2020-06-16"", ""rate"": 10.903, ""quote"": ""MAD""}"
frankfurter,2020-06-16,USD,1,9.639300,,,"{""base"": ""USD"", ""date"": ""2020-06-16"", ""rate"": 9.6393, ""quote"": ""MAD""}"
frankfurter,2020-06-17,EUR,1,10.873800,,,"{""base"": ""EUR"", ""date"": ""2020-06-17"", ""rate"": 10.8738, ""quote"": ""MAD""}"
frankfurter,2020-06-17,USD,1,9.669000,,,"{""base"": ""USD"", ""date"": ""2020-06-17"", ""rate"": 9.669, ""quote"": ""MAD""}"
frankfurter,2020-06-18,EUR,1,10.873900,,,"{""base"": ""EUR"", ""date"": ""2020-06-18"", ""rate"": 10.8739, ""quote"": ""MAD""}"
frankfurter,2020-06-18,USD,1,9.670000,,,"{""base"": ""USD"", ""date"": ""2020-06-18"", ""rate"": 9.67, ""quote"": ""MAD""}"
frankfurter,2020-06-19,EUR,1,10.827300,,,"{""base"": ""EUR"", ""date"": ""2020-06-19"", ""rate"": 10.8273, ""quote"": ""MAD""}"
frankfurter,2020-06-19,USD,1,9.666400,,,"{""base"": ""USD"", ""date"": ""2020-06-19"", ""rate"": 9.6664, ""quote"": ""MAD""}"
frankfurter,2020-06-23,EUR,1,10.861900,,,"{""base"": ""EUR"", ""date"": ""2020-06-23"", ""rate"": 10.8619, ""quote"": ""MAD""}"
frankfurter,2020-06-23,USD,1,9.622500,,,"{""base"": ""USD"", ""date"": ""2020-06-23"", ""rate"": 9.6225, ""quote"": ""MAD""}"
frankfurter,2020-06-24,EUR,1,10.888600,,,"{""base"": ""EUR"", ""date"": ""2020-06-24"", ""rate"": 10.8886, ""quote"": ""MAD""}"
frankfurter,2020-06-24,USD,1,9.630000,,,"{""base"": ""USD"", ""date"": ""2020-06-24"", ""rate"": 9.63, ""quote"": ""MAD""}"
frankfurter,2020-06-25,EUR,1,10.871700,,,"{""base"": ""EUR"", ""date"": ""2020-06-25"", ""rate"": 10.8717, ""quote"": ""MAD""}"
frankfurter,2020-06-25,USD,1,9.699100,,,"{""base"": ""USD"", ""date"": ""2020-06-25"", ""rate"": 9.6991, ""quote"": ""MAD""}"
frankfurter,2020-06-26,EUR,1,10.906100,,,"{""base"": ""EUR"", ""date"": ""2020-06-26"", ""rate"": 10.9061, ""quote"": ""MAD""}"
frankfurter,2020-06-26,USD,1,9.715000,,,"{""base"": ""USD"", ""date"": ""2020-06-26"", ""rate"": 9.715, ""quote"": ""MAD""}"
frankfurter,2020-06-29,EUR,1,10.928400,,,"{""base"": ""EUR"", ""date"": ""2020-06-29"", ""rate"": 10.9284, ""quote"": ""MAD""}"
frankfurter,2020-06-29,USD,1,9.690900,,,"{""base"": ""USD"", ""date"": ""2020-06-29"", ""rate"": 9.6909, ""quote"": ""MAD""}"
frankfurter,2020-06-30,EUR,1,10.896500,,,"{""base"": ""EUR"", ""date"": ""2020-06-30"", ""rate"": 10.8965, ""quote"": ""MAD""}"
frankfurter,2020-06-30,USD,1,9.719500,,,"{""base"": ""USD"", ""date"": ""2020-06-30"", ""rate"": 9.7195, ""quote"": ""MAD""}"
frankfurter,2020-07-01,EUR,1,10.892000,,,"{""base"": ""EUR"", ""date"": ""2020-07-01"", ""rate"": 10.892, ""quote"": ""MAD""}"
frankfurter,2020-07-01,USD,1,9.724100,,,"{""base"": ""USD"", ""date"": ""2020-07-01"", ""rate"": 9.7241, ""quote"": ""MAD""}"
frankfurter,2020-07-02,EUR,1,10.922700,,,"{""base"": ""EUR"", ""date"": ""2020-07-02"", ""rate"": 10.9227, ""quote"": ""MAD""}"
frankfurter,2020-07-02,USD,1,9.680700,,,"{""base"": ""USD"", ""date"": ""2020-07-02"", ""rate"": 9.6807, ""quote"": ""MAD""}"
frankfurter,2020-07-03,EUR,1,10.895100,,,"{""base"": ""EUR"", ""date"": ""2020-07-03"", ""rate"": 10.8951, ""quote"": ""MAD""}"
frankfurter,2020-07-03,USD,1,9.698300,,,"{""base"": ""USD"", ""date"": ""2020-07-03"", ""rate"": 9.6983, ""quote"": ""MAD""}"
frankfurter,2020-07-06,EUR,1,10.909100,,,"{""base"": ""EUR"", ""date"": ""2020-07-06"", ""rate"": 10.9091, ""quote"": ""MAD""}"
frankfurter,2020-07-06,USD,1,9.643000,,,"{""base"": ""USD"", ""date"": ""2020-07-06"", ""rate"": 9.643, ""quote"": ""MAD""}"
frankfurter,2020-07-07,EUR,1,10.891300,,,"{""base"": ""EUR"", ""date"": ""2020-07-07"", ""rate"": 10.8913, ""quote"": ""MAD""}"
frankfurter,2020-07-07,USD,1,9.651100,,,"{""base"": ""USD"", ""date"": ""2020-07-07"", ""rate"": 9.6511, ""quote"": ""MAD""}"
frankfurter,2020-07-09,EUR,1,10.903500,,,"{""base"": ""EUR"", ""date"": ""2020-07-09"", ""rate"": 10.9035, ""quote"": ""MAD""}"
frankfurter,2020-07-09,USD,1,9.627800,,,"{""base"": ""USD"", ""date"": ""2020-07-09"", ""rate"": 9.6278, ""quote"": ""MAD""}"
frankfurter,2020-07-10,EUR,1,10.893600,,,"{""base"": ""EUR"", ""date"": ""2020-07-10"", ""rate"": 10.8936, ""quote"": ""MAD""}"
frankfurter,2020-07-10,USD,1,9.641200,,,"{""base"": ""USD"", ""date"": ""2020-07-10"", ""rate"": 9.6412, ""quote"": ""MAD""}"
frankfurter,2020-07-13,EUR,1,10.907400,,,"{""base"": ""EUR"", ""date"": ""2020-07-13"", ""rate"": 10.9074, ""quote"": ""MAD""}"
frankfurter,2020-07-13,USD,1,9.621100,,,"{""base"": ""USD"", ""date"": ""2020-07-13"", ""rate"": 9.6211, ""quote"": ""MAD""}"
frankfurter,2020-07-14,EUR,1,10.917300,,,"{""base"": ""EUR"", ""date"": ""2020-07-14"", ""rate"": 10.9173, ""quote"": ""MAD""}"
frankfurter,2020-07-14,USD,1,9.603500,,,"{""base"": ""USD"", ""date"": ""2020-07-14"", ""rate"": 9.6035, ""quote"": ""MAD""}"
frankfurter,2020-07-15,EUR,1,10.948800,,,"{""base"": ""EUR"", ""date"": ""2020-07-15"", ""rate"": 10.9488, ""quote"": ""MAD""}"
frankfurter,2020-07-15,USD,1,9.573100,,,"{""base"": ""USD"", ""date"": ""2020-07-15"", ""rate"": 9.5731, ""quote"": ""MAD""}"
frankfurter,2020-07-16,EUR,1,10.939300,,,"{""base"": ""EUR"", ""date"": ""2020-07-16"", ""rate"": 10.9393, ""quote"": ""MAD""}"
frankfurter,2020-07-16,USD,1,9.597600,,,"{""base"": ""USD"", ""date"": ""2020-07-16"", ""rate"": 9.5976, ""quote"": ""MAD""}"
frankfurter,2020-07-17,EUR,1,10.946200,,,"{""base"": ""EUR"", ""date"": ""2020-07-17"", ""rate"": 10.9462, ""quote"": ""MAD""}"
frankfurter,2020-07-17,USD,1,9.580900,,,"{""base"": ""USD"", ""date"": ""2020-07-17"", ""rate"": 9.5809, ""quote"": ""MAD""}"
frankfurter,2020-07-20,EUR,1,10.959100,,,"{""base"": ""EUR"", ""date"": ""2020-07-20"", ""rate"": 10.9591, ""quote"": ""MAD""}"
frankfurter,2020-07-20,USD,1,9.562100,,,"{""base"": ""USD"", ""date"": ""2020-07-20"", ""rate"": 9.5621, ""quote"": ""MAD""}"
frankfurter,2020-07-21,EUR,1,10.915200,,,"{""base"": ""EUR"", ""date"": ""2020-07-21"", ""rate"": 10.9152, ""quote"": ""MAD""}"
frankfurter,2020-07-21,USD,1,9.543800,,,"{""base"": ""USD"", ""date"": ""2020-07-21"", ""rate"": 9.5438, ""quote"": ""MAD""}"
frankfurter,2020-07-22,EUR,1,10.936100,,,"{""base"": ""EUR"", ""date"": ""2020-07-22"", ""rate"": 10.9361, ""quote"": ""MAD""}"
frankfurter,2020-07-22,USD,1,9.455400,,,"{""base"": ""USD"", ""date"": ""2020-07-22"", ""rate"": 9.4554, ""quote"": ""MAD""}"
frankfurter,2020-07-23,EUR,1,10.941100,,,"{""base"": ""EUR"", ""date"": ""2020-07-23"", ""rate"": 10.9411, ""quote"": ""MAD""}"
frankfurter,2020-07-23,USD,1,9.445800,,,"{""base"": ""USD"", ""date"": ""2020-07-23"", ""rate"": 9.4458, ""quote"": ""MAD""}"
frankfurter,2020-07-24,EUR,1,10.935100,,,"{""base"": ""EUR"", ""date"": ""2020-07-24"", ""rate"": 10.9351, ""quote"": ""MAD""}"
frankfurter,2020-07-24,USD,1,9.439000,,,"{""base"": ""USD"", ""date"": ""2020-07-24"", ""rate"": 9.439, ""quote"": ""MAD""}"
frankfurter,2020-07-27,EUR,1,10.977400,,,"{""base"": ""EUR"", ""date"": ""2020-07-27"", ""rate"": 10.9774, ""quote"": ""MAD""}"
frankfurter,2020-07-27,USD,1,9.364800,,,"{""base"": ""USD"", ""date"": ""2020-07-27"", ""rate"": 9.3648, ""quote"": ""MAD""}"
frankfurter,2020-07-28,EUR,1,10.994200,,,"{""base"": ""EUR"", ""date"": ""2020-07-28"", ""rate"": 10.9942, ""quote"": ""MAD""}"
frankfurter,2020-07-28,USD,1,9.364700,,,"{""base"": ""USD"", ""date"": ""2020-07-28"", ""rate"": 9.3647, ""quote"": ""MAD""}"
frankfurter,2020-07-29,EUR,1,10.981000,,,"{""base"": ""EUR"", ""date"": ""2020-07-29"", ""rate"": 10.981, ""quote"": ""MAD""}"
frankfurter,2020-07-29,USD,1,9.359900,,,"{""base"": ""USD"", ""date"": ""2020-07-29"", ""rate"": 9.3599, ""quote"": ""MAD""}"
frankfurter,2020-08-03,EUR,1,10.982400,,,"{""base"": ""EUR"", ""date"": ""2020-08-03"", ""rate"": 10.9824, ""quote"": ""MAD""}"
frankfurter,2020-08-03,USD,1,9.360300,,,"{""base"": ""USD"", ""date"": ""2020-08-03"", ""rate"": 9.3603, ""quote"": ""MAD""}"
frankfurter,2020-08-04,EUR,1,10.981800,,,"{""base"": ""EUR"", ""date"": ""2020-08-04"", ""rate"": 10.9818, ""quote"": ""MAD""}"
frankfurter,2020-08-04,USD,1,9.329500,,,"{""base"": ""USD"", ""date"": ""2020-08-04"", ""rate"": 9.3295, ""quote"": ""MAD""}"
frankfurter,2020-08-05,EUR,1,10.987800,,,"{""base"": ""EUR"", ""date"": ""2020-08-05"", ""rate"": 10.9878, ""quote"": ""MAD""}"
frankfurter,2020-08-05,USD,1,9.282600,,,"{""base"": ""USD"", ""date"": ""2020-08-05"", ""rate"": 9.2826, ""quote"": ""MAD""}"
frankfurter,2020-08-06,EUR,1,10.942800,,,"{""base"": ""EUR"", ""date"": ""2020-08-06"", ""rate"": 10.9428, ""quote"": ""MAD""}"
frankfurter,2020-08-06,USD,1,9.244600,,,"{""base"": ""USD"", ""date"": ""2020-08-06"", ""rate"": 9.2446, ""quote"": ""MAD""}"
frankfurter,2020-08-07,EUR,1,10.948200,,,"{""base"": ""EUR"", ""date"": ""2020-08-07"", ""rate"": 10.9482, ""quote"": ""MAD""}"
frankfurter,2020-08-07,USD,1,9.262400,,,"{""base"": ""USD"", ""date"": ""2020-08-07"", ""rate"": 9.2624, ""quote"": ""MAD""}"
frankfurter,2020-08-10,EUR,1,10.888200,,,"{""base"": ""EUR"", ""date"": ""2020-08-10"", ""rate"": 10.8882, ""quote"": ""MAD""}"
frankfurter,2020-08-10,USD,1,9.268100,,,"{""base"": ""USD"", ""date"": ""2020-08-10"", ""rate"": 9.2681, ""quote"": ""MAD""}"
frankfurter,2020-08-11,EUR,1,10.902500,,,"{""base"": ""EUR"", ""date"": ""2020-08-11"", ""rate"": 10.9025, ""quote"": ""MAD""}"
frankfurter,2020-08-11,USD,1,9.248000,,,"{""base"": ""USD"", ""date"": ""2020-08-11"", ""rate"": 9.248, ""quote"": ""MAD""}"
frankfurter,2020-08-12,EUR,1,10.896200,,,"{""base"": ""EUR"", ""date"": ""2020-08-12"", ""rate"": 10.8962, ""quote"": ""MAD""}"
frankfurter,2020-08-12,USD,1,9.255200,,,"{""base"": ""USD"", ""date"": ""2020-08-12"", ""rate"": 9.2552, ""quote"": ""MAD""}"
frankfurter,2020-08-13,EUR,1,10.924400,,,"{""base"": ""EUR"", ""date"": ""2020-08-13"", ""rate"": 10.9244, ""quote"": ""MAD""}"
frankfurter,2020-08-13,USD,1,9.218100,,,"{""base"": ""USD"", ""date"": ""2020-08-13"", ""rate"": 9.2181, ""quote"": ""MAD""}"
frankfurter,2020-08-17,EUR,1,10.921800,,,"{""base"": ""EUR"", ""date"": ""2020-08-17"", ""rate"": 10.9218, ""quote"": ""MAD""}"
frankfurter,2020-08-17,USD,1,9.222200,,,"{""base"": ""USD"", ""date"": ""2020-08-17"", ""rate"": 9.2222, ""quote"": ""MAD""}"
frankfurter,2020-08-18,EUR,1,10.931200,,,"{""base"": ""EUR"", ""date"": ""2020-08-18"", ""rate"": 10.9312, ""quote"": ""MAD""}"
frankfurter,2020-08-18,USD,1,9.183600,,,"{""base"": ""USD"", ""date"": ""2020-08-18"", ""rate"": 9.1836, ""quote"": ""MAD""}"
frankfurter,2020-08-19,EUR,1,10.951600,,,"{""base"": ""EUR"", ""date"": ""2020-08-19"", ""rate"": 10.9516, ""quote"": ""MAD""}"
frankfurter,2020-08-19,USD,1,9.174500,,,"{""base"": ""USD"", ""date"": ""2020-08-19"", ""rate"": 9.1745, ""quote"": ""MAD""}"
frankfurter,2020-08-28,EUR,1,10.905700,,,"{""base"": ""EUR"", ""date"": ""2020-08-28"", ""rate"": 10.9057, ""quote"": ""MAD""}"
frankfurter,2020-08-28,USD,1,9.158300,,,"{""base"": ""USD"", ""date"": ""2020-08-28"", ""rate"": 9.1583, ""quote"": ""MAD""}"
frankfurter,2020-08-31,EUR,1,10.894600,,,"{""base"": ""EUR"", ""date"": ""2020-08-31"", ""rate"": 10.8946, ""quote"": ""MAD""}"
frankfurter,2020-08-31,USD,1,9.129800,,,"{""base"": ""USD"", ""date"": ""2020-08-31"", ""rate"": 9.1298, ""quote"": ""MAD""}"
frankfurter,2020-09-01,EUR,1,10.919400,,,"{""base"": ""EUR"", ""date"": ""2020-09-01"", ""rate"": 10.9194, ""quote"": ""MAD""}"
frankfurter,2020-09-01,USD,1,9.110900,,,"{""base"": ""USD"", ""date"": ""2020-09-01"", ""rate"": 9.1109, ""quote"": ""MAD""}"
frankfurter,2020-09-02,EUR,1,10.900700,,,"{""base"": ""EUR"", ""date"": ""2020-09-02"", ""rate"": 10.9007, ""quote"": ""MAD""}"
frankfurter,2020-09-02,USD,1,9.188800,,,"{""base"": ""USD"", ""date"": ""2020-09-02"", ""rate"": 9.1888, ""quote"": ""MAD""}"
frankfurter,2020-09-03,EUR,1,10.867700,,,"{""base"": ""EUR"", ""date"": ""2020-09-03"", ""rate"": 10.8677, ""quote"": ""MAD""}"
frankfurter,2020-09-03,USD,1,9.202900,,,"{""base"": ""USD"", ""date"": ""2020-09-03"", ""rate"": 9.2029, ""quote"": ""MAD""}"
frankfurter,2020-09-04,EUR,1,10.880300,,,"{""base"": ""EUR"", ""date"": ""2020-09-04"", ""rate"": 10.8803, ""quote"": ""MAD""}"
frankfurter,2020-09-04,USD,1,9.182500,,,"{""base"": ""USD"", ""date"": ""2020-09-04"", ""rate"": 9.1825, ""quote"": ""MAD""}"
frankfurter,2020-09-07,EUR,1,10.853200,,,"{""base"": ""EUR"", ""date"": ""2020-09-07"", ""rate"": 10.8532, ""quote"": ""MAD""}"
frankfurter,2020-09-07,USD,1,9.180500,,,"{""base"": ""USD"", ""date"": ""2020-09-07"", ""rate"": 9.1805, ""quote"": ""MAD""}"
frankfurter,2020-09-08,EUR,1,10.842400,,,"{""base"": ""EUR"", ""date"": ""2020-09-08"", ""rate"": 10.8424, ""quote"": ""MAD""}"
frankfurter,2020-09-08,USD,1,9.188500,,,"{""base"": ""USD"", ""date"": ""2020-09-08"", ""rate"": 9.1885, ""quote"": ""MAD""}"
frankfurter,2020-09-09,EUR,1,10.827900,,,"{""base"": ""EUR"", ""date"": ""2020-09-09"", ""rate"": 10.8279, ""quote"": ""MAD""}"
frankfurter,2020-09-09,USD,1,9.208200,,,"{""base"": ""USD"", ""date"": ""2020-09-09"", ""rate"": 9.2082, ""quote"": ""MAD""}"
frankfurter,2020-09-22,EUR,1,10.864200,,,"{""base"": ""EUR"", ""date"": ""2020-09-22"", ""rate"": 10.8642, ""quote"": ""MAD""}"
frankfurter,2020-09-22,USD,1,9.239800,,,"{""base"": ""USD"", ""date"": ""2020-09-22"", ""rate"": 9.2398, ""quote"": ""MAD""}"
frankfurter,2020-09-23,EUR,1,10.844500,,,"{""base"": ""EUR"", ""date"": ""2020-09-23"", ""rate"": 10.8445, ""quote"": ""MAD""}"
frankfurter,2020-09-23,USD,1,9.260900,,,"{""base"": ""USD"", ""date"": ""2020-09-23"", ""rate"": 9.2609, ""quote"": ""MAD""}"
frankfurter,2020-09-24,EUR,1,10.808800,,,"{""base"": ""EUR"", ""date"": ""2020-09-24"", ""rate"": 10.8088, ""quote"": ""MAD""}"
frankfurter,2020-09-24,USD,1,9.280300,,,"{""base"": ""USD"", ""date"": ""2020-09-24"", ""rate"": 9.2803, ""quote"": ""MAD""}"
frankfurter,2020-09-25,EUR,1,10.811400,,,"{""base"": ""EUR"", ""date"": ""2020-09-25"", ""rate"": 10.8114, ""quote"": ""MAD""}"
frankfurter,2020-09-25,USD,1,9.292100,,,"{""base"": ""USD"", ""date"": ""2020-09-25"", ""rate"": 9.2921, ""quote"": ""MAD""}"
frankfurter,2020-09-28,EUR,1,10.823700,,,"{""base"": ""EUR"", ""date"": ""2020-09-28"", ""rate"": 10.8237, ""quote"": ""MAD""}"
frankfurter,2020-09-28,USD,1,9.282000,,,"{""base"": ""USD"", ""date"": ""2020-09-28"", ""rate"": 9.282, ""quote"": ""MAD""}"
frankfurter,2020-09-29,EUR,1,10.840900,,,"{""base"": ""EUR"", ""date"": ""2020-09-29"", ""rate"": 10.8409, ""quote"": ""MAD""}"
frankfurter,2020-09-29,USD,1,9.257000,,,"{""base"": ""USD"", ""date"": ""2020-09-29"", ""rate"": 9.257, ""quote"": ""MAD""}"
frankfurter,2020-09-30,EUR,1,10.831000,,,"{""base"": ""EUR"", ""date"": ""2020-09-30"", ""rate"": 10.831, ""quote"": ""MAD""}"
frankfurter,2020-09-30,USD,1,9.248600,,,"{""base"": ""USD"", ""date"": ""2020-09-30"", ""rate"": 9.2486, ""quote"": ""MAD""}"
frankfurter,2020-10-01,EUR,1,10.853700,,,"{""base"": ""EUR"", ""date"": ""2020-10-01"", ""rate"": 10.8537, ""quote"": ""MAD""}"
frankfurter,2020-10-01,USD,1,9.233300,,,"{""base"": ""USD"", ""date"": ""2020-10-01"", ""rate"": 9.2333, ""quote"": ""MAD""}"
frankfurter,2020-10-02,EUR,1,10.839800,,,"{""base"": ""EUR"", ""date"": ""2020-10-02"", ""rate"": 10.8398, ""quote"": ""MAD""}"
frankfurter,2020-10-02,USD,1,9.255300,,,"{""base"": ""USD"", ""date"": ""2020-10-02"", ""rate"": 9.2553, ""quote"": ""MAD""}"
frankfurter,2020-10-05,EUR,1,10.880900,,,"{""base"": ""EUR"", ""date"": ""2020-10-05"", ""rate"": 10.8809, ""quote"": ""MAD""}"
frankfurter,2020-10-05,USD,1,9.255600,,,"{""base"": ""USD"", ""date"": ""2020-10-05"", ""rate"": 9.2556, ""quote"": ""MAD""}"
frankfurter,2020-10-06,EUR,1,10.898300,,,"{""base"": ""EUR"", ""date"": ""2020-10-06"", ""rate"": 10.8983, ""quote"": ""MAD""}"
frankfurter,2020-10-06,USD,1,9.251500,,,"{""base"": ""USD"", ""date"": ""2020-10-06"", ""rate"": 9.2515, ""quote"": ""MAD""}"
frankfurter,2020-10-08,EUR,1,10.872300,,,"{""base"": ""EUR"", ""date"": ""2020-10-08"", ""rate"": 10.8723, ""quote"": ""MAD""}"
frankfurter,2020-10-08,USD,1,9.249100,,,"{""base"": ""USD"", ""date"": ""2020-10-08"", ""rate"": 9.2491, ""quote"": ""MAD""}"
frankfurter,2020-10-09,EUR,1,10.864500,,,"{""base"": ""EUR"", ""date"": ""2020-10-09"", ""rate"": 10.8645, ""quote"": ""MAD""}"
frankfurter,2020-10-09,USD,1,9.208000,,,"{""base"": ""USD"", ""date"": ""2020-10-09"", ""rate"": 9.208, ""quote"": ""MAD""}"
frankfurter,2020-10-12,EUR,1,10.850900,,,"{""base"": ""EUR"", ""date"": ""2020-10-12"", ""rate"": 10.8509, ""quote"": ""MAD""}"
frankfurter,2020-10-12,USD,1,9.201900,,,"{""base"": ""USD"", ""date"": ""2020-10-12"", ""rate"": 9.2019, ""quote"": ""MAD""}"
frankfurter,2020-10-13,EUR,1,10.854200,,,"{""base"": ""EUR"", ""date"": ""2020-10-13"", ""rate"": 10.8542, ""quote"": ""MAD""}"
frankfurter,2020-10-13,USD,1,9.203900,,,"{""base"": ""USD"", ""date"": ""2020-10-13"", ""rate"": 9.2039, ""quote"": ""MAD""}"
frankfurter,2020-10-14,EUR,1,10.820700,,,"{""base"": ""EUR"", ""date"": ""2020-10-14"", ""rate"": 10.8207, ""quote"": ""MAD""}"
frankfurter,2020-10-14,USD,1,9.216200,,,"{""base"": ""USD"", ""date"": ""2020-10-14"", ""rate"": 9.2162, ""quote"": ""MAD""}"
frankfurter,2020-10-15,EUR,1,10.794000,,,"{""base"": ""EUR"", ""date"": ""2020-10-15"", ""rate"": 10.794, ""quote"": ""MAD""}"
frankfurter,2020-10-15,USD,1,9.215400,,,"{""base"": ""USD"", ""date"": ""2020-10-15"", ""rate"": 9.2154, ""quote"": ""MAD""}"
frankfurter,2020-10-16,EUR,1,10.793200,,,"{""base"": ""EUR"", ""date"": ""2020-10-16"", ""rate"": 10.7932, ""quote"": ""MAD""}"
frankfurter,2020-10-16,USD,1,9.206900,,,"{""base"": ""USD"", ""date"": ""2020-10-16"", ""rate"": 9.2069, ""quote"": ""MAD""}"
frankfurter,2020-10-19,EUR,1,10.809900,,,"{""base"": ""EUR"", ""date"": ""2020-10-19"", ""rate"": 10.8099, ""quote"": ""MAD""}"
frankfurter,2020-10-19,USD,1,9.187400,,,"{""base"": ""USD"", ""date"": ""2020-10-19"", ""rate"": 9.1874, ""quote"": ""MAD""}"
frankfurter,2020-10-20,EUR,1,10.824000,,,"{""base"": ""EUR"", ""date"": ""2020-10-20"", ""rate"": 10.824, ""quote"": ""MAD""}"
frankfurter,2020-10-20,USD,1,9.164300,,,"{""base"": ""USD"", ""date"": ""2020-10-20"", ""rate"": 9.1643, ""quote"": ""MAD""}"
frankfurter,2020-10-21,EUR,1,10.855600,,,"{""base"": ""EUR"", ""date"": ""2020-10-21"", ""rate"": 10.8556, ""quote"": ""MAD""}"
frankfurter,2020-10-21,USD,1,9.153900,,,"{""base"": ""USD"", ""date"": ""2020-10-21"", ""rate"": 9.1539, ""quote"": ""MAD""}"
frankfurter,2020-10-22,EUR,1,10.842200,,,"{""base"": ""EUR"", ""date"": ""2020-10-22"", ""rate"": 10.8422, ""quote"": ""MAD""}"
frankfurter,2020-10-22,USD,1,9.169700,,,"{""base"": ""USD"", ""date"": ""2020-10-22"", ""rate"": 9.1697, ""quote"": ""MAD""}"
frankfurter,2020-10-23,EUR,1,10.855700,,,"{""base"": ""EUR"", ""date"": ""2020-10-23"", ""rate"": 10.8557, ""quote"": ""MAD""}"
frankfurter,2020-10-23,USD,1,9.165600,,,"{""base"": ""USD"", ""date"": ""2020-10-23"", ""rate"": 9.1656, ""quote"": ""MAD""}"
frankfurter,2020-10-27,EUR,1,10.809000,,,"{""base"": ""EUR"", ""date"": ""2020-10-27"", ""rate"": 10.809, ""quote"": ""MAD""}"
frankfurter,2020-10-27,USD,1,9.147000,,,"{""base"": ""USD"", ""date"": ""2020-10-27"", ""rate"": 9.147, ""quote"": ""MAD""}"
frankfurter,2020-10-28,EUR,1,10.789000,,,"{""base"": ""EUR"", ""date"": ""2020-10-28"", ""rate"": 10.789, ""quote"": ""MAD""}"
frankfurter,2020-10-28,USD,1,9.192300,,,"{""base"": ""USD"", ""date"": ""2020-10-28"", ""rate"": 9.1923, ""quote"": ""MAD""}"
frankfurter,2020-11-02,EUR,1,10.755800,,,"{""base"": ""EUR"", ""date"": ""2020-11-02"", ""rate"": 10.7558, ""quote"": ""MAD""}"
frankfurter,2020-11-02,USD,1,9.235600,,,"{""base"": ""USD"", ""date"": ""2020-11-02"", ""rate"": 9.2356, ""quote"": ""MAD""}"
frankfurter,2020-11-03,EUR,1,10.772400,,,"{""base"": ""EUR"", ""date"": ""2020-11-03"", ""rate"": 10.7724, ""quote"": ""MAD""}"
frankfurter,2020-11-03,USD,1,9.208000,,,"{""base"": ""USD"", ""date"": ""2020-11-03"", ""rate"": 9.208, ""quote"": ""MAD""}"
frankfurter,2020-11-04,EUR,1,10.773800,,,"{""base"": ""EUR"", ""date"": ""2020-11-04"", ""rate"": 10.7738, ""quote"": ""MAD""}"
frankfurter,2020-11-04,USD,1,9.206000,,,"{""base"": ""USD"", ""date"": ""2020-11-04"", ""rate"": 9.206, ""quote"": ""MAD""}"
frankfurter,2020-11-05,EUR,1,10.809200,,,"{""base"": ""EUR"", ""date"": ""2020-11-05"", ""rate"": 10.8092, ""quote"": ""MAD""}"
frankfurter,2020-11-05,USD,1,9.156500,,,"{""base"": ""USD"", ""date"": ""2020-11-05"", ""rate"": 9.1565, ""quote"": ""MAD""}"
frankfurter,2020-11-09,EUR,1,10.827100,,,"{""base"": ""EUR"", ""date"": ""2020-11-09"", ""rate"": 10.8271, ""quote"": ""MAD""}"
frankfurter,2020-11-09,USD,1,9.114500,,,"{""base"": ""USD"", ""date"": ""2020-11-09"", ""rate"": 9.1145, ""quote"": ""MAD""}"
frankfurter,2020-11-10,EUR,1,10.802700,,,"{""base"": ""EUR"", ""date"": ""2020-11-10"", ""rate"": 10.8027, ""quote"": ""MAD""}"
frankfurter,2020-11-10,USD,1,9.163400,,,"{""base"": ""USD"", ""date"": ""2020-11-10"", ""rate"": 9.1634, ""quote"": ""MAD""}"
frankfurter,2020-11-11,EUR,1,10.805800,,,"{""base"": ""EUR"", ""date"": ""2020-11-11"", ""rate"": 10.8058, ""quote"": ""MAD""}"
frankfurter,2020-11-11,USD,1,9.168300,,,"{""base"": ""USD"", ""date"": ""2020-11-11"", ""rate"": 9.1683, ""quote"": ""MAD""}"
frankfurter,2020-11-12,EUR,1,10.816000,,,"{""base"": ""EUR"", ""date"": ""2020-11-12"", ""rate"": 10.816, ""quote"": ""MAD""}"
frankfurter,2020-11-12,USD,1,9.150600,,,"{""base"": ""USD"", ""date"": ""2020-11-12"", ""rate"": 9.1506, ""quote"": ""MAD""}"
frankfurter,2020-11-13,EUR,1,10.814800,,,"{""base"": ""EUR"", ""date"": ""2020-11-13"", ""rate"": 10.8148, ""quote"": ""MAD""}"
frankfurter,2020-11-13,USD,1,9.143400,,,"{""base"": ""USD"", ""date"": ""2020-11-13"", ""rate"": 9.1434, ""quote"": ""MAD""}"
frankfurter,2020-11-16,EUR,1,10.821700,,,"{""base"": ""EUR"", ""date"": ""2020-11-16"", ""rate"": 10.8217, ""quote"": ""MAD""}"
frankfurter,2020-11-16,USD,1,9.138400,,,"{""base"": ""USD"", ""date"": ""2020-11-16"", ""rate"": 9.1384, ""quote"": ""MAD""}"
frankfurter,2020-11-17,EUR,1,10.829600,,,"{""base"": ""EUR"", ""date"": ""2020-11-17"", ""rate"": 10.8296, ""quote"": ""MAD""}"
frankfurter,2020-11-17,USD,1,9.114300,,,"{""base"": ""USD"", ""date"": ""2020-11-17"", ""rate"": 9.1143, ""quote"": ""MAD""}"
frankfurter,2020-11-19,EUR,1,10.804200,,,"{""base"": ""EUR"", ""date"": ""2020-11-19"", ""rate"": 10.8042, ""quote"": ""MAD""}"
frankfurter,2020-11-19,USD,1,9.135200,,,"{""base"": ""USD"", ""date"": ""2020-11-19"", ""rate"": 9.1352, ""quote"": ""MAD""}"
frankfurter,2020-11-30,EUR,1,10.875000,,,"{""base"": ""EUR"", ""date"": ""2020-11-30"", ""rate"": 10.875, ""quote"": ""MAD""}"
frankfurter,2020-11-30,USD,1,9.073100,,,"{""base"": ""USD"", ""date"": ""2020-11-30"", ""rate"": 9.0731, ""quote"": ""MAD""}"
frankfurter,2020-12-04,EUR,1,10.921400,,,"{""base"": ""EUR"", ""date"": ""2020-12-04"", ""rate"": 10.9214, ""quote"": ""MAD""}"
frankfurter,2020-12-04,USD,1,8.972600,,,"{""base"": ""USD"", ""date"": ""2020-12-04"", ""rate"": 8.9726, ""quote"": ""MAD""}"
frankfurter,2020-12-08,EUR,1,10.895500,,,"{""base"": ""EUR"", ""date"": ""2020-12-08"", ""rate"": 10.8955, ""quote"": ""MAD""}"
frankfurter,2020-12-08,USD,1,8.991200,,,"{""base"": ""USD"", ""date"": ""2020-12-08"", ""rate"": 8.9912, ""quote"": ""MAD""}"
frankfurter,2020-12-09,EUR,1,10.898400,,,"{""base"": ""EUR"", ""date"": ""2020-12-09"", ""rate"": 10.8984, ""quote"": ""MAD""}"
frankfurter,2020-12-09,USD,1,8.987600,,,"{""base"": ""USD"", ""date"": ""2020-12-09"", ""rate"": 8.9876, ""quote"": ""MAD""}"
frankfurter,2020-12-10,EUR,1,10.886400,,,"{""base"": ""EUR"", ""date"": ""2020-12-10"", ""rate"": 10.8864, ""quote"": ""MAD""}"
frankfurter,2020-12-10,USD,1,9.000000,,,"{""base"": ""USD"", ""date"": ""2020-12-10"", ""rate"": 9.0, ""quote"": ""MAD""}"
frankfurter,2020-12-11,EUR,1,10.892700,,,"{""base"": ""EUR"", ""date"": ""2020-12-11"", ""rate"": 10.8927, ""quote"": ""MAD""}"
frankfurter,2020-12-11,USD,1,8.988100,,,"{""base"": ""USD"", ""date"": ""2020-12-11"", ""rate"": 8.9881, ""quote"": ""MAD""}"
frankfurter,2021-01-04,EUR,1,10.880800,,,"{""base"": ""EUR"", ""date"": ""2021-01-04"", ""rate"": 10.8808, ""quote"": ""MAD""}"
frankfurter,2021-01-04,USD,1,8.849100,,,"{""base"": ""USD"", ""date"": ""2021-01-04"", ""rate"": 8.8491, ""quote"": ""MAD""}"
frankfurter,2021-01-05,EUR,1,10.832300,,,"{""base"": ""EUR"", ""date"": ""2021-01-05"", ""rate"": 10.8323, ""quote"": ""MAD""}"
frankfurter,2021-01-05,USD,1,8.820400,,,"{""base"": ""USD"", ""date"": ""2021-01-05"", ""rate"": 8.8204, ""quote"": ""MAD""}"
frankfurter,2021-01-06,EUR,1,10.845200,,,"{""base"": ""EUR"", ""date"": ""2021-01-06"", ""rate"": 10.8452, ""quote"": ""MAD""}"
frankfurter,2021-01-06,USD,1,8.790800,,,"{""base"": ""USD"", ""date"": ""2021-01-06"", ""rate"": 8.7908, ""quote"": ""MAD""}"
frankfurter,2021-01-07,EUR,1,10.803000,,,"{""base"": ""EUR"", ""date"": ""2021-01-07"", ""rate"": 10.803, ""quote"": ""MAD""}"
frankfurter,2021-01-07,USD,1,8.815200,,,"{""base"": ""USD"", ""date"": ""2021-01-07"", ""rate"": 8.8152, ""quote"": ""MAD""}"
frankfurter,2021-01-08,EUR,1,10.795000,,,"{""base"": ""EUR"", ""date"": ""2021-01-08"", ""rate"": 10.795, ""quote"": ""MAD""}"
frankfurter,2021-01-08,USD,1,8.814400,,,"{""base"": ""USD"", ""date"": ""2021-01-08"", ""rate"": 8.8144, ""quote"": ""MAD""}"
frankfurter,2021-01-12,EUR,1,10.749700,,,"{""base"": ""EUR"", ""date"": ""2021-01-12"", ""rate"": 10.7497, ""quote"": ""MAD""}"
frankfurter,2021-01-12,USD,1,8.851100,,,"{""base"": ""USD"", ""date"": ""2021-01-12"", ""rate"": 8.8511, ""quote"": ""MAD""}"
frankfurter,2021-01-13,EUR,1,10.789600,,,"{""base"": ""EUR"", ""date"": ""2021-01-13"", ""rate"": 10.7896, ""quote"": ""MAD""}"
frankfurter,2021-01-13,USD,1,8.862100,,,"{""base"": ""USD"", ""date"": ""2021-01-13"", ""rate"": 8.8621, ""quote"": ""MAD""}"
frankfurter,2021-01-14,EUR,1,10.778000,,,"{""base"": ""EUR"", ""date"": ""2021-01-14"", ""rate"": 10.778, ""quote"": ""MAD""}"
frankfurter,2021-01-14,USD,1,8.864200,,,"{""base"": ""USD"", ""date"": ""2021-01-14"", ""rate"": 8.8642, ""quote"": ""MAD""}"
frankfurter,2021-01-15,EUR,1,10.799300,,,"{""base"": ""EUR"", ""date"": ""2021-01-15"", ""rate"": 10.7993, ""quote"": ""MAD""}"
frankfurter,2021-01-15,USD,1,8.903000,,,"{""base"": ""USD"", ""date"": ""2021-01-15"", ""rate"": 8.903, ""quote"": ""MAD""}"
frankfurter,2021-01-18,EUR,1,10.792400,,,"{""base"": ""EUR"", ""date"": ""2021-01-18"", ""rate"": 10.7924, ""quote"": ""MAD""}"
frankfurter,2021-01-18,USD,1,8.940800,,,"{""base"": ""USD"", ""date"": ""2021-01-18"", ""rate"": 8.9408, ""quote"": ""MAD""}"
frankfurter,2021-01-19,EUR,1,10.828500,,,"{""base"": ""EUR"", ""date"": ""2021-01-19"", ""rate"": 10.8285, ""quote"": ""MAD""}"
frankfurter,2021-01-19,USD,1,8.924800,,,"{""base"": ""USD"", ""date"": ""2021-01-19"", ""rate"": 8.9248, ""quote"": ""MAD""}"
frankfurter,2021-01-20,EUR,1,10.863200,,,"{""base"": ""EUR"", ""date"": ""2021-01-20"", ""rate"": 10.8632, ""quote"": ""MAD""}"
frankfurter,2021-01-20,USD,1,8.964500,,,"{""base"": ""USD"", ""date"": ""2021-01-20"", ""rate"": 8.9645, ""quote"": ""MAD""}"
frankfurter,2021-01-21,EUR,1,10.859600,,,"{""base"": ""EUR"", ""date"": ""2021-01-21"", ""rate"": 10.8596, ""quote"": ""MAD""}"
frankfurter,2021-01-21,USD,1,8.949700,,,"{""base"": ""USD"", ""date"": ""2021-01-21"", ""rate"": 8.9497, ""quote"": ""MAD""}"
frankfurter,2021-01-22,EUR,1,10.874100,,,"{""base"": ""EUR"", ""date"": ""2021-01-22"", ""rate"": 10.8741, ""quote"": ""MAD""}"
frankfurter,2021-01-22,USD,1,8.930800,,,"{""base"": ""USD"", ""date"": ""2021-01-22"", ""rate"": 8.9308, ""quote"": ""MAD""}"
frankfurter,2021-01-25,EUR,1,10.902000,,,"{""base"": ""EUR"", ""date"": ""2021-01-25"", ""rate"": 10.902, ""quote"": ""MAD""}"
frankfurter,2021-01-25,USD,1,8.968400,,,"{""base"": ""USD"", ""date"": ""2021-01-25"", ""rate"": 8.9684, ""quote"": ""MAD""}"
frankfurter,2021-01-26,EUR,1,10.881900,,,"{""base"": ""EUR"", ""date"": ""2021-01-26"", ""rate"": 10.8819, ""quote"": ""MAD""}"
frankfurter,2021-01-26,USD,1,8.968100,,,"{""base"": ""USD"", ""date"": ""2021-01-26"", ""rate"": 8.9681, ""quote"": ""MAD""}"
frankfurter,2021-01-27,EUR,1,10.862700,,,"{""base"": ""EUR"", ""date"": ""2021-01-27"", ""rate"": 10.8627, ""quote"": ""MAD""}"
frankfurter,2021-01-27,USD,1,8.960400,,,"{""base"": ""USD"", ""date"": ""2021-01-27"", ""rate"": 8.9604, ""quote"": ""MAD""}"
frankfurter,2021-01-28,EUR,1,10.860500,,,"{""base"": ""EUR"", ""date"": ""2021-01-28"", ""rate"": 10.8605, ""quote"": ""MAD""}"
frankfurter,2021-01-28,USD,1,8.970400,,,"{""base"": ""USD"", ""date"": ""2021-01-28"", ""rate"": 8.9704, ""quote"": ""MAD""}"
frankfurter,2021-01-29,EUR,1,10.867500,,,"{""base"": ""EUR"", ""date"": ""2021-01-29"", ""rate"": 10.8675, ""quote"": ""MAD""}"
frankfurter,2021-01-29,USD,1,8.955500,,,"{""base"": ""USD"", ""date"": ""2021-01-29"", ""rate"": 8.9555, ""quote"": ""MAD""}"
frankfurter,2021-02-01,EUR,1,10.828600,,,"{""base"": ""EUR"", ""date"": ""2021-02-01"", ""rate"": 10.8286, ""quote"": ""MAD""}"
frankfurter,2021-02-01,USD,1,8.964800,,,"{""base"": ""USD"", ""date"": ""2021-02-01"", ""rate"": 8.9648, ""quote"": ""MAD""}"
frankfurter,2021-02-02,EUR,1,10.812700,,,"{""base"": ""EUR"", ""date"": ""2021-02-02"", ""rate"": 10.8127, ""quote"": ""MAD""}"
frankfurter,2021-02-02,USD,1,8.984400,,,"{""base"": ""USD"", ""date"": ""2021-02-02"", ""rate"": 8.9844, ""quote"": ""MAD""}"
frankfurter,2021-02-03,EUR,1,10.802200,,,"{""base"": ""EUR"", ""date"": ""2021-02-03"", ""rate"": 10.8022, ""quote"": ""MAD""}"
frankfurter,2021-02-03,USD,1,8.985400,,,"{""base"": ""USD"", ""date"": ""2021-02-03"", ""rate"": 8.9854, ""quote"": ""MAD""}"
frankfurter,2021-02-04,EUR,1,10.789400,,,"{""base"": ""EUR"", ""date"": ""2021-02-04"", ""rate"": 10.7894, ""quote"": ""MAD""}"
frankfurter,2021-02-04,USD,1,9.000200,,,"{""base"": ""USD"", ""date"": ""2021-02-04"", ""rate"": 9.0002, ""quote"": ""MAD""}"
frankfurter,2021-02-05,EUR,1,10.777900,,,"{""base"": ""EUR"", ""date"": ""2021-02-05"", ""rate"": 10.7779, ""quote"": ""MAD""}"
frankfurter,2021-02-05,USD,1,9.001800,,,"{""base"": ""USD"", ""date"": ""2021-02-05"", ""rate"": 9.0018, ""quote"": ""MAD""}"
frankfurter,2021-02-08,EUR,1,10.789200,,,"{""base"": ""EUR"", ""date"": ""2021-02-08"", ""rate"": 10.7892, ""quote"": ""MAD""}"
frankfurter,2021-02-08,USD,1,8.966300,,,"{""base"": ""USD"", ""date"": ""2021-02-08"", ""rate"": 8.9663, ""quote"": ""MAD""}"
frankfurter,2021-02-09,EUR,1,10.809400,,,"{""base"": ""EUR"", ""date"": ""2021-02-09"", ""rate"": 10.8094, ""quote"": ""MAD""}"
frankfurter,2021-02-09,USD,1,8.933400,,,"{""base"": ""USD"", ""date"": ""2021-02-09"", ""rate"": 8.9334, ""quote"": ""MAD""}"
frankfurter,2021-02-10,EUR,1,10.826200,,,"{""base"": ""EUR"", ""date"": ""2021-02-10"", ""rate"": 10.8262, ""quote"": ""MAD""}"
frankfurter,2021-02-10,USD,1,8.926600,,,"{""base"": ""USD"", ""date"": ""2021-02-10"", ""rate"": 8.9266, ""quote"": ""MAD""}"
frankfurter,2021-02-11,EUR,1,10.835400,,,"{""base"": ""EUR"", ""date"": ""2021-02-11"", ""rate"": 10.8354, ""quote"": ""MAD""}"
frankfurter,2021-02-11,USD,1,8.938600,,,"{""base"": ""USD"", ""date"": ""2021-02-11"", ""rate"": 8.9386, ""quote"": ""MAD""}"
frankfurter,2021-02-12,EUR,1,10.850600,,,"{""base"": ""EUR"", ""date"": ""2021-02-12"", ""rate"": 10.8506, ""quote"": ""MAD""}"
frankfurter,2021-02-12,USD,1,8.965200,,,"{""base"": ""USD"", ""date"": ""2021-02-12"", ""rate"": 8.9652, ""quote"": ""MAD""}"
frankfurter,2021-02-15,EUR,1,10.830600,,,"{""base"": ""EUR"", ""date"": ""2021-02-15"", ""rate"": 10.8306, ""quote"": ""MAD""}"
frankfurter,2021-02-15,USD,1,8.924400,,,"{""base"": ""USD"", ""date"": ""2021-02-15"", ""rate"": 8.9244, ""quote"": ""MAD""}"
frankfurter,2021-02-16,EUR,1,10.848200,,,"{""base"": ""EUR"", ""date"": ""2021-02-16"", ""rate"": 10.8482, ""quote"": ""MAD""}"
frankfurter,2021-02-16,USD,1,8.916800,,,"{""base"": ""USD"", ""date"": ""2021-02-16"", ""rate"": 8.9168, ""quote"": ""MAD""}"
frankfurter,2021-02-17,EUR,1,10.802000,,,"{""base"": ""EUR"", ""date"": ""2021-02-17"", ""rate"": 10.802, ""quote"": ""MAD""}"
frankfurter,2021-02-17,USD,1,8.951700,,,"{""base"": ""USD"", ""date"": ""2021-02-17"", ""rate"": 8.9517, ""quote"": ""MAD""}"
frankfurter,2021-02-18,EUR,1,10.774100,,,"{""base"": ""EUR"", ""date"": ""2021-02-18"", ""rate"": 10.7741, ""quote"": ""MAD""}"
frankfurter,2021-02-18,USD,1,8.927800,,,"{""base"": ""USD"", ""date"": ""2021-02-18"", ""rate"": 8.9278, ""quote"": ""MAD""}"
frankfurter,2021-02-19,EUR,1,10.799900,,,"{""base"": ""EUR"", ""date"": ""2021-02-19"", ""rate"": 10.7999, ""quote"": ""MAD""}"
frankfurter,2021-02-19,USD,1,8.896100,,,"{""base"": ""USD"", ""date"": ""2021-02-19"", ""rate"": 8.8961, ""quote"": ""MAD""}"
frankfurter,2021-02-22,EUR,1,10.810400,,,"{""base"": ""EUR"", ""date"": ""2021-02-22"", ""rate"": 10.8104, ""quote"": ""MAD""}"
frankfurter,2021-02-22,USD,1,8.911400,,,"{""base"": ""USD"", ""date"": ""2021-02-22"", ""rate"": 8.9114, ""quote"": ""MAD""}"
frankfurter,2021-02-23,EUR,1,10.815600,,,"{""base"": ""EUR"", ""date"": ""2021-02-23"", ""rate"": 10.8156, ""quote"": ""MAD""}"
frankfurter,2021-02-23,USD,1,8.903200,,,"{""base"": ""USD"", ""date"": ""2021-02-23"", ""rate"": 8.9032, ""quote"": ""MAD""}"
frankfurter,2021-02-24,EUR,1,10.836400,,,"{""base"": ""EUR"", ""date"": ""2021-02-24"", ""rate"": 10.8364, ""quote"": ""MAD""}"
frankfurter,2021-02-24,USD,1,8.911500,,,"{""base"": ""USD"", ""date"": ""2021-02-24"", ""rate"": 8.9115, ""quote"": ""MAD""}"
frankfurter,2021-02-25,EUR,1,10.861700,,,"{""base"": ""EUR"", ""date"": ""2021-02-25"", ""rate"": 10.8617, ""quote"": ""MAD""}"
frankfurter,2021-02-25,USD,1,8.877600,,,"{""base"": ""USD"", ""date"": ""2021-02-25"", ""rate"": 8.8776, ""quote"": ""MAD""}"
frankfurter,2021-02-26,EUR,1,10.827100,,,"{""base"": ""EUR"", ""date"": ""2021-02-26"", ""rate"": 10.8271, ""quote"": ""MAD""}"
frankfurter,2021-02-26,USD,1,8.938400,,,"{""base"": ""USD"", ""date"": ""2021-02-26"", ""rate"": 8.9384, ""quote"": ""MAD""}"
frankfurter,2021-03-01,EUR,1,10.771400,,,"{""base"": ""EUR"", ""date"": ""2021-03-01"", ""rate"": 10.7714, ""quote"": ""MAD""}"
frankfurter,2021-03-01,USD,1,8.939700,,,"{""base"": ""USD"", ""date"": ""2021-03-01"", ""rate"": 8.9397, ""quote"": ""MAD""}"
frankfurter,2021-03-02,EUR,1,10.754000,,,"{""base"": ""EUR"", ""date"": ""2021-03-02"", ""rate"": 10.754, ""quote"": ""MAD""}"
frankfurter,2021-03-02,USD,1,8.943000,,,"{""base"": ""USD"", ""date"": ""2021-03-02"", ""rate"": 8.943, ""quote"": ""MAD""}"
frankfurter,2021-03-03,EUR,1,10.781800,,,"{""base"": ""EUR"", ""date"": ""2021-03-03"", ""rate"": 10.7818, ""quote"": ""MAD""}"
frankfurter,2021-03-03,USD,1,8.923100,,,"{""base"": ""USD"", ""date"": ""2021-03-03"", ""rate"": 8.9231, ""quote"": ""MAD""}"
frankfurter,2021-03-04,EUR,1,10.773700,,,"{""base"": ""EUR"", ""date"": ""2021-03-04"", ""rate"": 10.7737, ""quote"": ""MAD""}"
frankfurter,2021-03-04,USD,1,8.947500,,,"{""base"": ""USD"", ""date"": ""2021-03-04"", ""rate"": 8.9475, ""quote"": ""MAD""}"
frankfurter,2021-03-05,EUR,1,10.742900,,,"{""base"": ""EUR"", ""date"": ""2021-03-05"", ""rate"": 10.7429, ""quote"": ""MAD""}"
frankfurter,2021-03-05,USD,1,9.007200,,,"{""base"": ""USD"", ""date"": ""2021-03-05"", ""rate"": 9.0072, ""quote"": ""MAD""}"
frankfurter,2021-03-08,EUR,1,10.728900,,,"{""base"": ""EUR"", ""date"": ""2021-03-08"", ""rate"": 10.7289, ""quote"": ""MAD""}"
frankfurter,2021-03-08,USD,1,9.032600,,,"{""base"": ""USD"", ""date"": ""2021-03-08"", ""rate"": 9.0326, ""quote"": ""MAD""}"
frankfurter,2021-03-09,EUR,1,10.740100,,,"{""base"": ""EUR"", ""date"": ""2021-03-09"", ""rate"": 10.7401, ""quote"": ""MAD""}"
frankfurter,2021-03-09,USD,1,9.019200,,,"{""base"": ""USD"", ""date"": ""2021-03-09"", ""rate"": 9.0192, ""quote"": ""MAD""}"
frankfurter,2021-03-10,EUR,1,10.738300,,,"{""base"": ""EUR"", ""date"": ""2021-03-10"", ""rate"": 10.7383, ""quote"": ""MAD""}"
frankfurter,2021-03-10,USD,1,9.028300,,,"{""base"": ""USD"", ""date"": ""2021-03-10"", ""rate"": 9.0283, ""quote"": ""MAD""}"
frankfurter,2021-03-11,EUR,1,10.757500,,,"{""base"": ""EUR"", ""date"": ""2021-03-11"", ""rate"": 10.7575, ""quote"": ""MAD""}"
frankfurter,2021-03-11,USD,1,8.990800,,,"{""base"": ""USD"", ""date"": ""2021-03-11"", ""rate"": 8.9908, ""quote"": ""MAD""}"
frankfurter,2021-03-12,EUR,1,10.739600,,,"{""base"": ""EUR"", ""date"": ""2021-03-12"", ""rate"": 10.7396, ""quote"": ""MAD""}"
frankfurter,2021-03-12,USD,1,9.009700,,,"{""base"": ""USD"", ""date"": ""2021-03-12"", ""rate"": 9.0097, ""quote"": ""MAD""}"
frankfurter,2021-03-15,EUR,1,10.734400,,,"{""base"": ""EUR"", ""date"": ""2021-03-15"", ""rate"": 10.7344, ""quote"": ""MAD""}"
frankfurter,2021-03-15,USD,1,8.995600,,,"{""base"": ""USD"", ""date"": ""2021-03-15"", ""rate"": 8.9956, ""quote"": ""MAD""}"
frankfurter,2021-03-16,EUR,1,10.732400,,,"{""base"": ""EUR"", ""date"": ""2021-03-16"", ""rate"": 10.7324, ""quote"": ""MAD""}"
frankfurter,2021-03-16,USD,1,8.985600,,,"{""base"": ""USD"", ""date"": ""2021-03-16"", ""rate"": 8.9856, ""quote"": ""MAD""}"
frankfurter,2021-03-17,EUR,1,10.722900,,,"{""base"": ""EUR"", ""date"": ""2021-03-17"", ""rate"": 10.7229, ""quote"": ""MAD""}"
frankfurter,2021-03-17,USD,1,9.010100,,,"{""base"": ""USD"", ""date"": ""2021-03-17"", ""rate"": 9.0101, ""quote"": ""MAD""}"
frankfurter,2021-03-18,EUR,1,10.738700,,,"{""base"": ""EUR"", ""date"": ""2021-03-18"", ""rate"": 10.7387, ""quote"": ""MAD""}"
frankfurter,2021-03-18,USD,1,8.989400,,,"{""base"": ""USD"", ""date"": ""2021-03-18"", ""rate"": 8.9894, ""quote"": ""MAD""}"
frankfurter,2021-03-19,EUR,1,10.678700,,,"{""base"": ""EUR"", ""date"": ""2021-03-19"", ""rate"": 10.6787, ""quote"": ""MAD""}"
frankfurter,2021-03-19,USD,1,8.975200,,,"{""base"": ""USD"", ""date"": ""2021-03-19"", ""rate"": 8.9752, ""quote"": ""MAD""}"
frankfurter,2021-03-22,EUR,1,10.690600,,,"{""base"": ""EUR"", ""date"": ""2021-03-22"", ""rate"": 10.6906, ""quote"": ""MAD""}"
frankfurter,2021-03-22,USD,1,8.967900,,,"{""base"": ""USD"", ""date"": ""2021-03-22"", ""rate"": 8.9679, ""quote"": ""MAD""}"
frankfurter,2021-03-23,EUR,1,10.674100,,,"{""base"": ""EUR"", ""date"": ""2021-03-23"", ""rate"": 10.6741, ""quote"": ""MAD""}"
frankfurter,2021-03-23,USD,1,8.982700,,,"{""base"": ""USD"", ""date"": ""2021-03-23"", ""rate"": 8.9827, ""quote"": ""MAD""}"
frankfurter,2021-03-24,EUR,1,10.662500,,,"{""base"": ""EUR"", ""date"": ""2021-03-24"", ""rate"": 10.6625, ""quote"": ""MAD""}"
frankfurter,2021-03-24,USD,1,9.014600,,,"{""base"": ""USD"", ""date"": ""2021-03-24"", ""rate"": 9.0146, ""quote"": ""MAD""}"
frankfurter,2021-03-25,EUR,1,10.683600,,,"{""base"": ""EUR"", ""date"": ""2021-03-25"", ""rate"": 10.6836, ""quote"": ""MAD""}"
frankfurter,2021-03-25,USD,1,9.043200,,,"{""base"": ""USD"", ""date"": ""2021-03-25"", ""rate"": 9.0432, ""quote"": ""MAD""}"
frankfurter,2021-03-26,EUR,1,10.667600,,,"{""base"": ""EUR"", ""date"": ""2021-03-26"", ""rate"": 10.6676, ""quote"": ""MAD""}"
frankfurter,2021-03-26,USD,1,9.056500,,,"{""base"": ""USD"", ""date"": ""2021-03-26"", ""rate"": 9.0565, ""quote"": ""MAD""}"
frankfurter,2021-03-29,EUR,1,10.662000,,,"{""base"": ""EUR"", ""date"": ""2021-03-29"", ""rate"": 10.662, ""quote"": ""MAD""}"
frankfurter,2021-03-29,USD,1,9.060200,,,"{""base"": ""USD"", ""date"": ""2021-03-29"", ""rate"": 9.0602, ""quote"": ""MAD""}"
frankfurter,2021-03-30,EUR,1,10.637600,,,"{""base"": ""EUR"", ""date"": ""2021-03-30"", ""rate"": 10.6376, ""quote"": ""MAD""}"
frankfurter,2021-03-30,USD,1,9.067200,,,"{""base"": ""USD"", ""date"": ""2021-03-30"", ""rate"": 9.0672, ""quote"": ""MAD""}"
frankfurter,2021-03-31,EUR,1,10.635300,,,"{""base"": ""EUR"", ""date"": ""2021-03-31"", ""rate"": 10.6353, ""quote"": ""MAD""}"
frankfurter,2021-03-31,USD,1,9.060600,,,"{""base"": ""USD"", ""date"": ""2021-03-31"", ""rate"": 9.0606, ""quote"": ""MAD""}"
frankfurter,2021-04-01,EUR,1,10.635800,,,"{""base"": ""EUR"", ""date"": ""2021-04-01"", ""rate"": 10.6358, ""quote"": ""MAD""}"
frankfurter,2021-04-01,USD,1,9.061800,,,"{""base"": ""USD"", ""date"": ""2021-04-01"", ""rate"": 9.0618, ""quote"": ""MAD""}"
frankfurter,2021-04-02,EUR,1,10.656100,,,"{""base"": ""EUR"", ""date"": ""2021-04-02"", ""rate"": 10.6561, ""quote"": ""MAD""}"
frankfurter,2021-04-02,USD,1,9.045900,,,"{""base"": ""USD"", ""date"": ""2021-04-02"", ""rate"": 9.0459, ""quote"": ""MAD""}"
frankfurter,2021-04-05,EUR,1,10.656100,,,"{""base"": ""EUR"", ""date"": ""2021-04-05"", ""rate"": 10.6561, ""quote"": ""MAD""}"
frankfurter,2021-04-05,USD,1,9.065900,,,"{""base"": ""USD"", ""date"": ""2021-04-05"", ""rate"": 9.0659, ""quote"": ""MAD""}"
frankfurter,2021-04-06,EUR,1,10.664600,,,"{""base"": ""EUR"", ""date"": ""2021-04-06"", ""rate"": 10.6646, ""quote"": ""MAD""}"
frankfurter,2021-04-06,USD,1,9.031700,,,"{""base"": ""USD"", ""date"": ""2021-04-06"", ""rate"": 9.0317, ""quote"": ""MAD""}"
frankfurter,2021-04-07,EUR,1,10.688300,,,"{""base"": ""EUR"", ""date"": ""2021-04-07"", ""rate"": 10.6883, ""quote"": ""MAD""}"
frankfurter,2021-04-07,USD,1,8.990800,,,"{""base"": ""USD"", ""date"": ""2021-04-07"", ""rate"": 8.9908, ""quote"": ""MAD""}"
frankfurter,2021-04-09,EUR,1,10.670700,,,"{""base"": ""EUR"", ""date"": ""2021-04-09"", ""rate"": 10.6707, ""quote"": ""MAD""}"
frankfurter,2021-04-09,USD,1,8.973000,,,"{""base"": ""USD"", ""date"": ""2021-04-09"", ""rate"": 8.973, ""quote"": ""MAD""}"
frankfurter,2021-04-12,EUR,1,10.666700,,,"{""base"": ""EUR"", ""date"": ""2021-04-12"", ""rate"": 10.6667, ""quote"": ""MAD""}"
frankfurter,2021-04-12,USD,1,8.959100,,,"{""base"": ""USD"", ""date"": ""2021-04-12"", ""rate"": 8.9591, ""quote"": ""MAD""}"
frankfurter,2021-04-27,EUR,1,10.752100,,,"{""base"": ""EUR"", ""date"": ""2021-04-27"", ""rate"": 10.7521, ""quote"": ""MAD""}"
frankfurter,2021-04-27,USD,1,8.896300,,,"{""base"": ""USD"", ""date"": ""2021-04-27"", ""rate"": 8.8963, ""quote"": ""MAD""}"
frankfurter,2021-04-28,EUR,1,10.756200,,,"{""base"": ""EUR"", ""date"": ""2021-04-28"", ""rate"": 10.7562, ""quote"": ""MAD""}"
frankfurter,2021-04-28,USD,1,8.912300,,,"{""base"": ""USD"", ""date"": ""2021-04-28"", ""rate"": 8.9123, ""quote"": ""MAD""}"
frankfurter,2021-04-29,EUR,1,10.806400,,,"{""base"": ""EUR"", ""date"": ""2021-04-29"", ""rate"": 10.8064, ""quote"": ""MAD""}"
frankfurter,2021-04-29,USD,1,8.908100,,,"{""base"": ""USD"", ""date"": ""2021-04-29"", ""rate"": 8.9081, ""quote"": ""MAD""}"
frankfurter,2021-04-30,EUR,1,10.773000,,,"{""base"": ""EUR"", ""date"": ""2021-04-30"", ""rate"": 10.773, ""quote"": ""MAD""}"
frankfurter,2021-04-30,USD,1,8.917300,,,"{""base"": ""USD"", ""date"": ""2021-04-30"", ""rate"": 8.9173, ""quote"": ""MAD""}"
frankfurter,2021-05-03,EUR,1,10.755400,,,"{""base"": ""EUR"", ""date"": ""2021-05-03"", ""rate"": 10.7554, ""quote"": ""MAD""}"
frankfurter,2021-05-03,USD,1,8.930100,,,"{""base"": ""USD"", ""date"": ""2021-05-03"", ""rate"": 8.9301, ""quote"": ""MAD""}"
frankfurter,2021-05-04,EUR,1,10.727700,,,"{""base"": ""EUR"", ""date"": ""2021-05-04"", ""rate"": 10.7277, ""quote"": ""MAD""}"
frankfurter,2021-05-04,USD,1,8.924100,,,"{""base"": ""USD"", ""date"": ""2021-05-04"", ""rate"": 8.9241, ""quote"": ""MAD""}"
frankfurter,2021-05-05,EUR,1,10.703200,,,"{""base"": ""EUR"", ""date"": ""2021-05-05"", ""rate"": 10.7032, ""quote"": ""MAD""}"
frankfurter,2021-05-05,USD,1,8.913400,,,"{""base"": ""USD"", ""date"": ""2021-05-05"", ""rate"": 8.9134, ""quote"": ""MAD""}"
frankfurter,2021-05-06,EUR,1,10.707500,,,"{""base"": ""EUR"", ""date"": ""2021-05-06"", ""rate"": 10.7075, ""quote"": ""MAD""}"
frankfurter,2021-05-06,USD,1,8.880000,,,"{""base"": ""USD"", ""date"": ""2021-05-06"", ""rate"": 8.88, ""quote"": ""MAD""}"
frankfurter,2021-05-07,EUR,1,10.715900,,,"{""base"": ""EUR"", ""date"": ""2021-05-07"", ""rate"": 10.7159, ""quote"": ""MAD""}"
frankfurter,2021-05-07,USD,1,8.885500,,,"{""base"": ""USD"", ""date"": ""2021-05-07"", ""rate"": 8.8855, ""quote"": ""MAD""}"
frankfurter,2021-05-10,EUR,1,10.744800,,,"{""base"": ""EUR"", ""date"": ""2021-05-10"", ""rate"": 10.7448, ""quote"": ""MAD""}"
frankfurter,2021-05-10,USD,1,8.830400,,,"{""base"": ""USD"", ""date"": ""2021-05-10"", ""rate"": 8.8304, ""quote"": ""MAD""}"
frankfurter,2021-05-11,EUR,1,10.751100,,,"{""base"": ""EUR"", ""date"": ""2021-05-11"", ""rate"": 10.7511, ""quote"": ""MAD""}"
frankfurter,2021-05-11,USD,1,8.834800,,,"{""base"": ""USD"", ""date"": ""2021-05-11"", ""rate"": 8.8348, ""quote"": ""MAD""}"
frankfurter,2021-05-12,EUR,1,10.738500,,,"{""base"": ""EUR"", ""date"": ""2021-05-12"", ""rate"": 10.7385, ""quote"": ""MAD""}"
frankfurter,2021-05-12,USD,1,8.861600,,,"{""base"": ""USD"", ""date"": ""2021-05-12"", ""rate"": 8.8616, ""quote"": ""MAD""}"
frankfurter,2021-05-17,EUR,1,10.746400,,,"{""base"": ""EUR"", ""date"": ""2021-05-17"", ""rate"": 10.7464, ""quote"": ""MAD""}"
frankfurter,2021-05-17,USD,1,8.833100,,,"{""base"": ""USD"", ""date"": ""2021-05-17"", ""rate"": 8.8331, ""quote"": ""MAD""}"
frankfurter,2021-05-18,EUR,1,10.761000,,,"{""base"": ""EUR"", ""date"": ""2021-05-18"", ""rate"": 10.761, ""quote"": ""MAD""}"
frankfurter,2021-05-18,USD,1,8.813300,,,"{""base"": ""USD"", ""date"": ""2021-05-18"", ""rate"": 8.8133, ""quote"": ""MAD""}"
frankfurter,2021-05-19,EUR,1,10.763600,,,"{""base"": ""EUR"", ""date"": ""2021-05-19"", ""rate"": 10.7636, ""quote"": ""MAD""}"
frankfurter,2021-05-19,USD,1,8.821200,,,"{""base"": ""USD"", ""date"": ""2021-05-19"", ""rate"": 8.8212, ""quote"": ""MAD""}"
frankfurter,2021-05-20,EUR,1,10.766200,,,"{""base"": ""EUR"", ""date"": ""2021-05-20"", ""rate"": 10.7662, ""quote"": ""MAD""}"
frankfurter,2021-05-20,USD,1,8.826200,,,"{""base"": ""USD"", ""date"": ""2021-05-20"", ""rate"": 8.8262, ""quote"": ""MAD""}"
frankfurter,2021-05-21,EUR,1,10.767900,,,"{""base"": ""EUR"", ""date"": ""2021-05-21"", ""rate"": 10.7679, ""quote"": ""MAD""}"
frankfurter,2021-05-21,USD,1,8.812400,,,"{""base"": ""USD"", ""date"": ""2021-05-21"", ""rate"": 8.8124, ""quote"": ""MAD""}"
frankfurter,2021-05-24,EUR,1,10.764900,,,"{""base"": ""EUR"", ""date"": ""2021-05-24"", ""rate"": 10.7649, ""quote"": ""MAD""}"
frankfurter,2021-05-24,USD,1,8.814300,,,"{""base"": ""USD"", ""date"": ""2021-05-24"", ""rate"": 8.8143, ""quote"": ""MAD""}"
frankfurter,2021-05-25,EUR,1,10.785000,,,"{""base"": ""EUR"", ""date"": ""2021-05-25"", ""rate"": 10.785, ""quote"": ""MAD""}"
frankfurter,2021-05-25,USD,1,8.802600,,,"{""base"": ""USD"", ""date"": ""2021-05-25"", ""rate"": 8.8026, ""quote"": ""MAD""}"
frankfurter,2021-05-26,EUR,1,10.786200,,,"{""base"": ""EUR"", ""date"": ""2021-05-26"", ""rate"": 10.7862, ""quote"": ""MAD""}"
frankfurter,2021-05-26,USD,1,8.817300,,,"{""base"": ""USD"", ""date"": ""2021-05-26"", ""rate"": 8.8173, ""quote"": ""MAD""}"
frankfurter,2021-05-27,EUR,1,10.787000,,,"{""base"": ""EUR"", ""date"": ""2021-05-27"", ""rate"": 10.787, ""quote"": ""MAD""}"
frankfurter,2021-05-27,USD,1,8.836700,,,"{""base"": ""USD"", ""date"": ""2021-05-27"", ""rate"": 8.8367, ""quote"": ""MAD""}"
frankfurter,2021-05-28,EUR,1,10.781800,,,"{""base"": ""EUR"", ""date"": ""2021-05-28"", ""rate"": 10.7818, ""quote"": ""MAD""}"
frankfurter,2021-05-28,USD,1,8.853500,,,"{""base"": ""USD"", ""date"": ""2021-05-28"", ""rate"": 8.8535, ""quote"": ""MAD""}"
frankfurter,2021-05-31,EUR,1,10.781900,,,"{""base"": ""EUR"", ""date"": ""2021-05-31"", ""rate"": 10.7819, ""quote"": ""MAD""}"
frankfurter,2021-05-31,USD,1,8.846300,,,"{""base"": ""USD"", ""date"": ""2021-05-31"", ""rate"": 8.8463, ""quote"": ""MAD""}"
frankfurter,2021-06-01,EUR,1,10.778600,,,"{""base"": ""EUR"", ""date"": ""2021-06-01"", ""rate"": 10.7786, ""quote"": ""MAD""}"
frankfurter,2021-06-01,USD,1,8.820500,,,"{""base"": ""USD"", ""date"": ""2021-06-01"", ""rate"": 8.8205, ""quote"": ""MAD""}"
frankfurter,2021-06-02,EUR,1,10.760300,,,"{""base"": ""EUR"", ""date"": ""2021-06-02"", ""rate"": 10.7603, ""quote"": ""MAD""}"
frankfurter,2021-06-02,USD,1,8.843100,,,"{""base"": ""USD"", ""date"": ""2021-06-02"", ""rate"": 8.8431, ""quote"": ""MAD""}"
frankfurter,2021-06-03,EUR,1,10.760600,,,"{""base"": ""EUR"", ""date"": ""2021-06-03"", ""rate"": 10.7606, ""quote"": ""MAD""}"
frankfurter,2021-06-03,USD,1,8.825200,,,"{""base"": ""USD"", ""date"": ""2021-06-03"", ""rate"": 8.8252, ""quote"": ""MAD""}"
frankfurter,2021-06-04,EUR,1,10.732500,,,"{""base"": ""EUR"", ""date"": ""2021-06-04"", ""rate"": 10.7325, ""quote"": ""MAD""}"
frankfurter,2021-06-04,USD,1,8.862500,,,"{""base"": ""USD"", ""date"": ""2021-06-04"", ""rate"": 8.8625, ""quote"": ""MAD""}"
frankfurter,2021-06-07,EUR,1,10.743300,,,"{""base"": ""EUR"", ""date"": ""2021-06-07"", ""rate"": 10.7433, ""quote"": ""MAD""}"
frankfurter,2021-06-07,USD,1,8.836400,,,"{""base"": ""USD"", ""date"": ""2021-06-07"", ""rate"": 8.8364, ""quote"": ""MAD""}"
frankfurter,2021-06-08,EUR,1,10.748100,,,"{""base"": ""EUR"", ""date"": ""2021-06-08"", ""rate"": 10.7481, ""quote"": ""MAD""}"
frankfurter,2021-06-08,USD,1,8.824400,,,"{""base"": ""USD"", ""date"": ""2021-06-08"", ""rate"": 8.8244, ""quote"": ""MAD""}"
frankfurter,2021-06-09,EUR,1,10.751500,,,"{""base"": ""EUR"", ""date"": ""2021-06-09"", ""rate"": 10.7515, ""quote"": ""MAD""}"
frankfurter,2021-06-09,USD,1,8.819200,,,"{""base"": ""USD"", ""date"": ""2021-06-09"", ""rate"": 8.8192, ""quote"": ""MAD""}"
frankfurter,2021-06-10,EUR,1,10.746100,,,"{""base"": ""EUR"", ""date"": ""2021-06-10"", ""rate"": 10.7461, ""quote"": ""MAD""}"
frankfurter,2021-06-10,USD,1,8.826400,,,"{""base"": ""USD"", ""date"": ""2021-06-10"", ""rate"": 8.8264, ""quote"": ""MAD""}"
frankfurter,2021-06-11,EUR,1,10.733400,,,"{""base"": ""EUR"", ""date"": ""2021-06-11"", ""rate"": 10.7334, ""quote"": ""MAD""}"
frankfurter,2021-06-11,USD,1,8.838400,,,"{""base"": ""USD"", ""date"": ""2021-06-11"", ""rate"": 8.8384, ""quote"": ""MAD""}"
frankfurter,2021-06-14,EUR,1,10.713500,,,"{""base"": ""EUR"", ""date"": ""2021-06-14"", ""rate"": 10.7135, ""quote"": ""MAD""}"
frankfurter,2021-06-14,USD,1,8.841000,,,"{""base"": ""USD"", ""date"": ""2021-06-14"", ""rate"": 8.841, ""quote"": ""MAD""}"
frankfurter,2021-06-15,EUR,1,10.696100,,,"{""base"": ""EUR"", ""date"": ""2021-06-15"", ""rate"": 10.6961, ""quote"": ""MAD""}"
frankfurter,2021-06-15,USD,1,8.826600,,,"{""base"": ""USD"", ""date"": ""2021-06-15"", ""rate"": 8.8266, ""quote"": ""MAD""}"
frankfurter,2021-06-16,EUR,1,10.692600,,,"{""base"": ""EUR"", ""date"": ""2021-06-16"", ""rate"": 10.6926, ""quote"": ""MAD""}"
frankfurter,2021-06-16,USD,1,8.824500,,,"{""base"": ""USD"", ""date"": ""2021-06-16"", ""rate"": 8.8245, ""quote"": ""MAD""}"
frankfurter,2021-06-17,EUR,1,10.621300,,,"{""base"": ""EUR"", ""date"": ""2021-06-17"", ""rate"": 10.6213, ""quote"": ""MAD""}"
frankfurter,2021-06-17,USD,1,8.901500,,,"{""base"": ""USD"", ""date"": ""2021-06-17"", ""rate"": 8.9015, ""quote"": ""MAD""}"
frankfurter,2021-06-18,EUR,1,10.620600,,,"{""base"": ""EUR"", ""date"": ""2021-06-18"", ""rate"": 10.6206, ""quote"": ""MAD""}"
frankfurter,2021-06-18,USD,1,8.912900,,,"{""base"": ""USD"", ""date"": ""2021-06-18"", ""rate"": 8.9129, ""quote"": ""MAD""}"
frankfurter,2021-06-21,EUR,1,10.609500,,,"{""base"": ""EUR"", ""date"": ""2021-06-21"", ""rate"": 10.6095, ""quote"": ""MAD""}"
frankfurter,2021-06-21,USD,1,8.919300,,,"{""base"": ""USD"", ""date"": ""2021-06-21"", ""rate"": 8.9193, ""quote"": ""MAD""}"
frankfurter,2021-06-22,EUR,1,10.608000,,,"{""base"": ""EUR"", ""date"": ""2021-06-22"", ""rate"": 10.608, ""quote"": ""MAD""}"
frankfurter,2021-06-22,USD,1,8.917300,,,"{""base"": ""USD"", ""date"": ""2021-06-22"", ""rate"": 8.9173, ""quote"": ""MAD""}"
frankfurter,2021-06-23,EUR,1,10.623700,,,"{""base"": ""EUR"", ""date"": ""2021-06-23"", ""rate"": 10.6237, ""quote"": ""MAD""}"
frankfurter,2021-06-23,USD,1,8.894600,,,"{""base"": ""USD"", ""date"": ""2021-06-23"", ""rate"": 8.8946, ""quote"": ""MAD""}"
frankfurter,2021-06-24,EUR,1,10.627900,,,"{""base"": ""EUR"", ""date"": ""2021-06-24"", ""rate"": 10.6279, ""quote"": ""MAD""}"
frankfurter,2021-06-24,USD,1,8.897400,,,"{""base"": ""USD"", ""date"": ""2021-06-24"", ""rate"": 8.8974, ""quote"": ""MAD""}"
frankfurter,2021-06-25,EUR,1,10.624600,,,"{""base"": ""EUR"", ""date"": ""2021-06-25"", ""rate"": 10.6246, ""quote"": ""MAD""}"
frankfurter,2021-06-25,USD,1,8.896800,,,"{""base"": ""USD"", ""date"": ""2021-06-25"", ""rate"": 8.8968, ""quote"": ""MAD""}"
frankfurter,2021-06-29,EUR,1,10.603200,,,"{""base"": ""EUR"", ""date"": ""2021-06-29"", ""rate"": 10.6032, ""quote"": ""MAD""}"
frankfurter,2021-06-29,USD,1,8.911000,,,"{""base"": ""USD"", ""date"": ""2021-06-29"", ""rate"": 8.911, ""quote"": ""MAD""}"
frankfurter,2021-06-30,EUR,1,10.598000,,,"{""base"": ""EUR"", ""date"": ""2021-06-30"", ""rate"": 10.598, ""quote"": ""MAD""}"
frankfurter,2021-06-30,USD,1,8.917100,,,"{""base"": ""USD"", ""date"": ""2021-06-30"", ""rate"": 8.9171, ""quote"": ""MAD""}"
frankfurter,2021-07-01,EUR,1,10.595900,,,"{""base"": ""EUR"", ""date"": ""2021-07-01"", ""rate"": 10.5959, ""quote"": ""MAD""}"
frankfurter,2021-07-01,USD,1,8.926600,,,"{""base"": ""USD"", ""date"": ""2021-07-01"", ""rate"": 8.9266, ""quote"": ""MAD""}"
frankfurter,2021-07-02,EUR,1,10.582800,,,"{""base"": ""EUR"", ""date"": ""2021-07-02"", ""rate"": 10.5828, ""quote"": ""MAD""}"
frankfurter,2021-07-02,USD,1,8.943500,,,"{""base"": ""USD"", ""date"": ""2021-07-02"", ""rate"": 8.9435, ""quote"": ""MAD""}"
frankfurter,2021-07-05,EUR,1,10.597000,,,"{""base"": ""EUR"", ""date"": ""2021-07-05"", ""rate"": 10.597, ""quote"": ""MAD""}"
frankfurter,2021-07-05,USD,1,8.922300,,,"{""base"": ""USD"", ""date"": ""2021-07-05"", ""rate"": 8.9223, ""quote"": ""MAD""}"
frankfurter,2021-07-29,EUR,1,10.592200,,,"{""base"": ""EUR"", ""date"": ""2021-07-29"", ""rate"": 10.5922, ""quote"": ""MAD""}"
frankfurter,2021-07-29,USD,1,8.920500,,,"{""base"": ""USD"", ""date"": ""2021-07-29"", ""rate"": 8.9205, ""quote"": ""MAD""}"
frankfurter,2021-08-02,EUR,1,10.598000,,,"{""base"": ""EUR"", ""date"": ""2021-08-02"", ""rate"": 10.598, ""quote"": ""MAD""}"
frankfurter,2021-08-02,USD,1,8.912600,,,"{""base"": ""USD"", ""date"": ""2021-08-02"", ""rate"": 8.9126, ""quote"": ""MAD""}"
frankfurter,2021-08-03,EUR,1,10.599100,,,"{""base"": ""EUR"", ""date"": ""2021-08-03"", ""rate"": 10.5991, ""quote"": ""MAD""}"
frankfurter,2021-08-03,USD,1,8.914300,,,"{""base"": ""USD"", ""date"": ""2021-08-03"", ""rate"": 8.9143, ""quote"": ""MAD""}"
frankfurter,2021-08-04,EUR,1,10.586500,,,"{""base"": ""EUR"", ""date"": ""2021-08-04"", ""rate"": 10.5865, ""quote"": ""MAD""}"
frankfurter,2021-08-04,USD,1,8.927700,,,"{""base"": ""USD"", ""date"": ""2021-08-04"", ""rate"": 8.9277, ""quote"": ""MAD""}"
frankfurter,2021-08-05,EUR,1,10.584500,,,"{""base"": ""EUR"", ""date"": ""2021-08-05"", ""rate"": 10.5845, ""quote"": ""MAD""}"
frankfurter,2021-08-05,USD,1,8.933600,,,"{""base"": ""USD"", ""date"": ""2021-08-05"", ""rate"": 8.9336, ""quote"": ""MAD""}"
frankfurter,2021-08-06,EUR,1,10.567600,,,"{""base"": ""EUR"", ""date"": ""2021-08-06"", ""rate"": 10.5676, ""quote"": ""MAD""}"
frankfurter,2021-08-06,USD,1,8.951800,,,"{""base"": ""USD"", ""date"": ""2021-08-06"", ""rate"": 8.9518, ""quote"": ""MAD""}"
frankfurter,2021-08-09,EUR,1,10.554600,,,"{""base"": ""EUR"", ""date"": ""2021-08-09"", ""rate"": 10.5546, ""quote"": ""MAD""}"
frankfurter,2021-08-09,USD,1,8.975000,,,"{""base"": ""USD"", ""date"": ""2021-08-09"", ""rate"": 8.975, ""quote"": ""MAD""}"
frankfurter,2021-08-11,EUR,1,10.537800,,,"{""base"": ""EUR"", ""date"": ""2021-08-11"", ""rate"": 10.5378, ""quote"": ""MAD""}"
frankfurter,2021-08-11,USD,1,8.995900,,,"{""base"": ""USD"", ""date"": ""2021-08-11"", ""rate"": 8.9959, ""quote"": ""MAD""}"
frankfurter,2021-08-12,EUR,1,10.546000,,,"{""base"": ""EUR"", ""date"": ""2021-08-12"", ""rate"": 10.546, ""quote"": ""MAD""}"
frankfurter,2021-08-12,USD,1,8.986000,,,"{""base"": ""USD"", ""date"": ""2021-08-12"", ""rate"": 8.986, ""quote"": ""MAD""}"
frankfurter,2021-08-13,EUR,1,10.553000,,,"{""base"": ""EUR"", ""date"": ""2021-08-13"", ""rate"": 10.553, ""quote"": ""MAD""}"
frankfurter,2021-08-13,USD,1,8.979000,,,"{""base"": ""USD"", ""date"": ""2021-08-13"", ""rate"": 8.979, ""quote"": ""MAD""}"
frankfurter,2021-08-16,EUR,1,10.559000,,,"{""base"": ""EUR"", ""date"": ""2021-08-16"", ""rate"": 10.559, ""quote"": ""MAD""}"
frankfurter,2021-08-16,USD,1,8.965000,,,"{""base"": ""USD"", ""date"": ""2021-08-16"", ""rate"": 8.965, ""quote"": ""MAD""}"
frankfurter,2021-08-17,EUR,1,10.556000,,,"{""base"": ""EUR"", ""date"": ""2021-08-17"", ""rate"": 10.556, ""quote"": ""MAD""}"
frankfurter,2021-08-17,USD,1,8.970100,,,"{""base"": ""USD"", ""date"": ""2021-08-17"", ""rate"": 8.9701, ""quote"": ""MAD""}"
frankfurter,2021-08-18,EUR,1,10.536000,,,"{""base"": ""EUR"", ""date"": ""2021-08-18"", ""rate"": 10.536, ""quote"": ""MAD""}"
frankfurter,2021-08-18,USD,1,8.996700,,,"{""base"": ""USD"", ""date"": ""2021-08-18"", ""rate"": 8.9967, ""quote"": ""MAD""}"
frankfurter,2021-08-19,EUR,1,10.534200,,,"{""base"": ""EUR"", ""date"": ""2021-08-19"", ""rate"": 10.5342, ""quote"": ""MAD""}"
frankfurter,2021-08-19,USD,1,9.005900,,,"{""base"": ""USD"", ""date"": ""2021-08-19"", ""rate"": 9.0059, ""quote"": ""MAD""}"
frankfurter,2021-08-23,EUR,1,10.544100,,,"{""base"": ""EUR"", ""date"": ""2021-08-23"", ""rate"": 10.5441, ""quote"": ""MAD""}"
frankfurter,2021-08-23,USD,1,8.992100,,,"{""base"": ""USD"", ""date"": ""2021-08-23"", ""rate"": 8.9921, ""quote"": ""MAD""}"
frankfurter,2021-08-24,EUR,1,10.549300,,,"{""base"": ""EUR"", ""date"": ""2021-08-24"", ""rate"": 10.5493, ""quote"": ""MAD""}"
frankfurter,2021-08-24,USD,1,8.985000,,,"{""base"": ""USD"", ""date"": ""2021-08-24"", ""rate"": 8.985, ""quote"": ""MAD""}"
frankfurter,2021-08-25,EUR,1,10.547200,,,"{""base"": ""EUR"", ""date"": ""2021-08-25"", ""rate"": 10.5472, ""quote"": ""MAD""}"
frankfurter,2021-08-25,USD,1,8.983200,,,"{""base"": ""USD"", ""date"": ""2021-08-25"", ""rate"": 8.9832, ""quote"": ""MAD""}"
frankfurter,2021-08-26,EUR,1,10.558200,,,"{""base"": ""EUR"", ""date"": ""2021-08-26"", ""rate"": 10.5582, ""quote"": ""MAD""}"
frankfurter,2021-08-26,USD,1,8.966600,,,"{""base"": ""USD"", ""date"": ""2021-08-26"", ""rate"": 8.9666, ""quote"": ""MAD""}"
frankfurter,2021-08-27,EUR,1,10.553700,,,"{""base"": ""EUR"", ""date"": ""2021-08-27"", ""rate"": 10.5537, ""quote"": ""MAD""}"
frankfurter,2021-08-27,USD,1,8.975000,,,"{""base"": ""USD"", ""date"": ""2021-08-27"", ""rate"": 8.975, ""quote"": ""MAD""}"
frankfurter,2021-08-30,EUR,1,10.565200,,,"{""base"": ""EUR"", ""date"": ""2021-08-30"", ""rate"": 10.5652, ""quote"": ""MAD""}"
frankfurter,2021-08-30,USD,1,8.957400,,,"{""base"": ""USD"", ""date"": ""2021-08-30"", ""rate"": 8.9574, ""quote"": ""MAD""}"
frankfurter,2021-08-31,EUR,1,10.587600,,,"{""base"": ""EUR"", ""date"": ""2021-08-31"", ""rate"": 10.5876, ""quote"": ""MAD""}"
frankfurter,2021-08-31,USD,1,8.940700,,,"{""base"": ""USD"", ""date"": ""2021-08-31"", ""rate"": 8.9407, ""quote"": ""MAD""}"
frankfurter,2021-09-01,EUR,1,10.575800,,,"{""base"": ""EUR"", ""date"": ""2021-09-01"", ""rate"": 10.5758, ""quote"": ""MAD""}"
frankfurter,2021-09-01,USD,1,8.947400,,,"{""base"": ""USD"", ""date"": ""2021-09-01"", ""rate"": 8.9474, ""quote"": ""MAD""}"
frankfurter,2021-09-02,EUR,1,10.583800,,,"{""base"": ""EUR"", ""date"": ""2021-09-02"", ""rate"": 10.5838, ""quote"": ""MAD""}"
frankfurter,2021-09-02,USD,1,8.931500,,,"{""base"": ""USD"", ""date"": ""2021-09-02"", ""rate"": 8.9315, ""quote"": ""MAD""}"
frankfurter,2021-09-03,EUR,1,10.591200,,,"{""base"": ""EUR"", ""date"": ""2021-09-03"", ""rate"": 10.5912, ""quote"": ""MAD""}"
frankfurter,2021-09-03,USD,1,8.921900,,,"{""base"": ""USD"", ""date"": ""2021-09-03"", ""rate"": 8.9219, ""quote"": ""MAD""}"
frankfurter,2021-09-06,EUR,1,10.590000,,,"{""base"": ""EUR"", ""date"": ""2021-09-06"", ""rate"": 10.59, ""quote"": ""MAD""}"
frankfurter,2021-09-06,USD,1,8.924700,,,"{""base"": ""USD"", ""date"": ""2021-09-06"", ""rate"": 8.9247, ""quote"": ""MAD""}"
frankfurter,2021-09-07,EUR,1,10.590600,,,"{""base"": ""EUR"", ""date"": ""2021-09-07"", ""rate"": 10.5906, ""quote"": ""MAD""}"
frankfurter,2021-09-07,USD,1,8.921400,,,"{""base"": ""USD"", ""date"": ""2021-09-07"", ""rate"": 8.9214, ""quote"": ""MAD""}"
frankfurter,2021-09-08,EUR,1,10.575400,,,"{""base"": ""EUR"", ""date"": ""2021-09-08"", ""rate"": 10.5754, ""quote"": ""MAD""}"
frankfurter,2021-09-08,USD,1,8.947800,,,"{""base"": ""USD"", ""date"": ""2021-09-08"", ""rate"": 8.9478, ""quote"": ""MAD""}"
frankfurter,2021-09-09,EUR,1,10.577700,,,"{""base"": ""EUR"", ""date"": ""2021-09-09"", ""rate"": 10.5777, ""quote"": ""MAD""}"
frankfurter,2021-09-09,USD,1,8.940700,,,"{""base"": ""USD"", ""date"": ""2021-09-09"", ""rate"": 8.9407, ""quote"": ""MAD""}"
frankfurter,2021-09-10,EUR,1,10.578600,,,"{""base"": ""EUR"", ""date"": ""2021-09-10"", ""rate"": 10.5786, ""quote"": ""MAD""}"
frankfurter,2021-09-10,USD,1,8.941400,,,"{""base"": ""USD"", ""date"": ""2021-09-10"", ""rate"": 8.9414, ""quote"": ""MAD""}"
frankfurter,2021-09-13,EUR,1,10.557800,,,"{""base"": ""EUR"", ""date"": ""2021-09-13"", ""rate"": 10.5578, ""quote"": ""MAD""}"
frankfurter,2021-09-13,USD,1,8.966300,,,"{""base"": ""USD"", ""date"": ""2021-09-13"", ""rate"": 8.9663, ""quote"": ""MAD""}"
frankfurter,2021-09-14,EUR,1,10.570400,,,"{""base"": ""EUR"", ""date"": ""2021-09-14"", ""rate"": 10.5704, ""quote"": ""MAD""}"
frankfurter,2021-09-14,USD,1,8.953400,,,"{""base"": ""USD"", ""date"": ""2021-09-14"", ""rate"": 8.9534, ""quote"": ""MAD""}"
frankfurter,2021-09-15,EUR,1,10.578300,,,"{""base"": ""EUR"", ""date"": ""2021-09-15"", ""rate"": 10.5783, ""quote"": ""MAD""}"
frankfurter,2021-09-15,USD,1,8.941200,,,"{""base"": ""USD"", ""date"": ""2021-09-15"", ""rate"": 8.9412, ""quote"": ""MAD""}"
frankfurter,2021-09-16,EUR,1,10.557700,,,"{""base"": ""EUR"", ""date"": ""2021-09-16"", ""rate"": 10.5577, ""quote"": ""MAD""}"
frankfurter,2021-09-16,USD,1,8.970800,,,"{""base"": ""USD"", ""date"": ""2021-09-16"", ""rate"": 8.9708, ""quote"": ""MAD""}"
frankfurter,2021-09-17,EUR,1,10.560100,,,"{""base"": ""EUR"", ""date"": ""2021-09-17"", ""rate"": 10.5601, ""quote"": ""MAD""}"
frankfurter,2021-09-17,USD,1,8.963700,,,"{""base"": ""USD"", ""date"": ""2021-09-17"", ""rate"": 8.9637, ""quote"": ""MAD""}"
frankfurter,2021-09-20,EUR,1,10.535700,,,"{""base"": ""EUR"", ""date"": ""2021-09-20"", ""rate"": 10.5357, ""quote"": ""MAD""}"
frankfurter,2021-09-20,USD,1,8.997200,,,"{""base"": ""USD"", ""date"": ""2021-09-20"", ""rate"": 8.9972, ""quote"": ""MAD""}"
frankfurter,2021-09-21,EUR,1,10.545800,,,"{""base"": ""EUR"", ""date"": ""2021-09-21"", ""rate"": 10.5458, ""quote"": ""MAD""}"
frankfurter,2021-09-21,USD,1,8.985900,,,"{""base"": ""USD"", ""date"": ""2021-09-21"", ""rate"": 8.9859, ""quote"": ""MAD""}"
frankfurter,2021-09-22,EUR,1,10.543700,,,"{""base"": ""EUR"", ""date"": ""2021-09-22"", ""rate"": 10.5437, ""quote"": ""MAD""}"
frankfurter,2021-09-22,USD,1,8.987100,,,"{""base"": ""USD"", ""date"": ""2021-09-22"", ""rate"": 8.9871, ""quote"": ""MAD""}"
frankfurter,2021-09-23,EUR,1,10.538900,,,"{""base"": ""EUR"", ""date"": ""2021-09-23"", ""rate"": 10.5389, ""quote"": ""MAD""}"
frankfurter,2021-09-23,USD,1,8.994500,,,"{""base"": ""USD"", ""date"": ""2021-09-23"", ""rate"": 8.9945, ""quote"": ""MAD""}"
frankfurter,2021-09-24,EUR,1,10.540400,,,"{""base"": ""EUR"", ""date"": ""2021-09-24"", ""rate"": 10.5404, ""quote"": ""MAD""}"
frankfurter,2021-09-24,USD,1,8.989700,,,"{""base"": ""USD"", ""date"": ""2021-09-24"", ""rate"": 8.9897, ""quote"": ""MAD""}"
frankfurter,2021-09-27,EUR,1,10.535800,,,"{""base"": ""EUR"", ""date"": ""2021-09-27"", ""rate"": 10.5358, ""quote"": ""MAD""}"
frankfurter,2021-09-27,USD,1,9.000300,,,"{""base"": ""USD"", ""date"": ""2021-09-27"", ""rate"": 9.0003, ""quote"": ""MAD""}"
frankfurter,2021-09-28,EUR,1,10.528300,,,"{""base"": ""EUR"", ""date"": ""2021-09-28"", ""rate"": 10.5283, ""quote"": ""MAD""}"
frankfurter,2021-09-28,USD,1,9.013200,,,"{""base"": ""USD"", ""date"": ""2021-09-28"", ""rate"": 9.0132, ""quote"": ""MAD""}"
frankfurter,2021-09-29,EUR,1,10.516300,,,"{""base"": ""EUR"", ""date"": ""2021-09-29"", ""rate"": 10.5163, ""quote"": ""MAD""}"
frankfurter,2021-09-29,USD,1,9.025300,,,"{""base"": ""USD"", ""date"": ""2021-09-29"", ""rate"": 9.0253, ""quote"": ""MAD""}"
frankfurter,2021-09-30,EUR,1,10.490700,,,"{""base"": ""EUR"", ""date"": ""2021-09-30"", ""rate"": 10.4907, ""quote"": ""MAD""}"
frankfurter,2021-09-30,USD,1,9.064800,,,"{""base"": ""USD"", ""date"": ""2021-09-30"", ""rate"": 9.0648, ""quote"": ""MAD""}"
frankfurter,2021-10-01,EUR,1,10.497400,,,"{""base"": ""EUR"", ""date"": ""2021-10-01"", ""rate"": 10.4974, ""quote"": ""MAD""}"
frankfurter,2021-10-01,USD,1,9.058100,,,"{""base"": ""USD"", ""date"": ""2021-10-01"", ""rate"": 9.0581, ""quote"": ""MAD""}"
frankfurter,2021-10-04,EUR,1,10.511700,,,"{""base"": ""EUR"", ""date"": ""2021-10-04"", ""rate"": 10.5117, ""quote"": ""MAD""}"
frankfurter,2021-10-04,USD,1,9.040800,,,"{""base"": ""USD"", ""date"": ""2021-10-04"", ""rate"": 9.0408, ""quote"": ""MAD""}"
frankfurter,2021-10-05,EUR,1,10.502800,,,"{""base"": ""EUR"", ""date"": ""2021-10-05"", ""rate"": 10.5028, ""quote"": ""MAD""}"
frankfurter,2021-10-05,USD,1,9.054900,,,"{""base"": ""USD"", ""date"": ""2021-10-05"", ""rate"": 9.0549, ""quote"": ""MAD""}"
frankfurter,2021-10-06,EUR,1,10.479700,,,"{""base"": ""EUR"", ""date"": ""2021-10-06"", ""rate"": 10.4797, ""quote"": ""MAD""}"
frankfurter,2021-10-06,USD,1,9.081200,,,"{""base"": ""USD"", ""date"": ""2021-10-06"", ""rate"": 9.0812, ""quote"": ""MAD""}"
frankfurter,2021-10-07,EUR,1,10.492300,,,"{""base"": ""EUR"", ""date"": ""2021-10-07"", ""rate"": 10.4923, ""quote"": ""MAD""}"
frankfurter,2021-10-07,USD,1,9.071700,,,"{""base"": ""USD"", ""date"": ""2021-10-07"", ""rate"": 9.0717, ""quote"": ""MAD""}"
frankfurter,2021-10-08,EUR,1,10.485000,,,"{""base"": ""EUR"", ""date"": ""2021-10-08"", ""rate"": 10.485, ""quote"": ""MAD""}"
frankfurter,2021-10-08,USD,1,9.070100,,,"{""base"": ""USD"", ""date"": ""2021-10-08"", ""rate"": 9.0701, ""quote"": ""MAD""}"
frankfurter,2021-10-11,EUR,1,10.487800,,,"{""base"": ""EUR"", ""date"": ""2021-10-11"", ""rate"": 10.4878, ""quote"": ""MAD""}"
frankfurter,2021-10-11,USD,1,9.067800,,,"{""base"": ""USD"", ""date"": ""2021-10-11"", ""rate"": 9.0678, ""quote"": ""MAD""}"
frankfurter,2021-10-12,EUR,1,10.482500,,,"{""base"": ""EUR"", ""date"": ""2021-10-12"", ""rate"": 10.4825, ""quote"": ""MAD""}"
frankfurter,2021-10-12,USD,1,9.074200,,,"{""base"": ""USD"", ""date"": ""2021-10-12"", ""rate"": 9.0742, ""quote"": ""MAD""}"
frankfurter,2021-10-13,EUR,1,10.484800,,,"{""base"": ""EUR"", ""date"": ""2021-10-13"", ""rate"": 10.4848, ""quote"": ""MAD""}"
frankfurter,2021-10-13,USD,1,9.070700,,,"{""base"": ""USD"", ""date"": ""2021-10-13"", ""rate"": 9.0707, ""quote"": ""MAD""}"
frankfurter,2021-10-14,EUR,1,10.506200,,,"{""base"": ""EUR"", ""date"": ""2021-10-14"", ""rate"": 10.5062, ""quote"": ""MAD""}"
frankfurter,2021-10-14,USD,1,9.045400,,,"{""base"": ""USD"", ""date"": ""2021-10-14"", ""rate"": 9.0454, ""quote"": ""MAD""}"
frankfurter,2021-10-15,EUR,1,10.502600,,,"{""base"": ""EUR"", ""date"": ""2021-10-15"", ""rate"": 10.5026, ""quote"": ""MAD""}"
frankfurter,2021-10-15,USD,1,9.046900,,,"{""base"": ""USD"", ""date"": ""2021-10-15"", ""rate"": 9.0469, ""quote"": ""MAD""}"
frankfurter,2021-10-18,EUR,1,10.497000,,,"{""base"": ""EUR"", ""date"": ""2021-10-18"", ""rate"": 10.497, ""quote"": ""MAD""}"
frankfurter,2021-10-18,USD,1,9.056900,,,"{""base"": ""USD"", ""date"": ""2021-10-18"", ""rate"": 9.0569, ""quote"": ""MAD""}"
frankfurter,2021-10-21,EUR,1,10.523600,,,"{""base"": ""EUR"", ""date"": ""2021-10-21"", ""rate"": 10.5236, ""quote"": ""MAD""}"
frankfurter,2021-10-21,USD,1,9.040100,,,"{""base"": ""USD"", ""date"": ""2021-10-21"", ""rate"": 9.0401, ""quote"": ""MAD""}"
frankfurter,2021-10-22,EUR,1,10.539700,,,"{""base"": ""EUR"", ""date"": ""2021-10-22"", ""rate"": 10.5397, ""quote"": ""MAD""}"
frankfurter,2021-10-22,USD,1,9.052400,,,"{""base"": ""USD"", ""date"": ""2021-10-22"", ""rate"": 9.0524, ""quote"": ""MAD""}"
frankfurter,2021-10-25,EUR,1,10.535500,,,"{""base"": ""EUR"", ""date"": ""2021-10-25"", ""rate"": 10.5355, ""quote"": ""MAD""}"
frankfurter,2021-10-25,USD,1,9.063600,,,"{""base"": ""USD"", ""date"": ""2021-10-25"", ""rate"": 9.0636, ""quote"": ""MAD""}"
frankfurter,2021-10-26,EUR,1,10.535500,,,"{""base"": ""EUR"", ""date"": ""2021-10-26"", ""rate"": 10.5355, ""quote"": ""MAD""}"
frankfurter,2021-10-26,USD,1,9.063600,,,"{""base"": ""USD"", ""date"": ""2021-10-26"", ""rate"": 9.0636, ""quote"": ""MAD""}"
frankfurter,2021-10-27,EUR,1,10.519300,,,"{""base"": ""EUR"", ""date"": ""2021-10-27"", ""rate"": 10.5193, ""quote"": ""MAD""}"
frankfurter,2021-10-27,USD,1,9.067600,,,"{""base"": ""USD"", ""date"": ""2021-10-27"", ""rate"": 9.0676, ""quote"": ""MAD""}"
frankfurter,2021-10-28,EUR,1,10.528200,,,"{""base"": ""EUR"", ""date"": ""2021-10-28"", ""rate"": 10.5282, ""quote"": ""MAD""}"
frankfurter,2021-10-28,USD,1,9.070600,,,"{""base"": ""USD"", ""date"": ""2021-10-28"", ""rate"": 9.0706, ""quote"": ""MAD""}"
frankfurter,2021-10-29,EUR,1,10.537700,,,"{""base"": ""EUR"", ""date"": ""2021-10-29"", ""rate"": 10.5377, ""quote"": ""MAD""}"
frankfurter,2021-10-29,USD,1,9.045200,,,"{""base"": ""USD"", ""date"": ""2021-10-29"", ""rate"": 9.0452, ""quote"": ""MAD""}"
frankfurter,2021-11-01,EUR,1,10.510100,,,"{""base"": ""EUR"", ""date"": ""2021-11-01"", ""rate"": 10.5101, ""quote"": ""MAD""}"
frankfurter,2021-11-01,USD,1,9.084700,,,"{""base"": ""USD"", ""date"": ""2021-11-01"", ""rate"": 9.0847, ""quote"": ""MAD""}"
frankfurter,2021-11-02,EUR,1,10.520000,,,"{""base"": ""EUR"", ""date"": ""2021-11-02"", ""rate"": 10.52, ""quote"": ""MAD""}"
frankfurter,2021-11-02,USD,1,9.069700,,,"{""base"": ""USD"", ""date"": ""2021-11-02"", ""rate"": 9.0697, ""quote"": ""MAD""}"
frankfurter,2021-11-03,EUR,1,10.515700,,,"{""base"": ""EUR"", ""date"": ""2021-11-03"", ""rate"": 10.5157, ""quote"": ""MAD""}"
frankfurter,2021-11-03,USD,1,9.076200,,,"{""base"": ""USD"", ""date"": ""2021-11-03"", ""rate"": 9.0762, ""quote"": ""MAD""}"
frankfurter,2021-11-04,EUR,1,10.496500,,,"{""base"": ""EUR"", ""date"": ""2021-11-04"", ""rate"": 10.4965, ""quote"": ""MAD""}"
frankfurter,2021-11-04,USD,1,9.088700,,,"{""base"": ""USD"", ""date"": ""2021-11-04"", ""rate"": 9.0887, ""quote"": ""MAD""}"
frankfurter,2021-11-05,EUR,1,10.490200,,,"{""base"": ""EUR"", ""date"": ""2021-11-05"", ""rate"": 10.4902, ""quote"": ""MAD""}"
frankfurter,2021-11-05,USD,1,9.096600,,,"{""base"": ""USD"", ""date"": ""2021-11-05"", ""rate"": 9.0966, ""quote"": ""MAD""}"
frankfurter,2021-11-08,EUR,1,10.493700,,,"{""base"": ""EUR"", ""date"": ""2021-11-08"", ""rate"": 10.4937, ""quote"": ""MAD""}"
frankfurter,2021-11-08,USD,1,9.070500,,,"{""base"": ""USD"", ""date"": ""2021-11-08"", ""rate"": 9.0705, ""quote"": ""MAD""}"
frankfurter,2021-11-11,EUR,1,10.450400,,,"{""base"": ""EUR"", ""date"": ""2021-11-11"", ""rate"": 10.4504, ""quote"": ""MAD""}"
frankfurter,2021-11-11,USD,1,9.121400,,,"{""base"": ""USD"", ""date"": ""2021-11-11"", ""rate"": 9.1214, ""quote"": ""MAD""}"
frankfurter,2021-11-12,EUR,1,10.451500,,,"{""base"": ""EUR"", ""date"": ""2021-11-12"", ""rate"": 10.4515, ""quote"": ""MAD""}"
frankfurter,2021-11-12,USD,1,9.132700,,,"{""base"": ""USD"", ""date"": ""2021-11-12"", ""rate"": 9.1327, ""quote"": ""MAD""}"
frankfurter,2021-11-15,EUR,1,10.451100,,,"{""base"": ""EUR"", ""date"": ""2021-11-15"", ""rate"": 10.4511, ""quote"": ""MAD""}"
frankfurter,2021-11-15,USD,1,9.129200,,,"{""base"": ""USD"", ""date"": ""2021-11-15"", ""rate"": 9.1292, ""quote"": ""MAD""}"
frankfurter,2021-11-16,EUR,1,10.419000,,,"{""base"": ""EUR"", ""date"": ""2021-11-16"", ""rate"": 10.419, ""quote"": ""MAD""}"
frankfurter,2021-11-16,USD,1,9.170000,,,"{""base"": ""USD"", ""date"": ""2021-11-16"", ""rate"": 9.17, ""quote"": ""MAD""}"
frankfurter,2021-11-17,EUR,1,10.400800,,,"{""base"": ""EUR"", ""date"": ""2021-11-17"", ""rate"": 10.4008, ""quote"": ""MAD""}"
frankfurter,2021-11-17,USD,1,9.195300,,,"{""base"": ""USD"", ""date"": ""2021-11-17"", ""rate"": 9.1953, ""quote"": ""MAD""}"
frankfurter,2021-11-19,EUR,1,10.403000,,,"{""base"": ""EUR"", ""date"": ""2021-11-19"", ""rate"": 10.403, ""quote"": ""MAD""}"
frankfurter,2021-11-19,USD,1,9.208600,,,"{""base"": ""USD"", ""date"": ""2021-11-19"", ""rate"": 9.2086, ""quote"": ""MAD""}"
frankfurter,2021-11-22,EUR,1,10.399900,,,"{""base"": ""EUR"", ""date"": ""2021-11-22"", ""rate"": 10.3999, ""quote"": ""MAD""}"
frankfurter,2021-11-22,USD,1,9.214900,,,"{""base"": ""USD"", ""date"": ""2021-11-22"", ""rate"": 9.2149, ""quote"": ""MAD""}"
frankfurter,2021-11-23,EUR,1,10.390200,,,"{""base"": ""EUR"", ""date"": ""2021-11-23"", ""rate"": 10.3902, ""quote"": ""MAD""}"
frankfurter,2021-11-23,USD,1,9.231600,,,"{""base"": ""USD"", ""date"": ""2021-11-23"", ""rate"": 9.2316, ""quote"": ""MAD""}"
frankfurter,2021-11-24,EUR,1,10.378800,,,"{""base"": ""EUR"", ""date"": ""2021-11-24"", ""rate"": 10.3788, ""quote"": ""MAD""}"
frankfurter,2021-11-24,USD,1,9.257700,,,"{""base"": ""USD"", ""date"": ""2021-11-24"", ""rate"": 9.2577, ""quote"": ""MAD""}"
frankfurter,2021-11-25,EUR,1,10.394200,,,"{""base"": ""EUR"", ""date"": ""2021-11-25"", ""rate"": 10.3942, ""quote"": ""MAD""}"
frankfurter,2021-11-25,USD,1,9.264000,,,"{""base"": ""USD"", ""date"": ""2021-11-25"", ""rate"": 9.264, ""quote"": ""MAD""}"
frankfurter,2021-11-26,EUR,1,10.431500,,,"{""base"": ""EUR"", ""date"": ""2021-11-26"", ""rate"": 10.4315, ""quote"": ""MAD""}"
frankfurter,2021-11-26,USD,1,9.242900,,,"{""base"": ""USD"", ""date"": ""2021-11-26"", ""rate"": 9.2429, ""quote"": ""MAD""}"
frankfurter,2021-11-29,EUR,1,10.442000,,,"{""base"": ""EUR"", ""date"": ""2021-11-29"", ""rate"": 10.442, ""quote"": ""MAD""}"
frankfurter,2021-11-29,USD,1,9.248900,,,"{""base"": ""USD"", ""date"": ""2021-11-29"", ""rate"": 9.2489, ""quote"": ""MAD""}"
frankfurter,2021-11-30,EUR,1,10.475400,,,"{""base"": ""EUR"", ""date"": ""2021-11-30"", ""rate"": 10.4754, ""quote"": ""MAD""}"
frankfurter,2021-11-30,USD,1,9.221300,,,"{""base"": ""USD"", ""date"": ""2021-11-30"", ""rate"": 9.2213, ""quote"": ""MAD""}"
frankfurter,2021-12-01,EUR,1,10.449900,,,"{""base"": ""EUR"", ""date"": ""2021-12-01"", ""rate"": 10.4499, ""quote"": ""MAD""}"
frankfurter,2021-12-01,USD,1,9.222400,,,"{""base"": ""USD"", ""date"": ""2021-12-01"", ""rate"": 9.2224, ""quote"": ""MAD""}"
frankfurter,2021-12-02,EUR,1,10.438000,,,"{""base"": ""EUR"", ""date"": ""2021-12-02"", ""rate"": 10.438, ""quote"": ""MAD""}"
frankfurter,2021-12-02,USD,1,9.206200,,,"{""base"": ""USD"", ""date"": ""2021-12-02"", ""rate"": 9.2062, ""quote"": ""MAD""}"
frankfurter,2021-12-03,EUR,1,10.439200,,,"{""base"": ""EUR"", ""date"": ""2021-12-03"", ""rate"": 10.4392, ""quote"": ""MAD""}"
frankfurter,2021-12-03,USD,1,9.227600,,,"{""base"": ""USD"", ""date"": ""2021-12-03"", ""rate"": 9.2276, ""quote"": ""MAD""}"
frankfurter,2021-12-06,EUR,1,10.400600,,,"{""base"": ""EUR"", ""date"": ""2021-12-06"", ""rate"": 10.4006, ""quote"": ""MAD""}"
frankfurter,2021-12-06,USD,1,9.202400,,,"{""base"": ""USD"", ""date"": ""2021-12-06"", ""rate"": 9.2024, ""quote"": ""MAD""}"
frankfurter,2021-12-07,EUR,1,10.404500,,,"{""base"": ""EUR"", ""date"": ""2021-12-07"", ""rate"": 10.4045, ""quote"": ""MAD""}"
frankfurter,2021-12-07,USD,1,9.236100,,,"{""base"": ""USD"", ""date"": ""2021-12-07"", ""rate"": 9.2361, ""quote"": ""MAD""}"
frankfurter,2021-12-08,EUR,1,10.415000,,,"{""base"": ""EUR"", ""date"": ""2021-12-08"", ""rate"": 10.415, ""quote"": ""MAD""}"
frankfurter,2021-12-08,USD,1,9.227400,,,"{""base"": ""USD"", ""date"": ""2021-12-08"", ""rate"": 9.2274, ""quote"": ""MAD""}"
frankfurter,2021-12-09,EUR,1,10.457000,,,"{""base"": ""EUR"", ""date"": ""2021-12-09"", ""rate"": 10.457, ""quote"": ""MAD""}"
frankfurter,2021-12-09,USD,1,9.240100,,,"{""base"": ""USD"", ""date"": ""2021-12-09"", ""rate"": 9.2401, ""quote"": ""MAD""}"
frankfurter,2021-12-10,EUR,1,10.441800,,,"{""base"": ""EUR"", ""date"": ""2021-12-10"", ""rate"": 10.4418, ""quote"": ""MAD""}"
frankfurter,2021-12-10,USD,1,9.263500,,,"{""base"": ""USD"", ""date"": ""2021-12-10"", ""rate"": 9.2635, ""quote"": ""MAD""}"
frankfurter,2021-12-13,EUR,1,10.439800,,,"{""base"": ""EUR"", ""date"": ""2021-12-13"", ""rate"": 10.4398, ""quote"": ""MAD""}"
frankfurter,2021-12-13,USD,1,9.265000,,,"{""base"": ""USD"", ""date"": ""2021-12-13"", ""rate"": 9.265, ""quote"": ""MAD""}"
frankfurter,2021-12-14,EUR,1,10.463400,,,"{""base"": ""EUR"", ""date"": ""2021-12-14"", ""rate"": 10.4634, ""quote"": ""MAD""}"
frankfurter,2021-12-14,USD,1,9.247400,,,"{""base"": ""USD"", ""date"": ""2021-12-14"", ""rate"": 9.2474, ""quote"": ""MAD""}"
frankfurter,2021-12-15,EUR,1,10.447000,,,"{""base"": ""EUR"", ""date"": ""2021-12-15"", ""rate"": 10.447, ""quote"": ""MAD""}"
frankfurter,2021-12-15,USD,1,9.271400,,,"{""base"": ""USD"", ""date"": ""2021-12-15"", ""rate"": 9.2714, ""quote"": ""MAD""}"
frankfurter,2021-12-16,EUR,1,10.466000,,,"{""base"": ""EUR"", ""date"": ""2021-12-16"", ""rate"": 10.466, ""quote"": ""MAD""}"
frankfurter,2021-12-16,USD,1,9.265200,,,"{""base"": ""USD"", ""date"": ""2021-12-16"", ""rate"": 9.2652, ""quote"": ""MAD""}"
frankfurter,2021-12-17,EUR,1,10.481300,,,"{""base"": ""EUR"", ""date"": ""2021-12-17"", ""rate"": 10.4813, ""quote"": ""MAD""}"
frankfurter,2021-12-17,USD,1,9.262400,,,"{""base"": ""USD"", ""date"": ""2021-12-17"", ""rate"": 9.2624, ""quote"": ""MAD""}"
frankfurter,2021-12-20,EUR,1,10.462200,,,"{""base"": ""EUR"", ""date"": ""2021-12-20"", ""rate"": 10.4622, ""quote"": ""MAD""}"
frankfurter,2021-12-20,USD,1,9.284900,,,"{""base"": ""USD"", ""date"": ""2021-12-20"", ""rate"": 9.2849, ""quote"": ""MAD""}"
frankfurter,2021-12-21,EUR,1,10.469300,,,"{""base"": ""EUR"", ""date"": ""2021-12-21"", ""rate"": 10.4693, ""quote"": ""MAD""}"
frankfurter,2021-12-21,USD,1,9.275500,,,"{""base"": ""USD"", ""date"": ""2021-12-21"", ""rate"": 9.2755, ""quote"": ""MAD""}"
frankfurter,2021-12-22,EUR,1,10.468200,,,"{""base"": ""EUR"", ""date"": ""2021-12-22"", ""rate"": 10.4682, ""quote"": ""MAD""}"
frankfurter,2021-12-22,USD,1,9.264700,,,"{""base"": ""USD"", ""date"": ""2021-12-22"", ""rate"": 9.2647, ""quote"": ""MAD""}"
frankfurter,2021-12-23,EUR,1,10.484000,,,"{""base"": ""EUR"", ""date"": ""2021-12-23"", ""rate"": 10.484, ""quote"": ""MAD""}"
frankfurter,2021-12-23,USD,1,9.256600,,,"{""base"": ""USD"", ""date"": ""2021-12-23"", ""rate"": 9.2566, ""quote"": ""MAD""}"
frankfurter,2021-12-24,EUR,1,10.489900,,,"{""base"": ""EUR"", ""date"": ""2021-12-24"", ""rate"": 10.4899, ""quote"": ""MAD""}"
frankfurter,2021-12-24,USD,1,9.252000,,,"{""base"": ""USD"", ""date"": ""2021-12-24"", ""rate"": 9.252, ""quote"": ""MAD""}"
frankfurter,2021-12-27,EUR,1,10.504100,,,"{""base"": ""EUR"", ""date"": ""2021-12-27"", ""rate"": 10.5041, ""quote"": ""MAD""}"
frankfurter,2021-12-27,USD,1,9.282500,,,"{""base"": ""USD"", ""date"": ""2021-12-27"", ""rate"": 9.2825, ""quote"": ""MAD""}"
frankfurter,2021-12-28,EUR,1,10.507000,,,"{""base"": ""EUR"", ""date"": ""2021-12-28"", ""rate"": 10.507, ""quote"": ""MAD""}"
frankfurter,2021-12-28,USD,1,9.272000,,,"{""base"": ""USD"", ""date"": ""2021-12-28"", ""rate"": 9.272, ""quote"": ""MAD""}"
frankfurter,2021-12-29,EUR,1,10.465900,,,"{""base"": ""EUR"", ""date"": ""2021-12-29"", ""rate"": 10.4659, ""quote"": ""MAD""}"
frankfurter,2021-12-29,USD,1,9.271700,,,"{""base"": ""USD"", ""date"": ""2021-12-29"", ""rate"": 9.2717, ""quote"": ""MAD""}"
frankfurter,2021-12-30,EUR,1,10.474600,,,"{""base"": ""EUR"", ""date"": ""2021-12-30"", ""rate"": 10.4746, ""quote"": ""MAD""}"
frankfurter,2021-12-30,USD,1,9.252400,,,"{""base"": ""USD"", ""date"": ""2021-12-30"", ""rate"": 9.2524, ""quote"": ""MAD""}"
frankfurter,2022-01-03,EUR,1,10.501700,,,"{""base"": ""EUR"", ""date"": ""2022-01-03"", ""rate"": 10.5017, ""quote"": ""MAD""}"
frankfurter,2022-01-03,USD,1,9.242800,,,"{""base"": ""USD"", ""date"": ""2022-01-03"", ""rate"": 9.2428, ""quote"": ""MAD""}"
frankfurter,2022-01-04,EUR,1,10.461700,,,"{""base"": ""EUR"", ""date"": ""2022-01-04"", ""rate"": 10.4617, ""quote"": ""MAD""}"
frankfurter,2022-01-04,USD,1,9.268800,,,"{""base"": ""USD"", ""date"": ""2022-01-04"", ""rate"": 9.2688, ""quote"": ""MAD""}"
frankfurter,2022-01-05,EUR,1,10.478300,,,"{""base"": ""EUR"", ""date"": ""2022-01-05"", ""rate"": 10.4783, ""quote"": ""MAD""}"
frankfurter,2022-01-05,USD,1,9.258900,,,"{""base"": ""USD"", ""date"": ""2022-01-05"", ""rate"": 9.2589, ""quote"": ""MAD""}"
frankfurter,2022-01-07,EUR,1,10.495300,,,"{""base"": ""EUR"", ""date"": ""2022-01-07"", ""rate"": 10.4953, ""quote"": ""MAD""}"
frankfurter,2022-01-07,USD,1,9.286200,,,"{""base"": ""USD"", ""date"": ""2022-01-07"", ""rate"": 9.2862, ""quote"": ""MAD""}"
frankfurter,2022-01-12,EUR,1,10.516200,,,"{""base"": ""EUR"", ""date"": ""2022-01-12"", ""rate"": 10.5162, ""quote"": ""MAD""}"
frankfurter,2022-01-12,USD,1,9.255600,,,"{""base"": ""USD"", ""date"": ""2022-01-12"", ""rate"": 9.2556, ""quote"": ""MAD""}"
frankfurter,2022-01-13,EUR,1,10.552600,,,"{""base"": ""EUR"", ""date"": ""2022-01-13"", ""rate"": 10.5526, ""quote"": ""MAD""}"
frankfurter,2022-01-13,USD,1,9.205000,,,"{""base"": ""USD"", ""date"": ""2022-01-13"", ""rate"": 9.205, ""quote"": ""MAD""}"
frankfurter,2022-01-14,EUR,1,10.552200,,,"{""base"": ""EUR"", ""date"": ""2022-01-14"", ""rate"": 10.5522, ""quote"": ""MAD""}"
frankfurter,2022-01-14,USD,1,9.209500,,,"{""base"": ""USD"", ""date"": ""2022-01-14"", ""rate"": 9.2095, ""quote"": ""MAD""}"
frankfurter,2022-01-17,EUR,1,10.540300,,,"{""base"": ""EUR"", ""date"": ""2022-01-17"", ""rate"": 10.5403, ""quote"": ""MAD""}"
frankfurter,2022-01-17,USD,1,9.227300,,,"{""base"": ""USD"", ""date"": ""2022-01-17"", ""rate"": 9.2273, ""quote"": ""MAD""}"
frankfurter,2022-01-18,EUR,1,10.537700,,,"{""base"": ""EUR"", ""date"": ""2022-01-18"", ""rate"": 10.5377, ""quote"": ""MAD""}"
frankfurter,2022-01-18,USD,1,9.252500,,,"{""base"": ""USD"", ""date"": ""2022-01-18"", ""rate"": 9.2525, ""quote"": ""MAD""}"
frankfurter,2022-01-19,EUR,1,10.523200,,,"{""base"": ""EUR"", ""date"": ""2022-01-19"", ""rate"": 10.5232, ""quote"": ""MAD""}"
frankfurter,2022-01-19,USD,1,9.274800,,,"{""base"": ""USD"", ""date"": ""2022-01-19"", ""rate"": 9.2748, ""quote"": ""MAD""}"
frankfurter,2022-01-20,EUR,1,10.518900,,,"{""base"": ""EUR"", ""date"": ""2022-01-20"", ""rate"": 10.5189, ""quote"": ""MAD""}"
frankfurter,2022-01-20,USD,1,9.279200,,,"{""base"": ""USD"", ""date"": ""2022-01-20"", ""rate"": 9.2792, ""quote"": ""MAD""}"
frankfurter,2022-01-21,EUR,1,10.522000,,,"{""base"": ""EUR"", ""date"": ""2022-01-21"", ""rate"": 10.522, ""quote"": ""MAD""}"
frankfurter,2022-01-21,USD,1,9.284400,,,"{""base"": ""USD"", ""date"": ""2022-01-21"", ""rate"": 9.2844, ""quote"": ""MAD""}"
frankfurter,2022-01-24,EUR,1,10.520100,,,"{""base"": ""EUR"", ""date"": ""2022-01-24"", ""rate"": 10.5201, ""quote"": ""MAD""}"
frankfurter,2022-01-24,USD,1,9.293400,,,"{""base"": ""USD"", ""date"": ""2022-01-24"", ""rate"": 9.2934, ""quote"": ""MAD""}"
frankfurter,2022-01-25,EUR,1,10.514000,,,"{""base"": ""EUR"", ""date"": ""2022-01-25"", ""rate"": 10.514, ""quote"": ""MAD""}"
frankfurter,2022-01-25,USD,1,9.319300,,,"{""base"": ""USD"", ""date"": ""2022-01-25"", ""rate"": 9.3193, ""quote"": ""MAD""}"
frankfurter,2022-01-26,EUR,1,10.515100,,,"{""base"": ""EUR"", ""date"": ""2022-01-26"", ""rate"": 10.5151, ""quote"": ""MAD""}"
frankfurter,2022-01-26,USD,1,9.321100,,,"{""base"": ""USD"", ""date"": ""2022-01-26"", ""rate"": 9.3211, ""quote"": ""MAD""}"
frankfurter,2022-01-27,EUR,1,10.503100,,,"{""base"": ""EUR"", ""date"": ""2022-01-27"", ""rate"": 10.5031, ""quote"": ""MAD""}"
frankfurter,2022-01-27,USD,1,9.387000,,,"{""base"": ""USD"", ""date"": ""2022-01-27"", ""rate"": 9.387, ""quote"": ""MAD""}"
frankfurter,2022-01-28,EUR,1,10.495600,,,"{""base"": ""EUR"", ""date"": ""2022-01-28"", ""rate"": 10.4956, ""quote"": ""MAD""}"
frankfurter,2022-01-28,USD,1,9.430000,,,"{""base"": ""USD"", ""date"": ""2022-01-28"", ""rate"": 9.43, ""quote"": ""MAD""}"
frankfurter,2022-01-31,EUR,1,10.535400,,,"{""base"": ""EUR"", ""date"": ""2022-01-31"", ""rate"": 10.5354, ""quote"": ""MAD""}"
frankfurter,2022-01-31,USD,1,9.438600,,,"{""base"": ""USD"", ""date"": ""2022-01-31"", ""rate"": 9.4386, ""quote"": ""MAD""}"
frankfurter,2022-02-01,EUR,1,10.571700,,,"{""base"": ""EUR"", ""date"": ""2022-02-01"", ""rate"": 10.5717, ""quote"": ""MAD""}"
frankfurter,2022-02-01,USD,1,9.383700,,,"{""base"": ""USD"", ""date"": ""2022-02-01"", ""rate"": 9.3837, ""quote"": ""MAD""}"
frankfurter,2022-02-02,EUR,1,10.587000,,,"{""base"": ""EUR"", ""date"": ""2022-02-02"", ""rate"": 10.587, ""quote"": ""MAD""}"
frankfurter,2022-02-02,USD,1,9.360700,,,"{""base"": ""USD"", ""date"": ""2022-02-02"", ""rate"": 9.3607, ""quote"": ""MAD""}"
frankfurter,2022-02-03,EUR,1,10.555700,,,"{""base"": ""EUR"", ""date"": ""2022-02-03"", ""rate"": 10.5557, ""quote"": ""MAD""}"
frankfurter,2022-02-03,USD,1,9.360400,,,"{""base"": ""USD"", ""date"": ""2022-02-03"", ""rate"": 9.3604, ""quote"": ""MAD""}"
frankfurter,2022-02-04,EUR,1,10.655900,,,"{""base"": ""EUR"", ""date"": ""2022-02-04"", ""rate"": 10.6559, ""quote"": ""MAD""}"
frankfurter,2022-02-04,USD,1,9.296700,,,"{""base"": ""USD"", ""date"": ""2022-02-04"", ""rate"": 9.2967, ""quote"": ""MAD""}"
frankfurter,2022-02-07,EUR,1,10.657200,,,"{""base"": ""EUR"", ""date"": ""2022-02-07"", ""rate"": 10.6572, ""quote"": ""MAD""}"
frankfurter,2022-02-07,USD,1,9.328000,,,"{""base"": ""USD"", ""date"": ""2022-02-07"", ""rate"": 9.328, ""quote"": ""MAD""}"
frankfurter,2022-02-08,EUR,1,10.661200,,,"{""base"": ""EUR"", ""date"": ""2022-02-08"", ""rate"": 10.6612, ""quote"": ""MAD""}"
frankfurter,2022-02-08,USD,1,9.329800,,,"{""base"": ""USD"", ""date"": ""2022-02-08"", ""rate"": 9.3298, ""quote"": ""MAD""}"
frankfurter,2022-02-09,EUR,1,10.652500,,,"{""base"": ""EUR"", ""date"": ""2022-02-09"", ""rate"": 10.6525, ""quote"": ""MAD""}"
frankfurter,2022-02-09,USD,1,9.316500,,,"{""base"": ""USD"", ""date"": ""2022-02-09"", ""rate"": 9.3165, ""quote"": ""MAD""}"
frankfurter,2022-02-10,EUR,1,10.654700,,,"{""base"": ""EUR"", ""date"": ""2022-02-10"", ""rate"": 10.6547, ""quote"": ""MAD""}"
frankfurter,2022-02-10,USD,1,9.314400,,,"{""base"": ""USD"", ""date"": ""2022-02-10"", ""rate"": 9.3144, ""quote"": ""MAD""}"
frankfurter,2022-02-11,EUR,1,10.640600,,,"{""base"": ""EUR"", ""date"": ""2022-02-11"", ""rate"": 10.6406, ""quote"": ""MAD""}"
frankfurter,2022-02-11,USD,1,9.338000,,,"{""base"": ""USD"", ""date"": ""2022-02-11"", ""rate"": 9.338, ""quote"": ""MAD""}"
frankfurter,2022-02-14,EUR,1,10.613400,,,"{""base"": ""EUR"", ""date"": ""2022-02-14"", ""rate"": 10.6134, ""quote"": ""MAD""}"
frankfurter,2022-02-14,USD,1,9.391600,,,"{""base"": ""USD"", ""date"": ""2022-02-14"", ""rate"": 9.3916, ""quote"": ""MAD""}"
frankfurter,2022-02-15,EUR,1,10.631100,,,"{""base"": ""EUR"", ""date"": ""2022-02-15"", ""rate"": 10.6311, ""quote"": ""MAD""}"
frankfurter,2022-02-15,USD,1,9.366600,,,"{""base"": ""USD"", ""date"": ""2022-02-15"", ""rate"": 9.3666, ""quote"": ""MAD""}"
frankfurter,2022-02-16,EUR,1,10.651600,,,"{""base"": ""EUR"", ""date"": ""2022-02-16"", ""rate"": 10.6516, ""quote"": ""MAD""}"
frankfurter,2022-02-16,USD,1,9.362400,,,"{""base"": ""USD"", ""date"": ""2022-02-16"", ""rate"": 9.3624, ""quote"": ""MAD""}"
frankfurter,2022-02-17,EUR,1,10.656100,,,"{""base"": ""EUR"", ""date"": ""2022-02-17"", ""rate"": 10.6561, ""quote"": ""MAD""}"
frankfurter,2022-02-17,USD,1,9.367200,,,"{""base"": ""USD"", ""date"": ""2022-02-17"", ""rate"": 9.3672, ""quote"": ""MAD""}"
frankfurter,2022-02-18,EUR,1,10.702800,,,"{""base"": ""EUR"", ""date"": ""2022-02-18"", ""rate"": 10.7028, ""quote"": ""MAD""}"
frankfurter,2022-02-18,USD,1,9.424000,,,"{""base"": ""USD"", ""date"": ""2022-02-18"", ""rate"": 9.424, ""quote"": ""MAD""}"
frankfurter,2022-02-21,EUR,1,10.718000,,,"{""base"": ""EUR"", ""date"": ""2022-02-21"", ""rate"": 10.718, ""quote"": ""MAD""}"
frankfurter,2022-02-21,USD,1,9.434900,,,"{""base"": ""USD"", ""date"": ""2022-02-21"", ""rate"": 9.4349, ""quote"": ""MAD""}"
frankfurter,2022-02-22,EUR,1,10.701600,,,"{""base"": ""EUR"", ""date"": ""2022-02-22"", ""rate"": 10.7016, ""quote"": ""MAD""}"
frankfurter,2022-02-22,USD,1,9.425400,,,"{""base"": ""USD"", ""date"": ""2022-02-22"", ""rate"": 9.4254, ""quote"": ""MAD""}"
frankfurter,2022-02-23,EUR,1,10.688400,,,"{""base"": ""EUR"", ""date"": ""2022-02-23"", ""rate"": 10.6884, ""quote"": ""MAD""}"
frankfurter,2022-02-23,USD,1,9.419600,,,"{""base"": ""USD"", ""date"": ""2022-02-23"", ""rate"": 9.4196, ""quote"": ""MAD""}"
frankfurter,2022-02-24,EUR,1,10.601800,,,"{""base"": ""EUR"", ""date"": ""2022-02-24"", ""rate"": 10.6018, ""quote"": ""MAD""}"
frankfurter,2022-02-24,USD,1,9.487100,,,"{""base"": ""USD"", ""date"": ""2022-02-24"", ""rate"": 9.4871, ""quote"": ""MAD""}"
frankfurter,2022-02-25,EUR,1,10.639700,,,"{""base"": ""EUR"", ""date"": ""2022-02-25"", ""rate"": 10.6397, ""quote"": ""MAD""}"
frankfurter,2022-02-25,USD,1,9.524400,,,"{""base"": ""USD"", ""date"": ""2022-02-25"", ""rate"": 9.5244, ""quote"": ""MAD""}"
frankfurter,2022-02-28,EUR,1,10.717300,,,"{""base"": ""EUR"", ""date"": ""2022-02-28"", ""rate"": 10.7173, ""quote"": ""MAD""}"
frankfurter,2022-02-28,USD,1,9.555400,,,"{""base"": ""USD"", ""date"": ""2022-02-28"", ""rate"": 9.5554, ""quote"": ""MAD""}"
frankfurter,2022-03-01,EUR,1,10.678800,,,"{""base"": ""EUR"", ""date"": ""2022-03-01"", ""rate"": 10.6788, ""quote"": ""MAD""}"
frankfurter,2022-03-01,USD,1,9.554300,,,"{""base"": ""USD"", ""date"": ""2022-03-01"", ""rate"": 9.5543, ""quote"": ""MAD""}"
frankfurter,2022-03-02,EUR,1,10.650200,,,"{""base"": ""EUR"", ""date"": ""2022-03-02"", ""rate"": 10.6502, ""quote"": ""MAD""}"
frankfurter,2022-03-02,USD,1,9.598200,,,"{""base"": ""USD"", ""date"": ""2022-03-02"", ""rate"": 9.5982, ""quote"": ""MAD""}"
frankfurter,2022-03-03,EUR,1,10.664200,,,"{""base"": ""EUR"", ""date"": ""2022-03-03"", ""rate"": 10.6642, ""quote"": ""MAD""}"
frankfurter,2022-03-03,USD,1,9.623900,,,"{""base"": ""USD"", ""date"": ""2022-03-03"", ""rate"": 9.6239, ""quote"": ""MAD""}"
frankfurter,2022-03-04,EUR,1,10.643400,,,"{""base"": ""EUR"", ""date"": ""2022-03-04"", ""rate"": 10.6434, ""quote"": ""MAD""}"
frankfurter,2022-03-04,USD,1,9.683700,,,"{""base"": ""USD"", ""date"": ""2022-03-04"", ""rate"": 9.6837, ""quote"": ""MAD""}"
frankfurter,2022-03-07,EUR,1,10.710600,,,"{""base"": ""EUR"", ""date"": ""2022-03-07"", ""rate"": 10.7106, ""quote"": ""MAD""}"
frankfurter,2022-03-07,USD,1,9.887000,,,"{""base"": ""USD"", ""date"": ""2022-03-07"", ""rate"": 9.887, ""quote"": ""MAD""}"
frankfurter,2022-03-08,EUR,1,10.899600,,,"{""base"": ""EUR"", ""date"": ""2022-03-08"", ""rate"": 10.8996, ""quote"": ""MAD""}"
frankfurter,2022-03-08,USD,1,10.003300,,,"{""base"": ""USD"", ""date"": ""2022-03-08"", ""rate"": 10.0033, ""quote"": ""MAD""}"
frankfurter,2022-03-09,EUR,1,10.878600,,,"{""base"": ""EUR"", ""date"": ""2022-03-09"", ""rate"": 10.8786, ""quote"": ""MAD""}"
frankfurter,2022-03-09,USD,1,9.922100,,,"{""base"": ""USD"", ""date"": ""2022-03-09"", ""rate"": 9.9221, ""quote"": ""MAD""}"
frankfurter,2022-03-10,EUR,1,10.834300,,,"{""base"": ""EUR"", ""date"": ""2022-03-10"", ""rate"": 10.8343, ""quote"": ""MAD""}"
frankfurter,2022-03-10,USD,1,9.809200,,,"{""base"": ""USD"", ""date"": ""2022-03-10"", ""rate"": 9.8092, ""quote"": ""MAD""}"
frankfurter,2022-03-11,EUR,1,10.658200,,,"{""base"": ""EUR"", ""date"": ""2022-03-11"", ""rate"": 10.6582, ""quote"": ""MAD""}"
frankfurter,2022-03-11,USD,1,9.704300,,,"{""base"": ""USD"", ""date"": ""2022-03-11"", ""rate"": 9.7043, ""quote"": ""MAD""}"
frankfurter,2022-03-14,EUR,1,10.618800,,,"{""base"": ""EUR"", ""date"": ""2022-03-14"", ""rate"": 10.6188, ""quote"": ""MAD""}"
frankfurter,2022-03-14,USD,1,9.684300,,,"{""base"": ""USD"", ""date"": ""2022-03-14"", ""rate"": 9.6843, ""quote"": ""MAD""}"
frankfurter,2022-03-15,EUR,1,10.702800,,,"{""base"": ""EUR"", ""date"": ""2022-03-15"", ""rate"": 10.7028, ""quote"": ""MAD""}"
frankfurter,2022-03-15,USD,1,9.738700,,,"{""base"": ""USD"", ""date"": ""2022-03-15"", ""rate"": 9.7387, ""quote"": ""MAD""}"
frankfurter,2022-03-16,EUR,1,10.798400,,,"{""base"": ""EUR"", ""date"": ""2022-03-16"", ""rate"": 10.7984, ""quote"": ""MAD""}"
frankfurter,2022-03-16,USD,1,9.814100,,,"{""base"": ""USD"", ""date"": ""2022-03-16"", ""rate"": 9.8141, ""quote"": ""MAD""}"
frankfurter,2022-03-17,EUR,1,10.823700,,,"{""base"": ""EUR"", ""date"": ""2022-03-17"", ""rate"": 10.8237, ""quote"": ""MAD""}"
frankfurter,2022-03-17,USD,1,9.788100,,,"{""base"": ""USD"", ""date"": ""2022-03-17"", ""rate"": 9.7881, ""quote"": ""MAD""}"
frankfurter,2022-03-18,EUR,1,10.814900,,,"{""base"": ""EUR"", ""date"": ""2022-03-18"", ""rate"": 10.8149, ""quote"": ""MAD""}"
frankfurter,2022-03-18,USD,1,9.796100,,,"{""base"": ""USD"", ""date"": ""2022-03-18"", ""rate"": 9.7961, ""quote"": ""MAD""}"
frankfurter,2022-03-21,EUR,1,10.737700,,,"{""base"": ""EUR"", ""date"": ""2022-03-21"", ""rate"": 10.7377, ""quote"": ""MAD""}"
frankfurter,2022-03-21,USD,1,9.735000,,,"{""base"": ""USD"", ""date"": ""2022-03-21"", ""rate"": 9.735, ""quote"": ""MAD""}"
frankfurter,2022-03-22,EUR,1,10.708100,,,"{""base"": ""EUR"", ""date"": ""2022-03-22"", ""rate"": 10.7081, ""quote"": ""MAD""}"
frankfurter,2022-03-22,USD,1,9.732900,,,"{""base"": ""USD"", ""date"": ""2022-03-22"", ""rate"": 9.7329, ""quote"": ""MAD""}"
frankfurter,2022-03-23,EUR,1,10.687700,,,"{""base"": ""EUR"", ""date"": ""2022-03-23"", ""rate"": 10.6877, ""quote"": ""MAD""}"
frankfurter,2022-03-23,USD,1,9.717000,,,"{""base"": ""USD"", ""date"": ""2022-03-23"", ""rate"": 9.717, ""quote"": ""MAD""}"
frankfurter,2022-03-24,EUR,1,10.660800,,,"{""base"": ""EUR"", ""date"": ""2022-03-24"", ""rate"": 10.6608, ""quote"": ""MAD""}"
frankfurter,2022-03-24,USD,1,9.700500,,,"{""base"": ""USD"", ""date"": ""2022-03-24"", ""rate"": 9.7005, ""quote"": ""MAD""}"
frankfurter,2022-03-25,EUR,1,10.669500,,,"{""base"": ""EUR"", ""date"": ""2022-03-25"", ""rate"": 10.6695, ""quote"": ""MAD""}"
frankfurter,2022-03-25,USD,1,9.688100,,,"{""base"": ""USD"", ""date"": ""2022-03-25"", ""rate"": 9.6881, ""quote"": ""MAD""}"
frankfurter,2022-03-28,EUR,1,10.641700,,,"{""base"": ""EUR"", ""date"": ""2022-03-28"", ""rate"": 10.6417, ""quote"": ""MAD""}"
frankfurter,2022-03-28,USD,1,9.704300,,,"{""base"": ""USD"", ""date"": ""2022-03-28"", ""rate"": 9.7043, ""quote"": ""MAD""}"
frankfurter,2022-03-29,EUR,1,10.730100,,,"{""base"": ""EUR"", ""date"": ""2022-03-29"", ""rate"": 10.7301, ""quote"": ""MAD""}"
frankfurter,2022-03-29,USD,1,9.677200,,,"{""base"": ""USD"", ""date"": ""2022-03-29"", ""rate"": 9.6772, ""quote"": ""MAD""}"
frankfurter,2022-03-30,EUR,1,10.761900,,,"{""base"": ""EUR"", ""date"": ""2022-03-30"", ""rate"": 10.7619, ""quote"": ""MAD""}"
frankfurter,2022-03-30,USD,1,9.671000,,,"{""base"": ""USD"", ""date"": ""2022-03-30"", ""rate"": 9.671, ""quote"": ""MAD""}"
frankfurter,2022-03-31,EUR,1,10.723300,,,"{""base"": ""EUR"", ""date"": ""2022-03-31"", ""rate"": 10.7233, ""quote"": ""MAD""}"
frankfurter,2022-03-31,USD,1,9.658000,,,"{""base"": ""USD"", ""date"": ""2022-03-31"", ""rate"": 9.658, ""quote"": ""MAD""}"
frankfurter,2022-04-01,EUR,1,10.743800,,,"{""base"": ""EUR"", ""date"": ""2022-04-01"", ""rate"": 10.7438, ""quote"": ""MAD""}"
frankfurter,2022-04-01,USD,1,9.720300,,,"{""base"": ""USD"", ""date"": ""2022-04-01"", ""rate"": 9.7203, ""quote"": ""MAD""}"
frankfurter,2022-04-04,EUR,1,10.726000,,,"{""base"": ""EUR"", ""date"": ""2022-04-04"", ""rate"": 10.726, ""quote"": ""MAD""}"
frankfurter,2022-04-04,USD,1,9.746500,,,"{""base"": ""USD"", ""date"": ""2022-04-04"", ""rate"": 9.7465, ""quote"": ""MAD""}"
frankfurter,2022-04-05,EUR,1,10.641700,,,"{""base"": ""EUR"", ""date"": ""2022-04-05"", ""rate"": 10.6417, ""quote"": ""MAD""}"
frankfurter,2022-04-05,USD,1,9.702500,,,"{""base"": ""USD"", ""date"": ""2022-04-05"", ""rate"": 9.7025, ""quote"": ""MAD""}"
frankfurter,2022-04-06,EUR,1,10.612600,,,"{""base"": ""EUR"", ""date"": ""2022-04-06"", ""rate"": 10.6126, ""quote"": ""MAD""}"
frankfurter,2022-04-06,USD,1,9.714900,,,"{""base"": ""USD"", ""date"": ""2022-04-06"", ""rate"": 9.7149, ""quote"": ""MAD""}"
frankfurter,2022-04-07,EUR,1,10.632800,,,"{""base"": ""EUR"", ""date"": ""2022-04-07"", ""rate"": 10.6328, ""quote"": ""MAD""}"
frankfurter,2022-04-07,USD,1,9.740600,,,"{""base"": ""USD"", ""date"": ""2022-04-07"", ""rate"": 9.7406, ""quote"": ""MAD""}"
frankfurter,2022-04-08,EUR,1,10.591600,,,"{""base"": ""EUR"", ""date"": ""2022-04-08"", ""rate"": 10.5916, ""quote"": ""MAD""}"
frankfurter,2022-04-08,USD,1,9.753800,,,"{""base"": ""USD"", ""date"": ""2022-04-08"", ""rate"": 9.7538, ""quote"": ""MAD""}"
frankfurter,2022-04-11,EUR,1,10.670300,,,"{""base"": ""EUR"", ""date"": ""2022-04-11"", ""rate"": 10.6703, ""quote"": ""MAD""}"
frankfurter,2022-04-11,USD,1,9.790200,,,"{""base"": ""USD"", ""date"": ""2022-04-11"", ""rate"": 9.7902, ""quote"": ""MAD""}"
frankfurter,2022-04-12,EUR,1,10.669800,,,"{""base"": ""EUR"", ""date"": ""2022-04-12"", ""rate"": 10.6698, ""quote"": ""MAD""}"
frankfurter,2022-04-12,USD,1,9.824000,,,"{""base"": ""USD"", ""date"": ""2022-04-12"", ""rate"": 9.824, ""quote"": ""MAD""}"
frankfurter,2022-04-13,EUR,1,10.629600,,,"{""base"": ""EUR"", ""date"": ""2022-04-13"", ""rate"": 10.6296, ""quote"": ""MAD""}"
frankfurter,2022-04-13,USD,1,9.818600,,,"{""base"": ""USD"", ""date"": ""2022-04-13"", ""rate"": 9.8186, ""quote"": ""MAD""}"
frankfurter,2022-04-14,EUR,1,10.640600,,,"{""base"": ""EUR"", ""date"": ""2022-04-14"", ""rate"": 10.6406, ""quote"": ""MAD""}"
frankfurter,2022-04-14,USD,1,9.780000,,,"{""base"": ""USD"", ""date"": ""2022-04-14"", ""rate"": 9.78, ""quote"": ""MAD""}"
frankfurter,2022-04-15,EUR,1,10.608100,,,"{""base"": ""EUR"", ""date"": ""2022-04-15"", ""rate"": 10.6081, ""quote"": ""MAD""}"
frankfurter,2022-04-15,USD,1,9.806000,,,"{""base"": ""USD"", ""date"": ""2022-04-15"", ""rate"": 9.806, ""quote"": ""MAD""}"
frankfurter,2022-04-18,EUR,1,10.635400,,,"{""base"": ""EUR"", ""date"": ""2022-04-18"", ""rate"": 10.6354, ""quote"": ""MAD""}"
frankfurter,2022-04-18,USD,1,9.845800,,,"{""base"": ""USD"", ""date"": ""2022-04-18"", ""rate"": 9.8458, ""quote"": ""MAD""}"
frankfurter,2022-04-19,EUR,1,10.626100,,,"{""base"": ""EUR"", ""date"": ""2022-04-19"", ""rate"": 10.6261, ""quote"": ""MAD""}"
frankfurter,2022-04-19,USD,1,9.837200,,,"{""base"": ""USD"", ""date"": ""2022-04-19"", ""rate"": 9.8372, ""quote"": ""MAD""}"
frankfurter,2022-04-20,EUR,1,10.625600,,,"{""base"": ""EUR"", ""date"": ""2022-04-20"", ""rate"": 10.6256, ""quote"": ""MAD""}"
frankfurter,2022-04-20,USD,1,9.811300,,,"{""base"": ""USD"", ""date"": ""2022-04-20"", ""rate"": 9.8113, ""quote"": ""MAD""}"
frankfurter,2022-04-21,EUR,1,10.644900,,,"{""base"": ""EUR"", ""date"": ""2022-04-21"", ""rate"": 10.6449, ""quote"": ""MAD""}"
frankfurter,2022-04-21,USD,1,9.778500,,,"{""base"": ""USD"", ""date"": ""2022-04-21"", ""rate"": 9.7785, ""quote"": ""MAD""}"
frankfurter,2022-04-22,EUR,1,10.636400,,,"{""base"": ""EUR"", ""date"": ""2022-04-22"", ""rate"": 10.6364, ""quote"": ""MAD""}"
frankfurter,2022-04-22,USD,1,9.832100,,,"{""base"": ""USD"", ""date"": ""2022-04-22"", ""rate"": 9.8321, ""quote"": ""MAD""}"
frankfurter,2022-04-25,EUR,1,10.626700,,,"{""base"": ""EUR"", ""date"": ""2022-04-25"", ""rate"": 10.6267, ""quote"": ""MAD""}"
frankfurter,2022-04-25,USD,1,9.885300,,,"{""base"": ""USD"", ""date"": ""2022-04-25"", ""rate"": 9.8853, ""quote"": ""MAD""}"
frankfurter,2022-04-26,EUR,1,10.574100,,,"{""base"": ""EUR"", ""date"": ""2022-04-26"", ""rate"": 10.5741, ""quote"": ""MAD""}"
frankfurter,2022-04-26,USD,1,9.907300,,,"{""base"": ""USD"", ""date"": ""2022-04-26"", ""rate"": 9.9073, ""quote"": ""MAD""}"
frankfurter,2022-04-27,EUR,1,10.541400,,,"{""base"": ""EUR"", ""date"": ""2022-04-27"", ""rate"": 10.5414, ""quote"": ""MAD""}"
frankfurter,2022-04-27,USD,1,9.959800,,,"{""base"": ""USD"", ""date"": ""2022-04-27"", ""rate"": 9.9598, ""quote"": ""MAD""}"
frankfurter,2022-04-28,EUR,1,10.507000,,,"{""base"": ""EUR"", ""date"": ""2022-04-28"", ""rate"": 10.507, ""quote"": ""MAD""}"
frankfurter,2022-04-28,USD,1,10.018100,,,"{""base"": ""USD"", ""date"": ""2022-04-28"", ""rate"": 10.0181, ""quote"": ""MAD""}"
frankfurter,2022-04-29,EUR,1,10.533000,,,"{""base"": ""EUR"", ""date"": ""2022-04-29"", ""rate"": 10.533, ""quote"": ""MAD""}"
frankfurter,2022-04-29,USD,1,9.993400,,,"{""base"": ""USD"", ""date"": ""2022-04-29"", ""rate"": 9.9934, ""quote"": ""MAD""}"
frankfurter,2022-05-04,EUR,1,10.522900,,,"{""base"": ""EUR"", ""date"": ""2022-05-04"", ""rate"": 10.5229, ""quote"": ""MAD""}"
frankfurter,2022-05-04,USD,1,9.992300,,,"{""base"": ""USD"", ""date"": ""2022-05-04"", ""rate"": 9.9923, ""quote"": ""MAD""}"
frankfurter,2022-05-05,EUR,1,10.550600,,,"{""base"": ""EUR"", ""date"": ""2022-05-05"", ""rate"": 10.5506, ""quote"": ""MAD""}"
frankfurter,2022-05-05,USD,1,9.986400,,,"{""base"": ""USD"", ""date"": ""2022-05-05"", ""rate"": 9.9864, ""quote"": ""MAD""}"
frankfurter,2022-05-06,EUR,1,10.561300,,,"{""base"": ""EUR"", ""date"": ""2022-05-06"", ""rate"": 10.5613, ""quote"": ""MAD""}"
frankfurter,2022-05-06,USD,1,9.990800,,,"{""base"": ""USD"", ""date"": ""2022-05-06"", ""rate"": 9.9908, ""quote"": ""MAD""}"
frankfurter,2022-05-09,EUR,1,10.580700,,,"{""base"": ""EUR"", ""date"": ""2022-05-09"", ""rate"": 10.5807, ""quote"": ""MAD""}"
frankfurter,2022-05-09,USD,1,10.040500,,,"{""base"": ""USD"", ""date"": ""2022-05-09"", ""rate"": 10.0405, ""quote"": ""MAD""}"
frankfurter,2022-05-10,EUR,1,10.587700,,,"{""base"": ""EUR"", ""date"": ""2022-05-10"", ""rate"": 10.5877, ""quote"": ""MAD""}"
frankfurter,2022-05-10,USD,1,10.031900,,,"{""base"": ""USD"", ""date"": ""2022-05-10"", ""rate"": 10.0319, ""quote"": ""MAD""}"
frankfurter,2022-05-11,EUR,1,10.587200,,,"{""base"": ""EUR"", ""date"": ""2022-05-11"", ""rate"": 10.5872, ""quote"": ""MAD""}"
frankfurter,2022-05-11,USD,1,10.032400,,,"{""base"": ""USD"", ""date"": ""2022-05-11"", ""rate"": 10.0324, ""quote"": ""MAD""}"
frankfurter,2022-05-12,EUR,1,10.539200,,,"{""base"": ""EUR"", ""date"": ""2022-05-12"", ""rate"": 10.5392, ""quote"": ""MAD""}"
frankfurter,2022-05-12,USD,1,10.099900,,,"{""base"": ""USD"", ""date"": ""2022-05-12"", ""rate"": 10.0999, ""quote"": ""MAD""}"
frankfurter,2022-05-13,EUR,1,10.531000,,,"{""base"": ""EUR"", ""date"": ""2022-05-13"", ""rate"": 10.531, ""quote"": ""MAD""}"
frankfurter,2022-05-13,USD,1,10.133800,,,"{""base"": ""USD"", ""date"": ""2022-05-13"", ""rate"": 10.1338, ""quote"": ""MAD""}"
frankfurter,2022-05-16,EUR,1,10.510100,,,"{""base"": ""EUR"", ""date"": ""2022-05-16"", ""rate"": 10.5101, ""quote"": ""MAD""}"
frankfurter,2022-05-16,USD,1,10.076800,,,"{""base"": ""USD"", ""date"": ""2022-05-16"", ""rate"": 10.0768, ""quote"": ""MAD""}"
frankfurter,2022-05-17,EUR,1,10.561900,,,"{""base"": ""EUR"", ""date"": ""2022-05-17"", ""rate"": 10.5619, ""quote"": ""MAD""}"
frankfurter,2022-05-17,USD,1,10.037000,,,"{""base"": ""USD"", ""date"": ""2022-05-17"", ""rate"": 10.037, ""quote"": ""MAD""}"
frankfurter,2022-05-18,EUR,1,10.556100,,,"{""base"": ""EUR"", ""date"": ""2022-05-18"", ""rate"": 10.5561, ""quote"": ""MAD""}"
frankfurter,2022-05-18,USD,1,10.039100,,,"{""base"": ""USD"", ""date"": ""2022-05-18"", ""rate"": 10.0391, ""quote"": ""MAD""}"
frankfurter,2022-05-19,EUR,1,10.589300,,,"{""base"": ""EUR"", ""date"": ""2022-05-19"", ""rate"": 10.5893, ""quote"": ""MAD""}"
frankfurter,2022-05-19,USD,1,10.065900,,,"{""base"": ""USD"", ""date"": ""2022-05-19"", ""rate"": 10.0659, ""quote"": ""MAD""}"
frankfurter,2022-05-20,EUR,1,10.597800,,,"{""base"": ""EUR"", ""date"": ""2022-05-20"", ""rate"": 10.5978, ""quote"": ""MAD""}"
frankfurter,2022-05-20,USD,1,10.016800,,,"{""base"": ""USD"", ""date"": ""2022-05-20"", ""rate"": 10.0168, ""quote"": ""MAD""}"
frankfurter,2022-05-23,EUR,1,10.644800,,,"{""base"": ""EUR"", ""date"": ""2022-05-23"", ""rate"": 10.6448, ""quote"": ""MAD""}"
frankfurter,2022-05-23,USD,1,9.969800,,,"{""base"": ""USD"", ""date"": ""2022-05-23"", ""rate"": 9.9698, ""quote"": ""MAD""}"
frankfurter,2022-05-24,EUR,1,10.679500,,,"{""base"": ""EUR"", ""date"": ""2022-05-24"", ""rate"": 10.6795, ""quote"": ""MAD""}"
frankfurter,2022-05-24,USD,1,9.976200,,,"{""base"": ""USD"", ""date"": ""2022-05-24"", ""rate"": 9.9762, ""quote"": ""MAD""}"
frankfurter,2022-05-25,EUR,1,10.594000,,,"{""base"": ""EUR"", ""date"": ""2022-05-25"", ""rate"": 10.594, ""quote"": ""MAD""}"
frankfurter,2022-05-25,USD,1,9.932500,,,"{""base"": ""USD"", ""date"": ""2022-05-25"", ""rate"": 9.9325, ""quote"": ""MAD""}"
frankfurter,2022-05-26,EUR,1,10.619300,,,"{""base"": ""EUR"", ""date"": ""2022-05-26"", ""rate"": 10.6193, ""quote"": ""MAD""}"
frankfurter,2022-05-26,USD,1,9.910700,,,"{""base"": ""USD"", ""date"": ""2022-05-26"", ""rate"": 9.9107, ""quote"": ""MAD""}"
frankfurter,2022-05-27,EUR,1,10.605100,,,"{""base"": ""EUR"", ""date"": ""2022-05-27"", ""rate"": 10.6051, ""quote"": ""MAD""}"
frankfurter,2022-05-27,USD,1,9.904800,,,"{""base"": ""USD"", ""date"": ""2022-05-27"", ""rate"": 9.9048, ""quote"": ""MAD""}"
frankfurter,2022-05-30,EUR,1,10.634300,,,"{""base"": ""EUR"", ""date"": ""2022-05-30"", ""rate"": 10.6343, ""quote"": ""MAD""}"
frankfurter,2022-05-30,USD,1,9.867600,,,"{""base"": ""USD"", ""date"": ""2022-05-30"", ""rate"": 9.8676, ""quote"": ""MAD""}"
frankfurter,2022-05-31,EUR,1,10.584800,,,"{""base"": ""EUR"", ""date"": ""2022-05-31"", ""rate"": 10.5848, ""quote"": ""MAD""}"
frankfurter,2022-05-31,USD,1,9.886800,,,"{""base"": ""USD"", ""date"": ""2022-05-31"", ""rate"": 9.8868, ""quote"": ""MAD""}"
frankfurter,2022-06-01,EUR,1,10.563200,,,"{""base"": ""EUR"", ""date"": ""2022-06-01"", ""rate"": 10.5632, ""quote"": ""MAD""}"
frankfurter,2022-06-01,USD,1,9.856500,,,"{""base"": ""USD"", ""date"": ""2022-06-01"", ""rate"": 9.8565, ""quote"": ""MAD""}"
frankfurter,2022-06-02,EUR,1,10.540500,,,"{""base"": ""EUR"", ""date"": ""2022-06-02"", ""rate"": 10.5405, ""quote"": ""MAD""}"
frankfurter,2022-06-02,USD,1,9.858300,,,"{""base"": ""USD"", ""date"": ""2022-06-02"", ""rate"": 9.8583, ""quote"": ""MAD""}"
frankfurter,2022-06-03,EUR,1,10.588100,,,"{""base"": ""EUR"", ""date"": ""2022-06-03"", ""rate"": 10.5881, ""quote"": ""MAD""}"
frankfurter,2022-06-03,USD,1,9.861300,,,"{""base"": ""USD"", ""date"": ""2022-06-03"", ""rate"": 9.8613, ""quote"": ""MAD""}"
frankfurter,2022-06-06,EUR,1,10.577600,,,"{""base"": ""EUR"", ""date"": ""2022-06-06"", ""rate"": 10.5776, ""quote"": ""MAD""}"
frankfurter,2022-06-06,USD,1,9.859800,,,"{""base"": ""USD"", ""date"": ""2022-06-06"", ""rate"": 9.8598, ""quote"": ""MAD""}"
frankfurter,2022-06-07,EUR,1,10.529600,,,"{""base"": ""EUR"", ""date"": ""2022-06-07"", ""rate"": 10.5296, ""quote"": ""MAD""}"
frankfurter,2022-06-07,USD,1,9.871200,,,"{""base"": ""USD"", ""date"": ""2022-06-07"", ""rate"": 9.8712, ""quote"": ""MAD""}"
frankfurter,2022-06-08,EUR,1,10.541200,,,"{""base"": ""EUR"", ""date"": ""2022-06-08"", ""rate"": 10.5412, ""quote"": ""MAD""}"
frankfurter,2022-06-08,USD,1,9.823100,,,"{""base"": ""USD"", ""date"": ""2022-06-08"", ""rate"": 9.8231, ""quote"": ""MAD""}"
frankfurter,2022-06-09,EUR,1,10.548700,,,"{""base"": ""EUR"", ""date"": ""2022-06-09"", ""rate"": 10.5487, ""quote"": ""MAD""}"
frankfurter,2022-06-09,USD,1,9.842000,,,"{""base"": ""USD"", ""date"": ""2022-06-09"", ""rate"": 9.842, ""quote"": ""MAD""}"
frankfurter,2022-06-10,EUR,1,10.500400,,,"{""base"": ""EUR"", ""date"": ""2022-06-10"", ""rate"": 10.5004, ""quote"": ""MAD""}"
frankfurter,2022-06-10,USD,1,9.913500,,,"{""base"": ""USD"", ""date"": ""2022-06-10"", ""rate"": 9.9135, ""quote"": ""MAD""}"
frankfurter,2022-06-13,EUR,1,10.459300,,,"{""base"": ""EUR"", ""date"": ""2022-06-13"", ""rate"": 10.4593, ""quote"": ""MAD""}"
frankfurter,2022-06-13,USD,1,9.996500,,,"{""base"": ""USD"", ""date"": ""2022-06-13"", ""rate"": 9.9965, ""quote"": ""MAD""}"
frankfurter,2022-06-14,EUR,1,10.484300,,,"{""base"": ""EUR"", ""date"": ""2022-06-14"", ""rate"": 10.4843, ""quote"": ""MAD""}"
frankfurter,2022-06-14,USD,1,10.045300,,,"{""base"": ""USD"", ""date"": ""2022-06-14"", ""rate"": 10.0453, ""quote"": ""MAD""}"
frankfurter,2022-06-15,EUR,1,10.599900,,,"{""base"": ""EUR"", ""date"": ""2022-06-15"", ""rate"": 10.5999, ""quote"": ""MAD""}"
frankfurter,2022-06-15,USD,1,10.109600,,,"{""base"": ""USD"", ""date"": ""2022-06-15"", ""rate"": 10.1096, ""quote"": ""MAD""}"
frankfurter,2022-06-16,EUR,1,10.557500,,,"{""base"": ""EUR"", ""date"": ""2022-06-16"", ""rate"": 10.5575, ""quote"": ""MAD""}"
frankfurter,2022-06-16,USD,1,10.154400,,,"{""base"": ""USD"", ""date"": ""2022-06-16"", ""rate"": 10.1544, ""quote"": ""MAD""}"
frankfurter,2022-06-17,EUR,1,10.594400,,,"{""base"": ""EUR"", ""date"": ""2022-06-17"", ""rate"": 10.5944, ""quote"": ""MAD""}"
frankfurter,2022-06-17,USD,1,10.074600,,,"{""base"": ""USD"", ""date"": ""2022-06-17"", ""rate"": 10.0746, ""quote"": ""MAD""}"
frankfurter,2022-06-20,EUR,1,10.603900,,,"{""base"": ""EUR"", ""date"": ""2022-06-20"", ""rate"": 10.6039, ""quote"": ""MAD""}"
frankfurter,2022-06-20,USD,1,10.075000,,,"{""base"": ""USD"", ""date"": ""2022-06-20"", ""rate"": 10.075, ""quote"": ""MAD""}"
frankfurter,2022-06-21,EUR,1,10.572800,,,"{""base"": ""EUR"", ""date"": ""2022-06-21"", ""rate"": 10.5728, ""quote"": ""MAD""}"
frankfurter,2022-06-21,USD,1,10.023500,,,"{""base"": ""USD"", ""date"": ""2022-06-21"", ""rate"": 10.0235, ""quote"": ""MAD""}"
frankfurter,2022-06-22,EUR,1,10.578300,,,"{""base"": ""EUR"", ""date"": ""2022-06-22"", ""rate"": 10.5783, ""quote"": ""MAD""}"
frankfurter,2022-06-22,USD,1,10.053500,,,"{""base"": ""USD"", ""date"": ""2022-06-22"", ""rate"": 10.0535, ""quote"": ""MAD""}"
frankfurter,2022-06-23,EUR,1,10.566800,,,"{""base"": ""EUR"", ""date"": ""2022-06-23"", ""rate"": 10.5668, ""quote"": ""MAD""}"
frankfurter,2022-06-23,USD,1,10.063600,,,"{""base"": ""USD"", ""date"": ""2022-06-23"", ""rate"": 10.0636, ""quote"": ""MAD""}"
frankfurter,2022-06-24,EUR,1,10.559800,,,"{""base"": ""EUR"", ""date"": ""2022-06-24"", ""rate"": 10.5598, ""quote"": ""MAD""}"
frankfurter,2022-06-24,USD,1,10.026400,,,"{""base"": ""USD"", ""date"": ""2022-06-24"", ""rate"": 10.0264, ""quote"": ""MAD""}"
frankfurter,2022-06-27,EUR,1,10.602700,,,"{""base"": ""EUR"", ""date"": ""2022-06-27"", ""rate"": 10.6027, ""quote"": ""MAD""}"
frankfurter,2022-06-27,USD,1,10.022400,,,"{""base"": ""USD"", ""date"": ""2022-06-27"", ""rate"": 10.0224, ""quote"": ""MAD""}"
frankfurter,2022-06-28,EUR,1,10.615000,,,"{""base"": ""EUR"", ""date"": ""2022-06-28"", ""rate"": 10.615, ""quote"": ""MAD""}"
frankfurter,2022-06-28,USD,1,10.034000,,,"{""base"": ""USD"", ""date"": ""2022-06-28"", ""rate"": 10.034, ""quote"": ""MAD""}"
frankfurter,2022-06-29,EUR,1,10.643000,,,"{""base"": ""EUR"", ""date"": ""2022-06-29"", ""rate"": 10.643, ""quote"": ""MAD""}"
frankfurter,2022-06-29,USD,1,10.107300,,,"{""base"": ""USD"", ""date"": ""2022-06-29"", ""rate"": 10.1073, ""quote"": ""MAD""}"
frankfurter,2022-06-30,EUR,1,10.563100,,,"{""base"": ""EUR"", ""date"": ""2022-06-30"", ""rate"": 10.5631, ""quote"": ""MAD""}"
frankfurter,2022-06-30,USD,1,10.153900,,,"{""base"": ""USD"", ""date"": ""2022-06-30"", ""rate"": 10.1539, ""quote"": ""MAD""}"
frankfurter,2022-07-01,EUR,1,10.492400,,,"{""base"": ""EUR"", ""date"": ""2022-07-01"", ""rate"": 10.4924, ""quote"": ""MAD""}"
frankfurter,2022-07-01,USD,1,10.034800,,,"{""base"": ""USD"", ""date"": ""2022-07-01"", ""rate"": 10.0348, ""quote"": ""MAD""}"
frankfurter,2022-07-04,EUR,1,10.468000,,,"{""base"": ""EUR"", ""date"": ""2022-07-04"", ""rate"": 10.468, ""quote"": ""MAD""}"
frankfurter,2022-07-04,USD,1,10.007700,,,"{""base"": ""USD"", ""date"": ""2022-07-04"", ""rate"": 10.0077, ""quote"": ""MAD""}"
frankfurter,2022-07-05,EUR,1,10.396500,,,"{""base"": ""EUR"", ""date"": ""2022-07-05"", ""rate"": 10.3965, ""quote"": ""MAD""}"
frankfurter,2022-07-05,USD,1,10.096600,,,"{""base"": ""USD"", ""date"": ""2022-07-05"", ""rate"": 10.0966, ""quote"": ""MAD""}"
frankfurter,2022-07-06,EUR,1,10.367400,,,"{""base"": ""EUR"", ""date"": ""2022-07-06"", ""rate"": 10.3674, ""quote"": ""MAD""}"
frankfurter,2022-07-06,USD,1,10.173100,,,"{""base"": ""USD"", ""date"": ""2022-07-06"", ""rate"": 10.1731, ""quote"": ""MAD""}"
frankfurter,2022-07-07,EUR,1,10.352600,,,"{""base"": ""EUR"", ""date"": ""2022-07-07"", ""rate"": 10.3526, ""quote"": ""MAD""}"
frankfurter,2022-07-07,USD,1,10.161600,,,"{""base"": ""USD"", ""date"": ""2022-07-07"", ""rate"": 10.1616, ""quote"": ""MAD""}"
frankfurter,2022-07-08,EUR,1,10.324300,,,"{""base"": ""EUR"", ""date"": ""2022-07-08"", ""rate"": 10.3243, ""quote"": ""MAD""}"
frankfurter,2022-07-08,USD,1,10.176700,,,"{""base"": ""USD"", ""date"": ""2022-07-08"", ""rate"": 10.1767, ""quote"": ""MAD""}"
frankfurter,2022-07-12,EUR,1,10.299800,,,"{""base"": ""EUR"", ""date"": ""2022-07-12"", ""rate"": 10.2998, ""quote"": ""MAD""}"
frankfurter,2022-07-12,USD,1,10.269000,,,"{""base"": ""USD"", ""date"": ""2022-07-12"", ""rate"": 10.269, ""quote"": ""MAD""}"
frankfurter,2022-07-13,EUR,1,10.336100,,,"{""base"": ""EUR"", ""date"": ""2022-07-13"", ""rate"": 10.3361, ""quote"": ""MAD""}"
frankfurter,2022-07-13,USD,1,10.273400,,,"{""base"": ""USD"", ""date"": ""2022-07-13"", ""rate"": 10.2734, ""quote"": ""MAD""}"
frankfurter,2022-07-14,EUR,1,10.361600,,,"{""base"": ""EUR"", ""date"": ""2022-07-14"", ""rate"": 10.3616, ""quote"": ""MAD""}"
frankfurter,2022-07-14,USD,1,10.346100,,,"{""base"": ""USD"", ""date"": ""2022-07-14"", ""rate"": 10.3461, ""quote"": ""MAD""}"
frankfurter,2022-07-15,EUR,1,10.494800,,,"{""base"": ""EUR"", ""date"": ""2022-07-15"", ""rate"": 10.4948, ""quote"": ""MAD""}"
frankfurter,2022-07-15,USD,1,10.439500,,,"{""base"": ""USD"", ""date"": ""2022-07-15"", ""rate"": 10.4395, ""quote"": ""MAD""}"
frankfurter,2022-07-18,EUR,1,10.689000,,,"{""base"": ""EUR"", ""date"": ""2022-07-18"", ""rate"": 10.689, ""quote"": ""MAD""}"
frankfurter,2022-07-18,USD,1,10.524800,,,"{""base"": ""USD"", ""date"": ""2022-07-18"", ""rate"": 10.5248, ""quote"": ""MAD""}"
frankfurter,2022-07-19,EUR,1,10.582700,,,"{""base"": ""EUR"", ""date"": ""2022-07-19"", ""rate"": 10.5827, ""quote"": ""MAD""}"
frankfurter,2022-07-19,USD,1,10.314500,,,"{""base"": ""USD"", ""date"": ""2022-07-19"", ""rate"": 10.3145, ""quote"": ""MAD""}"
frankfurter,2022-07-20,EUR,1,10.455300,,,"{""base"": ""EUR"", ""date"": ""2022-07-20"", ""rate"": 10.4553, ""quote"": ""MAD""}"
frankfurter,2022-07-20,USD,1,10.243300,,,"{""base"": ""USD"", ""date"": ""2022-07-20"", ""rate"": 10.2433, ""quote"": ""MAD""}"
frankfurter,2022-07-21,EUR,1,10.377600,,,"{""base"": ""EUR"", ""date"": ""2022-07-21"", ""rate"": 10.3776, ""quote"": ""MAD""}"
frankfurter,2022-07-21,USD,1,10.185100,,,"{""base"": ""USD"", ""date"": ""2022-07-21"", ""rate"": 10.1851, ""quote"": ""MAD""}"
frankfurter,2022-07-22,EUR,1,10.424100,,,"{""base"": ""EUR"", ""date"": ""2022-07-22"", ""rate"": 10.4241, ""quote"": ""MAD""}"
frankfurter,2022-07-22,USD,1,10.257900,,,"{""base"": ""USD"", ""date"": ""2022-07-22"", ""rate"": 10.2579, ""quote"": ""MAD""}"
frankfurter,2022-07-25,EUR,1,10.460000,,,"{""base"": ""EUR"", ""date"": ""2022-07-25"", ""rate"": 10.46, ""quote"": ""MAD""}"
frankfurter,2022-07-25,USD,1,10.215800,,,"{""base"": ""USD"", ""date"": ""2022-07-25"", ""rate"": 10.2158, ""quote"": ""MAD""}"
frankfurter,2022-07-26,EUR,1,10.411200,,,"{""base"": ""EUR"", ""date"": ""2022-07-26"", ""rate"": 10.4112, ""quote"": ""MAD""}"
frankfurter,2022-07-26,USD,1,10.263400,,,"{""base"": ""USD"", ""date"": ""2022-07-26"", ""rate"": 10.2634, ""quote"": ""MAD""}"
frankfurter,2022-07-27,EUR,1,10.470700,,,"{""base"": ""EUR"", ""date"": ""2022-07-27"", ""rate"": 10.4707, ""quote"": ""MAD""}"
frankfurter,2022-07-27,USD,1,10.297700,,,"{""base"": ""USD"", ""date"": ""2022-07-27"", ""rate"": 10.2977, ""quote"": ""MAD""}"
frankfurter,2022-07-28,EUR,1,10.464400,,,"{""base"": ""EUR"", ""date"": ""2022-07-28"", ""rate"": 10.4644, ""quote"": ""MAD""}"
frankfurter,2022-07-28,USD,1,10.330100,,,"{""base"": ""USD"", ""date"": ""2022-07-28"", ""rate"": 10.3301, ""quote"": ""MAD""}"
frankfurter,2022-07-29,EUR,1,10.516400,,,"{""base"": ""EUR"", ""date"": ""2022-07-29"", ""rate"": 10.5164, ""quote"": ""MAD""}"
frankfurter,2022-07-29,USD,1,10.288000,,,"{""base"": ""USD"", ""date"": ""2022-07-29"", ""rate"": 10.288, ""quote"": ""MAD""}"
frankfurter,2022-08-01,EUR,1,10.533000,,,"{""base"": ""EUR"", ""date"": ""2022-08-01"", ""rate"": 10.533, ""quote"": ""MAD""}"
frankfurter,2022-08-01,USD,1,10.277100,,,"{""base"": ""USD"", ""date"": ""2022-08-01"", ""rate"": 10.2771, ""quote"": ""MAD""}"
frankfurter,2022-08-02,EUR,1,10.559300,,,"{""base"": ""EUR"", ""date"": ""2022-08-02"", ""rate"": 10.5593, ""quote"": ""MAD""}"
frankfurter,2022-08-02,USD,1,10.319900,,,"{""base"": ""USD"", ""date"": ""2022-08-02"", ""rate"": 10.3199, ""quote"": ""MAD""}"
frankfurter,2022-08-03,EUR,1,10.498300,,,"{""base"": ""EUR"", ""date"": ""2022-08-03"", ""rate"": 10.4983, ""quote"": ""MAD""}"
frankfurter,2022-08-03,USD,1,10.295500,,,"{""base"": ""USD"", ""date"": ""2022-08-03"", ""rate"": 10.2955, ""quote"": ""MAD""}"
frankfurter,2022-08-04,EUR,1,10.481200,,,"{""base"": ""EUR"", ""date"": ""2022-08-04"", ""rate"": 10.4812, ""quote"": ""MAD""}"
frankfurter,2022-08-04,USD,1,10.297900,,,"{""base"": ""USD"", ""date"": ""2022-08-04"", ""rate"": 10.2979, ""quote"": ""MAD""}"
frankfurter,2022-08-05,EUR,1,10.547600,,,"{""base"": ""EUR"", ""date"": ""2022-08-05"", ""rate"": 10.5476, ""quote"": ""MAD""}"
frankfurter,2022-08-05,USD,1,10.306400,,,"{""base"": ""USD"", ""date"": ""2022-08-05"", ""rate"": 10.3064, ""quote"": ""MAD""}"
frankfurter,2022-08-08,EUR,1,10.497700,,,"{""base"": ""EUR"", ""date"": ""2022-08-08"", ""rate"": 10.4977, ""quote"": ""MAD""}"
frankfurter,2022-08-08,USD,1,10.292900,,,"{""base"": ""USD"", ""date"": ""2022-08-08"", ""rate"": 10.2929, ""quote"": ""MAD""}"
frankfurter,2022-08-09,EUR,1,10.490700,,,"{""base"": ""EUR"", ""date"": ""2022-08-09"", ""rate"": 10.4907, ""quote"": ""MAD""}"
frankfurter,2022-08-09,USD,1,10.261900,,,"{""base"": ""USD"", ""date"": ""2022-08-09"", ""rate"": 10.2619, ""quote"": ""MAD""}"
frankfurter,2022-08-10,EUR,1,10.510500,,,"{""base"": ""EUR"", ""date"": ""2022-08-10"", ""rate"": 10.5105, ""quote"": ""MAD""}"
frankfurter,2022-08-10,USD,1,10.267200,,,"{""base"": ""USD"", ""date"": ""2022-08-10"", ""rate"": 10.2672, ""quote"": ""MAD""}"
frankfurter,2022-08-11,EUR,1,10.595400,,,"{""base"": ""EUR"", ""date"": ""2022-08-11"", ""rate"": 10.5954, ""quote"": ""MAD""}"
frankfurter,2022-08-11,USD,1,10.253000,,,"{""base"": ""USD"", ""date"": ""2022-08-11"", ""rate"": 10.253, ""quote"": ""MAD""}"
frankfurter,2022-08-12,EUR,1,10.597000,,,"{""base"": ""EUR"", ""date"": ""2022-08-12"", ""rate"": 10.597, ""quote"": ""MAD""}"
frankfurter,2022-08-12,USD,1,10.294300,,,"{""base"": ""USD"", ""date"": ""2022-08-12"", ""rate"": 10.2943, ""quote"": ""MAD""}"
frankfurter,2022-08-15,EUR,1,10.654500,,,"{""base"": ""EUR"", ""date"": ""2022-08-15"", ""rate"": 10.6545, ""quote"": ""MAD""}"
frankfurter,2022-08-15,USD,1,10.441500,,,"{""base"": ""USD"", ""date"": ""2022-08-15"", ""rate"": 10.4415, ""quote"": ""MAD""}"
frankfurter,2022-08-16,EUR,1,10.597200,,,"{""base"": ""EUR"", ""date"": ""2022-08-16"", ""rate"": 10.5972, ""quote"": ""MAD""}"
frankfurter,2022-08-16,USD,1,10.461200,,,"{""base"": ""USD"", ""date"": ""2022-08-16"", ""rate"": 10.4612, ""quote"": ""MAD""}"
frankfurter,2022-08-17,EUR,1,10.606100,,,"{""base"": ""EUR"", ""date"": ""2022-08-17"", ""rate"": 10.6061, ""quote"": ""MAD""}"
frankfurter,2022-08-17,USD,1,10.430900,,,"{""base"": ""USD"", ""date"": ""2022-08-17"", ""rate"": 10.4309, ""quote"": ""MAD""}"
frankfurter,2022-08-18,EUR,1,10.528100,,,"{""base"": ""EUR"", ""date"": ""2022-08-18"", ""rate"": 10.5281, ""quote"": ""MAD""}"
frankfurter,2022-08-18,USD,1,10.345000,,,"{""base"": ""USD"", ""date"": ""2022-08-18"", ""rate"": 10.345, ""quote"": ""MAD""}"
frankfurter,2022-08-19,EUR,1,10.439600,,,"{""base"": ""EUR"", ""date"": ""2022-08-19"", ""rate"": 10.4396, ""quote"": ""MAD""}"
frankfurter,2022-08-19,USD,1,10.381500,,,"{""base"": ""USD"", ""date"": ""2022-08-19"", ""rate"": 10.3815, ""quote"": ""MAD""}"
frankfurter,2022-08-22,EUR,1,10.467900,,,"{""base"": ""EUR"", ""date"": ""2022-08-22"", ""rate"": 10.4679, ""quote"": ""MAD""}"
frankfurter,2022-08-22,USD,1,10.460600,,,"{""base"": ""USD"", ""date"": ""2022-08-22"", ""rate"": 10.4606, ""quote"": ""MAD""}"
frankfurter,2022-08-23,EUR,1,10.473700,,,"{""base"": ""EUR"", ""date"": ""2022-08-23"", ""rate"": 10.4737, ""quote"": ""MAD""}"
frankfurter,2022-08-23,USD,1,10.551800,,,"{""base"": ""USD"", ""date"": ""2022-08-23"", ""rate"": 10.5518, ""quote"": ""MAD""}"
frankfurter,2022-08-24,EUR,1,10.481000,,,"{""base"": ""EUR"", ""date"": ""2022-08-24"", ""rate"": 10.481, ""quote"": ""MAD""}"
frankfurter,2022-08-24,USD,1,10.552800,,,"{""base"": ""USD"", ""date"": ""2022-08-24"", ""rate"": 10.5528, ""quote"": ""MAD""}"
frankfurter,2022-08-25,EUR,1,10.536800,,,"{""base"": ""EUR"", ""date"": ""2022-08-25"", ""rate"": 10.5368, ""quote"": ""MAD""}"
frankfurter,2022-08-25,USD,1,10.548400,,,"{""base"": ""USD"", ""date"": ""2022-08-25"", ""rate"": 10.5484, ""quote"": ""MAD""}"
frankfurter,2022-08-26,EUR,1,10.555100,,,"{""base"": ""EUR"", ""date"": ""2022-08-26"", ""rate"": 10.5551, ""quote"": ""MAD""}"
frankfurter,2022-08-26,USD,1,10.547700,,,"{""base"": ""USD"", ""date"": ""2022-08-26"", ""rate"": 10.5477, ""quote"": ""MAD""}"
frankfurter,2022-08-29,EUR,1,10.543900,,,"{""base"": ""EUR"", ""date"": ""2022-08-29"", ""rate"": 10.5439, ""quote"": ""MAD""}"
frankfurter,2022-08-29,USD,1,10.565000,,,"{""base"": ""USD"", ""date"": ""2022-08-29"", ""rate"": 10.565, ""quote"": ""MAD""}"
frankfurter,2022-08-30,EUR,1,10.581200,,,"{""base"": ""EUR"", ""date"": ""2022-08-30"", ""rate"": 10.5812, ""quote"": ""MAD""}"
frankfurter,2022-08-30,USD,1,10.540100,,,"{""base"": ""USD"", ""date"": ""2022-08-30"", ""rate"": 10.5401, ""quote"": ""MAD""}"
frankfurter,2022-08-31,EUR,1,10.568600,,,"{""base"": ""EUR"", ""date"": ""2022-08-31"", ""rate"": 10.5686, ""quote"": ""MAD""}"
frankfurter,2022-08-31,USD,1,10.583400,,,"{""base"": ""USD"", ""date"": ""2022-08-31"", ""rate"": 10.5834, ""quote"": ""MAD""}"
frankfurter,2022-09-01,EUR,1,10.589000,,,"{""base"": ""EUR"", ""date"": ""2022-09-01"", ""rate"": 10.589, ""quote"": ""MAD""}"
frankfurter,2022-09-01,USD,1,10.571000,,,"{""base"": ""USD"", ""date"": ""2022-09-01"", ""rate"": 10.571, ""quote"": ""MAD""}"
frankfurter,2022-09-02,EUR,1,10.577500,,,"{""base"": ""EUR"", ""date"": ""2022-09-02"", ""rate"": 10.5775, ""quote"": ""MAD""}"
frankfurter,2022-09-02,USD,1,10.587000,,,"{""base"": ""USD"", ""date"": ""2022-09-02"", ""rate"": 10.587, ""quote"": ""MAD""}"
frankfurter,2022-09-05,EUR,1,10.554000,,,"{""base"": ""EUR"", ""date"": ""2022-09-05"", ""rate"": 10.554, ""quote"": ""MAD""}"
frankfurter,2022-09-05,USD,1,10.633700,,,"{""base"": ""USD"", ""date"": ""2022-09-05"", ""rate"": 10.6337, ""quote"": ""MAD""}"
frankfurter,2022-09-06,EUR,1,10.565100,,,"{""base"": ""EUR"", ""date"": ""2022-09-06"", ""rate"": 10.5651, ""quote"": ""MAD""}"
frankfurter,2022-09-06,USD,1,10.637400,,,"{""base"": ""USD"", ""date"": ""2022-09-06"", ""rate"": 10.6374, ""quote"": ""MAD""}"
frankfurter,2022-09-07,EUR,1,10.538300,,,"{""base"": ""EUR"", ""date"": ""2022-09-07"", ""rate"": 10.5383, ""quote"": ""MAD""}"
frankfurter,2022-09-07,USD,1,10.645800,,,"{""base"": ""USD"", ""date"": ""2022-09-07"", ""rate"": 10.6458, ""quote"": ""MAD""}"
frankfurter,2022-09-08,EUR,1,10.701100,,,"{""base"": ""EUR"", ""date"": ""2022-09-08"", ""rate"": 10.7011, ""quote"": ""MAD""}"
frankfurter,2022-09-08,USD,1,10.688300,,,"{""base"": ""USD"", ""date"": ""2022-09-08"", ""rate"": 10.6883, ""quote"": ""MAD""}"
frankfurter,2022-09-09,EUR,1,10.810700,,,"{""base"": ""EUR"", ""date"": ""2022-09-09"", ""rate"": 10.8107, ""quote"": ""MAD""}"
frankfurter,2022-09-09,USD,1,10.743000,,,"{""base"": ""USD"", ""date"": ""2022-09-09"", ""rate"": 10.743, ""quote"": ""MAD""}"
frankfurter,2022-09-12,EUR,1,10.844000,,,"{""base"": ""EUR"", ""date"": ""2022-09-12"", ""rate"": 10.844, ""quote"": ""MAD""}"
frankfurter,2022-09-12,USD,1,10.700600,,,"{""base"": ""USD"", ""date"": ""2022-09-12"", ""rate"": 10.7006, ""quote"": ""MAD""}"
frankfurter,2022-09-13,EUR,1,10.888800,,,"{""base"": ""EUR"", ""date"": ""2022-09-13"", ""rate"": 10.8888, ""quote"": ""MAD""}"
frankfurter,2022-09-13,USD,1,10.695200,,,"{""base"": ""USD"", ""date"": ""2022-09-13"", ""rate"": 10.6952, ""quote"": ""MAD""}"
frankfurter,2022-09-14,EUR,1,10.750200,,,"{""base"": ""EUR"", ""date"": ""2022-09-14"", ""rate"": 10.7502, ""quote"": ""MAD""}"
frankfurter,2022-09-14,USD,1,10.743700,,,"{""base"": ""USD"", ""date"": ""2022-09-14"", ""rate"": 10.7437, ""quote"": ""MAD""}"
frankfurter,2022-09-15,EUR,1,10.775500,,,"{""base"": ""EUR"", ""date"": ""2022-09-15"", ""rate"": 10.7755, ""quote"": ""MAD""}"
frankfurter,2022-09-15,USD,1,10.800300,,,"{""base"": ""USD"", ""date"": ""2022-09-15"", ""rate"": 10.8003, ""quote"": ""MAD""}"
frankfurter,2022-09-16,EUR,1,10.786200,,,"{""base"": ""EUR"", ""date"": ""2022-09-16"", ""rate"": 10.7862, ""quote"": ""MAD""}"
frankfurter,2022-09-16,USD,1,10.808900,,,"{""base"": ""USD"", ""date"": ""2022-09-16"", ""rate"": 10.8089, ""quote"": ""MAD""}"
frankfurter,2022-09-19,EUR,1,10.653900,,,"{""base"": ""EUR"", ""date"": ""2022-09-19"", ""rate"": 10.6539, ""quote"": ""MAD""}"
frankfurter,2022-09-19,USD,1,10.655000,,,"{""base"": ""USD"", ""date"": ""2022-09-19"", ""rate"": 10.655, ""quote"": ""MAD""}"
frankfurter,2022-09-20,EUR,1,10.638400,,,"{""base"": ""EUR"", ""date"": ""2022-09-20"", ""rate"": 10.6384, ""quote"": ""MAD""}"
frankfurter,2022-09-20,USD,1,10.635200,,,"{""base"": ""USD"", ""date"": ""2022-09-20"", ""rate"": 10.6352, ""quote"": ""MAD""}"
frankfurter,2022-09-21,EUR,1,10.626900,,,"{""base"": ""EUR"", ""date"": ""2022-09-21"", ""rate"": 10.6269, ""quote"": ""MAD""}"
frankfurter,2022-09-21,USD,1,10.715800,,,"{""base"": ""USD"", ""date"": ""2022-09-21"", ""rate"": 10.7158, ""quote"": ""MAD""}"
frankfurter,2022-09-22,EUR,1,10.604700,,,"{""base"": ""EUR"", ""date"": ""2022-09-22"", ""rate"": 10.6047, ""quote"": ""MAD""}"
frankfurter,2022-09-22,USD,1,10.747600,,,"{""base"": ""USD"", ""date"": ""2022-09-22"", ""rate"": 10.7476, ""quote"": ""MAD""}"
frankfurter,2022-09-23,EUR,1,10.604700,,,"{""base"": ""EUR"", ""date"": ""2022-09-23"", ""rate"": 10.6047, ""quote"": ""MAD""}"
frankfurter,2022-09-23,USD,1,10.866600,,,"{""base"": ""USD"", ""date"": ""2022-09-23"", ""rate"": 10.8666, ""quote"": ""MAD""}"
frankfurter,2022-09-26,EUR,1,10.548700,,,"{""base"": ""EUR"", ""date"": ""2022-09-26"", ""rate"": 10.5487, ""quote"": ""MAD""}"
frankfurter,2022-09-26,USD,1,10.951700,,,"{""base"": ""USD"", ""date"": ""2022-09-26"", ""rate"": 10.9517, ""quote"": ""MAD""}"
frankfurter,2022-09-27,EUR,1,10.587300,,,"{""base"": ""EUR"", ""date"": ""2022-09-27"", ""rate"": 10.5873, ""quote"": ""MAD""}"
frankfurter,2022-09-27,USD,1,10.997500,,,"{""base"": ""USD"", ""date"": ""2022-09-27"", ""rate"": 10.9975, ""quote"": ""MAD""}"
frankfurter,2022-09-28,EUR,1,10.605000,,,"{""base"": ""EUR"", ""date"": ""2022-09-28"", ""rate"": 10.605, ""quote"": ""MAD""}"
frankfurter,2022-09-28,USD,1,11.095400,,,"{""base"": ""USD"", ""date"": ""2022-09-28"", ""rate"": 11.0954, ""quote"": ""MAD""}"
frankfurter,2022-09-29,EUR,1,10.754200,,,"{""base"": ""EUR"", ""date"": ""2022-09-29"", ""rate"": 10.7542, ""quote"": ""MAD""}"
frankfurter,2022-09-29,USD,1,11.062900,,,"{""base"": ""USD"", ""date"": ""2022-09-29"", ""rate"": 11.0629, ""quote"": ""MAD""}"
frankfurter,2022-09-30,EUR,1,10.732200,,,"{""base"": ""EUR"", ""date"": ""2022-09-30"", ""rate"": 10.7322, ""quote"": ""MAD""}"
frankfurter,2022-09-30,USD,1,10.996100,,,"{""base"": ""USD"", ""date"": ""2022-09-30"", ""rate"": 10.9961, ""quote"": ""MAD""}"
frankfurter,2022-10-03,EUR,1,10.744900,,,"{""base"": ""EUR"", ""date"": ""2022-10-03"", ""rate"": 10.7449, ""quote"": ""MAD""}"
frankfurter,2022-10-03,USD,1,10.995600,,,"{""base"": ""USD"", ""date"": ""2022-10-03"", ""rate"": 10.9956, ""quote"": ""MAD""}"
frankfurter,2022-10-04,EUR,1,10.806900,,,"{""base"": ""EUR"", ""date"": ""2022-10-04"", ""rate"": 10.8069, ""quote"": ""MAD""}"
frankfurter,2022-10-04,USD,1,10.933700,,,"{""base"": ""USD"", ""date"": ""2022-10-04"", ""rate"": 10.9337, ""quote"": ""MAD""}"
frankfurter,2022-10-05,EUR,1,10.804900,,,"{""base"": ""EUR"", ""date"": ""2022-10-05"", ""rate"": 10.8049, ""quote"": ""MAD""}"
frankfurter,2022-10-05,USD,1,10.888700,,,"{""base"": ""USD"", ""date"": ""2022-10-05"", ""rate"": 10.8887, ""quote"": ""MAD""}"
frankfurter,2022-10-06,EUR,1,10.784300,,,"{""base"": ""EUR"", ""date"": ""2022-10-06"", ""rate"": 10.7843, ""quote"": ""MAD""}"
frankfurter,2022-10-06,USD,1,10.908700,,,"{""base"": ""USD"", ""date"": ""2022-10-06"", ""rate"": 10.9087, ""quote"": ""MAD""}"
frankfurter,2022-10-07,EUR,1,10.729400,,,"{""base"": ""EUR"", ""date"": ""2022-10-07"", ""rate"": 10.7294, ""quote"": ""MAD""}"
frankfurter,2022-10-07,USD,1,10.947300,,,"{""base"": ""USD"", ""date"": ""2022-10-07"", ""rate"": 10.9473, ""quote"": ""MAD""}"
frankfurter,2022-10-11,EUR,1,10.677500,,,"{""base"": ""EUR"", ""date"": ""2022-10-11"", ""rate"": 10.6775, ""quote"": ""MAD""}"
frankfurter,2022-10-11,USD,1,10.988500,,,"{""base"": ""USD"", ""date"": ""2022-10-11"", ""rate"": 10.9885, ""quote"": ""MAD""}"
frankfurter,2022-10-12,EUR,1,10.699200,,,"{""base"": ""EUR"", ""date"": ""2022-10-12"", ""rate"": 10.6992, ""quote"": ""MAD""}"
frankfurter,2022-10-12,USD,1,11.022100,,,"{""base"": ""USD"", ""date"": ""2022-10-12"", ""rate"": 11.0221, ""quote"": ""MAD""}"
frankfurter,2022-10-13,EUR,1,10.720600,,,"{""base"": ""EUR"", ""date"": ""2022-10-13"", ""rate"": 10.7206, ""quote"": ""MAD""}"
frankfurter,2022-10-13,USD,1,11.023800,,,"{""base"": ""USD"", ""date"": ""2022-10-13"", ""rate"": 11.0238, ""quote"": ""MAD""}"
frankfurter,2022-10-14,EUR,1,10.730100,,,"{""base"": ""EUR"", ""date"": ""2022-10-14"", ""rate"": 10.7301, ""quote"": ""MAD""}"
frankfurter,2022-10-14,USD,1,11.022200,,,"{""base"": ""USD"", ""date"": ""2022-10-14"", ""rate"": 11.0222, ""quote"": ""MAD""}"
frankfurter,2022-10-17,EUR,1,10.754000,,,"{""base"": ""EUR"", ""date"": ""2022-10-17"", ""rate"": 10.754, ""quote"": ""MAD""}"
frankfurter,2022-10-17,USD,1,11.034300,,,"{""base"": ""USD"", ""date"": ""2022-10-17"", ""rate"": 11.0343, ""quote"": ""MAD""}"
frankfurter,2022-10-18,EUR,1,10.809000,,,"{""base"": ""EUR"", ""date"": ""2022-10-18"", ""rate"": 10.809, ""quote"": ""MAD""}"
frankfurter,2022-10-18,USD,1,11.002600,,,"{""base"": ""USD"", ""date"": ""2022-10-18"", ""rate"": 11.0026, ""quote"": ""MAD""}"
frankfurter,2022-10-19,EUR,1,10.776600,,,"{""base"": ""EUR"", ""date"": ""2022-10-19"", ""rate"": 10.7766, ""quote"": ""MAD""}"
frankfurter,2022-10-19,USD,1,11.035900,,,"{""base"": ""USD"", ""date"": ""2022-10-19"", ""rate"": 11.0359, ""quote"": ""MAD""}"
frankfurter,2022-10-20,EUR,1,10.793100,,,"{""base"": ""EUR"", ""date"": ""2022-10-20"", ""rate"": 10.7931, ""quote"": ""MAD""}"
frankfurter,2022-10-20,USD,1,10.986500,,,"{""base"": ""USD"", ""date"": ""2022-10-20"", ""rate"": 10.9865, ""quote"": ""MAD""}"
frankfurter,2022-10-21,EUR,1,10.753600,,,"{""base"": ""EUR"", ""date"": ""2022-10-21"", ""rate"": 10.7536, ""quote"": ""MAD""}"
frankfurter,2022-10-21,USD,1,11.028200,,,"{""base"": ""USD"", ""date"": ""2022-10-21"", ""rate"": 11.0282, ""quote"": ""MAD""}"
frankfurter,2022-10-24,EUR,1,10.777300,,,"{""base"": ""EUR"", ""date"": ""2022-10-24"", ""rate"": 10.7773, ""quote"": ""MAD""}"
frankfurter,2022-10-24,USD,1,10.971500,,,"{""base"": ""USD"", ""date"": ""2022-10-24"", ""rate"": 10.9715, ""quote"": ""MAD""}"
frankfurter,2022-10-25,EUR,1,10.812000,,,"{""base"": ""EUR"", ""date"": ""2022-10-25"", ""rate"": 10.812, ""quote"": ""MAD""}"
frankfurter,2022-10-25,USD,1,10.967700,,,"{""base"": ""USD"", ""date"": ""2022-10-25"", ""rate"": 10.9677, ""quote"": ""MAD""}"
frankfurter,2022-10-26,EUR,1,10.889900,,,"{""base"": ""EUR"", ""date"": ""2022-10-26"", ""rate"": 10.8899, ""quote"": ""MAD""}"
frankfurter,2022-10-26,USD,1,10.859500,,,"{""base"": ""USD"", ""date"": ""2022-10-26"", ""rate"": 10.8595, ""quote"": ""MAD""}"
frankfurter,2022-10-27,EUR,1,10.875900,,,"{""base"": ""EUR"", ""date"": ""2022-10-27"", ""rate"": 10.8759, ""quote"": ""MAD""}"
frankfurter,2022-10-27,USD,1,10.832600,,,"{""base"": ""USD"", ""date"": ""2022-10-27"", ""rate"": 10.8326, ""quote"": ""MAD""}"
frankfurter,2022-10-28,EUR,1,10.853700,,,"{""base"": ""EUR"", ""date"": ""2022-10-28"", ""rate"": 10.8537, ""quote"": ""MAD""}"
frankfurter,2022-10-28,USD,1,10.910400,,,"{""base"": ""USD"", ""date"": ""2022-10-28"", ""rate"": 10.9104, ""quote"": ""MAD""}"
frankfurter,2022-10-31,EUR,1,10.852500,,,"{""base"": ""EUR"", ""date"": ""2022-10-31"", ""rate"": 10.8525, ""quote"": ""MAD""}"
frankfurter,2022-10-31,USD,1,10.923500,,,"{""base"": ""USD"", ""date"": ""2022-10-31"", ""rate"": 10.9235, ""quote"": ""MAD""}"
frankfurter,2022-11-01,EUR,1,10.845900,,,"{""base"": ""EUR"", ""date"": ""2022-11-01"", ""rate"": 10.8459, ""quote"": ""MAD""}"
frankfurter,2022-11-01,USD,1,10.924600,,,"{""base"": ""USD"", ""date"": ""2022-11-01"", ""rate"": 10.9246, ""quote"": ""MAD""}"
frankfurter,2022-11-02,EUR,1,10.825800,,,"{""base"": ""EUR"", ""date"": ""2022-11-02"", ""rate"": 10.8258, ""quote"": ""MAD""}"
frankfurter,2022-11-02,USD,1,10.931800,,,"{""base"": ""USD"", ""date"": ""2022-11-02"", ""rate"": 10.9318, ""quote"": ""MAD""}"
frankfurter,2022-11-03,EUR,1,10.758200,,,"{""base"": ""EUR"", ""date"": ""2022-11-03"", ""rate"": 10.7582, ""quote"": ""MAD""}"
frankfurter,2022-11-03,USD,1,11.038600,,,"{""base"": ""USD"", ""date"": ""2022-11-03"", ""rate"": 11.0386, ""quote"": ""MAD""}"
frankfurter,2022-11-04,EUR,1,10.806000,,,"{""base"": ""EUR"", ""date"": ""2022-11-04"", ""rate"": 10.806, ""quote"": ""MAD""}"
frankfurter,2022-11-04,USD,1,11.023200,,,"{""base"": ""USD"", ""date"": ""2022-11-04"", ""rate"": 11.0232, ""quote"": ""MAD""}"
frankfurter,2022-11-07,EUR,1,10.914600,,,"{""base"": ""EUR"", ""date"": ""2022-11-07"", ""rate"": 10.9146, ""quote"": ""MAD""}"
frankfurter,2022-11-07,USD,1,10.936500,,,"{""base"": ""USD"", ""date"": ""2022-11-07"", ""rate"": 10.9365, ""quote"": ""MAD""}"
frankfurter,2022-11-08,EUR,1,10.914800,,,"{""base"": ""EUR"", ""date"": ""2022-11-08"", ""rate"": 10.9148, ""quote"": ""MAD""}"
frankfurter,2022-11-08,USD,1,10.913700,,,"{""base"": ""USD"", ""date"": ""2022-11-08"", ""rate"": 10.9137, ""quote"": ""MAD""}"
frankfurter,2022-11-09,EUR,1,10.929800,,,"{""base"": ""EUR"", ""date"": ""2022-11-09"", ""rate"": 10.9298, ""quote"": ""MAD""}"
frankfurter,2022-11-09,USD,1,10.868900,,,"{""base"": ""USD"", ""date"": ""2022-11-09"", ""rate"": 10.8689, ""quote"": ""MAD""}"
frankfurter,2022-11-10,EUR,1,10.880400,,,"{""base"": ""EUR"", ""date"": ""2022-11-10"", ""rate"": 10.8804, ""quote"": ""MAD""}"
frankfurter,2022-11-10,USD,1,10.945000,,,"{""base"": ""USD"", ""date"": ""2022-11-10"", ""rate"": 10.945, ""quote"": ""MAD""}"
frankfurter,2022-11-11,EUR,1,11.038200,,,"{""base"": ""EUR"", ""date"": ""2022-11-11"", ""rate"": 11.0382, ""quote"": ""MAD""}"
frankfurter,2022-11-11,USD,1,10.754300,,,"{""base"": ""USD"", ""date"": ""2022-11-11"", ""rate"": 10.7543, ""quote"": ""MAD""}"
frankfurter,2022-11-14,EUR,1,11.045900,,,"{""base"": ""EUR"", ""date"": ""2022-11-14"", ""rate"": 11.0459, ""quote"": ""MAD""}"
frankfurter,2022-11-14,USD,1,10.739800,,,"{""base"": ""USD"", ""date"": ""2022-11-14"", ""rate"": 10.7398, ""quote"": ""MAD""}"
frankfurter,2022-11-15,EUR,1,11.117700,,,"{""base"": ""EUR"", ""date"": ""2022-11-15"", ""rate"": 11.1177, ""quote"": ""MAD""}"
frankfurter,2022-11-15,USD,1,10.661400,,,"{""base"": ""USD"", ""date"": ""2022-11-15"", ""rate"": 10.6614, ""quote"": ""MAD""}"
frankfurter,2022-11-16,EUR,1,11.121800,,,"{""base"": ""EUR"", ""date"": ""2022-11-16"", ""rate"": 11.1218, ""quote"": ""MAD""}"
frankfurter,2022-11-16,USD,1,10.667400,,,"{""base"": ""USD"", ""date"": ""2022-11-16"", ""rate"": 10.6674, ""quote"": ""MAD""}"
frankfurter,2022-11-17,EUR,1,11.089600,,,"{""base"": ""EUR"", ""date"": ""2022-11-17"", ""rate"": 11.0896, ""quote"": ""MAD""}"
frankfurter,2022-11-17,USD,1,10.720800,,,"{""base"": ""USD"", ""date"": ""2022-11-17"", ""rate"": 10.7208, ""quote"": ""MAD""}"
frankfurter,2022-11-21,EUR,1,11.039800,,,"{""base"": ""EUR"", ""date"": ""2022-11-21"", ""rate"": 11.0398, ""quote"": ""MAD""}"
frankfurter,2022-11-21,USD,1,10.783200,,,"{""base"": ""USD"", ""date"": ""2022-11-21"", ""rate"": 10.7832, ""quote"": ""MAD""}"
frankfurter,2022-11-22,EUR,1,11.060800,,,"{""base"": ""EUR"", ""date"": ""2022-11-22"", ""rate"": 11.0608, ""quote"": ""MAD""}"
frankfurter,2022-11-22,USD,1,10.754300,,,"{""base"": ""USD"", ""date"": ""2022-11-22"", ""rate"": 10.7543, ""quote"": ""MAD""}"
frankfurter,2022-11-23,EUR,1,11.076000,,,"{""base"": ""EUR"", ""date"": ""2022-11-23"", ""rate"": 11.076, ""quote"": ""MAD""}"
frankfurter,2022-11-23,USD,1,10.737800,,,"{""base"": ""USD"", ""date"": ""2022-11-23"", ""rate"": 10.7378, ""quote"": ""MAD""}"
frankfurter,2022-11-24,EUR,1,11.113000,,,"{""base"": ""EUR"", ""date"": ""2022-11-24"", ""rate"": 11.113, ""quote"": ""MAD""}"
frankfurter,2022-11-24,USD,1,10.682500,,,"{""base"": ""USD"", ""date"": ""2022-11-24"", ""rate"": 10.6825, ""quote"": ""MAD""}"
frankfurter,2022-11-25,EUR,1,11.108600,,,"{""base"": ""EUR"", ""date"": ""2022-11-25"", ""rate"": 11.1086, ""quote"": ""MAD""}"
frankfurter,2022-11-25,USD,1,10.676200,,,"{""base"": ""USD"", ""date"": ""2022-11-25"", ""rate"": 10.6762, ""quote"": ""MAD""}"
frankfurter,2022-11-28,EUR,1,11.150400,,,"{""base"": ""EUR"", ""date"": ""2022-11-28"", ""rate"": 11.1504, ""quote"": ""MAD""}"
frankfurter,2022-11-28,USD,1,10.629500,,,"{""base"": ""USD"", ""date"": ""2022-11-28"", ""rate"": 10.6295, ""quote"": ""MAD""}"
frankfurter,2022-11-29,EUR,1,11.093400,,,"{""base"": ""EUR"", ""date"": ""2022-11-29"", ""rate"": 11.0934, ""quote"": ""MAD""}"
frankfurter,2022-11-29,USD,1,10.694500,,,"{""base"": ""USD"", ""date"": ""2022-11-29"", ""rate"": 10.6945, ""quote"": ""MAD""}"
frankfurter,2022-11-30,EUR,1,11.081700,,,"{""base"": ""EUR"", ""date"": ""2022-11-30"", ""rate"": 11.0817, ""quote"": ""MAD""}"
frankfurter,2022-11-30,USD,1,10.704900,,,"{""base"": ""USD"", ""date"": ""2022-11-30"", ""rate"": 10.7049, ""quote"": ""MAD""}"
frankfurter,2022-12-01,EUR,1,11.101500,,,"{""base"": ""EUR"", ""date"": ""2022-12-01"", ""rate"": 11.1015, ""quote"": ""MAD""}"
frankfurter,2022-12-01,USD,1,10.645900,,,"{""base"": ""USD"", ""date"": ""2022-12-01"", ""rate"": 10.6459, ""quote"": ""MAD""}"
frankfurter,2022-12-02,EUR,1,11.123300,,,"{""base"": ""EUR"", ""date"": ""2022-12-02"", ""rate"": 11.1233, ""quote"": ""MAD""}"
frankfurter,2022-12-02,USD,1,10.561400,,,"{""base"": ""USD"", ""date"": ""2022-12-02"", ""rate"": 10.5614, ""quote"": ""MAD""}"
frankfurter,2022-12-05,EUR,1,11.121900,,,"{""base"": ""EUR"", ""date"": ""2022-12-05"", ""rate"": 11.1219, ""quote"": ""MAD""}"
frankfurter,2022-12-05,USD,1,10.551100,,,"{""base"": ""USD"", ""date"": ""2022-12-05"", ""rate"": 10.5511, ""quote"": ""MAD""}"
frankfurter,2022-12-06,EUR,1,11.096300,,,"{""base"": ""EUR"", ""date"": ""2022-12-06"", ""rate"": 11.0963, ""quote"": ""MAD""}"
frankfurter,2022-12-06,USD,1,10.563900,,,"{""base"": ""USD"", ""date"": ""2022-12-06"", ""rate"": 10.5639, ""quote"": ""MAD""}"
frankfurter,2022-12-07,EUR,1,11.105200,,,"{""base"": ""EUR"", ""date"": ""2022-12-07"", ""rate"": 11.1052, ""quote"": ""MAD""}"
frankfurter,2022-12-07,USD,1,10.581400,,,"{""base"": ""USD"", ""date"": ""2022-12-07"", ""rate"": 10.5814, ""quote"": ""MAD""}"
frankfurter,2022-12-08,EUR,1,11.110000,,,"{""base"": ""EUR"", ""date"": ""2022-12-08"", ""rate"": 11.11, ""quote"": ""MAD""}"
frankfurter,2022-12-08,USD,1,10.573900,,,"{""base"": ""USD"", ""date"": ""2022-12-08"", ""rate"": 10.5739, ""quote"": ""MAD""}"
frankfurter,2022-12-09,EUR,1,11.138900,,,"{""base"": ""EUR"", ""date"": ""2022-12-09"", ""rate"": 11.1389, ""quote"": ""MAD""}"
frankfurter,2022-12-09,USD,1,10.554200,,,"{""base"": ""USD"", ""date"": ""2022-12-09"", ""rate"": 10.5542, ""quote"": ""MAD""}"
frankfurter,2022-12-12,EUR,1,11.129300,,,"{""base"": ""EUR"", ""date"": ""2022-12-12"", ""rate"": 11.1293, ""quote"": ""MAD""}"
frankfurter,2022-12-12,USD,1,10.535100,,,"{""base"": ""USD"", ""date"": ""2022-12-12"", ""rate"": 10.5351, ""quote"": ""MAD""}"
frankfurter,2022-12-13,EUR,1,11.114100,,,"{""base"": ""EUR"", ""date"": ""2022-12-13"", ""rate"": 11.1141, ""quote"": ""MAD""}"
frankfurter,2022-12-13,USD,1,10.543700,,,"{""base"": ""USD"", ""date"": ""2022-12-13"", ""rate"": 10.5437, ""quote"": ""MAD""}"
frankfurter,2022-12-14,EUR,1,11.152000,,,"{""base"": ""EUR"", ""date"": ""2022-12-14"", ""rate"": 11.152, ""quote"": ""MAD""}"
frankfurter,2022-12-14,USD,1,10.467400,,,"{""base"": ""USD"", ""date"": ""2022-12-14"", ""rate"": 10.4674, ""quote"": ""MAD""}"
frankfurter,2022-12-15,EUR,1,11.120100,,,"{""base"": ""EUR"", ""date"": ""2022-12-15"", ""rate"": 11.1201, ""quote"": ""MAD""}"
frankfurter,2022-12-15,USD,1,10.478800,,,"{""base"": ""USD"", ""date"": ""2022-12-15"", ""rate"": 10.4788, ""quote"": ""MAD""}"
frankfurter,2022-12-16,EUR,1,11.147100,,,"{""base"": ""EUR"", ""date"": ""2022-12-16"", ""rate"": 11.1471, ""quote"": ""MAD""}"
frankfurter,2022-12-16,USD,1,10.491400,,,"{""base"": ""USD"", ""date"": ""2022-12-16"", ""rate"": 10.4914, ""quote"": ""MAD""}"
frankfurter,2022-12-19,EUR,1,11.145200,,,"{""base"": ""EUR"", ""date"": ""2022-12-19"", ""rate"": 11.1452, ""quote"": ""MAD""}"
frankfurter,2022-12-19,USD,1,10.502400,,,"{""base"": ""USD"", ""date"": ""2022-12-19"", ""rate"": 10.5024, ""quote"": ""MAD""}"
frankfurter,2022-12-20,EUR,1,11.143500,,,"{""base"": ""EUR"", ""date"": ""2022-12-20"", ""rate"": 11.1435, ""quote"": ""MAD""}"
frankfurter,2022-12-20,USD,1,10.485000,,,"{""base"": ""USD"", ""date"": ""2022-12-20"", ""rate"": 10.485, ""quote"": ""MAD""}"
frankfurter,2022-12-21,EUR,1,11.162800,,,"{""base"": ""EUR"", ""date"": ""2022-12-21"", ""rate"": 11.1628, ""quote"": ""MAD""}"
frankfurter,2022-12-21,USD,1,10.517100,,,"{""base"": ""USD"", ""date"": ""2022-12-21"", ""rate"": 10.5171, ""quote"": ""MAD""}"
frankfurter,2022-12-22,EUR,1,11.148400,,,"{""base"": ""EUR"", ""date"": ""2022-12-22"", ""rate"": 11.1484, ""quote"": ""MAD""}"
frankfurter,2022-12-22,USD,1,10.491600,,,"{""base"": ""USD"", ""date"": ""2022-12-22"", ""rate"": 10.4916, ""quote"": ""MAD""}"
frankfurter,2022-12-23,EUR,1,11.149000,,,"{""base"": ""EUR"", ""date"": ""2022-12-23"", ""rate"": 11.149, ""quote"": ""MAD""}"
frankfurter,2022-12-23,USD,1,10.500100,,,"{""base"": ""USD"", ""date"": ""2022-12-23"", ""rate"": 10.5001, ""quote"": ""MAD""}"
frankfurter,2022-12-27,EUR,1,11.138000,,,"{""base"": ""EUR"", ""date"": ""2022-12-27"", ""rate"": 11.138, ""quote"": ""MAD""}"
frankfurter,2022-12-27,USD,1,10.444500,,,"{""base"": ""USD"", ""date"": ""2022-12-27"", ""rate"": 10.4445, ""quote"": ""MAD""}"
frankfurter,2022-12-28,EUR,1,11.122800,,,"{""base"": ""EUR"", ""date"": ""2022-12-28"", ""rate"": 11.1228, ""quote"": ""MAD""}"
frankfurter,2022-12-28,USD,1,10.450800,,,"{""base"": ""USD"", ""date"": ""2022-12-28"", ""rate"": 10.4508, ""quote"": ""MAD""}"
frankfurter,2022-12-29,EUR,1,11.147100,,,"{""base"": ""EUR"", ""date"": ""2022-12-29"", ""rate"": 11.1471, ""quote"": ""MAD""}"
frankfurter,2022-12-29,USD,1,10.480500,,,"{""base"": ""USD"", ""date"": ""2022-12-29"", ""rate"": 10.4805, ""quote"": ""MAD""}"
frankfurter,2022-12-30,EUR,1,11.159200,,,"{""base"": ""EUR"", ""date"": ""2022-12-30"", ""rate"": 11.1592, ""quote"": ""MAD""}"
frankfurter,2022-12-30,USD,1,10.447700,,,"{""base"": ""USD"", ""date"": ""2022-12-30"", ""rate"": 10.4477, ""quote"": ""MAD""}"
frankfurter,2023-01-02,EUR,1,11.165800,,,"{""base"": ""EUR"", ""date"": ""2023-01-02"", ""rate"": 11.1658, ""quote"": ""MAD""}"
frankfurter,2023-01-02,USD,1,10.450000,,,"{""base"": ""USD"", ""date"": ""2023-01-02"", ""rate"": 10.45, ""quote"": ""MAD""}"
frankfurter,2023-01-03,EUR,1,11.093800,,,"{""base"": ""EUR"", ""date"": ""2023-01-03"", ""rate"": 11.0938, ""quote"": ""MAD""}"
frankfurter,2023-01-03,USD,1,10.537400,,,"{""base"": ""USD"", ""date"": ""2023-01-03"", ""rate"": 10.5374, ""quote"": ""MAD""}"
frankfurter,2023-01-04,EUR,1,11.089400,,,"{""base"": ""EUR"", ""date"": ""2023-01-04"", ""rate"": 11.0894, ""quote"": ""MAD""}"
frankfurter,2023-01-04,USD,1,10.442000,,,"{""base"": ""USD"", ""date"": ""2023-01-04"", ""rate"": 10.442, ""quote"": ""MAD""}"
frankfurter,2023-01-05,EUR,1,11.028000,,,"{""base"": ""EUR"", ""date"": ""2023-01-05"", ""rate"": 11.028, ""quote"": ""MAD""}"
frankfurter,2023-01-05,USD,1,10.387100,,,"{""base"": ""USD"", ""date"": ""2023-01-05"", ""rate"": 10.3871, ""quote"": ""MAD""}"
frankfurter,2023-01-06,EUR,1,10.935400,,,"{""base"": ""EUR"", ""date"": ""2023-01-06"", ""rate"": 10.9354, ""quote"": ""MAD""}"
frankfurter,2023-01-06,USD,1,10.408700,,,"{""base"": ""USD"", ""date"": ""2023-01-06"", ""rate"": 10.4087, ""quote"": ""MAD""}"
frankfurter,2023-01-09,EUR,1,10.984100,,,"{""base"": ""EUR"", ""date"": ""2023-01-09"", ""rate"": 10.9841, ""quote"": ""MAD""}"
frankfurter,2023-01-09,USD,1,10.282800,,,"{""base"": ""USD"", ""date"": ""2023-01-09"", ""rate"": 10.2828, ""quote"": ""MAD""}"
frankfurter,2023-01-10,EUR,1,10.969400,,,"{""base"": ""EUR"", ""date"": ""2023-01-10"", ""rate"": 10.9694, ""quote"": ""MAD""}"
frankfurter,2023-01-10,USD,1,10.217400,,,"{""base"": ""USD"", ""date"": ""2023-01-10"", ""rate"": 10.2174, ""quote"": ""MAD""}"
frankfurter,2023-01-12,EUR,1,10.940500,,,"{""base"": ""EUR"", ""date"": ""2023-01-12"", ""rate"": 10.9405, ""quote"": ""MAD""}"
frankfurter,2023-01-12,USD,1,10.164000,,,"{""base"": ""USD"", ""date"": ""2023-01-12"", ""rate"": 10.164, ""quote"": ""MAD""}"
frankfurter,2023-01-13,EUR,1,10.900600,,,"{""base"": ""EUR"", ""date"": ""2023-01-13"", ""rate"": 10.9006, ""quote"": ""MAD""}"
frankfurter,2023-01-13,USD,1,10.065200,,,"{""base"": ""USD"", ""date"": ""2023-01-13"", ""rate"": 10.0652, ""quote"": ""MAD""}"
frankfurter,2023-01-16,EUR,1,10.978200,,,"{""base"": ""EUR"", ""date"": ""2023-01-16"", ""rate"": 10.9782, ""quote"": ""MAD""}"
frankfurter,2023-01-16,USD,1,10.135000,,,"{""base"": ""USD"", ""date"": ""2023-01-16"", ""rate"": 10.135, ""quote"": ""MAD""}"
frankfurter,2023-01-17,EUR,1,10.998700,,,"{""base"": ""EUR"", ""date"": ""2023-01-17"", ""rate"": 10.9987, ""quote"": ""MAD""}"
frankfurter,2023-01-17,USD,1,10.164200,,,"{""base"": ""USD"", ""date"": ""2023-01-17"", ""rate"": 10.1642, ""quote"": ""MAD""}"
frankfurter,2023-01-18,EUR,1,11.019900,,,"{""base"": ""EUR"", ""date"": ""2023-01-18"", ""rate"": 11.0199, ""quote"": ""MAD""}"
frankfurter,2023-01-18,USD,1,10.160300,,,"{""base"": ""USD"", ""date"": ""2023-01-18"", ""rate"": 10.1603, ""quote"": ""MAD""}"
frankfurter,2023-01-19,EUR,1,11.014700,,,"{""base"": ""EUR"", ""date"": ""2023-01-19"", ""rate"": 11.0147, ""quote"": ""MAD""}"
frankfurter,2023-01-19,USD,1,10.173400,,,"{""base"": ""USD"", ""date"": ""2023-01-19"", ""rate"": 10.1734, ""quote"": ""MAD""}"
frankfurter,2023-01-20,EUR,1,11.055400,,,"{""base"": ""EUR"", ""date"": ""2023-01-20"", ""rate"": 11.0554, ""quote"": ""MAD""}"
frankfurter,2023-01-20,USD,1,10.201500,,,"{""base"": ""USD"", ""date"": ""2023-01-20"", ""rate"": 10.2015, ""quote"": ""MAD""}"
frankfurter,2023-01-23,EUR,1,11.095400,,,"{""base"": ""EUR"", ""date"": ""2023-01-23"", ""rate"": 11.0954, ""quote"": ""MAD""}"
frankfurter,2023-01-23,USD,1,10.185800,,,"{""base"": ""USD"", ""date"": ""2023-01-23"", ""rate"": 10.1858, ""quote"": ""MAD""}"
frankfurter,2023-01-24,EUR,1,11.045300,,,"{""base"": ""EUR"", ""date"": ""2023-01-24"", ""rate"": 11.0453, ""quote"": ""MAD""}"
frankfurter,2023-01-24,USD,1,10.174400,,,"{""base"": ""USD"", ""date"": ""2023-01-24"", ""rate"": 10.1744, ""quote"": ""MAD""}"
frankfurter,2023-01-25,EUR,1,11.016900,,,"{""base"": ""EUR"", ""date"": ""2023-01-25"", ""rate"": 11.0169, ""quote"": ""MAD""}"
frankfurter,2023-01-25,USD,1,10.139800,,,"{""base"": ""USD"", ""date"": ""2023-01-25"", ""rate"": 10.1398, ""quote"": ""MAD""}"
frankfurter,2023-01-26,EUR,1,11.040900,,,"{""base"": ""EUR"", ""date"": ""2023-01-26"", ""rate"": 11.0409, ""quote"": ""MAD""}"
frankfurter,2023-01-26,USD,1,10.123700,,,"{""base"": ""USD"", ""date"": ""2023-01-26"", ""rate"": 10.1237, ""quote"": ""MAD""}"
frankfurter,2023-01-27,EUR,1,11.083300,,,"{""base"": ""EUR"", ""date"": ""2023-01-27"", ""rate"": 11.0833, ""quote"": ""MAD""}"
frankfurter,2023-01-27,USD,1,10.176600,,,"{""base"": ""USD"", ""date"": ""2023-01-27"", ""rate"": 10.1766, ""quote"": ""MAD""}"
frankfurter,2023-01-31,EUR,1,11.045900,,,"{""base"": ""EUR"", ""date"": ""2023-01-31"", ""rate"": 11.0459, ""quote"": ""MAD""}"
frankfurter,2023-01-31,USD,1,10.200300,,,"{""base"": ""USD"", ""date"": ""2023-01-31"", ""rate"": 10.2003, ""quote"": ""MAD""}"
frankfurter,2023-02-01,EUR,1,11.080600,,,"{""base"": ""EUR"", ""date"": ""2023-02-01"", ""rate"": 11.0806, ""quote"": ""MAD""}"
frankfurter,2023-02-01,USD,1,10.174100,,,"{""base"": ""USD"", ""date"": ""2023-02-01"", ""rate"": 10.1741, ""quote"": ""MAD""}"
frankfurter,2023-02-02,EUR,1,11.127400,,,"{""base"": ""EUR"", ""date"": ""2023-02-02"", ""rate"": 11.1274, ""quote"": ""MAD""}"
frankfurter,2023-02-02,USD,1,10.127800,,,"{""base"": ""USD"", ""date"": ""2023-02-02"", ""rate"": 10.1278, ""quote"": ""MAD""}"
frankfurter,2023-02-03,EUR,1,11.107200,,,"{""base"": ""EUR"", ""date"": ""2023-02-03"", ""rate"": 11.1072, ""quote"": ""MAD""}"
frankfurter,2023-02-03,USD,1,10.162100,,,"{""base"": ""USD"", ""date"": ""2023-02-03"", ""rate"": 10.1621, ""quote"": ""MAD""}"
frankfurter,2023-02-06,EUR,1,11.034000,,,"{""base"": ""EUR"", ""date"": ""2023-02-06"", ""rate"": 11.034, ""quote"": ""MAD""}"
frankfurter,2023-02-06,USD,1,10.250800,,,"{""base"": ""USD"", ""date"": ""2023-02-06"", ""rate"": 10.2508, ""quote"": ""MAD""}"
frankfurter,2023-02-07,EUR,1,11.004800,,,"{""base"": ""EUR"", ""date"": ""2023-02-07"", ""rate"": 11.0048, ""quote"": ""MAD""}"
frankfurter,2023-02-07,USD,1,10.273300,,,"{""base"": ""USD"", ""date"": ""2023-02-07"", ""rate"": 10.2733, ""quote"": ""MAD""}"
frankfurter,2023-02-08,EUR,1,11.006300,,,"{""base"": ""EUR"", ""date"": ""2023-02-08"", ""rate"": 11.0063, ""quote"": ""MAD""}"
frankfurter,2023-02-08,USD,1,10.247000,,,"{""base"": ""USD"", ""date"": ""2023-02-08"", ""rate"": 10.247, ""quote"": ""MAD""}"
frankfurter,2023-02-09,EUR,1,11.006100,,,"{""base"": ""EUR"", ""date"": ""2023-02-09"", ""rate"": 11.0061, ""quote"": ""MAD""}"
frankfurter,2023-02-09,USD,1,10.223000,,,"{""base"": ""USD"", ""date"": ""2023-02-09"", ""rate"": 10.223, ""quote"": ""MAD""}"
frankfurter,2023-02-10,EUR,1,10.971500,,,"{""base"": ""EUR"", ""date"": ""2023-02-10"", ""rate"": 10.9715, ""quote"": ""MAD""}"
frankfurter,2023-02-10,USD,1,10.249900,,,"{""base"": ""USD"", ""date"": ""2023-02-10"", ""rate"": 10.2499, ""quote"": ""MAD""}"
frankfurter,2023-02-13,EUR,1,10.976900,,,"{""base"": ""EUR"", ""date"": ""2023-02-13"", ""rate"": 10.9769, ""quote"": ""MAD""}"
frankfurter,2023-02-13,USD,1,10.277000,,,"{""base"": ""USD"", ""date"": ""2023-02-13"", ""rate"": 10.277, ""quote"": ""MAD""}"
frankfurter,2023-02-14,EUR,1,11.057000,,,"{""base"": ""EUR"", ""date"": ""2023-02-14"", ""rate"": 11.057, ""quote"": ""MAD""}"
frankfurter,2023-02-14,USD,1,10.278900,,,"{""base"": ""USD"", ""date"": ""2023-02-14"", ""rate"": 10.2789, ""quote"": ""MAD""}"
frankfurter,2023-02-15,EUR,1,11.033400,,,"{""base"": ""EUR"", ""date"": ""2023-02-15"", ""rate"": 11.0334, ""quote"": ""MAD""}"
frankfurter,2023-02-15,USD,1,10.293300,,,"{""base"": ""USD"", ""date"": ""2023-02-15"", ""rate"": 10.2933, ""quote"": ""MAD""}"
frankfurter,2023-02-16,EUR,1,11.036100,,,"{""base"": ""EUR"", ""date"": ""2023-02-16"", ""rate"": 11.0361, ""quote"": ""MAD""}"
frankfurter,2023-02-16,USD,1,10.311200,,,"{""base"": ""USD"", ""date"": ""2023-02-16"", ""rate"": 10.3112, ""quote"": ""MAD""}"
frankfurter,2023-02-17,EUR,1,11.029000,,,"{""base"": ""EUR"", ""date"": ""2023-02-17"", ""rate"": 11.029, ""quote"": ""MAD""}"
frankfurter,2023-02-17,USD,1,10.371500,,,"{""base"": ""USD"", ""date"": ""2023-02-17"", ""rate"": 10.3715, ""quote"": ""MAD""}"
frankfurter,2023-02-20,EUR,1,11.049800,,,"{""base"": ""EUR"", ""date"": ""2023-02-20"", ""rate"": 11.0498, ""quote"": ""MAD""}"
frankfurter,2023-02-20,USD,1,10.340400,,,"{""base"": ""USD"", ""date"": ""2023-02-20"", ""rate"": 10.3404, ""quote"": ""MAD""}"
frankfurter,2023-02-21,EUR,1,11.057300,,,"{""base"": ""EUR"", ""date"": ""2023-02-21"", ""rate"": 11.0573, ""quote"": ""MAD""}"
frankfurter,2023-02-21,USD,1,10.381500,,,"{""base"": ""USD"", ""date"": ""2023-02-21"", ""rate"": 10.3815, ""quote"": ""MAD""}"
frankfurter,2023-02-22,EUR,1,11.040100,,,"{""base"": ""EUR"", ""date"": ""2023-02-22"", ""rate"": 11.0401, ""quote"": ""MAD""}"
frankfurter,2023-02-22,USD,1,10.383800,,,"{""base"": ""USD"", ""date"": ""2023-02-22"", ""rate"": 10.3838, ""quote"": ""MAD""}"
frankfurter,2023-02-23,EUR,1,11.027800,,,"{""base"": ""EUR"", ""date"": ""2023-02-23"", ""rate"": 11.0278, ""quote"": ""MAD""}"
frankfurter,2023-02-23,USD,1,10.404600,,,"{""base"": ""USD"", ""date"": ""2023-02-23"", ""rate"": 10.4046, ""quote"": ""MAD""}"
frankfurter,2023-02-24,EUR,1,11.022100,,,"{""base"": ""EUR"", ""date"": ""2023-02-24"", ""rate"": 11.0221, ""quote"": ""MAD""}"
frankfurter,2023-02-24,USD,1,10.409000,,,"{""base"": ""USD"", ""date"": ""2023-02-24"", ""rate"": 10.409, ""quote"": ""MAD""}"
frankfurter,2023-02-27,EUR,1,11.007000,,,"{""base"": ""EUR"", ""date"": ""2023-02-27"", ""rate"": 11.007, ""quote"": ""MAD""}"
frankfurter,2023-02-27,USD,1,10.419400,,,"{""base"": ""USD"", ""date"": ""2023-02-27"", ""rate"": 10.4194, ""quote"": ""MAD""}"
frankfurter,2023-02-28,EUR,1,11.034100,,,"{""base"": ""EUR"", ""date"": ""2023-02-28"", ""rate"": 11.0341, ""quote"": ""MAD""}"
frankfurter,2023-02-28,USD,1,10.396800,,,"{""base"": ""USD"", ""date"": ""2023-02-28"", ""rate"": 10.3968, ""quote"": ""MAD""}"
frankfurter,2023-03-01,EUR,1,11.047900,,,"{""base"": ""EUR"", ""date"": ""2023-03-01"", ""rate"": 11.0479, ""quote"": ""MAD""}"
frankfurter,2023-03-01,USD,1,10.361900,,,"{""base"": ""USD"", ""date"": ""2023-03-01"", ""rate"": 10.3619, ""quote"": ""MAD""}"
frankfurter,2023-03-02,EUR,1,11.029400,,,"{""base"": ""EUR"", ""date"": ""2023-03-02"", ""rate"": 11.0294, ""quote"": ""MAD""}"
frankfurter,2023-03-02,USD,1,10.382600,,,"{""base"": ""USD"", ""date"": ""2023-03-02"", ""rate"": 10.3826, ""quote"": ""MAD""}"
frankfurter,2023-03-03,EUR,1,11.030100,,,"{""base"": ""EUR"", ""date"": ""2023-03-03"", ""rate"": 11.0301, ""quote"": ""MAD""}"
frankfurter,2023-03-03,USD,1,10.394000,,,"{""base"": ""USD"", ""date"": ""2023-03-03"", ""rate"": 10.394, ""quote"": ""MAD""}"
frankfurter,2023-03-06,EUR,1,11.046400,,,"{""base"": ""EUR"", ""date"": ""2023-03-06"", ""rate"": 11.0464, ""quote"": ""MAD""}"
frankfurter,2023-03-06,USD,1,10.393700,,,"{""base"": ""USD"", ""date"": ""2023-03-06"", ""rate"": 10.3937, ""quote"": ""MAD""}"
frankfurter,2023-03-07,EUR,1,11.055000,,,"{""base"": ""EUR"", ""date"": ""2023-03-07"", ""rate"": 11.055, ""quote"": ""MAD""}"
frankfurter,2023-03-07,USD,1,10.364700,,,"{""base"": ""USD"", ""date"": ""2023-03-07"", ""rate"": 10.3647, ""quote"": ""MAD""}"
frankfurter,2023-03-08,EUR,1,10.991400,,,"{""base"": ""EUR"", ""date"": ""2023-03-08"", ""rate"": 10.9914, ""quote"": ""MAD""}"
frankfurter,2023-03-08,USD,1,10.430300,,,"{""base"": ""USD"", ""date"": ""2023-03-08"", ""rate"": 10.4303, ""quote"": ""MAD""}"
frankfurter,2023-03-09,EUR,1,11.068200,,,"{""base"": ""EUR"", ""date"": ""2023-03-09"", ""rate"": 11.0682, ""quote"": ""MAD""}"
frankfurter,2023-03-09,USD,1,10.465400,,,"{""base"": ""USD"", ""date"": ""2023-03-09"", ""rate"": 10.4654, ""quote"": ""MAD""}"
frankfurter,2023-03-10,EUR,1,11.059900,,,"{""base"": ""EUR"", ""date"": ""2023-03-10"", ""rate"": 11.0599, ""quote"": ""MAD""}"
frankfurter,2023-03-10,USD,1,10.440800,,,"{""base"": ""USD"", ""date"": ""2023-03-10"", ""rate"": 10.4408, ""quote"": ""MAD""}"
frankfurter,2023-03-13,EUR,1,11.101300,,,"{""base"": ""EUR"", ""date"": ""2023-03-13"", ""rate"": 11.1013, ""quote"": ""MAD""}"
frankfurter,2023-03-13,USD,1,10.412000,,,"{""base"": ""USD"", ""date"": ""2023-03-13"", ""rate"": 10.412, ""quote"": ""MAD""}"
frankfurter,2023-03-14,EUR,1,11.113300,,,"{""base"": ""EUR"", ""date"": ""2023-03-14"", ""rate"": 11.1133, ""quote"": ""MAD""}"
frankfurter,2023-03-14,USD,1,10.371700,,,"{""base"": ""USD"", ""date"": ""2023-03-14"", ""rate"": 10.3717, ""quote"": ""MAD""}"
frankfurter,2023-03-15,EUR,1,11.038400,,,"{""base"": ""EUR"", ""date"": ""2023-03-15"", ""rate"": 11.0384, ""quote"": ""MAD""}"
frankfurter,2023-03-15,USD,1,10.399800,,,"{""base"": ""USD"", ""date"": ""2023-03-15"", ""rate"": 10.3998, ""quote"": ""MAD""}"
frankfurter,2023-03-16,EUR,1,11.039800,,,"{""base"": ""EUR"", ""date"": ""2023-03-16"", ""rate"": 11.0398, ""quote"": ""MAD""}"
frankfurter,2023-03-16,USD,1,10.401200,,,"{""base"": ""USD"", ""date"": ""2023-03-16"", ""rate"": 10.4012, ""quote"": ""MAD""}"
frankfurter,2023-03-17,EUR,1,11.055400,,,"{""base"": ""EUR"", ""date"": ""2023-03-17"", ""rate"": 11.0554, ""quote"": ""MAD""}"
frankfurter,2023-03-17,USD,1,10.393300,,,"{""base"": ""USD"", ""date"": ""2023-03-17"", ""rate"": 10.3933, ""quote"": ""MAD""}"
frankfurter,2023-03-20,EUR,1,11.080200,,,"{""base"": ""EUR"", ""date"": ""2023-03-20"", ""rate"": 11.0802, ""quote"": ""MAD""}"
frankfurter,2023-03-20,USD,1,10.348600,,,"{""base"": ""USD"", ""date"": ""2023-03-20"", ""rate"": 10.3486, ""quote"": ""MAD""}"
frankfurter,2023-03-21,EUR,1,11.101800,,,"{""base"": ""EUR"", ""date"": ""2023-03-21"", ""rate"": 11.1018, ""quote"": ""MAD""}"
frankfurter,2023-03-21,USD,1,10.297600,,,"{""base"": ""USD"", ""date"": ""2023-03-21"", ""rate"": 10.2976, ""quote"": ""MAD""}"
frankfurter,2023-03-22,EUR,1,11.098800,,,"{""base"": ""EUR"", ""date"": ""2023-03-22"", ""rate"": 11.0988, ""quote"": ""MAD""}"
frankfurter,2023-03-22,USD,1,10.278600,,,"{""base"": ""USD"", ""date"": ""2023-03-22"", ""rate"": 10.2786, ""quote"": ""MAD""}"
frankfurter,2023-03-23,EUR,1,11.137200,,,"{""base"": ""EUR"", ""date"": ""2023-03-23"", ""rate"": 11.1372, ""quote"": ""MAD""}"
frankfurter,2023-03-23,USD,1,10.236400,,,"{""base"": ""USD"", ""date"": ""2023-03-23"", ""rate"": 10.2364, ""quote"": ""MAD""}"
frankfurter,2023-03-24,EUR,1,11.047600,,,"{""base"": ""EUR"", ""date"": ""2023-03-24"", ""rate"": 11.0476, ""quote"": ""MAD""}"
frankfurter,2023-03-24,USD,1,10.294100,,,"{""base"": ""USD"", ""date"": ""2023-03-24"", ""rate"": 10.2941, ""quote"": ""MAD""}"
frankfurter,2023-03-27,EUR,1,11.060000,,,"{""base"": ""EUR"", ""date"": ""2023-03-27"", ""rate"": 11.06, ""quote"": ""MAD""}"
frankfurter,2023-03-27,USD,1,10.266400,,,"{""base"": ""USD"", ""date"": ""2023-03-27"", ""rate"": 10.2664, ""quote"": ""MAD""}"
frankfurter,2023-03-28,EUR,1,11.107200,,,"{""base"": ""EUR"", ""date"": ""2023-03-28"", ""rate"": 11.1072, ""quote"": ""MAD""}"
frankfurter,2023-03-28,USD,1,10.246500,,,"{""base"": ""USD"", ""date"": ""2023-03-28"", ""rate"": 10.2465, ""quote"": ""MAD""}"
frankfurter,2023-03-29,EUR,1,11.086200,,,"{""base"": ""EUR"", ""date"": ""2023-03-29"", ""rate"": 11.0862, ""quote"": ""MAD""}"
frankfurter,2023-03-29,USD,1,10.222400,,,"{""base"": ""USD"", ""date"": ""2023-03-29"", ""rate"": 10.2224, ""quote"": ""MAD""}"
frankfurter,2023-03-30,EUR,1,11.116200,,,"{""base"": ""EUR"", ""date"": ""2023-03-30"", ""rate"": 11.1162, ""quote"": ""MAD""}"
frankfurter,2023-03-30,USD,1,10.210500,,,"{""base"": ""USD"", ""date"": ""2023-03-30"", ""rate"": 10.2105, ""quote"": ""MAD""}"
frankfurter,2023-03-31,EUR,1,11.116900,,,"{""base"": ""EUR"", ""date"": ""2023-03-31"", ""rate"": 11.1169, ""quote"": ""MAD""}"
frankfurter,2023-03-31,USD,1,10.221500,,,"{""base"": ""USD"", ""date"": ""2023-03-31"", ""rate"": 10.2215, ""quote"": ""MAD""}"
frankfurter,2023-04-03,EUR,1,11.120000,,,"{""base"": ""EUR"", ""date"": ""2023-04-03"", ""rate"": 11.12, ""quote"": ""MAD""}"
frankfurter,2023-04-03,USD,1,10.232800,,,"{""base"": ""USD"", ""date"": ""2023-04-03"", ""rate"": 10.2328, ""quote"": ""MAD""}"
frankfurter,2023-04-04,EUR,1,11.153000,,,"{""base"": ""EUR"", ""date"": ""2023-04-04"", ""rate"": 11.153, ""quote"": ""MAD""}"
frankfurter,2023-04-04,USD,1,10.230200,,,"{""base"": ""USD"", ""date"": ""2023-04-04"", ""rate"": 10.2302, ""quote"": ""MAD""}"
frankfurter,2023-04-05,EUR,1,11.150300,,,"{""base"": ""EUR"", ""date"": ""2023-04-05"", ""rate"": 11.1503, ""quote"": ""MAD""}"
frankfurter,2023-04-05,USD,1,10.189400,,,"{""base"": ""USD"", ""date"": ""2023-04-05"", ""rate"": 10.1894, ""quote"": ""MAD""}"
frankfurter,2023-04-06,EUR,1,11.118900,,,"{""base"": ""EUR"", ""date"": ""2023-04-06"", ""rate"": 11.1189, ""quote"": ""MAD""}"
frankfurter,2023-04-06,USD,1,10.187700,,,"{""base"": ""USD"", ""date"": ""2023-04-06"", ""rate"": 10.1877, ""quote"": ""MAD""}"
frankfurter,2023-04-07,EUR,1,11.120000,,,"{""base"": ""EUR"", ""date"": ""2023-04-07"", ""rate"": 11.12, ""quote"": ""MAD""}"
frankfurter,2023-04-07,USD,1,10.187800,,,"{""base"": ""USD"", ""date"": ""2023-04-07"", ""rate"": 10.1878, ""quote"": ""MAD""}"
frankfurter,2023-04-10,EUR,1,11.078500,,,"{""base"": ""EUR"", ""date"": ""2023-04-10"", ""rate"": 11.0785, ""quote"": ""MAD""}"
frankfurter,2023-04-10,USD,1,10.195600,,,"{""base"": ""USD"", ""date"": ""2023-04-10"", ""rate"": 10.1956, ""quote"": ""MAD""}"
frankfurter,2023-04-11,EUR,1,11.093500,,,"{""base"": ""EUR"", ""date"": ""2023-04-11"", ""rate"": 11.0935, ""quote"": ""MAD""}"
frankfurter,2023-04-11,USD,1,10.168200,,,"{""base"": ""USD"", ""date"": ""2023-04-11"", ""rate"": 10.1682, ""quote"": ""MAD""}"
frankfurter,2023-04-12,EUR,1,11.110000,,,"{""base"": ""EUR"", ""date"": ""2023-04-12"", ""rate"": 11.11, ""quote"": ""MAD""}"
frankfurter,2023-04-12,USD,1,10.171200,,,"{""base"": ""USD"", ""date"": ""2023-04-12"", ""rate"": 10.1712, ""quote"": ""MAD""}"
frankfurter,2023-04-13,EUR,1,11.163000,,,"{""base"": ""EUR"", ""date"": ""2023-04-13"", ""rate"": 11.163, ""quote"": ""MAD""}"
frankfurter,2023-04-13,USD,1,10.132500,,,"{""base"": ""USD"", ""date"": ""2023-04-13"", ""rate"": 10.1325, ""quote"": ""MAD""}"
frankfurter,2023-04-14,EUR,1,11.164700,,,"{""base"": ""EUR"", ""date"": ""2023-04-14"", ""rate"": 11.1647, ""quote"": ""MAD""}"
frankfurter,2023-04-14,USD,1,10.095600,,,"{""base"": ""USD"", ""date"": ""2023-04-14"", ""rate"": 10.0956, ""quote"": ""MAD""}"
frankfurter,2023-04-18,EUR,1,11.140400,,,"{""base"": ""EUR"", ""date"": ""2023-04-18"", ""rate"": 11.1404, ""quote"": ""MAD""}"
frankfurter,2023-04-18,USD,1,10.156300,,,"{""base"": ""USD"", ""date"": ""2023-04-18"", ""rate"": 10.1563, ""quote"": ""MAD""}"
frankfurter,2023-04-19,EUR,1,11.106400,,,"{""base"": ""EUR"", ""date"": ""2023-04-19"", ""rate"": 11.1064, ""quote"": ""MAD""}"
frankfurter,2023-04-19,USD,1,10.156700,,,"{""base"": ""USD"", ""date"": ""2023-04-19"", ""rate"": 10.1567, ""quote"": ""MAD""}"
frankfurter,2023-04-20,EUR,1,11.097000,,,"{""base"": ""EUR"", ""date"": ""2023-04-20"", ""rate"": 11.097, ""quote"": ""MAD""}"
frankfurter,2023-04-20,USD,1,10.144400,,,"{""base"": ""USD"", ""date"": ""2023-04-20"", ""rate"": 10.1444, ""quote"": ""MAD""}"
frankfurter,2023-04-21,EUR,1,11.112300,,,"{""base"": ""EUR"", ""date"": ""2023-04-21"", ""rate"": 11.1123, ""quote"": ""MAD""}"
frankfurter,2023-04-21,USD,1,10.119600,,,"{""base"": ""USD"", ""date"": ""2023-04-21"", ""rate"": 10.1196, ""quote"": ""MAD""}"
frankfurter,2023-04-25,EUR,1,11.140800,,,"{""base"": ""EUR"", ""date"": ""2023-04-25"", ""rate"": 11.1408, ""quote"": ""MAD""}"
frankfurter,2023-04-25,USD,1,10.108700,,,"{""base"": ""USD"", ""date"": ""2023-04-25"", ""rate"": 10.1087, ""quote"": ""MAD""}"
frankfurter,2023-04-26,EUR,1,11.114700,,,"{""base"": ""EUR"", ""date"": ""2023-04-26"", ""rate"": 11.1147, ""quote"": ""MAD""}"
frankfurter,2023-04-26,USD,1,10.072200,,,"{""base"": ""USD"", ""date"": ""2023-04-26"", ""rate"": 10.0722, ""quote"": ""MAD""}"
frankfurter,2023-04-27,EUR,1,11.092700,,,"{""base"": ""EUR"", ""date"": ""2023-04-27"", ""rate"": 11.0927, ""quote"": ""MAD""}"
frankfurter,2023-04-27,USD,1,10.043200,,,"{""base"": ""USD"", ""date"": ""2023-04-27"", ""rate"": 10.0432, ""quote"": ""MAD""}"
frankfurter,2023-04-28,EUR,1,11.068600,,,"{""base"": ""EUR"", ""date"": ""2023-04-28"", ""rate"": 11.0686, ""quote"": ""MAD""}"
frankfurter,2023-04-28,USD,1,10.077000,,,"{""base"": ""USD"", ""date"": ""2023-04-28"", ""rate"": 10.077, ""quote"": ""MAD""}"
frankfurter,2023-05-04,EUR,1,11.053100,,,"{""base"": ""EUR"", ""date"": ""2023-05-04"", ""rate"": 11.0531, ""quote"": ""MAD""}"
frankfurter,2023-05-04,USD,1,9.986500,,,"{""base"": ""USD"", ""date"": ""2023-05-04"", ""rate"": 9.9865, ""quote"": ""MAD""}"
frankfurter,2023-05-05,EUR,1,11.007700,,,"{""base"": ""EUR"", ""date"": ""2023-05-05"", ""rate"": 11.0077, ""quote"": ""MAD""}"
frankfurter,2023-05-05,USD,1,9.985200,,,"{""base"": ""USD"", ""date"": ""2023-05-05"", ""rate"": 9.9852, ""quote"": ""MAD""}"
frankfurter,2023-05-08,EUR,1,11.018700,,,"{""base"": ""EUR"", ""date"": ""2023-05-08"", ""rate"": 11.0187, ""quote"": ""MAD""}"
frankfurter,2023-05-08,USD,1,9.971700,,,"{""base"": ""USD"", ""date"": ""2023-05-08"", ""rate"": 9.9717, ""quote"": ""MAD""}"
frankfurter,2023-05-09,EUR,1,10.985400,,,"{""base"": ""EUR"", ""date"": ""2023-05-09"", ""rate"": 10.9854, ""quote"": ""MAD""}"
frankfurter,2023-05-09,USD,1,10.005800,,,"{""base"": ""USD"", ""date"": ""2023-05-09"", ""rate"": 10.0058, ""quote"": ""MAD""}"
frankfurter,2023-05-10,EUR,1,10.980800,,,"{""base"": ""EUR"", ""date"": ""2023-05-10"", ""rate"": 10.9808, ""quote"": ""MAD""}"
frankfurter,2023-05-10,USD,1,10.030900,,,"{""base"": ""USD"", ""date"": ""2023-05-10"", ""rate"": 10.0309, ""quote"": ""MAD""}"
frankfurter,2023-05-11,EUR,1,10.988400,,,"{""base"": ""EUR"", ""date"": ""2023-05-11"", ""rate"": 10.9884, ""quote"": ""MAD""}"
frankfurter,2023-05-11,USD,1,10.056200,,,"{""base"": ""USD"", ""date"": ""2023-05-11"", ""rate"": 10.0562, ""quote"": ""MAD""}"
frankfurter,2023-05-12,EUR,1,10.981900,,,"{""base"": ""EUR"", ""date"": ""2023-05-12"", ""rate"": 10.9819, ""quote"": ""MAD""}"
frankfurter,2023-05-12,USD,1,10.072400,,,"{""base"": ""USD"", ""date"": ""2023-05-12"", ""rate"": 10.0724, ""quote"": ""MAD""}"
frankfurter,2023-05-15,EUR,1,10.983400,,,"{""base"": ""EUR"", ""date"": ""2023-05-15"", ""rate"": 10.9834, ""quote"": ""MAD""}"
frankfurter,2023-05-15,USD,1,10.100600,,,"{""base"": ""USD"", ""date"": ""2023-05-15"", ""rate"": 10.1006, ""quote"": ""MAD""}"
frankfurter,2023-05-16,EUR,1,11.039200,,,"{""base"": ""EUR"", ""date"": ""2023-05-16"", ""rate"": 11.0392, ""quote"": ""MAD""}"
frankfurter,2023-05-16,USD,1,10.132400,,,"{""base"": ""USD"", ""date"": ""2023-05-16"", ""rate"": 10.1324, ""quote"": ""MAD""}"
frankfurter,2023-05-17,EUR,1,10.993900,,,"{""base"": ""EUR"", ""date"": ""2023-05-17"", ""rate"": 10.9939, ""quote"": ""MAD""}"
frankfurter,2023-05-17,USD,1,10.148500,,,"{""base"": ""USD"", ""date"": ""2023-05-17"", ""rate"": 10.1485, ""quote"": ""MAD""}"
frankfurter,2023-05-18,EUR,1,10.984000,,,"{""base"": ""EUR"", ""date"": ""2023-05-18"", ""rate"": 10.984, ""quote"": ""MAD""}"
frankfurter,2023-05-18,USD,1,10.158100,,,"{""base"": ""USD"", ""date"": ""2023-05-18"", ""rate"": 10.1581, ""quote"": ""MAD""}"
frankfurter,2023-05-19,EUR,1,11.001300,,,"{""base"": ""EUR"", ""date"": ""2023-05-19"", ""rate"": 11.0013, ""quote"": ""MAD""}"
frankfurter,2023-05-19,USD,1,10.193000,,,"{""base"": ""USD"", ""date"": ""2023-05-19"", ""rate"": 10.193, ""quote"": ""MAD""}"
frankfurter,2023-05-22,EUR,1,11.016000,,,"{""base"": ""EUR"", ""date"": ""2023-05-22"", ""rate"": 11.016, ""quote"": ""MAD""}"
frankfurter,2023-05-22,USD,1,10.184000,,,"{""base"": ""USD"", ""date"": ""2023-05-22"", ""rate"": 10.184, ""quote"": ""MAD""}"
frankfurter,2023-05-23,EUR,1,11.003700,,,"{""base"": ""EUR"", ""date"": ""2023-05-23"", ""rate"": 11.0037, ""quote"": ""MAD""}"
frankfurter,2023-05-23,USD,1,10.207500,,,"{""base"": ""USD"", ""date"": ""2023-05-23"", ""rate"": 10.2075, ""quote"": ""MAD""}"
frankfurter,2023-05-24,EUR,1,10.997200,,,"{""base"": ""EUR"", ""date"": ""2023-05-24"", ""rate"": 10.9972, ""quote"": ""MAD""}"
frankfurter,2023-05-24,USD,1,10.217600,,,"{""base"": ""USD"", ""date"": ""2023-05-24"", ""rate"": 10.2176, ""quote"": ""MAD""}"
frankfurter,2023-05-25,EUR,1,10.947300,,,"{""base"": ""EUR"", ""date"": ""2023-05-25"", ""rate"": 10.9473, ""quote"": ""MAD""}"
frankfurter,2023-05-25,USD,1,10.207300,,,"{""base"": ""USD"", ""date"": ""2023-05-25"", ""rate"": 10.2073, ""quote"": ""MAD""}"
frankfurter,2023-05-26,EUR,1,10.964700,,,"{""base"": ""EUR"", ""date"": ""2023-05-26"", ""rate"": 10.9647, ""quote"": ""MAD""}"
frankfurter,2023-05-26,USD,1,10.203500,,,"{""base"": ""USD"", ""date"": ""2023-05-26"", ""rate"": 10.2035, ""quote"": ""MAD""}"
frankfurter,2023-05-29,EUR,1,10.922100,,,"{""base"": ""EUR"", ""date"": ""2023-05-29"", ""rate"": 10.9221, ""quote"": ""MAD""}"
frankfurter,2023-05-29,USD,1,10.190400,,,"{""base"": ""USD"", ""date"": ""2023-05-29"", ""rate"": 10.1904, ""quote"": ""MAD""}"
frankfurter,2023-05-30,EUR,1,10.913100,,,"{""base"": ""EUR"", ""date"": ""2023-05-30"", ""rate"": 10.9131, ""quote"": ""MAD""}"
frankfurter,2023-05-30,USD,1,10.165000,,,"{""base"": ""USD"", ""date"": ""2023-05-30"", ""rate"": 10.165, ""quote"": ""MAD""}"
frankfurter,2023-05-31,EUR,1,10.861600,,,"{""base"": ""EUR"", ""date"": ""2023-05-31"", ""rate"": 10.8616, ""quote"": ""MAD""}"
frankfurter,2023-05-31,USD,1,10.172900,,,"{""base"": ""USD"", ""date"": ""2023-05-31"", ""rate"": 10.1729, ""quote"": ""MAD""}"
frankfurter,2023-06-01,EUR,1,10.897200,,,"{""base"": ""EUR"", ""date"": ""2023-06-01"", ""rate"": 10.8972, ""quote"": ""MAD""}"
frankfurter,2023-06-01,USD,1,10.171900,,,"{""base"": ""USD"", ""date"": ""2023-06-01"", ""rate"": 10.1719, ""quote"": ""MAD""}"
frankfurter,2023-06-02,EUR,1,10.946100,,,"{""base"": ""EUR"", ""date"": ""2023-06-02"", ""rate"": 10.9461, ""quote"": ""MAD""}"
frankfurter,2023-06-02,USD,1,10.166300,,,"{""base"": ""USD"", ""date"": ""2023-06-02"", ""rate"": 10.1663, ""quote"": ""MAD""}"
frankfurter,2023-06-05,EUR,1,10.919300,,,"{""base"": ""EUR"", ""date"": ""2023-06-05"", ""rate"": 10.9193, ""quote"": ""MAD""}"
frankfurter,2023-06-05,USD,1,10.209700,,,"{""base"": ""USD"", ""date"": ""2023-06-05"", ""rate"": 10.2097, ""quote"": ""MAD""}"
frankfurter,2023-06-06,EUR,1,10.920000,,,"{""base"": ""EUR"", ""date"": ""2023-06-06"", ""rate"": 10.92, ""quote"": ""MAD""}"
frankfurter,2023-06-06,USD,1,10.215200,,,"{""base"": ""USD"", ""date"": ""2023-06-06"", ""rate"": 10.2152, ""quote"": ""MAD""}"
frankfurter,2023-06-07,EUR,1,10.887400,,,"{""base"": ""EUR"", ""date"": ""2023-06-07"", ""rate"": 10.8874, ""quote"": ""MAD""}"
frankfurter,2023-06-07,USD,1,10.159000,,,"{""base"": ""USD"", ""date"": ""2023-06-07"", ""rate"": 10.159, ""quote"": ""MAD""}"
frankfurter,2023-06-08,EUR,1,10.879400,,,"{""base"": ""EUR"", ""date"": ""2023-06-08"", ""rate"": 10.8794, ""quote"": ""MAD""}"
frankfurter,2023-06-08,USD,1,10.140200,,,"{""base"": ""USD"", ""date"": ""2023-06-08"", ""rate"": 10.1402, ""quote"": ""MAD""}"
frankfurter,2023-06-09,EUR,1,10.881600,,,"{""base"": ""EUR"", ""date"": ""2023-06-09"", ""rate"": 10.8816, ""quote"": ""MAD""}"
frankfurter,2023-06-09,USD,1,10.108300,,,"{""base"": ""USD"", ""date"": ""2023-06-09"", ""rate"": 10.1083, ""quote"": ""MAD""}"
frankfurter,2023-06-12,EUR,1,10.905200,,,"{""base"": ""EUR"", ""date"": ""2023-06-12"", ""rate"": 10.9052, ""quote"": ""MAD""}"
frankfurter,2023-06-12,USD,1,10.122700,,,"{""base"": ""USD"", ""date"": ""2023-06-12"", ""rate"": 10.1227, ""quote"": ""MAD""}"
frankfurter,2023-06-13,EUR,1,10.893400,,,"{""base"": ""EUR"", ""date"": ""2023-06-13"", ""rate"": 10.8934, ""quote"": ""MAD""}"
frankfurter,2023-06-13,USD,1,10.090200,,,"{""base"": ""USD"", ""date"": ""2023-06-13"", ""rate"": 10.0902, ""quote"": ""MAD""}"
frankfurter,2023-06-14,EUR,1,10.902500,,,"{""base"": ""EUR"", ""date"": ""2023-06-14"", ""rate"": 10.9025, ""quote"": ""MAD""}"
frankfurter,2023-06-14,USD,1,10.089300,,,"{""base"": ""USD"", ""date"": ""2023-06-14"", ""rate"": 10.0893, ""quote"": ""MAD""}"
frankfurter,2023-06-15,EUR,1,10.877500,,,"{""base"": ""EUR"", ""date"": ""2023-06-15"", ""rate"": 10.8775, ""quote"": ""MAD""}"
frankfurter,2023-06-15,USD,1,10.039200,,,"{""base"": ""USD"", ""date"": ""2023-06-15"", ""rate"": 10.0392, ""quote"": ""MAD""}"
frankfurter,2023-06-16,EUR,1,10.936200,,,"{""base"": ""EUR"", ""date"": ""2023-06-16"", ""rate"": 10.9362, ""quote"": ""MAD""}"
frankfurter,2023-06-16,USD,1,9.981900,,,"{""base"": ""USD"", ""date"": ""2023-06-16"", ""rate"": 9.9819, ""quote"": ""MAD""}"
frankfurter,2023-06-19,EUR,1,10.911800,,,"{""base"": ""EUR"", ""date"": ""2023-06-19"", ""rate"": 10.9118, ""quote"": ""MAD""}"
frankfurter,2023-06-19,USD,1,9.991600,,,"{""base"": ""USD"", ""date"": ""2023-06-19"", ""rate"": 9.9916, ""quote"": ""MAD""}"
frankfurter,2023-06-20,EUR,1,10.907200,,,"{""base"": ""EUR"", ""date"": ""2023-06-20"", ""rate"": 10.9072, ""quote"": ""MAD""}"
frankfurter,2023-06-20,USD,1,9.981000,,,"{""base"": ""USD"", ""date"": ""2023-06-20"", ""rate"": 9.981, ""quote"": ""MAD""}"
frankfurter,2023-06-21,EUR,1,10.908800,,,"{""base"": ""EUR"", ""date"": ""2023-06-21"", ""rate"": 10.9088, ""quote"": ""MAD""}"
frankfurter,2023-06-21,USD,1,9.991600,,,"{""base"": ""USD"", ""date"": ""2023-06-21"", ""rate"": 9.9916, ""quote"": ""MAD""}"
frankfurter,2023-06-22,EUR,1,10.947800,,,"{""base"": ""EUR"", ""date"": ""2023-06-22"", ""rate"": 10.9478, ""quote"": ""MAD""}"
frankfurter,2023-06-22,USD,1,9.948900,,,"{""base"": ""USD"", ""date"": ""2023-06-22"", ""rate"": 9.9489, ""quote"": ""MAD""}"
frankfurter,2023-06-23,EUR,1,10.882800,,,"{""base"": ""EUR"", ""date"": ""2023-06-23"", ""rate"": 10.8828, ""quote"": ""MAD""}"
frankfurter,2023-06-23,USD,1,10.010900,,,"{""base"": ""USD"", ""date"": ""2023-06-23"", ""rate"": 10.0109, ""quote"": ""MAD""}"
frankfurter,2023-06-26,EUR,1,10.857400,,,"{""base"": ""EUR"", ""date"": ""2023-06-26"", ""rate"": 10.8574, ""quote"": ""MAD""}"
frankfurter,2023-06-26,USD,1,9.955400,,,"{""base"": ""USD"", ""date"": ""2023-06-26"", ""rate"": 9.9554, ""quote"": ""MAD""}"
frankfurter,2023-06-27,EUR,1,10.835900,,,"{""base"": ""EUR"", ""date"": ""2023-06-27"", ""rate"": 10.8359, ""quote"": ""MAD""}"
frankfurter,2023-06-27,USD,1,9.895800,,,"{""base"": ""USD"", ""date"": ""2023-06-27"", ""rate"": 9.8958, ""quote"": ""MAD""}"
frankfurter,2023-06-28,EUR,1,10.817400,,,"{""base"": ""EUR"", ""date"": ""2023-06-28"", ""rate"": 10.8174, ""quote"": ""MAD""}"
frankfurter,2023-06-28,USD,1,9.879800,,,"{""base"": ""USD"", ""date"": ""2023-06-28"", ""rate"": 9.8798, ""quote"": ""MAD""}"
frankfurter,2023-07-03,EUR,1,10.730600,,,"{""base"": ""EUR"", ""date"": ""2023-07-03"", ""rate"": 10.7306, ""quote"": ""MAD""}"
frankfurter,2023-07-03,USD,1,9.843700,,,"{""base"": ""USD"", ""date"": ""2023-07-03"", ""rate"": 9.8437, ""quote"": ""MAD""}"
frankfurter,2023-07-04,EUR,1,10.650100,,,"{""base"": ""EUR"", ""date"": ""2023-07-04"", ""rate"": 10.6501, ""quote"": ""MAD""}"
frankfurter,2023-07-04,USD,1,9.777000,,,"{""base"": ""USD"", ""date"": ""2023-07-04"", ""rate"": 9.777, ""quote"": ""MAD""}"
frankfurter,2023-07-05,EUR,1,10.608200,,,"{""base"": ""EUR"", ""date"": ""2023-07-05"", ""rate"": 10.6082, ""quote"": ""MAD""}"
frankfurter,2023-07-05,USD,1,9.750200,,,"{""base"": ""USD"", ""date"": ""2023-07-05"", ""rate"": 9.7502, ""quote"": ""MAD""}"
frankfurter,2023-07-06,EUR,1,10.634000,,,"{""base"": ""EUR"", ""date"": ""2023-07-06"", ""rate"": 10.634, ""quote"": ""MAD""}"
frankfurter,2023-07-06,USD,1,9.766700,,,"{""base"": ""USD"", ""date"": ""2023-07-06"", ""rate"": 9.7667, ""quote"": ""MAD""}"
frankfurter,2023-07-07,EUR,1,10.679500,,,"{""base"": ""EUR"", ""date"": ""2023-07-07"", ""rate"": 10.6795, ""quote"": ""MAD""}"
frankfurter,2023-07-07,USD,1,9.805800,,,"{""base"": ""USD"", ""date"": ""2023-07-07"", ""rate"": 9.8058, ""quote"": ""MAD""}"
frankfurter,2023-07-10,EUR,1,10.724800,,,"{""base"": ""EUR"", ""date"": ""2023-07-10"", ""rate"": 10.7248, ""quote"": ""MAD""}"
frankfurter,2023-07-10,USD,1,9.785400,,,"{""base"": ""USD"", ""date"": ""2023-07-10"", ""rate"": 9.7854, ""quote"": ""MAD""}"
frankfurter,2023-07-11,EUR,1,10.778800,,,"{""base"": ""EUR"", ""date"": ""2023-07-11"", ""rate"": 10.7788, ""quote"": ""MAD""}"
frankfurter,2023-07-11,USD,1,9.796200,,,"{""base"": ""USD"", ""date"": ""2023-07-11"", ""rate"": 9.7962, ""quote"": ""MAD""}"
frankfurter,2023-07-12,EUR,1,10.774300,,,"{""base"": ""EUR"", ""date"": ""2023-07-12"", ""rate"": 10.7743, ""quote"": ""MAD""}"
frankfurter,2023-07-12,USD,1,9.777000,,,"{""base"": ""USD"", ""date"": ""2023-07-12"", ""rate"": 9.777, ""quote"": ""MAD""}"
frankfurter,2023-07-13,EUR,1,10.848300,,,"{""base"": ""EUR"", ""date"": ""2023-07-13"", ""rate"": 10.8483, ""quote"": ""MAD""}"
frankfurter,2023-07-13,USD,1,9.708500,,,"{""base"": ""USD"", ""date"": ""2023-07-13"", ""rate"": 9.7085, ""quote"": ""MAD""}"
frankfurter,2023-07-14,EUR,1,10.869200,,,"{""base"": ""EUR"", ""date"": ""2023-07-14"", ""rate"": 10.8692, ""quote"": ""MAD""}"
frankfurter,2023-07-14,USD,1,9.682200,,,"{""base"": ""USD"", ""date"": ""2023-07-14"", ""rate"": 9.6822, ""quote"": ""MAD""}"
frankfurter,2023-07-17,EUR,1,10.907300,,,"{""base"": ""EUR"", ""date"": ""2023-07-17"", ""rate"": 10.9073, ""quote"": ""MAD""}"
frankfurter,2023-07-17,USD,1,9.707500,,,"{""base"": ""USD"", ""date"": ""2023-07-17"", ""rate"": 9.7075, ""quote"": ""MAD""}"
frankfurter,2023-07-18,EUR,1,10.945000,,,"{""base"": ""EUR"", ""date"": ""2023-07-18"", ""rate"": 10.945, ""quote"": ""MAD""}"
frankfurter,2023-07-18,USD,1,9.730600,,,"{""base"": ""USD"", ""date"": ""2023-07-18"", ""rate"": 9.7306, ""quote"": ""MAD""}"
frankfurter,2023-07-20,EUR,1,10.900600,,,"{""base"": ""EUR"", ""date"": ""2023-07-20"", ""rate"": 10.9006, ""quote"": ""MAD""}"
frankfurter,2023-07-20,USD,1,9.730100,,,"{""base"": ""USD"", ""date"": ""2023-07-20"", ""rate"": 9.7301, ""quote"": ""MAD""}"
frankfurter,2023-07-21,EUR,1,10.851400,,,"{""base"": ""EUR"", ""date"": ""2023-07-21"", ""rate"": 10.8514, ""quote"": ""MAD""}"
frankfurter,2023-07-21,USD,1,9.754900,,,"{""base"": ""USD"", ""date"": ""2023-07-21"", ""rate"": 9.7549, ""quote"": ""MAD""}"
frankfurter,2023-07-24,EUR,1,10.816700,,,"{""base"": ""EUR"", ""date"": ""2023-07-24"", ""rate"": 10.8167, ""quote"": ""MAD""}"
frankfurter,2023-07-24,USD,1,9.748300,,,"{""base"": ""USD"", ""date"": ""2023-07-24"", ""rate"": 9.7483, ""quote"": ""MAD""}"
frankfurter,2023-07-25,EUR,1,10.745600,,,"{""base"": ""EUR"", ""date"": ""2023-07-25"", ""rate"": 10.7456, ""quote"": ""MAD""}"
frankfurter,2023-07-25,USD,1,9.733300,,,"{""base"": ""USD"", ""date"": ""2023-07-25"", ""rate"": 9.7333, ""quote"": ""MAD""}"
frankfurter,2023-07-26,EUR,1,10.719400,,,"{""base"": ""EUR"", ""date"": ""2023-07-26"", ""rate"": 10.7194, ""quote"": ""MAD""}"
frankfurter,2023-07-26,USD,1,9.672800,,,"{""base"": ""USD"", ""date"": ""2023-07-26"", ""rate"": 9.6728, ""quote"": ""MAD""}"
frankfurter,2023-07-27,EUR,1,10.747700,,,"{""base"": ""EUR"", ""date"": ""2023-07-27"", ""rate"": 10.7477, ""quote"": ""MAD""}"
frankfurter,2023-07-27,USD,1,9.652200,,,"{""base"": ""USD"", ""date"": ""2023-07-27"", ""rate"": 9.6522, ""quote"": ""MAD""}"
frankfurter,2023-07-28,EUR,1,10.732800,,,"{""base"": ""EUR"", ""date"": ""2023-07-28"", ""rate"": 10.7328, ""quote"": ""MAD""}"
frankfurter,2023-07-28,USD,1,9.752700,,,"{""base"": ""USD"", ""date"": ""2023-07-28"", ""rate"": 9.7527, ""quote"": ""MAD""}"
frankfurter,2023-07-31,EUR,1,10.819000,,,"{""base"": ""EUR"", ""date"": ""2023-07-31"", ""rate"": 10.819, ""quote"": ""MAD""}"
frankfurter,2023-07-31,USD,1,9.806000,,,"{""base"": ""USD"", ""date"": ""2023-07-31"", ""rate"": 9.806, ""quote"": ""MAD""}"
frankfurter,2023-08-01,EUR,1,10.817800,,,"{""base"": ""EUR"", ""date"": ""2023-08-01"", ""rate"": 10.8178, ""quote"": ""MAD""}"
frankfurter,2023-08-01,USD,1,9.854100,,,"{""base"": ""USD"", ""date"": ""2023-08-01"", ""rate"": 9.8541, ""quote"": ""MAD""}"
frankfurter,2023-08-02,EUR,1,10.790300,,,"{""base"": ""EUR"", ""date"": ""2023-08-02"", ""rate"": 10.7903, ""quote"": ""MAD""}"
frankfurter,2023-08-02,USD,1,9.829900,,,"{""base"": ""USD"", ""date"": ""2023-08-02"", ""rate"": 9.8299, ""quote"": ""MAD""}"
frankfurter,2023-08-03,EUR,1,10.747000,,,"{""base"": ""EUR"", ""date"": ""2023-08-03"", ""rate"": 10.747, ""quote"": ""MAD""}"
frankfurter,2023-08-03,USD,1,9.830800,,,"{""base"": ""USD"", ""date"": ""2023-08-03"", ""rate"": 9.8308, ""quote"": ""MAD""}"
frankfurter,2023-08-04,EUR,1,10.735500,,,"{""base"": ""EUR"", ""date"": ""2023-08-04"", ""rate"": 10.7355, ""quote"": ""MAD""}"
frankfurter,2023-08-04,USD,1,9.812200,,,"{""base"": ""USD"", ""date"": ""2023-08-04"", ""rate"": 9.8122, ""quote"": ""MAD""}"
frankfurter,2023-08-07,EUR,1,10.725000,,,"{""base"": ""EUR"", ""date"": ""2023-08-07"", ""rate"": 10.725, ""quote"": ""MAD""}"
frankfurter,2023-08-07,USD,1,9.770400,,,"{""base"": ""USD"", ""date"": ""2023-08-07"", ""rate"": 9.7704, ""quote"": ""MAD""}"
frankfurter,2023-08-08,EUR,1,10.684600,,,"{""base"": ""EUR"", ""date"": ""2023-08-08"", ""rate"": 10.6846, ""quote"": ""MAD""}"
frankfurter,2023-08-08,USD,1,9.755000,,,"{""base"": ""USD"", ""date"": ""2023-08-08"", ""rate"": 9.755, ""quote"": ""MAD""}"
frankfurter,2023-08-09,EUR,1,10.726700,,,"{""base"": ""EUR"", ""date"": ""2023-08-09"", ""rate"": 10.7267, ""quote"": ""MAD""}"
frankfurter,2023-08-09,USD,1,9.773800,,,"{""base"": ""USD"", ""date"": ""2023-08-09"", ""rate"": 9.7738, ""quote"": ""MAD""}"
frankfurter,2023-08-10,EUR,1,10.784400,,,"{""base"": ""EUR"", ""date"": ""2023-08-10"", ""rate"": 10.7844, ""quote"": ""MAD""}"
frankfurter,2023-08-10,USD,1,9.780000,,,"{""base"": ""USD"", ""date"": ""2023-08-10"", ""rate"": 9.78, ""quote"": ""MAD""}"
frankfurter,2023-08-11,EUR,1,10.866000,,,"{""base"": ""EUR"", ""date"": ""2023-08-11"", ""rate"": 10.866, ""quote"": ""MAD""}"
frankfurter,2023-08-11,USD,1,9.885400,,,"{""base"": ""USD"", ""date"": ""2023-08-11"", ""rate"": 9.8854, ""quote"": ""MAD""}"
frankfurter,2023-08-15,EUR,1,10.821000,,,"{""base"": ""EUR"", ""date"": ""2023-08-15"", ""rate"": 10.821, ""quote"": ""MAD""}"
frankfurter,2023-08-15,USD,1,9.897600,,,"{""base"": ""USD"", ""date"": ""2023-08-15"", ""rate"": 9.8976, ""quote"": ""MAD""}"
frankfurter,2023-08-16,EUR,1,10.780000,,,"{""base"": ""EUR"", ""date"": ""2023-08-16"", ""rate"": 10.78, ""quote"": ""MAD""}"
frankfurter,2023-08-16,USD,1,9.875400,,,"{""base"": ""USD"", ""date"": ""2023-08-16"", ""rate"": 9.8754, ""quote"": ""MAD""}"
frankfurter,2023-08-17,EUR,1,10.811200,,,"{""base"": ""EUR"", ""date"": ""2023-08-17"", ""rate"": 10.8112, ""quote"": ""MAD""}"
frankfurter,2023-08-17,USD,1,9.931300,,,"{""base"": ""USD"", ""date"": ""2023-08-17"", ""rate"": 9.9313, ""quote"": ""MAD""}"
frankfurter,2023-08-18,EUR,1,10.851100,,,"{""base"": ""EUR"", ""date"": ""2023-08-18"", ""rate"": 10.8511, ""quote"": ""MAD""}"
frankfurter,2023-08-18,USD,1,9.989000,,,"{""base"": ""USD"", ""date"": ""2023-08-18"", ""rate"": 9.989, ""quote"": ""MAD""}"
frankfurter,2023-08-22,EUR,1,10.852800,,,"{""base"": ""EUR"", ""date"": ""2023-08-22"", ""rate"": 10.8528, ""quote"": ""MAD""}"
frankfurter,2023-08-22,USD,1,9.969500,,,"{""base"": ""USD"", ""date"": ""2023-08-22"", ""rate"": 9.9695, ""quote"": ""MAD""}"
frankfurter,2023-08-23,EUR,1,10.862800,,,"{""base"": ""EUR"", ""date"": ""2023-08-23"", ""rate"": 10.8628, ""quote"": ""MAD""}"
frankfurter,2023-08-23,USD,1,10.052600,,,"{""base"": ""USD"", ""date"": ""2023-08-23"", ""rate"": 10.0526, ""quote"": ""MAD""}"
frankfurter,2023-08-24,EUR,1,10.881000,,,"{""base"": ""EUR"", ""date"": ""2023-08-24"", ""rate"": 10.881, ""quote"": ""MAD""}"
frankfurter,2023-08-24,USD,1,10.024900,,,"{""base"": ""USD"", ""date"": ""2023-08-24"", ""rate"": 10.0249, ""quote"": ""MAD""}"
frankfurter,2023-08-25,EUR,1,10.928500,,,"{""base"": ""EUR"", ""date"": ""2023-08-25"", ""rate"": 10.9285, ""quote"": ""MAD""}"
frankfurter,2023-08-25,USD,1,10.112400,,,"{""base"": ""USD"", ""date"": ""2023-08-25"", ""rate"": 10.1124, ""quote"": ""MAD""}"
frankfurter,2023-08-28,EUR,1,10.951200,,,"{""base"": ""EUR"", ""date"": ""2023-08-28"", ""rate"": 10.9512, ""quote"": ""MAD""}"
frankfurter,2023-08-28,USD,1,10.131600,,,"{""base"": ""USD"", ""date"": ""2023-08-28"", ""rate"": 10.1316, ""quote"": ""MAD""}"
frankfurter,2023-08-29,EUR,1,10.958600,,,"{""base"": ""EUR"", ""date"": ""2023-08-29"", ""rate"": 10.9586, ""quote"": ""MAD""}"
frankfurter,2023-08-29,USD,1,10.138400,,,"{""base"": ""USD"", ""date"": ""2023-08-29"", ""rate"": 10.1384, ""quote"": ""MAD""}"
frankfurter,2023-08-30,EUR,1,10.999000,,,"{""base"": ""EUR"", ""date"": ""2023-08-30"", ""rate"": 10.999, ""quote"": ""MAD""}"
frankfurter,2023-08-30,USD,1,10.102900,,,"{""base"": ""USD"", ""date"": ""2023-08-30"", ""rate"": 10.1029, ""quote"": ""MAD""}"
frankfurter,2023-08-31,EUR,1,11.020000,,,"{""base"": ""EUR"", ""date"": ""2023-08-31"", ""rate"": 11.02, ""quote"": ""MAD""}"
frankfurter,2023-08-31,USD,1,10.136100,,,"{""base"": ""USD"", ""date"": ""2023-08-31"", ""rate"": 10.1361, ""quote"": ""MAD""}"
frankfurter,2023-09-01,EUR,1,11.025500,,,"{""base"": ""EUR"", ""date"": ""2023-09-01"", ""rate"": 11.0255, ""quote"": ""MAD""}"
frankfurter,2023-09-01,USD,1,10.167400,,,"{""base"": ""USD"", ""date"": ""2023-09-01"", ""rate"": 10.1674, ""quote"": ""MAD""}"
frankfurter,2023-09-04,EUR,1,10.995700,,,"{""base"": ""EUR"", ""date"": ""2023-09-04"", ""rate"": 10.9957, ""quote"": ""MAD""}"
frankfurter,2023-09-04,USD,1,10.174600,,,"{""base"": ""USD"", ""date"": ""2023-09-04"", ""rate"": 10.1746, ""quote"": ""MAD""}"
frankfurter,2023-09-05,EUR,1,10.914900,,,"{""base"": ""EUR"", ""date"": ""2023-09-05"", ""rate"": 10.9149, ""quote"": ""MAD""}"
frankfurter,2023-09-05,USD,1,10.166600,,,"{""base"": ""USD"", ""date"": ""2023-09-05"", ""rate"": 10.1666, ""quote"": ""MAD""}"
frankfurter,2023-09-06,EUR,1,10.935600,,,"{""base"": ""EUR"", ""date"": ""2023-09-06"", ""rate"": 10.9356, ""quote"": ""MAD""}"
frankfurter,2023-09-06,USD,1,10.179300,,,"{""base"": ""USD"", ""date"": ""2023-09-06"", ""rate"": 10.1793, ""quote"": ""MAD""}"
frankfurter,2023-09-07,EUR,1,10.892700,,,"{""base"": ""EUR"", ""date"": ""2023-09-07"", ""rate"": 10.8927, ""quote"": ""MAD""}"
frankfurter,2023-09-07,USD,1,10.169600,,,"{""base"": ""USD"", ""date"": ""2023-09-07"", ""rate"": 10.1696, ""quote"": ""MAD""}"
frankfurter,2023-09-08,EUR,1,10.868300,,,"{""base"": ""EUR"", ""date"": ""2023-09-08"", ""rate"": 10.8683, ""quote"": ""MAD""}"
frankfurter,2023-09-08,USD,1,10.153500,,,"{""base"": ""USD"", ""date"": ""2023-09-08"", ""rate"": 10.1535, ""quote"": ""MAD""}"
frankfurter,2023-09-11,EUR,1,10.876100,,,"{""base"": ""EUR"", ""date"": ""2023-09-11"", ""rate"": 10.8761, ""quote"": ""MAD""}"
frankfurter,2023-09-11,USD,1,10.139000,,,"{""base"": ""USD"", ""date"": ""2023-09-11"", ""rate"": 10.139, ""quote"": ""MAD""}"
frankfurter,2023-09-12,EUR,1,10.859500,,,"{""base"": ""EUR"", ""date"": ""2023-09-12"", ""rate"": 10.8595, ""quote"": ""MAD""}"
frankfurter,2023-09-12,USD,1,10.133900,,,"{""base"": ""USD"", ""date"": ""2023-09-12"", ""rate"": 10.1339, ""quote"": ""MAD""}"
frankfurter,2023-09-13,EUR,1,10.906700,,,"{""base"": ""EUR"", ""date"": ""2023-09-13"", ""rate"": 10.9067, ""quote"": ""MAD""}"
frankfurter,2023-09-13,USD,1,10.162800,,,"{""base"": ""USD"", ""date"": ""2023-09-13"", ""rate"": 10.1628, ""quote"": ""MAD""}"
frankfurter,2023-09-14,EUR,1,10.965200,,,"{""base"": ""EUR"", ""date"": ""2023-09-14"", ""rate"": 10.9652, ""quote"": ""MAD""}"
frankfurter,2023-09-14,USD,1,10.214400,,,"{""base"": ""USD"", ""date"": ""2023-09-14"", ""rate"": 10.2144, ""quote"": ""MAD""}"
frankfurter,2023-09-15,EUR,1,10.936800,,,"{""base"": ""EUR"", ""date"": ""2023-09-15"", ""rate"": 10.9368, ""quote"": ""MAD""}"
frankfurter,2023-09-15,USD,1,10.263500,,,"{""base"": ""USD"", ""date"": ""2023-09-15"", ""rate"": 10.2635, ""quote"": ""MAD""}"
frankfurter,2023-09-18,EUR,1,10.970700,,,"{""base"": ""EUR"", ""date"": ""2023-09-18"", ""rate"": 10.9707, ""quote"": ""MAD""}"
frankfurter,2023-09-18,USD,1,10.281800,,,"{""base"": ""USD"", ""date"": ""2023-09-18"", ""rate"": 10.2818, ""quote"": ""MAD""}"
frankfurter,2023-09-19,EUR,1,10.978000,,,"{""base"": ""EUR"", ""date"": ""2023-09-19"", ""rate"": 10.978, ""quote"": ""MAD""}"
frankfurter,2023-09-19,USD,1,10.257900,,,"{""base"": ""USD"", ""date"": ""2023-09-19"", ""rate"": 10.2579, ""quote"": ""MAD""}"
frankfurter,2023-09-20,EUR,1,10.959500,,,"{""base"": ""EUR"", ""date"": ""2023-09-20"", ""rate"": 10.9595, ""quote"": ""MAD""}"
frankfurter,2023-09-20,USD,1,10.242500,,,"{""base"": ""USD"", ""date"": ""2023-09-20"", ""rate"": 10.2425, ""quote"": ""MAD""}"
frankfurter,2023-09-21,EUR,1,10.944800,,,"{""base"": ""EUR"", ""date"": ""2023-09-21"", ""rate"": 10.9448, ""quote"": ""MAD""}"
frankfurter,2023-09-21,USD,1,10.280700,,,"{""base"": ""USD"", ""date"": ""2023-09-21"", ""rate"": 10.2807, ""quote"": ""MAD""}"
frankfurter,2023-09-22,EUR,1,10.923300,,,"{""base"": ""EUR"", ""date"": ""2023-09-22"", ""rate"": 10.9233, ""quote"": ""MAD""}"
frankfurter,2023-09-22,USD,1,10.267200,,,"{""base"": ""USD"", ""date"": ""2023-09-22"", ""rate"": 10.2672, ""quote"": ""MAD""}"
frankfurter,2023-09-25,EUR,1,10.895300,,,"{""base"": ""EUR"", ""date"": ""2023-09-25"", ""rate"": 10.8953, ""quote"": ""MAD""}"
frankfurter,2023-09-25,USD,1,10.240900,,,"{""base"": ""USD"", ""date"": ""2023-09-25"", ""rate"": 10.2409, ""quote"": ""MAD""}"
frankfurter,2023-09-26,EUR,1,10.875100,,,"{""base"": ""EUR"", ""date"": ""2023-09-26"", ""rate"": 10.8751, ""quote"": ""MAD""}"
frankfurter,2023-09-26,USD,1,10.267300,,,"{""base"": ""USD"", ""date"": ""2023-09-26"", ""rate"": 10.2673, ""quote"": ""MAD""}"
frankfurter,2023-09-27,EUR,1,10.864900,,,"{""base"": ""EUR"", ""date"": ""2023-09-27"", ""rate"": 10.8649, ""quote"": ""MAD""}"
frankfurter,2023-09-27,USD,1,10.298500,,,"{""base"": ""USD"", ""date"": ""2023-09-27"", ""rate"": 10.2985, ""quote"": ""MAD""}"
frankfurter,2023-10-02,EUR,1,10.858200,,,"{""base"": ""EUR"", ""date"": ""2023-10-02"", ""rate"": 10.8582, ""quote"": ""MAD""}"
frankfurter,2023-10-02,USD,1,10.307800,,,"{""base"": ""USD"", ""date"": ""2023-10-02"", ""rate"": 10.3078, ""quote"": ""MAD""}"
frankfurter,2023-10-03,EUR,1,10.824400,,,"{""base"": ""EUR"", ""date"": ""2023-10-03"", ""rate"": 10.8244, ""quote"": ""MAD""}"
frankfurter,2023-10-03,USD,1,10.336500,,,"{""base"": ""USD"", ""date"": ""2023-10-03"", ""rate"": 10.3365, ""quote"": ""MAD""}"
frankfurter,2023-10-04,EUR,1,10.839900,,,"{""base"": ""EUR"", ""date"": ""2023-10-04"", ""rate"": 10.8399, ""quote"": ""MAD""}"
frankfurter,2023-10-04,USD,1,10.310000,,,"{""base"": ""USD"", ""date"": ""2023-10-04"", ""rate"": 10.31, ""quote"": ""MAD""}"
frankfurter,2023-10-05,EUR,1,10.835700,,,"{""base"": ""EUR"", ""date"": ""2023-10-05"", ""rate"": 10.8357, ""quote"": ""MAD""}"
frankfurter,2023-10-05,USD,1,10.305000,,,"{""base"": ""USD"", ""date"": ""2023-10-05"", ""rate"": 10.305, ""quote"": ""MAD""}"
frankfurter,2023-10-06,EUR,1,10.856300,,,"{""base"": ""EUR"", ""date"": ""2023-10-06"", ""rate"": 10.8563, ""quote"": ""MAD""}"
frankfurter,2023-10-06,USD,1,10.288400,,,"{""base"": ""USD"", ""date"": ""2023-10-06"", ""rate"": 10.2884, ""quote"": ""MAD""}"
frankfurter,2023-10-09,EUR,1,10.853300,,,"{""base"": ""EUR"", ""date"": ""2023-10-09"", ""rate"": 10.8533, ""quote"": ""MAD""}"
frankfurter,2023-10-09,USD,1,10.303100,,,"{""base"": ""USD"", ""date"": ""2023-10-09"", ""rate"": 10.3031, ""quote"": ""MAD""}"
frankfurter,2023-10-10,EUR,1,10.870000,,,"{""base"": ""EUR"", ""date"": ""2023-10-10"", ""rate"": 10.87, ""quote"": ""MAD""}"
frankfurter,2023-10-10,USD,1,10.271200,,,"{""base"": ""USD"", ""date"": ""2023-10-10"", ""rate"": 10.2712, ""quote"": ""MAD""}"
frankfurter,2023-10-11,EUR,1,10.866300,,,"{""base"": ""EUR"", ""date"": ""2023-10-11"", ""rate"": 10.8663, ""quote"": ""MAD""}"
frankfurter,2023-10-11,USD,1,10.246400,,,"{""base"": ""USD"", ""date"": ""2023-10-11"", ""rate"": 10.2464, ""quote"": ""MAD""}"
frankfurter,2023-10-13,EUR,1,10.798200,,,"{""base"": ""EUR"", ""date"": ""2023-10-13"", ""rate"": 10.7982, ""quote"": ""MAD""}"
frankfurter,2023-10-13,USD,1,10.268400,,,"{""base"": ""USD"", ""date"": ""2023-10-13"", ""rate"": 10.2684, ""quote"": ""MAD""}"
frankfurter,2023-10-16,EUR,1,10.795500,,,"{""base"": ""EUR"", ""date"": ""2023-10-16"", ""rate"": 10.7955, ""quote"": ""MAD""}"
frankfurter,2023-10-16,USD,1,10.254100,,,"{""base"": ""USD"", ""date"": ""2023-10-16"", ""rate"": 10.2541, ""quote"": ""MAD""}"
frankfurter,2023-10-17,EUR,1,10.828700,,,"{""base"": ""EUR"", ""date"": ""2023-10-17"", ""rate"": 10.8287, ""quote"": ""MAD""}"
frankfurter,2023-10-17,USD,1,10.249600,,,"{""base"": ""USD"", ""date"": ""2023-10-17"", ""rate"": 10.2496, ""quote"": ""MAD""}"
frankfurter,2023-10-18,EUR,1,10.851900,,,"{""base"": ""EUR"", ""date"": ""2023-10-18"", ""rate"": 10.8519, ""quote"": ""MAD""}"
frankfurter,2023-10-18,USD,1,10.280300,,,"{""base"": ""USD"", ""date"": ""2023-10-18"", ""rate"": 10.2803, ""quote"": ""MAD""}"
frankfurter,2023-10-19,EUR,1,10.874700,,,"{""base"": ""EUR"", ""date"": ""2023-10-19"", ""rate"": 10.8747, ""quote"": ""MAD""}"
frankfurter,2023-10-19,USD,1,10.300900,,,"{""base"": ""USD"", ""date"": ""2023-10-19"", ""rate"": 10.3009, ""quote"": ""MAD""}"
frankfurter,2023-10-20,EUR,1,10.930100,,,"{""base"": ""EUR"", ""date"": ""2023-10-20"", ""rate"": 10.9301, ""quote"": ""MAD""}"
frankfurter,2023-10-20,USD,1,10.322100,,,"{""base"": ""USD"", ""date"": ""2023-10-20"", ""rate"": 10.3221, ""quote"": ""MAD""}"
frankfurter,2023-10-23,EUR,1,10.949900,,,"{""base"": ""EUR"", ""date"": ""2023-10-23"", ""rate"": 10.9499, ""quote"": ""MAD""}"
frankfurter,2023-10-23,USD,1,10.324300,,,"{""base"": ""USD"", ""date"": ""2023-10-23"", ""rate"": 10.3243, ""quote"": ""MAD""}"
frankfurter,2023-10-24,EUR,1,10.924300,,,"{""base"": ""EUR"", ""date"": ""2023-10-24"", ""rate"": 10.9243, ""quote"": ""MAD""}"
frankfurter,2023-10-24,USD,1,10.282700,,,"{""base"": ""USD"", ""date"": ""2023-10-24"", ""rate"": 10.2827, ""quote"": ""MAD""}"
frankfurter,2023-10-25,EUR,1,10.874800,,,"{""base"": ""EUR"", ""date"": ""2023-10-25"", ""rate"": 10.8748, ""quote"": ""MAD""}"
frankfurter,2023-10-25,USD,1,10.285400,,,"{""base"": ""USD"", ""date"": ""2023-10-25"", ""rate"": 10.2854, ""quote"": ""MAD""}"
frankfurter,2023-10-26,EUR,1,10.849300,,,"{""base"": ""EUR"", ""date"": ""2023-10-26"", ""rate"": 10.8493, ""quote"": ""MAD""}"
frankfurter,2023-10-26,USD,1,10.297400,,,"{""base"": ""USD"", ""date"": ""2023-10-26"", ""rate"": 10.2974, ""quote"": ""MAD""}"
frankfurter,2023-10-27,EUR,1,10.853500,,,"{""base"": ""EUR"", ""date"": ""2023-10-27"", ""rate"": 10.8535, ""quote"": ""MAD""}"
frankfurter,2023-10-27,USD,1,10.289600,,,"{""base"": ""USD"", ""date"": ""2023-10-27"", ""rate"": 10.2896, ""quote"": ""MAD""}"
frankfurter,2023-10-30,EUR,1,10.911100,,,"{""base"": ""EUR"", ""date"": ""2023-10-30"", ""rate"": 10.9111, ""quote"": ""MAD""}"
frankfurter,2023-10-30,USD,1,10.316900,,,"{""base"": ""USD"", ""date"": ""2023-10-30"", ""rate"": 10.3169, ""quote"": ""MAD""}"
frankfurter,2023-10-31,EUR,1,10.929000,,,"{""base"": ""EUR"", ""date"": ""2023-10-31"", ""rate"": 10.929, ""quote"": ""MAD""}"
frankfurter,2023-10-31,USD,1,10.248500,,,"{""base"": ""USD"", ""date"": ""2023-10-31"", ""rate"": 10.2485, ""quote"": ""MAD""}"
frankfurter,2023-11-01,EUR,1,10.883200,,,"{""base"": ""EUR"", ""date"": ""2023-11-01"", ""rate"": 10.8832, ""quote"": ""MAD""}"
frankfurter,2023-11-01,USD,1,10.317800,,,"{""base"": ""USD"", ""date"": ""2023-11-01"", ""rate"": 10.3178, ""quote"": ""MAD""}"
frankfurter,2023-11-02,EUR,1,10.900900,,,"{""base"": ""EUR"", ""date"": ""2023-11-02"", ""rate"": 10.9009, ""quote"": ""MAD""}"
frankfurter,2023-11-02,USD,1,10.248100,,,"{""base"": ""USD"", ""date"": ""2023-11-02"", ""rate"": 10.2481, ""quote"": ""MAD""}"
frankfurter,2023-11-03,EUR,1,10.918400,,,"{""base"": ""EUR"", ""date"": ""2023-11-03"", ""rate"": 10.9184, ""quote"": ""MAD""}"
frankfurter,2023-11-03,USD,1,10.256800,,,"{""base"": ""USD"", ""date"": ""2023-11-03"", ""rate"": 10.2568, ""quote"": ""MAD""}"
frankfurter,2023-11-07,EUR,1,10.920700,,,"{""base"": ""EUR"", ""date"": ""2023-11-07"", ""rate"": 10.9207, ""quote"": ""MAD""}"
frankfurter,2023-11-07,USD,1,10.227300,,,"{""base"": ""USD"", ""date"": ""2023-11-07"", ""rate"": 10.2273, ""quote"": ""MAD""}"
frankfurter,2023-11-08,EUR,1,10.907300,,,"{""base"": ""EUR"", ""date"": ""2023-11-08"", ""rate"": 10.9073, ""quote"": ""MAD""}"
frankfurter,2023-11-08,USD,1,10.219500,,,"{""base"": ""USD"", ""date"": ""2023-11-08"", ""rate"": 10.2195, ""quote"": ""MAD""}"
frankfurter,2023-11-09,EUR,1,10.916100,,,"{""base"": ""EUR"", ""date"": ""2023-11-09"", ""rate"": 10.9161, ""quote"": ""MAD""}"
frankfurter,2023-11-09,USD,1,10.211500,,,"{""base"": ""USD"", ""date"": ""2023-11-09"", ""rate"": 10.2115, ""quote"": ""MAD""}"
frankfurter,2023-11-10,EUR,1,10.947700,,,"{""base"": ""EUR"", ""date"": ""2023-11-10"", ""rate"": 10.9477, ""quote"": ""MAD""}"
frankfurter,2023-11-10,USD,1,10.245900,,,"{""base"": ""USD"", ""date"": ""2023-11-10"", ""rate"": 10.2459, ""quote"": ""MAD""}"
frankfurter,2023-11-13,EUR,1,10.921600,,,"{""base"": ""EUR"", ""date"": ""2023-11-13"", ""rate"": 10.9216, ""quote"": ""MAD""}"
frankfurter,2023-11-13,USD,1,10.215700,,,"{""base"": ""USD"", ""date"": ""2023-11-13"", ""rate"": 10.2157, ""quote"": ""MAD""}"
frankfurter,2023-11-14,EUR,1,10.933300,,,"{""base"": ""EUR"", ""date"": ""2023-11-14"", ""rate"": 10.9333, ""quote"": ""MAD""}"
frankfurter,2023-11-14,USD,1,10.199000,,,"{""base"": ""USD"", ""date"": ""2023-11-14"", ""rate"": 10.199, ""quote"": ""MAD""}"
frankfurter,2023-11-15,EUR,1,11.015200,,,"{""base"": ""EUR"", ""date"": ""2023-11-15"", ""rate"": 11.0152, ""quote"": ""MAD""}"
frankfurter,2023-11-15,USD,1,10.145700,,,"{""base"": ""USD"", ""date"": ""2023-11-15"", ""rate"": 10.1457, ""quote"": ""MAD""}"
frankfurter,2023-11-16,EUR,1,11.022700,,,"{""base"": ""EUR"", ""date"": ""2023-11-16"", ""rate"": 11.0227, ""quote"": ""MAD""}"
frankfurter,2023-11-16,USD,1,10.158200,,,"{""base"": ""USD"", ""date"": ""2023-11-16"", ""rate"": 10.1582, ""quote"": ""MAD""}"
frankfurter,2023-11-17,EUR,1,11.041300,,,"{""base"": ""EUR"", ""date"": ""2023-11-17"", ""rate"": 11.0413, ""quote"": ""MAD""}"
frankfurter,2023-11-17,USD,1,10.156700,,,"{""base"": ""USD"", ""date"": ""2023-11-17"", ""rate"": 10.1567, ""quote"": ""MAD""}"
frankfurter,2023-11-20,EUR,1,11.075300,,,"{""base"": ""EUR"", ""date"": ""2023-11-20"", ""rate"": 11.0753, ""quote"": ""MAD""}"
frankfurter,2023-11-20,USD,1,10.137600,,,"{""base"": ""USD"", ""date"": ""2023-11-20"", ""rate"": 10.1376, ""quote"": ""MAD""}"
frankfurter,2023-11-21,EUR,1,11.060500,,,"{""base"": ""EUR"", ""date"": ""2023-11-21"", ""rate"": 11.0605, ""quote"": ""MAD""}"
frankfurter,2023-11-21,USD,1,10.106500,,,"{""base"": ""USD"", ""date"": ""2023-11-21"", ""rate"": 10.1065, ""quote"": ""MAD""}"
frankfurter,2023-11-22,EUR,1,11.044000,,,"{""base"": ""EUR"", ""date"": ""2023-11-22"", ""rate"": 11.044, ""quote"": ""MAD""}"
frankfurter,2023-11-22,USD,1,10.129300,,,"{""base"": ""USD"", ""date"": ""2023-11-22"", ""rate"": 10.1293, ""quote"": ""MAD""}"
frankfurter,2023-11-23,EUR,1,11.025000,,,"{""base"": ""EUR"", ""date"": ""2023-11-23"", ""rate"": 11.025, ""quote"": ""MAD""}"
frankfurter,2023-11-23,USD,1,10.100800,,,"{""base"": ""USD"", ""date"": ""2023-11-23"", ""rate"": 10.1008, ""quote"": ""MAD""}"
frankfurter,2023-11-24,EUR,1,11.030200,,,"{""base"": ""EUR"", ""date"": ""2023-11-24"", ""rate"": 11.0302, ""quote"": ""MAD""}"
frankfurter,2023-11-24,USD,1,10.109200,,,"{""base"": ""USD"", ""date"": ""2023-11-24"", ""rate"": 10.1092, ""quote"": ""MAD""}"
frankfurter,2023-11-27,EUR,1,11.022900,,,"{""base"": ""EUR"", ""date"": ""2023-11-27"", ""rate"": 11.0229, ""quote"": ""MAD""}"
frankfurter,2023-11-27,USD,1,10.066600,,,"{""base"": ""USD"", ""date"": ""2023-11-27"", ""rate"": 10.0666, ""quote"": ""MAD""}"
frankfurter,2023-11-30,EUR,1,10.988100,,,"{""base"": ""EUR"", ""date"": ""2023-11-30"", ""rate"": 10.9881, ""quote"": ""MAD""}"
frankfurter,2023-11-30,USD,1,10.067900,,,"{""base"": ""USD"", ""date"": ""2023-11-30"", ""rate"": 10.0679, ""quote"": ""MAD""}"
frankfurter,2023-12-01,EUR,1,10.975100,,,"{""base"": ""EUR"", ""date"": ""2023-12-01"", ""rate"": 10.9751, ""quote"": ""MAD""}"
frankfurter,2023-12-01,USD,1,10.080000,,,"{""base"": ""USD"", ""date"": ""2023-12-01"", ""rate"": 10.08, ""quote"": ""MAD""}"
frankfurter,2023-12-04,EUR,1,10.963400,,,"{""base"": ""EUR"", ""date"": ""2023-12-04"", ""rate"": 10.9634, ""quote"": ""MAD""}"
frankfurter,2023-12-04,USD,1,10.083100,,,"{""base"": ""USD"", ""date"": ""2023-12-04"", ""rate"": 10.0831, ""quote"": ""MAD""}"
frankfurter,2023-12-05,EUR,1,10.939000,,,"{""base"": ""EUR"", ""date"": ""2023-12-05"", ""rate"": 10.939, ""quote"": ""MAD""}"
frankfurter,2023-12-05,USD,1,10.096900,,,"{""base"": ""USD"", ""date"": ""2023-12-05"", ""rate"": 10.0969, ""quote"": ""MAD""}"
frankfurter,2023-12-06,EUR,1,10.898500,,,"{""base"": ""EUR"", ""date"": ""2023-12-06"", ""rate"": 10.8985, ""quote"": ""MAD""}"
frankfurter,2023-12-06,USD,1,10.102400,,,"{""base"": ""USD"", ""date"": ""2023-12-06"", ""rate"": 10.1024, ""quote"": ""MAD""}"
frankfurter,2023-12-07,EUR,1,10.896000,,,"{""base"": ""EUR"", ""date"": ""2023-12-07"", ""rate"": 10.896, ""quote"": ""MAD""}"
frankfurter,2023-12-07,USD,1,10.115100,,,"{""base"": ""USD"", ""date"": ""2023-12-07"", ""rate"": 10.1151, ""quote"": ""MAD""}"
frankfurter,2023-12-08,EUR,1,10.948000,,,"{""base"": ""EUR"", ""date"": ""2023-12-08"", ""rate"": 10.948, ""quote"": ""MAD""}"
frankfurter,2023-12-08,USD,1,10.150200,,,"{""base"": ""USD"", ""date"": ""2023-12-08"", ""rate"": 10.1502, ""quote"": ""MAD""}"
frankfurter,2023-12-11,EUR,1,10.932600,,,"{""base"": ""EUR"", ""date"": ""2023-12-11"", ""rate"": 10.9326, ""quote"": ""MAD""}"
frankfurter,2023-12-11,USD,1,10.150000,,,"{""base"": ""USD"", ""date"": ""2023-12-11"", ""rate"": 10.15, ""quote"": ""MAD""}"
frankfurter,2023-12-12,EUR,1,10.969100,,,"{""base"": ""EUR"", ""date"": ""2023-12-12"", ""rate"": 10.9691, ""quote"": ""MAD""}"
frankfurter,2023-12-12,USD,1,10.156600,,,"{""base"": ""USD"", ""date"": ""2023-12-12"", ""rate"": 10.1566, ""quote"": ""MAD""}"
frankfurter,2023-12-13,EUR,1,10.982600,,,"{""base"": ""EUR"", ""date"": ""2023-12-13"", ""rate"": 10.9826, ""quote"": ""MAD""}"
frankfurter,2023-12-13,USD,1,10.192700,,,"{""base"": ""USD"", ""date"": ""2023-12-13"", ""rate"": 10.1927, ""quote"": ""MAD""}"
frankfurter,2023-12-14,EUR,1,11.044200,,,"{""base"": ""EUR"", ""date"": ""2023-12-14"", ""rate"": 11.0442, ""quote"": ""MAD""}"
frankfurter,2023-12-14,USD,1,10.113700,,,"{""base"": ""USD"", ""date"": ""2023-12-14"", ""rate"": 10.1137, ""quote"": ""MAD""}"
frankfurter,2023-12-15,EUR,1,11.077800,,,"{""base"": ""EUR"", ""date"": ""2023-12-15"", ""rate"": 11.0778, ""quote"": ""MAD""}"
frankfurter,2023-12-15,USD,1,10.102900,,,"{""base"": ""USD"", ""date"": ""2023-12-15"", ""rate"": 10.1029, ""quote"": ""MAD""}"
frankfurter,2023-12-18,EUR,1,11.037900,,,"{""base"": ""EUR"", ""date"": ""2023-12-18"", ""rate"": 11.0379, ""quote"": ""MAD""}"
frankfurter,2023-12-18,USD,1,10.115400,,,"{""base"": ""USD"", ""date"": ""2023-12-18"", ""rate"": 10.1154, ""quote"": ""MAD""}"
frankfurter,2023-12-19,EUR,1,11.038500,,,"{""base"": ""EUR"", ""date"": ""2023-12-19"", ""rate"": 11.0385, ""quote"": ""MAD""}"
frankfurter,2023-12-19,USD,1,10.093700,,,"{""base"": ""USD"", ""date"": ""2023-12-19"", ""rate"": 10.0937, ""quote"": ""MAD""}"
frankfurter,2023-12-20,EUR,1,10.992300,,,"{""base"": ""EUR"", ""date"": ""2023-12-20"", ""rate"": 10.9923, ""quote"": ""MAD""}"
frankfurter,2023-12-20,USD,1,10.040500,,,"{""base"": ""USD"", ""date"": ""2023-12-20"", ""rate"": 10.0405, ""quote"": ""MAD""}"
frankfurter,2023-12-21,EUR,1,10.938300,,,"{""base"": ""EUR"", ""date"": ""2023-12-21"", ""rate"": 10.9383, ""quote"": ""MAD""}"
frankfurter,2023-12-21,USD,1,9.978400,,,"{""base"": ""USD"", ""date"": ""2023-12-21"", ""rate"": 9.9784, ""quote"": ""MAD""}"
frankfurter,2023-12-22,EUR,1,10.924700,,,"{""base"": ""EUR"", ""date"": ""2023-12-22"", ""rate"": 10.9247, ""quote"": ""MAD""}"
frankfurter,2023-12-22,USD,1,9.910800,,,"{""base"": ""USD"", ""date"": ""2023-12-22"", ""rate"": 9.9108, ""quote"": ""MAD""}"
frankfurter,2023-12-26,EUR,1,10.924700,,,"{""base"": ""EUR"", ""date"": ""2023-12-26"", ""rate"": 10.9247, ""quote"": ""MAD""}"
frankfurter,2023-12-26,USD,1,9.910800,,,"{""base"": ""USD"", ""date"": ""2023-12-26"", ""rate"": 9.9108, ""quote"": ""MAD""}"
frankfurter,2023-12-27,EUR,1,10.847300,,,"{""base"": ""EUR"", ""date"": ""2023-12-27"", ""rate"": 10.8473, ""quote"": ""MAD""}"
frankfurter,2023-12-27,USD,1,9.813900,,,"{""base"": ""USD"", ""date"": ""2023-12-27"", ""rate"": 9.8139, ""quote"": ""MAD""}"
frankfurter,2023-12-28,EUR,1,10.968100,,,"{""base"": ""EUR"", ""date"": ""2023-12-28"", ""rate"": 10.9681, ""quote"": ""MAD""}"
frankfurter,2023-12-28,USD,1,9.855400,,,"{""base"": ""USD"", ""date"": ""2023-12-28"", ""rate"": 9.8554, ""quote"": ""MAD""}"
frankfurter,2023-12-29,EUR,1,10.944500,,,"{""base"": ""EUR"", ""date"": ""2023-12-29"", ""rate"": 10.9445, ""quote"": ""MAD""}"
frankfurter,2023-12-29,USD,1,9.892900,,,"{""base"": ""USD"", ""date"": ""2023-12-29"", ""rate"": 9.8929, ""quote"": ""MAD""}"
frankfurter,2024-01-02,EUR,1,10.901400,,,"{""base"": ""EUR"", ""date"": ""2024-01-02"", ""rate"": 10.9014, ""quote"": ""MAD""}"
frankfurter,2024-01-02,USD,1,9.921000,,,"{""base"": ""USD"", ""date"": ""2024-01-02"", ""rate"": 9.921, ""quote"": ""MAD""}"
frankfurter,2024-01-03,EUR,1,10.855800,,,"{""base"": ""EUR"", ""date"": ""2024-01-03"", ""rate"": 10.8558, ""quote"": ""MAD""}"
frankfurter,2024-01-03,USD,1,9.924200,,,"{""base"": ""USD"", ""date"": ""2024-01-03"", ""rate"": 9.9242, ""quote"": ""MAD""}"
frankfurter,2024-01-04,EUR,1,10.830600,,,"{""base"": ""EUR"", ""date"": ""2024-01-04"", ""rate"": 10.8306, ""quote"": ""MAD""}"
frankfurter,2024-01-04,USD,1,9.892500,,,"{""base"": ""USD"", ""date"": ""2024-01-04"", ""rate"": 9.8925, ""quote"": ""MAD""}"
frankfurter,2024-01-05,EUR,1,10.863100,,,"{""base"": ""EUR"", ""date"": ""2024-01-05"", ""rate"": 10.8631, ""quote"": ""MAD""}"
frankfurter,2024-01-05,USD,1,9.946900,,,"{""base"": ""USD"", ""date"": ""2024-01-05"", ""rate"": 9.9469, ""quote"": ""MAD""}"
frankfurter,2024-01-08,EUR,1,10.882600,,,"{""base"": ""EUR"", ""date"": ""2024-01-08"", ""rate"": 10.8826, ""quote"": ""MAD""}"
frankfurter,2024-01-08,USD,1,9.947000,,,"{""base"": ""USD"", ""date"": ""2024-01-08"", ""rate"": 9.947, ""quote"": ""MAD""}"
frankfurter,2024-01-09,EUR,1,10.896800,,,"{""base"": ""EUR"", ""date"": ""2024-01-09"", ""rate"": 10.8968, ""quote"": ""MAD""}"
frankfurter,2024-01-09,USD,1,9.952200,,,"{""base"": ""USD"", ""date"": ""2024-01-09"", ""rate"": 9.9522, ""quote"": ""MAD""}"
frankfurter,2024-01-10,EUR,1,10.904500,,,"{""base"": ""EUR"", ""date"": ""2024-01-10"", ""rate"": 10.9045, ""quote"": ""MAD""}"
frankfurter,2024-01-10,USD,1,9.963100,,,"{""base"": ""USD"", ""date"": ""2024-01-10"", ""rate"": 9.9631, ""quote"": ""MAD""}"
frankfurter,2024-01-12,EUR,1,10.912200,,,"{""base"": ""EUR"", ""date"": ""2024-01-12"", ""rate"": 10.9122, ""quote"": ""MAD""}"
frankfurter,2024-01-12,USD,1,9.948600,,,"{""base"": ""USD"", ""date"": ""2024-01-12"", ""rate"": 9.9486, ""quote"": ""MAD""}"
frankfurter,2024-01-15,EUR,1,10.901600,,,"{""base"": ""EUR"", ""date"": ""2024-01-15"", ""rate"": 10.9016, ""quote"": ""MAD""}"
frankfurter,2024-01-15,USD,1,9.956900,,,"{""base"": ""USD"", ""date"": ""2024-01-15"", ""rate"": 9.9569, ""quote"": ""MAD""}"
frankfurter,2024-01-16,EUR,1,10.868600,,,"{""base"": ""EUR"", ""date"": ""2024-01-16"", ""rate"": 10.8686, ""quote"": ""MAD""}"
frankfurter,2024-01-16,USD,1,9.967100,,,"{""base"": ""USD"", ""date"": ""2024-01-16"", ""rate"": 9.9671, ""quote"": ""MAD""}"
frankfurter,2024-01-17,EUR,1,10.855600,,,"{""base"": ""EUR"", ""date"": ""2024-01-17"", ""rate"": 10.8556, ""quote"": ""MAD""}"
frankfurter,2024-01-17,USD,1,9.986800,,,"{""base"": ""USD"", ""date"": ""2024-01-17"", ""rate"": 9.9868, ""quote"": ""MAD""}"
frankfurter,2024-01-18,EUR,1,10.877200,,,"{""base"": ""EUR"", ""date"": ""2024-01-18"", ""rate"": 10.8772, ""quote"": ""MAD""}"
frankfurter,2024-01-18,USD,1,9.989900,,,"{""base"": ""USD"", ""date"": ""2024-01-18"", ""rate"": 9.9899, ""quote"": ""MAD""}"
frankfurter,2024-01-19,EUR,1,10.841700,,,"{""base"": ""EUR"", ""date"": ""2024-01-19"", ""rate"": 10.8417, ""quote"": ""MAD""}"
frankfurter,2024-01-19,USD,1,9.965400,,,"{""base"": ""USD"", ""date"": ""2024-01-19"", ""rate"": 9.9654, ""quote"": ""MAD""}"
frankfurter,2024-01-22,EUR,1,10.826200,,,"{""base"": ""EUR"", ""date"": ""2024-01-22"", ""rate"": 10.8262, ""quote"": ""MAD""}"
frankfurter,2024-01-22,USD,1,9.941400,,,"{""base"": ""USD"", ""date"": ""2024-01-22"", ""rate"": 9.9414, ""quote"": ""MAD""}"
frankfurter,2024-01-23,EUR,1,10.834400,,,"{""base"": ""EUR"", ""date"": ""2024-01-23"", ""rate"": 10.8344, ""quote"": ""MAD""}"
frankfurter,2024-01-23,USD,1,9.948200,,,"{""base"": ""USD"", ""date"": ""2024-01-23"", ""rate"": 9.9482, ""quote"": ""MAD""}"
frankfurter,2024-01-24,EUR,1,10.852200,,,"{""base"": ""EUR"", ""date"": ""2024-01-24"", ""rate"": 10.8522, ""quote"": ""MAD""}"
frankfurter,2024-01-24,USD,1,9.959600,,,"{""base"": ""USD"", ""date"": ""2024-01-24"", ""rate"": 9.9596, ""quote"": ""MAD""}"
frankfurter,2024-01-25,EUR,1,10.840200,,,"{""base"": ""EUR"", ""date"": ""2024-01-25"", ""rate"": 10.8402, ""quote"": ""MAD""}"
frankfurter,2024-01-25,USD,1,9.952300,,,"{""base"": ""USD"", ""date"": ""2024-01-25"", ""rate"": 9.9523, ""quote"": ""MAD""}"
frankfurter,2024-01-26,EUR,1,10.831300,,,"{""base"": ""EUR"", ""date"": ""2024-01-26"", ""rate"": 10.8313, ""quote"": ""MAD""}"
frankfurter,2024-01-26,USD,1,9.977700,,,"{""base"": ""USD"", ""date"": ""2024-01-26"", ""rate"": 9.9777, ""quote"": ""MAD""}"
frankfurter,2024-01-29,EUR,1,10.839700,,,"{""base"": ""EUR"", ""date"": ""2024-01-29"", ""rate"": 10.8397, ""quote"": ""MAD""}"
frankfurter,2024-01-29,USD,1,10.012600,,,"{""base"": ""USD"", ""date"": ""2024-01-29"", ""rate"": 10.0126, ""quote"": ""MAD""}"
frankfurter,2024-01-30,EUR,1,10.850800,,,"{""base"": ""EUR"", ""date"": ""2024-01-30"", ""rate"": 10.8508, ""quote"": ""MAD""}"
frankfurter,2024-01-30,USD,1,10.015400,,,"{""base"": ""USD"", ""date"": ""2024-01-30"", ""rate"": 10.0154, ""quote"": ""MAD""}"
frankfurter,2024-01-31,EUR,1,10.854100,,,"{""base"": ""EUR"", ""date"": ""2024-01-31"", ""rate"": 10.8541, ""quote"": ""MAD""}"
frankfurter,2024-01-31,USD,1,10.031100,,,"{""base"": ""USD"", ""date"": ""2024-01-31"", ""rate"": 10.0311, ""quote"": ""MAD""}"
frankfurter,2024-02-01,EUR,1,10.831400,,,"{""base"": ""EUR"", ""date"": ""2024-02-01"", ""rate"": 10.8314, ""quote"": ""MAD""}"
frankfurter,2024-02-01,USD,1,10.040900,,,"{""base"": ""USD"", ""date"": ""2024-02-01"", ""rate"": 10.0409, ""quote"": ""MAD""}"
frankfurter,2024-02-02,EUR,1,10.858800,,,"{""base"": ""EUR"", ""date"": ""2024-02-02"", ""rate"": 10.8588, ""quote"": ""MAD""}"
frankfurter,2024-02-02,USD,1,10.013600,,,"{""base"": ""USD"", ""date"": ""2024-02-02"", ""rate"": 10.0136, ""quote"": ""MAD""}"
frankfurter,2024-02-05,EUR,1,10.813800,,,"{""base"": ""EUR"", ""date"": ""2024-02-05"", ""rate"": 10.8138, ""quote"": ""MAD""}"
frankfurter,2024-02-05,USD,1,10.054300,,,"{""base"": ""USD"", ""date"": ""2024-02-05"", ""rate"": 10.0543, ""quote"": ""MAD""}"
frankfurter,2024-02-06,EUR,1,10.823700,,,"{""base"": ""EUR"", ""date"": ""2024-02-06"", ""rate"": 10.8237, ""quote"": ""MAD""}"
frankfurter,2024-02-06,USD,1,10.076900,,,"{""base"": ""USD"", ""date"": ""2024-02-06"", ""rate"": 10.0769, ""quote"": ""MAD""}"
frankfurter,2024-02-07,EUR,1,10.841600,,,"{""base"": ""EUR"", ""date"": ""2024-02-07"", ""rate"": 10.8416, ""quote"": ""MAD""}"
frankfurter,2024-02-07,USD,1,10.065500,,,"{""base"": ""USD"", ""date"": ""2024-02-07"", ""rate"": 10.0655, ""quote"": ""MAD""}"
frankfurter,2024-02-08,EUR,1,10.837000,,,"{""base"": ""EUR"", ""date"": ""2024-02-08"", ""rate"": 10.837, ""quote"": ""MAD""}"
frankfurter,2024-02-08,USD,1,10.057700,,,"{""base"": ""USD"", ""date"": ""2024-02-08"", ""rate"": 10.0577, ""quote"": ""MAD""}"
frankfurter,2024-02-09,EUR,1,10.818300,,,"{""base"": ""EUR"", ""date"": ""2024-02-09"", ""rate"": 10.8183, ""quote"": ""MAD""}"
frankfurter,2024-02-09,USD,1,10.036200,,,"{""base"": ""USD"", ""date"": ""2024-02-09"", ""rate"": 10.0362, ""quote"": ""MAD""}"
frankfurter,2024-02-12,EUR,1,10.812900,,,"{""base"": ""EUR"", ""date"": ""2024-02-12"", ""rate"": 10.8129, ""quote"": ""MAD""}"
frankfurter,2024-02-12,USD,1,10.036400,,,"{""base"": ""USD"", ""date"": ""2024-02-12"", ""rate"": 10.0364, ""quote"": ""MAD""}"
frankfurter,2024-02-13,EUR,1,10.811300,,,"{""base"": ""EUR"", ""date"": ""2024-02-13"", ""rate"": 10.8113, ""quote"": ""MAD""}"
frankfurter,2024-02-13,USD,1,10.043100,,,"{""base"": ""USD"", ""date"": ""2024-02-13"", ""rate"": 10.0431, ""quote"": ""MAD""}"
frankfurter,2024-02-14,EUR,1,10.791700,,,"{""base"": ""EUR"", ""date"": ""2024-02-14"", ""rate"": 10.7917, ""quote"": ""MAD""}"
frankfurter,2024-02-14,USD,1,10.084600,,,"{""base"": ""USD"", ""date"": ""2024-02-14"", ""rate"": 10.0846, ""quote"": ""MAD""}"
frankfurter,2024-02-15,EUR,1,10.815700,,,"{""base"": ""EUR"", ""date"": ""2024-02-15"", ""rate"": 10.8157, ""quote"": ""MAD""}"
frankfurter,2024-02-15,USD,1,10.072700,,,"{""base"": ""USD"", ""date"": ""2024-02-15"", ""rate"": 10.0727, ""quote"": ""MAD""}"
frankfurter,2024-02-16,EUR,1,10.840200,,,"{""base"": ""EUR"", ""date"": ""2024-02-16"", ""rate"": 10.8402, ""quote"": ""MAD""}"
frankfurter,2024-02-16,USD,1,10.070700,,,"{""base"": ""USD"", ""date"": ""2024-02-16"", ""rate"": 10.0707, ""quote"": ""MAD""}"
frankfurter,2024-02-19,EUR,1,10.854000,,,"{""base"": ""EUR"", ""date"": ""2024-02-19"", ""rate"": 10.854, ""quote"": ""MAD""}"
frankfurter,2024-02-19,USD,1,10.072900,,,"{""base"": ""USD"", ""date"": ""2024-02-19"", ""rate"": 10.0729, ""quote"": ""MAD""}"
frankfurter,2024-02-20,EUR,1,10.876100,,,"{""base"": ""EUR"", ""date"": ""2024-02-20"", ""rate"": 10.8761, ""quote"": ""MAD""}"
frankfurter,2024-02-20,USD,1,10.080000,,,"{""base"": ""USD"", ""date"": ""2024-02-20"", ""rate"": 10.08, ""quote"": ""MAD""}"
frankfurter,2024-02-21,EUR,1,10.891200,,,"{""base"": ""EUR"", ""date"": ""2024-02-21"", ""rate"": 10.8912, ""quote"": ""MAD""}"
frankfurter,2024-02-21,USD,1,10.081800,,,"{""base"": ""USD"", ""date"": ""2024-02-21"", ""rate"": 10.0818, ""quote"": ""MAD""}"
frankfurter,2024-02-22,EUR,1,10.903200,,,"{""base"": ""EUR"", ""date"": ""2024-02-22"", ""rate"": 10.9032, ""quote"": ""MAD""}"
frankfurter,2024-02-22,USD,1,10.048300,,,"{""base"": ""USD"", ""date"": ""2024-02-22"", ""rate"": 10.0483, ""quote"": ""MAD""}"
frankfurter,2024-02-23,EUR,1,10.874200,,,"{""base"": ""EUR"", ""date"": ""2024-02-23"", ""rate"": 10.8742, ""quote"": ""MAD""}"
frankfurter,2024-02-23,USD,1,10.044200,,,"{""base"": ""USD"", ""date"": ""2024-02-23"", ""rate"": 10.0442, ""quote"": ""MAD""}"
frankfurter,2024-02-26,EUR,1,10.902100,,,"{""base"": ""EUR"", ""date"": ""2024-02-26"", ""rate"": 10.9021, ""quote"": ""MAD""}"
frankfurter,2024-02-26,USD,1,10.057900,,,"{""base"": ""USD"", ""date"": ""2024-02-26"", ""rate"": 10.0579, ""quote"": ""MAD""}"
frankfurter,2024-02-27,EUR,1,10.920300,,,"{""base"": ""EUR"", ""date"": ""2024-02-27"", ""rate"": 10.9203, ""quote"": ""MAD""}"
frankfurter,2024-02-27,USD,1,10.060700,,,"{""base"": ""USD"", ""date"": ""2024-02-27"", ""rate"": 10.0607, ""quote"": ""MAD""}"
frankfurter,2024-02-28,EUR,1,10.933000,,,"{""base"": ""EUR"", ""date"": ""2024-02-28"", ""rate"": 10.933, ""quote"": ""MAD""}"
frankfurter,2024-02-28,USD,1,10.108800,,,"{""base"": ""USD"", ""date"": ""2024-02-28"", ""rate"": 10.1088, ""quote"": ""MAD""}"
frankfurter,2024-02-29,EUR,1,10.928600,,,"{""base"": ""EUR"", ""date"": ""2024-02-29"", ""rate"": 10.9286, ""quote"": ""MAD""}"
frankfurter,2024-02-29,USD,1,10.081000,,,"{""base"": ""USD"", ""date"": ""2024-02-29"", ""rate"": 10.081, ""quote"": ""MAD""}"
frankfurter,2024-03-01,EUR,1,10.913800,,,"{""base"": ""EUR"", ""date"": ""2024-03-01"", ""rate"": 10.9138, ""quote"": ""MAD""}"
frankfurter,2024-03-01,USD,1,10.094300,,,"{""base"": ""USD"", ""date"": ""2024-03-01"", ""rate"": 10.0943, ""quote"": ""MAD""}"
frankfurter,2024-03-04,EUR,1,10.910700,,,"{""base"": ""EUR"", ""date"": ""2024-03-04"", ""rate"": 10.9107, ""quote"": ""MAD""}"
frankfurter,2024-03-04,USD,1,10.058300,,,"{""base"": ""USD"", ""date"": ""2024-03-04"", ""rate"": 10.0583, ""quote"": ""MAD""}"
frankfurter,2024-03-05,EUR,1,10.902200,,,"{""base"": ""EUR"", ""date"": ""2024-03-05"", ""rate"": 10.9022, ""quote"": ""MAD""}"
frankfurter,2024-03-05,USD,1,10.048600,,,"{""base"": ""USD"", ""date"": ""2024-03-05"", ""rate"": 10.0486, ""quote"": ""MAD""}"
frankfurter,2024-03-06,EUR,1,10.899500,,,"{""base"": ""EUR"", ""date"": ""2024-03-06"", ""rate"": 10.8995, ""quote"": ""MAD""}"
frankfurter,2024-03-06,USD,1,10.024300,,,"{""base"": ""USD"", ""date"": ""2024-03-06"", ""rate"": 10.0243, ""quote"": ""MAD""}"
frankfurter,2024-03-07,EUR,1,10.911500,,,"{""base"": ""EUR"", ""date"": ""2024-03-07"", ""rate"": 10.9115, ""quote"": ""MAD""}"
frankfurter,2024-03-07,USD,1,10.014400,,,"{""base"": ""USD"", ""date"": ""2024-03-07"", ""rate"": 10.0144, ""quote"": ""MAD""}"
frankfurter,2024-03-08,EUR,1,10.974600,,,"{""base"": ""EUR"", ""date"": ""2024-03-08"", ""rate"": 10.9746, ""quote"": ""MAD""}"
frankfurter,2024-03-08,USD,1,10.033800,,,"{""base"": ""USD"", ""date"": ""2024-03-08"", ""rate"": 10.0338, ""quote"": ""MAD""}"
frankfurter,2024-03-11,EUR,1,10.987800,,,"{""base"": ""EUR"", ""date"": ""2024-03-11"", ""rate"": 10.9878, ""quote"": ""MAD""}"
frankfurter,2024-03-11,USD,1,10.044400,,,"{""base"": ""USD"", ""date"": ""2024-03-11"", ""rate"": 10.0444, ""quote"": ""MAD""}"
frankfurter,2024-03-12,EUR,1,10.976500,,,"{""base"": ""EUR"", ""date"": ""2024-03-12"", ""rate"": 10.9765, ""quote"": ""MAD""}"
frankfurter,2024-03-12,USD,1,10.043800,,,"{""base"": ""USD"", ""date"": ""2024-03-12"", ""rate"": 10.0438, ""quote"": ""MAD""}"
frankfurter,2024-03-13,EUR,1,10.959600,,,"{""base"": ""EUR"", ""date"": ""2024-03-13"", ""rate"": 10.9596, ""quote"": ""MAD""}"
frankfurter,2024-03-13,USD,1,10.030900,,,"{""base"": ""USD"", ""date"": ""2024-03-13"", ""rate"": 10.0309, ""quote"": ""MAD""}"
frankfurter,2024-03-14,EUR,1,10.970200,,,"{""base"": ""EUR"", ""date"": ""2024-03-14"", ""rate"": 10.9702, ""quote"": ""MAD""}"
frankfurter,2024-03-14,USD,1,10.028200,,,"{""base"": ""USD"", ""date"": ""2024-03-14"", ""rate"": 10.0282, ""quote"": ""MAD""}"
frankfurter,2024-03-15,EUR,1,10.944400,,,"{""base"": ""EUR"", ""date"": ""2024-03-15"", ""rate"": 10.9444, ""quote"": ""MAD""}"
frankfurter,2024-03-15,USD,1,10.050600,,,"{""base"": ""USD"", ""date"": ""2024-03-15"", ""rate"": 10.0506, ""quote"": ""MAD""}"
frankfurter,2024-03-18,EUR,1,10.953700,,,"{""base"": ""EUR"", ""date"": ""2024-03-18"", ""rate"": 10.9537, ""quote"": ""MAD""}"
frankfurter,2024-03-18,USD,1,10.050200,,,"{""base"": ""USD"", ""date"": ""2024-03-18"", ""rate"": 10.0502, ""quote"": ""MAD""}"
frankfurter,2024-03-19,EUR,1,10.906500,,,"{""base"": ""EUR"", ""date"": ""2024-03-19"", ""rate"": 10.9065, ""quote"": ""MAD""}"
frankfurter,2024-03-19,USD,1,10.055300,,,"{""base"": ""USD"", ""date"": ""2024-03-19"", ""rate"": 10.0553, ""quote"": ""MAD""}"
frankfurter,2024-03-20,EUR,1,10.907000,,,"{""base"": ""EUR"", ""date"": ""2024-03-20"", ""rate"": 10.907, ""quote"": ""MAD""}"
frankfurter,2024-03-20,USD,1,10.060200,,,"{""base"": ""USD"", ""date"": ""2024-03-20"", ""rate"": 10.0602, ""quote"": ""MAD""}"
frankfurter,2024-03-21,EUR,1,10.943300,,,"{""base"": ""EUR"", ""date"": ""2024-03-21"", ""rate"": 10.9433, ""quote"": ""MAD""}"
frankfurter,2024-03-21,USD,1,10.031100,,,"{""base"": ""USD"", ""date"": ""2024-03-21"", ""rate"": 10.0311, ""quote"": ""MAD""}"
frankfurter,2024-03-22,EUR,1,10.912800,,,"{""base"": ""EUR"", ""date"": ""2024-03-22"", ""rate"": 10.9128, ""quote"": ""MAD""}"
frankfurter,2024-03-22,USD,1,10.086600,,,"{""base"": ""USD"", ""date"": ""2024-03-22"", ""rate"": 10.0866, ""quote"": ""MAD""}"
frankfurter,2024-03-25,EUR,1,10.926600,,,"{""base"": ""EUR"", ""date"": ""2024-03-25"", ""rate"": 10.9266, ""quote"": ""MAD""}"
frankfurter,2024-03-25,USD,1,10.092500,,,"{""base"": ""USD"", ""date"": ""2024-03-25"", ""rate"": 10.0925, ""quote"": ""MAD""}"
frankfurter,2024-03-26,EUR,1,10.966100,,,"{""base"": ""EUR"", ""date"": ""2024-03-26"", ""rate"": 10.9661, ""quote"": ""MAD""}"
frankfurter,2024-03-26,USD,1,10.104400,,,"{""base"": ""USD"", ""date"": ""2024-03-26"", ""rate"": 10.1044, ""quote"": ""MAD""}"
frankfurter,2024-03-27,EUR,1,10.986100,,,"{""base"": ""EUR"", ""date"": ""2024-03-27"", ""rate"": 10.9861, ""quote"": ""MAD""}"
frankfurter,2024-03-27,USD,1,10.152100,,,"{""base"": ""USD"", ""date"": ""2024-03-27"", ""rate"": 10.1521, ""quote"": ""MAD""}"
frankfurter,2024-03-28,EUR,1,10.937600,,,"{""base"": ""EUR"", ""date"": ""2024-03-28"", ""rate"": 10.9376, ""quote"": ""MAD""}"
frankfurter,2024-03-28,USD,1,10.138400,,,"{""base"": ""USD"", ""date"": ""2024-03-28"", ""rate"": 10.1384, ""quote"": ""MAD""}"
frankfurter,2024-03-29,EUR,1,10.884700,,,"{""base"": ""EUR"", ""date"": ""2024-03-29"", ""rate"": 10.8847, ""quote"": ""MAD""}"
frankfurter,2024-03-29,USD,1,10.094000,,,"{""base"": ""USD"", ""date"": ""2024-03-29"", ""rate"": 10.094, ""quote"": ""MAD""}"
frankfurter,2024-04-01,EUR,1,10.878700,,,"{""base"": ""EUR"", ""date"": ""2024-04-01"", ""rate"": 10.8787, ""quote"": ""MAD""}"
frankfurter,2024-04-01,USD,1,10.091900,,,"{""base"": ""USD"", ""date"": ""2024-04-01"", ""rate"": 10.0919, ""quote"": ""MAD""}"
frankfurter,2024-04-02,EUR,1,10.839600,,,"{""base"": ""EUR"", ""date"": ""2024-04-02"", ""rate"": 10.8396, ""quote"": ""MAD""}"
frankfurter,2024-04-02,USD,1,10.090400,,,"{""base"": ""USD"", ""date"": ""2024-04-02"", ""rate"": 10.0904, ""quote"": ""MAD""}"
frankfurter,2024-04-03,EUR,1,10.865300,,,"{""base"": ""EUR"", ""date"": ""2024-04-03"", ""rate"": 10.8653, ""quote"": ""MAD""}"
frankfurter,2024-04-03,USD,1,10.086100,,,"{""base"": ""USD"", ""date"": ""2024-04-03"", ""rate"": 10.0861, ""quote"": ""MAD""}"
frankfurter,2024-04-04,EUR,1,10.920300,,,"{""base"": ""EUR"", ""date"": ""2024-04-04"", ""rate"": 10.9203, ""quote"": ""MAD""}"
frankfurter,2024-04-04,USD,1,10.057000,,,"{""base"": ""USD"", ""date"": ""2024-04-04"", ""rate"": 10.057, ""quote"": ""MAD""}"
frankfurter,2024-04-05,EUR,1,10.906000,,,"{""base"": ""EUR"", ""date"": ""2024-04-05"", ""rate"": 10.906, ""quote"": ""MAD""}"
frankfurter,2024-04-05,USD,1,10.067500,,,"{""base"": ""USD"", ""date"": ""2024-04-05"", ""rate"": 10.0675, ""quote"": ""MAD""}"
frankfurter,2024-04-08,EUR,1,10.868400,,,"{""base"": ""EUR"", ""date"": ""2024-04-08"", ""rate"": 10.8684, ""quote"": ""MAD""}"
frankfurter,2024-04-08,USD,1,10.038600,,,"{""base"": ""USD"", ""date"": ""2024-04-08"", ""rate"": 10.0386, ""quote"": ""MAD""}"
frankfurter,2024-04-09,EUR,1,10.889900,,,"{""base"": ""EUR"", ""date"": ""2024-04-09"", ""rate"": 10.8899, ""quote"": ""MAD""}"
frankfurter,2024-04-09,USD,1,10.020000,,,"{""base"": ""USD"", ""date"": ""2024-04-09"", ""rate"": 10.02, ""quote"": ""MAD""}"
frankfurter,2024-04-15,EUR,1,10.818300,,,"{""base"": ""EUR"", ""date"": ""2024-04-15"", ""rate"": 10.8183, ""quote"": ""MAD""}"
frankfurter,2024-04-15,USD,1,10.153500,,,"{""base"": ""USD"", ""date"": ""2024-04-15"", ""rate"": 10.1535, ""quote"": ""MAD""}"
frankfurter,2024-04-16,EUR,1,10.809500,,,"{""base"": ""EUR"", ""date"": ""2024-04-16"", ""rate"": 10.8095, ""quote"": ""MAD""}"
frankfurter,2024-04-16,USD,1,10.167700,,,"{""base"": ""USD"", ""date"": ""2024-04-16"", ""rate"": 10.1677, ""quote"": ""MAD""}"
frankfurter,2024-04-17,EUR,1,10.805100,,,"{""base"": ""EUR"", ""date"": ""2024-04-17"", ""rate"": 10.8051, ""quote"": ""MAD""}"
frankfurter,2024-04-17,USD,1,10.152900,,,"{""base"": ""USD"", ""date"": ""2024-04-17"", ""rate"": 10.1529, ""quote"": ""MAD""}"
frankfurter,2024-04-18,EUR,1,10.803600,,,"{""base"": ""EUR"", ""date"": ""2024-04-18"", ""rate"": 10.8036, ""quote"": ""MAD""}"
frankfurter,2024-04-18,USD,1,10.123300,,,"{""base"": ""USD"", ""date"": ""2024-04-18"", ""rate"": 10.1233, ""quote"": ""MAD""}"
frankfurter,2024-04-19,EUR,1,10.807800,,,"{""base"": ""EUR"", ""date"": ""2024-04-19"", ""rate"": 10.8078, ""quote"": ""MAD""}"
frankfurter,2024-04-19,USD,1,10.142900,,,"{""base"": ""USD"", ""date"": ""2024-04-19"", ""rate"": 10.1429, ""quote"": ""MAD""}"
frankfurter,2024-04-22,EUR,1,10.805700,,,"{""base"": ""EUR"", ""date"": ""2024-04-22"", ""rate"": 10.8057, ""quote"": ""MAD""}"
frankfurter,2024-04-22,USD,1,10.152900,,,"{""base"": ""USD"", ""date"": ""2024-04-22"", ""rate"": 10.1529, ""quote"": ""MAD""}"
frankfurter,2024-04-23,EUR,1,10.823900,,,"{""base"": ""EUR"", ""date"": ""2024-04-23"", ""rate"": 10.8239, ""quote"": ""MAD""}"
frankfurter,2024-04-23,USD,1,10.148100,,,"{""base"": ""USD"", ""date"": ""2024-04-23"", ""rate"": 10.1481, ""quote"": ""MAD""}"
frankfurter,2024-04-24,EUR,1,10.854600,,,"{""base"": ""EUR"", ""date"": ""2024-04-24"", ""rate"": 10.8546, ""quote"": ""MAD""}"
frankfurter,2024-04-24,USD,1,10.155200,,,"{""base"": ""USD"", ""date"": ""2024-04-24"", ""rate"": 10.1552, ""quote"": ""MAD""}"
frankfurter,2024-04-25,EUR,1,10.852200,,,"{""base"": ""EUR"", ""date"": ""2024-04-25"", ""rate"": 10.8522, ""quote"": ""MAD""}"
frankfurter,2024-04-25,USD,1,10.130700,,,"{""base"": ""USD"", ""date"": ""2024-04-25"", ""rate"": 10.1307, ""quote"": ""MAD""}"
frankfurter,2024-04-26,EUR,1,10.855300,,,"{""base"": ""EUR"", ""date"": ""2024-04-26"", ""rate"": 10.8553, ""quote"": ""MAD""}"
frankfurter,2024-04-26,USD,1,10.118000,,,"{""base"": ""USD"", ""date"": ""2024-04-26"", ""rate"": 10.118, ""quote"": ""MAD""}"
frankfurter,2024-04-29,EUR,1,10.829500,,,"{""base"": ""EUR"", ""date"": ""2024-04-29"", ""rate"": 10.8295, ""quote"": ""MAD""}"
frankfurter,2024-04-29,USD,1,10.107400,,,"{""base"": ""USD"", ""date"": ""2024-04-29"", ""rate"": 10.1074, ""quote"": ""MAD""}"
frankfurter,2024-04-30,EUR,1,10.824100,,,"{""base"": ""EUR"", ""date"": ""2024-04-30"", ""rate"": 10.8241, ""quote"": ""MAD""}"
frankfurter,2024-04-30,USD,1,10.096500,,,"{""base"": ""USD"", ""date"": ""2024-04-30"", ""rate"": 10.0965, ""quote"": ""MAD""}"
frankfurter,2024-05-02,EUR,1,10.799000,,,"{""base"": ""EUR"", ""date"": ""2024-05-02"", ""rate"": 10.799, ""quote"": ""MAD""}"
frankfurter,2024-05-02,USD,1,10.090200,,,"{""base"": ""USD"", ""date"": ""2024-05-02"", ""rate"": 10.0902, ""quote"": ""MAD""}"
frankfurter,2024-05-03,EUR,1,10.834200,,,"{""base"": ""EUR"", ""date"": ""2024-05-03"", ""rate"": 10.8342, ""quote"": ""MAD""}"
frankfurter,2024-05-03,USD,1,10.063100,,,"{""base"": ""USD"", ""date"": ""2024-05-03"", ""rate"": 10.0631, ""quote"": ""MAD""}"
frankfurter,2024-05-06,EUR,1,10.814600,,,"{""base"": ""EUR"", ""date"": ""2024-05-06"", ""rate"": 10.8146, ""quote"": ""MAD""}"
frankfurter,2024-05-06,USD,1,10.035700,,,"{""base"": ""USD"", ""date"": ""2024-05-06"", ""rate"": 10.0357, ""quote"": ""MAD""}"
frankfurter,2024-05-07,EUR,1,10.803500,,,"{""base"": ""EUR"", ""date"": ""2024-05-07"", ""rate"": 10.8035, ""quote"": ""MAD""}"
frankfurter,2024-05-07,USD,1,10.034900,,,"{""base"": ""USD"", ""date"": ""2024-05-07"", ""rate"": 10.0349, ""quote"": ""MAD""}"
frankfurter,2024-05-08,EUR,1,10.776500,,,"{""base"": ""EUR"", ""date"": ""2024-05-08"", ""rate"": 10.7765, ""quote"": ""MAD""}"
frankfurter,2024-05-08,USD,1,10.027600,,,"{""base"": ""USD"", ""date"": ""2024-05-08"", ""rate"": 10.0276, ""quote"": ""MAD""}"
frankfurter,2024-05-09,EUR,1,10.783900,,,"{""base"": ""EUR"", ""date"": ""2024-05-09"", ""rate"": 10.7839, ""quote"": ""MAD""}"
frankfurter,2024-05-09,USD,1,10.044700,,,"{""base"": ""USD"", ""date"": ""2024-05-09"", ""rate"": 10.0447, ""quote"": ""MAD""}"
frankfurter,2024-05-10,EUR,1,10.814700,,,"{""base"": ""EUR"", ""date"": ""2024-05-10"", ""rate"": 10.8147, ""quote"": ""MAD""}"
frankfurter,2024-05-10,USD,1,10.030200,,,"{""base"": ""USD"", ""date"": ""2024-05-10"", ""rate"": 10.0302, ""quote"": ""MAD""}"
frankfurter,2024-05-13,EUR,1,10.817100,,,"{""base"": ""EUR"", ""date"": ""2024-05-13"", ""rate"": 10.8171, ""quote"": ""MAD""}"
frankfurter,2024-05-13,USD,1,10.027900,,,"{""base"": ""USD"", ""date"": ""2024-05-13"", ""rate"": 10.0279, ""quote"": ""MAD""}"
frankfurter,2024-05-14,EUR,1,10.827600,,,"{""base"": ""EUR"", ""date"": ""2024-05-14"", ""rate"": 10.8276, ""quote"": ""MAD""}"
frankfurter,2024-05-14,USD,1,10.024700,,,"{""base"": ""USD"", ""date"": ""2024-05-14"", ""rate"": 10.0247, ""quote"": ""MAD""}"
frankfurter,2024-05-15,EUR,1,10.819000,,,"{""base"": ""EUR"", ""date"": ""2024-05-15"", ""rate"": 10.819, ""quote"": ""MAD""}"
frankfurter,2024-05-15,USD,1,9.989100,,,"{""base"": ""USD"", ""date"": ""2024-05-15"", ""rate"": 9.9891, ""quote"": ""MAD""}"
frankfurter,2024-05-16,EUR,1,10.824600,,,"{""base"": ""EUR"", ""date"": ""2024-05-16"", ""rate"": 10.8246, ""quote"": ""MAD""}"
frankfurter,2024-05-16,USD,1,9.958800,,,"{""base"": ""USD"", ""date"": ""2024-05-16"", ""rate"": 9.9588, ""quote"": ""MAD""}"
frankfurter,2024-05-17,EUR,1,10.816400,,,"{""base"": ""EUR"", ""date"": ""2024-05-17"", ""rate"": 10.8164, ""quote"": ""MAD""}"
frankfurter,2024-05-17,USD,1,9.966900,,,"{""base"": ""USD"", ""date"": ""2024-05-17"", ""rate"": 9.9669, ""quote"": ""MAD""}"
frankfurter,2024-05-20,EUR,1,10.792300,,,"{""base"": ""EUR"", ""date"": ""2024-05-20"", ""rate"": 10.7923, ""quote"": ""MAD""}"
frankfurter,2024-05-20,USD,1,9.931600,,,"{""base"": ""USD"", ""date"": ""2024-05-20"", ""rate"": 9.9316, ""quote"": ""MAD""}"
frankfurter,2024-05-21,EUR,1,10.764000,,,"{""base"": ""EUR"", ""date"": ""2024-05-21"", ""rate"": 10.764, ""quote"": ""MAD""}"
frankfurter,2024-05-21,USD,1,9.915900,,,"{""base"": ""USD"", ""date"": ""2024-05-21"", ""rate"": 9.9159, ""quote"": ""MAD""}"
frankfurter,2024-05-22,EUR,1,10.722900,,,"{""base"": ""EUR"", ""date"": ""2024-05-22"", ""rate"": 10.7229, ""quote"": ""MAD""}"
frankfurter,2024-05-22,USD,1,9.881800,,,"{""base"": ""USD"", ""date"": ""2024-05-22"", ""rate"": 9.8818, ""quote"": ""MAD""}"
frankfurter,2024-05-23,EUR,1,10.766900,,,"{""base"": ""EUR"", ""date"": ""2024-05-23"", ""rate"": 10.7669, ""quote"": ""MAD""}"
frankfurter,2024-05-23,USD,1,9.931800,,,"{""base"": ""USD"", ""date"": ""2024-05-23"", ""rate"": 9.9318, ""quote"": ""MAD""}"
frankfurter,2024-05-24,EUR,1,10.778800,,,"{""base"": ""EUR"", ""date"": ""2024-05-24"", ""rate"": 10.7788, ""quote"": ""MAD""}"
frankfurter,2024-05-24,USD,1,9.956000,,,"{""base"": ""USD"", ""date"": ""2024-05-24"", ""rate"": 9.956, ""quote"": ""MAD""}"
frankfurter,2024-05-28,EUR,1,10.802800,,,"{""base"": ""EUR"", ""date"": ""2024-05-28"", ""rate"": 10.8028, ""quote"": ""MAD""}"
frankfurter,2024-05-28,USD,1,9.936900,,,"{""base"": ""USD"", ""date"": ""2024-05-28"", ""rate"": 9.9369, ""quote"": ""MAD""}"
frankfurter,2024-05-29,EUR,1,10.777700,,,"{""base"": ""EUR"", ""date"": ""2024-05-29"", ""rate"": 10.7777, ""quote"": ""MAD""}"
frankfurter,2024-05-29,USD,1,9.942200,,,"{""base"": ""USD"", ""date"": ""2024-05-29"", ""rate"": 9.9422, ""quote"": ""MAD""}"
frankfurter,2024-05-30,EUR,1,10.777400,,,"{""base"": ""EUR"", ""date"": ""2024-05-30"", ""rate"": 10.7774, ""quote"": ""MAD""}"
frankfurter,2024-05-30,USD,1,9.966100,,,"{""base"": ""USD"", ""date"": ""2024-05-30"", ""rate"": 9.9661, ""quote"": ""MAD""}"
frankfurter,2024-05-31,EUR,1,10.794900,,,"{""base"": ""EUR"", ""date"": ""2024-05-31"", ""rate"": 10.7949, ""quote"": ""MAD""}"
frankfurter,2024-05-31,USD,1,9.953000,,,"{""base"": ""USD"", ""date"": ""2024-05-31"", ""rate"": 9.953, ""quote"": ""MAD""}"
frankfurter,2024-06-03,EUR,1,10.815700,,,"{""base"": ""EUR"", ""date"": ""2024-06-03"", ""rate"": 10.8157, ""quote"": ""MAD""}"
frankfurter,2024-06-03,USD,1,9.978300,,,"{""base"": ""USD"", ""date"": ""2024-06-03"", ""rate"": 9.9783, ""quote"": ""MAD""}"
frankfurter,2024-06-04,EUR,1,10.816900,,,"{""base"": ""EUR"", ""date"": ""2024-06-04"", ""rate"": 10.8169, ""quote"": ""MAD""}"
frankfurter,2024-06-04,USD,1,9.945800,,,"{""base"": ""USD"", ""date"": ""2024-06-04"", ""rate"": 9.9458, ""quote"": ""MAD""}"
frankfurter,2024-06-05,EUR,1,10.783700,,,"{""base"": ""EUR"", ""date"": ""2024-06-05"", ""rate"": 10.7837, ""quote"": ""MAD""}"
frankfurter,2024-06-05,USD,1,9.917600,,,"{""base"": ""USD"", ""date"": ""2024-06-05"", ""rate"": 9.9176, ""quote"": ""MAD""}"
frankfurter,2024-06-06,EUR,1,10.749300,,,"{""base"": ""EUR"", ""date"": ""2024-06-06"", ""rate"": 10.7493, ""quote"": ""MAD""}"
frankfurter,2024-06-06,USD,1,9.882200,,,"{""base"": ""USD"", ""date"": ""2024-06-06"", ""rate"": 9.8822, ""quote"": ""MAD""}"
frankfurter,2024-06-07,EUR,1,10.741900,,,"{""base"": ""EUR"", ""date"": ""2024-06-07"", ""rate"": 10.7419, ""quote"": ""MAD""}"
frankfurter,2024-06-07,USD,1,9.871000,,,"{""base"": ""USD"", ""date"": ""2024-06-07"", ""rate"": 9.871, ""quote"": ""MAD""}"
frankfurter,2024-06-10,EUR,1,10.707500,,,"{""base"": ""EUR"", ""date"": ""2024-06-10"", ""rate"": 10.7075, ""quote"": ""MAD""}"
frankfurter,2024-06-10,USD,1,9.960900,,,"{""base"": ""USD"", ""date"": ""2024-06-10"", ""rate"": 9.9609, ""quote"": ""MAD""}"
frankfurter,2024-06-11,EUR,1,10.679700,,,"{""base"": ""EUR"", ""date"": ""2024-06-11"", ""rate"": 10.6797, ""quote"": ""MAD""}"
frankfurter,2024-06-11,USD,1,9.949200,,,"{""base"": ""USD"", ""date"": ""2024-06-11"", ""rate"": 9.9492, ""quote"": ""MAD""}"
frankfurter,2024-06-12,EUR,1,10.724900,,,"{""base"": ""EUR"", ""date"": ""2024-06-12"", ""rate"": 10.7249, ""quote"": ""MAD""}"
frankfurter,2024-06-12,USD,1,9.948400,,,"{""base"": ""USD"", ""date"": ""2024-06-12"", ""rate"": 9.9484, ""quote"": ""MAD""}"
frankfurter,2024-06-13,EUR,1,10.744700,,,"{""base"": ""EUR"", ""date"": ""2024-06-13"", ""rate"": 10.7447, ""quote"": ""MAD""}"
frankfurter,2024-06-13,USD,1,9.952600,,,"{""base"": ""USD"", ""date"": ""2024-06-13"", ""rate"": 9.9526, ""quote"": ""MAD""}"
frankfurter,2024-06-14,EUR,1,10.682900,,,"{""base"": ""EUR"", ""date"": ""2024-06-14"", ""rate"": 10.6829, ""quote"": ""MAD""}"
frankfurter,2024-06-14,USD,1,9.992400,,,"{""base"": ""USD"", ""date"": ""2024-06-14"", ""rate"": 9.9924, ""quote"": ""MAD""}"
frankfurter,2024-06-19,EUR,1,10.721400,,,"{""base"": ""EUR"", ""date"": ""2024-06-19"", ""rate"": 10.7214, ""quote"": ""MAD""}"
frankfurter,2024-06-19,USD,1,9.977300,,,"{""base"": ""USD"", ""date"": ""2024-06-19"", ""rate"": 9.9773, ""quote"": ""MAD""}"
frankfurter,2024-06-20,EUR,1,10.681800,,,"{""base"": ""EUR"", ""date"": ""2024-06-20"", ""rate"": 10.6818, ""quote"": ""MAD""}"
frankfurter,2024-06-20,USD,1,9.962500,,,"{""base"": ""USD"", ""date"": ""2024-06-20"", ""rate"": 9.9625, ""quote"": ""MAD""}"
frankfurter,2024-06-21,EUR,1,10.654500,,,"{""base"": ""EUR"", ""date"": ""2024-06-21"", ""rate"": 10.6545, ""quote"": ""MAD""}"
frankfurter,2024-06-21,USD,1,9.970300,,,"{""base"": ""USD"", ""date"": ""2024-06-21"", ""rate"": 9.9703, ""quote"": ""MAD""}"
frankfurter,2024-06-24,EUR,1,10.662400,,,"{""base"": ""EUR"", ""date"": ""2024-06-24"", ""rate"": 10.6624, ""quote"": ""MAD""}"
frankfurter,2024-06-24,USD,1,9.938500,,,"{""base"": ""USD"", ""date"": ""2024-06-24"", ""rate"": 9.9385, ""quote"": ""MAD""}"
frankfurter,2024-06-25,EUR,1,10.644400,,,"{""base"": ""EUR"", ""date"": ""2024-06-25"", ""rate"": 10.6444, ""quote"": ""MAD""}"
frankfurter,2024-06-25,USD,1,9.930800,,,"{""base"": ""USD"", ""date"": ""2024-06-25"", ""rate"": 9.9308, ""quote"": ""MAD""}"
frankfurter,2024-06-26,EUR,1,10.625900,,,"{""base"": ""EUR"", ""date"": ""2024-06-26"", ""rate"": 10.6259, ""quote"": ""MAD""}"
frankfurter,2024-06-26,USD,1,9.940800,,,"{""base"": ""USD"", ""date"": ""2024-06-26"", ""rate"": 9.9408, ""quote"": ""MAD""}"
frankfurter,2024-06-27,EUR,1,10.642400,,,"{""base"": ""EUR"", ""date"": ""2024-06-27"", ""rate"": 10.6424, ""quote"": ""MAD""}"
frankfurter,2024-06-27,USD,1,9.938000,,,"{""base"": ""USD"", ""date"": ""2024-06-27"", ""rate"": 9.938, ""quote"": ""MAD""}"
frankfurter,2024-06-28,EUR,1,10.665500,,,"{""base"": ""EUR"", ""date"": ""2024-06-28"", ""rate"": 10.6655, ""quote"": ""MAD""}"
frankfurter,2024-06-28,USD,1,9.969300,,,"{""base"": ""USD"", ""date"": ""2024-06-28"", ""rate"": 9.9693, ""quote"": ""MAD""}"
frankfurter,2024-07-01,EUR,1,10.712700,,,"{""base"": ""EUR"", ""date"": ""2024-07-01"", ""rate"": 10.7127, ""quote"": ""MAD""}"
frankfurter,2024-07-01,USD,1,9.963000,,,"{""base"": ""USD"", ""date"": ""2024-07-01"", ""rate"": 9.963, ""quote"": ""MAD""}"
frankfurter,2024-07-02,EUR,1,10.705000,,,"{""base"": ""EUR"", ""date"": ""2024-07-02"", ""rate"": 10.705, ""quote"": ""MAD""}"
frankfurter,2024-07-02,USD,1,9.985200,,,"{""base"": ""USD"", ""date"": ""2024-07-02"", ""rate"": 9.9852, ""quote"": ""MAD""}"
frankfurter,2024-07-03,EUR,1,10.725300,,,"{""base"": ""EUR"", ""date"": ""2024-07-03"", ""rate"": 10.7253, ""quote"": ""MAD""}"
frankfurter,2024-07-03,USD,1,9.957000,,,"{""base"": ""USD"", ""date"": ""2024-07-03"", ""rate"": 9.957, ""quote"": ""MAD""}"
frankfurter,2024-07-04,EUR,1,10.708400,,,"{""base"": ""EUR"", ""date"": ""2024-07-04"", ""rate"": 10.7084, ""quote"": ""MAD""}"
frankfurter,2024-07-04,USD,1,9.916500,,,"{""base"": ""USD"", ""date"": ""2024-07-04"", ""rate"": 9.9165, ""quote"": ""MAD""}"
frankfurter,2024-07-05,EUR,1,10.703100,,,"{""base"": ""EUR"", ""date"": ""2024-07-05"", ""rate"": 10.7031, ""quote"": ""MAD""}"
frankfurter,2024-07-05,USD,1,9.886400,,,"{""base"": ""USD"", ""date"": ""2024-07-05"", ""rate"": 9.8864, ""quote"": ""MAD""}"
frankfurter,2024-07-08,EUR,1,10.693300,,,"{""base"": ""EUR"", ""date"": ""2024-07-08"", ""rate"": 10.6933, ""quote"": ""MAD""}"
frankfurter,2024-07-08,USD,1,9.867800,,,"{""base"": ""USD"", ""date"": ""2024-07-08"", ""rate"": 9.8678, ""quote"": ""MAD""}"
frankfurter,2024-07-09,EUR,1,10.656900,,,"{""base"": ""EUR"", ""date"": ""2024-07-09"", ""rate"": 10.6569, ""quote"": ""MAD""}"
frankfurter,2024-07-09,USD,1,9.848400,,,"{""base"": ""USD"", ""date"": ""2024-07-09"", ""rate"": 9.8484, ""quote"": ""MAD""}"
frankfurter,2024-07-10,EUR,1,10.649000,,,"{""base"": ""EUR"", ""date"": ""2024-07-10"", ""rate"": 10.649, ""quote"": ""MAD""}"
frankfurter,2024-07-10,USD,1,9.839300,,,"{""base"": ""USD"", ""date"": ""2024-07-10"", ""rate"": 9.8393, ""quote"": ""MAD""}"
frankfurter,2024-07-11,EUR,1,10.675300,,,"{""base"": ""EUR"", ""date"": ""2024-07-11"", ""rate"": 10.6753, ""quote"": ""MAD""}"
frankfurter,2024-07-11,USD,1,9.835200,,,"{""base"": ""USD"", ""date"": ""2024-07-11"", ""rate"": 9.8352, ""quote"": ""MAD""}"
frankfurter,2024-07-12,EUR,1,10.695200,,,"{""base"": ""EUR"", ""date"": ""2024-07-12"", ""rate"": 10.6952, ""quote"": ""MAD""}"
frankfurter,2024-07-12,USD,1,9.823200,,,"{""base"": ""USD"", ""date"": ""2024-07-12"", ""rate"": 9.8232, ""quote"": ""MAD""}"
frankfurter,2024-07-15,EUR,1,10.705300,,,"{""base"": ""EUR"", ""date"": ""2024-07-15"", ""rate"": 10.7053, ""quote"": ""MAD""}"
frankfurter,2024-07-15,USD,1,9.811400,,,"{""base"": ""USD"", ""date"": ""2024-07-15"", ""rate"": 9.8114, ""quote"": ""MAD""}"
frankfurter,2024-07-16,EUR,1,10.717500,,,"{""base"": ""EUR"", ""date"": ""2024-07-16"", ""rate"": 10.7175, ""quote"": ""MAD""}"
frankfurter,2024-07-16,USD,1,9.833200,,,"{""base"": ""USD"", ""date"": ""2024-07-16"", ""rate"": 9.8332, ""quote"": ""MAD""}"
frankfurter,2024-07-17,EUR,1,10.741200,,,"{""base"": ""EUR"", ""date"": ""2024-07-17"", ""rate"": 10.7412, ""quote"": ""MAD""}"
frankfurter,2024-07-17,USD,1,9.819500,,,"{""base"": ""USD"", ""date"": ""2024-07-17"", ""rate"": 9.8195, ""quote"": ""MAD""}"
frankfurter,2024-07-18,EUR,1,10.720000,,,"{""base"": ""EUR"", ""date"": ""2024-07-18"", ""rate"": 10.72, ""quote"": ""MAD""}"
frankfurter,2024-07-18,USD,1,9.811400,,,"{""base"": ""USD"", ""date"": ""2024-07-18"", ""rate"": 9.8114, ""quote"": ""MAD""}"
frankfurter,2024-07-19,EUR,1,10.711600,,,"{""base"": ""EUR"", ""date"": ""2024-07-19"", ""rate"": 10.7116, ""quote"": ""MAD""}"
frankfurter,2024-07-19,USD,1,9.840800,,,"{""base"": ""USD"", ""date"": ""2024-07-19"", ""rate"": 9.8408, ""quote"": ""MAD""}"
frankfurter,2024-07-22,EUR,1,10.703600,,,"{""base"": ""EUR"", ""date"": ""2024-07-22"", ""rate"": 10.7036, ""quote"": ""MAD""}"
frankfurter,2024-07-22,USD,1,9.835800,,,"{""base"": ""USD"", ""date"": ""2024-07-22"", ""rate"": 9.8358, ""quote"": ""MAD""}"
frankfurter,2024-07-23,EUR,1,10.709400,,,"{""base"": ""EUR"", ""date"": ""2024-07-23"", ""rate"": 10.7094, ""quote"": ""MAD""}"
frankfurter,2024-07-23,USD,1,9.858400,,,"{""base"": ""USD"", ""date"": ""2024-07-23"", ""rate"": 9.8584, ""quote"": ""MAD""}"
frankfurter,2024-07-24,EUR,1,10.725800,,,"{""base"": ""EUR"", ""date"": ""2024-07-24"", ""rate"": 10.7258, ""quote"": ""MAD""}"
frankfurter,2024-07-24,USD,1,9.893700,,,"{""base"": ""USD"", ""date"": ""2024-07-24"", ""rate"": 9.8937, ""quote"": ""MAD""}"
frankfurter,2024-07-25,EUR,1,10.705000,,,"{""base"": ""EUR"", ""date"": ""2024-07-25"", ""rate"": 10.705, ""quote"": ""MAD""}"
frankfurter,2024-07-25,USD,1,9.867600,,,"{""base"": ""USD"", ""date"": ""2024-07-25"", ""rate"": 9.8676, ""quote"": ""MAD""}"
frankfurter,2024-07-26,EUR,1,10.724000,,,"{""base"": ""EUR"", ""date"": ""2024-07-26"", ""rate"": 10.724, ""quote"": ""MAD""}"
frankfurter,2024-07-26,USD,1,9.874800,,,"{""base"": ""USD"", ""date"": ""2024-07-26"", ""rate"": 9.8748, ""quote"": ""MAD""}"
frankfurter,2024-07-29,EUR,1,10.714700,,,"{""base"": ""EUR"", ""date"": ""2024-07-29"", ""rate"": 10.7147, ""quote"": ""MAD""}"
frankfurter,2024-07-29,USD,1,9.900900,,,"{""base"": ""USD"", ""date"": ""2024-07-29"", ""rate"": 9.9009, ""quote"": ""MAD""}"
frankfurter,2024-07-31,EUR,1,10.731900,,,"{""base"": ""EUR"", ""date"": ""2024-07-31"", ""rate"": 10.7319, ""quote"": ""MAD""}"
frankfurter,2024-07-31,USD,1,9.911600,,,"{""base"": ""USD"", ""date"": ""2024-07-31"", ""rate"": 9.9116, ""quote"": ""MAD""}"
frankfurter,2024-08-01,EUR,1,10.734800,,,"{""base"": ""EUR"", ""date"": ""2024-08-01"", ""rate"": 10.7348, ""quote"": ""MAD""}"
frankfurter,2024-08-01,USD,1,9.952700,,,"{""base"": ""USD"", ""date"": ""2024-08-01"", ""rate"": 9.9527, ""quote"": ""MAD""}"
frankfurter,2024-08-02,EUR,1,10.718100,,,"{""base"": ""EUR"", ""date"": ""2024-08-02"", ""rate"": 10.7181, ""quote"": ""MAD""}"
frankfurter,2024-08-02,USD,1,9.886200,,,"{""base"": ""USD"", ""date"": ""2024-08-02"", ""rate"": 9.8862, ""quote"": ""MAD""}"
frankfurter,2024-08-05,EUR,1,10.767400,,,"{""base"": ""EUR"", ""date"": ""2024-08-05"", ""rate"": 10.7674, ""quote"": ""MAD""}"
frankfurter,2024-08-05,USD,1,9.823700,,,"{""base"": ""USD"", ""date"": ""2024-08-05"", ""rate"": 9.8237, ""quote"": ""MAD""}"
frankfurter,2024-08-06,EUR,1,10.747100,,,"{""base"": ""EUR"", ""date"": ""2024-08-06"", ""rate"": 10.7471, ""quote"": ""MAD""}"
frankfurter,2024-08-06,USD,1,9.842500,,,"{""base"": ""USD"", ""date"": ""2024-08-06"", ""rate"": 9.8425, ""quote"": ""MAD""}"
frankfurter,2024-08-07,EUR,1,10.735700,,,"{""base"": ""EUR"", ""date"": ""2024-08-07"", ""rate"": 10.7357, ""quote"": ""MAD""}"
frankfurter,2024-08-07,USD,1,9.832000,,,"{""base"": ""USD"", ""date"": ""2024-08-07"", ""rate"": 9.832, ""quote"": ""MAD""}"
frankfurter,2024-08-08,EUR,1,10.736000,,,"{""base"": ""EUR"", ""date"": ""2024-08-08"", ""rate"": 10.736, ""quote"": ""MAD""}"
frankfurter,2024-08-08,USD,1,9.828800,,,"{""base"": ""USD"", ""date"": ""2024-08-08"", ""rate"": 9.8288, ""quote"": ""MAD""}"
frankfurter,2024-08-09,EUR,1,10.729400,,,"{""base"": ""EUR"", ""date"": ""2024-08-09"", ""rate"": 10.7294, ""quote"": ""MAD""}"
frankfurter,2024-08-09,USD,1,9.825100,,,"{""base"": ""USD"", ""date"": ""2024-08-09"", ""rate"": 9.8251, ""quote"": ""MAD""}"
frankfurter,2024-08-12,EUR,1,10.731400,,,"{""base"": ""EUR"", ""date"": ""2024-08-12"", ""rate"": 10.7314, ""quote"": ""MAD""}"
frankfurter,2024-08-12,USD,1,9.824900,,,"{""base"": ""USD"", ""date"": ""2024-08-12"", ""rate"": 9.8249, ""quote"": ""MAD""}"
frankfurter,2024-08-13,EUR,1,10.722500,,,"{""base"": ""EUR"", ""date"": ""2024-08-13"", ""rate"": 10.7225, ""quote"": ""MAD""}"
frankfurter,2024-08-13,USD,1,9.807000,,,"{""base"": ""USD"", ""date"": ""2024-08-13"", ""rate"": 9.807, ""quote"": ""MAD""}"
frankfurter,2024-08-15,EUR,1,10.743000,,,"{""base"": ""EUR"", ""date"": ""2024-08-15"", ""rate"": 10.743, ""quote"": ""MAD""}"
frankfurter,2024-08-15,USD,1,9.783300,,,"{""base"": ""USD"", ""date"": ""2024-08-15"", ""rate"": 9.7833, ""quote"": ""MAD""}"
frankfurter,2024-08-16,EUR,1,10.734900,,,"{""base"": ""EUR"", ""date"": ""2024-08-16"", ""rate"": 10.7349, ""quote"": ""MAD""}"
frankfurter,2024-08-16,USD,1,9.770000,,,"{""base"": ""USD"", ""date"": ""2024-08-16"", ""rate"": 9.77, ""quote"": ""MAD""}"
frankfurter,2024-08-19,EUR,1,10.747300,,,"{""base"": ""EUR"", ""date"": ""2024-08-19"", ""rate"": 10.7473, ""quote"": ""MAD""}"
frankfurter,2024-08-19,USD,1,9.736200,,,"{""base"": ""USD"", ""date"": ""2024-08-19"", ""rate"": 9.7362, ""quote"": ""MAD""}"
frankfurter,2024-08-22,EUR,1,10.769000,,,"{""base"": ""EUR"", ""date"": ""2024-08-22"", ""rate"": 10.769, ""quote"": ""MAD""}"
frankfurter,2024-08-22,USD,1,9.670900,,,"{""base"": ""USD"", ""date"": ""2024-08-22"", ""rate"": 9.6709, ""quote"": ""MAD""}"
frankfurter,2024-08-23,EUR,1,10.751000,,,"{""base"": ""EUR"", ""date"": ""2024-08-23"", ""rate"": 10.751, ""quote"": ""MAD""}"
frankfurter,2024-08-23,USD,1,9.662400,,,"{""base"": ""USD"", ""date"": ""2024-08-23"", ""rate"": 9.6624, ""quote"": ""MAD""}"
frankfurter,2024-08-26,EUR,1,10.770200,,,"{""base"": ""EUR"", ""date"": ""2024-08-26"", ""rate"": 10.7702, ""quote"": ""MAD""}"
frankfurter,2024-08-26,USD,1,9.642000,,,"{""base"": ""USD"", ""date"": ""2024-08-26"", ""rate"": 9.642, ""quote"": ""MAD""}"
frankfurter,2024-08-27,EUR,1,10.764300,,,"{""base"": ""EUR"", ""date"": ""2024-08-27"", ""rate"": 10.7643, ""quote"": ""MAD""}"
frankfurter,2024-08-27,USD,1,9.637800,,,"{""base"": ""USD"", ""date"": ""2024-08-27"", ""rate"": 9.6378, ""quote"": ""MAD""}"
frankfurter,2024-08-28,EUR,1,10.750700,,,"{""base"": ""EUR"", ""date"": ""2024-08-28"", ""rate"": 10.7507, ""quote"": ""MAD""}"
frankfurter,2024-08-28,USD,1,9.656800,,,"{""base"": ""USD"", ""date"": ""2024-08-28"", ""rate"": 9.6568, ""quote"": ""MAD""}"
frankfurter,2024-08-29,EUR,1,10.761300,,,"{""base"": ""EUR"", ""date"": ""2024-08-29"", ""rate"": 10.7613, ""quote"": ""MAD""}"
frankfurter,2024-08-29,USD,1,9.700600,,,"{""base"": ""USD"", ""date"": ""2024-08-29"", ""rate"": 9.7006, ""quote"": ""MAD""}"
frankfurter,2024-08-30,EUR,1,10.773700,,,"{""base"": ""EUR"", ""date"": ""2024-08-30"", ""rate"": 10.7737, ""quote"": ""MAD""}"
frankfurter,2024-08-30,USD,1,9.725900,,,"{""base"": ""USD"", ""date"": ""2024-08-30"", ""rate"": 9.7259, ""quote"": ""MAD""}"
frankfurter,2024-09-02,EUR,1,10.824300,,,"{""base"": ""EUR"", ""date"": ""2024-09-02"", ""rate"": 10.8243, ""quote"": ""MAD""}"
frankfurter,2024-09-02,USD,1,9.781600,,,"{""base"": ""USD"", ""date"": ""2024-09-02"", ""rate"": 9.7816, ""quote"": ""MAD""}"
frankfurter,2024-09-03,EUR,1,10.779900,,,"{""base"": ""EUR"", ""date"": ""2024-09-03"", ""rate"": 10.7799, ""quote"": ""MAD""}"
frankfurter,2024-09-03,USD,1,9.759200,,,"{""base"": ""USD"", ""date"": ""2024-09-03"", ""rate"": 9.7592, ""quote"": ""MAD""}"
frankfurter,2024-09-04,EUR,1,10.793300,,,"{""base"": ""EUR"", ""date"": ""2024-09-04"", ""rate"": 10.7933, ""quote"": ""MAD""}"
frankfurter,2024-09-04,USD,1,9.764900,,,"{""base"": ""USD"", ""date"": ""2024-09-04"", ""rate"": 9.7649, ""quote"": ""MAD""}"
frankfurter,2024-09-05,EUR,1,10.802400,,,"{""base"": ""EUR"", ""date"": ""2024-09-05"", ""rate"": 10.8024, ""quote"": ""MAD""}"
frankfurter,2024-09-05,USD,1,9.736300,,,"{""base"": ""USD"", ""date"": ""2024-09-05"", ""rate"": 9.7363, ""quote"": ""MAD""}"
frankfurter,2024-09-06,EUR,1,10.793100,,,"{""base"": ""EUR"", ""date"": ""2024-09-06"", ""rate"": 10.7931, ""quote"": ""MAD""}"
frankfurter,2024-09-06,USD,1,9.713800,,,"{""base"": ""USD"", ""date"": ""2024-09-06"", ""rate"": 9.7138, ""quote"": ""MAD""}"
frankfurter,2024-09-09,EUR,1,10.758100,,,"{""base"": ""EUR"", ""date"": ""2024-09-09"", ""rate"": 10.7581, ""quote"": ""MAD""}"
frankfurter,2024-09-09,USD,1,9.736000,,,"{""base"": ""USD"", ""date"": ""2024-09-09"", ""rate"": 9.736, ""quote"": ""MAD""}"
frankfurter,2024-09-10,EUR,1,10.741000,,,"{""base"": ""EUR"", ""date"": ""2024-09-10"", ""rate"": 10.741, ""quote"": ""MAD""}"
frankfurter,2024-09-10,USD,1,9.734300,,,"{""base"": ""USD"", ""date"": ""2024-09-10"", ""rate"": 9.7343, ""quote"": ""MAD""}"
frankfurter,2024-09-11,EUR,1,10.764000,,,"{""base"": ""EUR"", ""date"": ""2024-09-11"", ""rate"": 10.764, ""quote"": ""MAD""}"
frankfurter,2024-09-11,USD,1,9.754300,,,"{""base"": ""USD"", ""date"": ""2024-09-11"", ""rate"": 9.7543, ""quote"": ""MAD""}"
frankfurter,2024-09-12,EUR,1,10.787200,,,"{""base"": ""EUR"", ""date"": ""2024-09-12"", ""rate"": 10.7872, ""quote"": ""MAD""}"
frankfurter,2024-09-12,USD,1,9.788600,,,"{""base"": ""USD"", ""date"": ""2024-09-12"", ""rate"": 9.7886, ""quote"": ""MAD""}"
frankfurter,2024-09-13,EUR,1,10.818300,,,"{""base"": ""EUR"", ""date"": ""2024-09-13"", ""rate"": 10.8183, ""quote"": ""MAD""}"
frankfurter,2024-09-13,USD,1,9.756700,,,"{""base"": ""USD"", ""date"": ""2024-09-13"", ""rate"": 9.7567, ""quote"": ""MAD""}"
frankfurter,2024-09-18,EUR,1,10.827300,,,"{""base"": ""EUR"", ""date"": ""2024-09-18"", ""rate"": 10.8273, ""quote"": ""MAD""}"
frankfurter,2024-09-18,USD,1,9.732400,,,"{""base"": ""USD"", ""date"": ""2024-09-18"", ""rate"": 9.7324, ""quote"": ""MAD""}"
frankfurter,2024-09-19,EUR,1,10.825300,,,"{""base"": ""EUR"", ""date"": ""2024-09-19"", ""rate"": 10.8253, ""quote"": ""MAD""}"
frankfurter,2024-09-19,USD,1,9.707800,,,"{""base"": ""USD"", ""date"": ""2024-09-19"", ""rate"": 9.7078, ""quote"": ""MAD""}"
frankfurter,2024-09-20,EUR,1,10.806400,,,"{""base"": ""EUR"", ""date"": ""2024-09-20"", ""rate"": 10.8064, ""quote"": ""MAD""}"
frankfurter,2024-09-20,USD,1,9.686700,,,"{""base"": ""USD"", ""date"": ""2024-09-20"", ""rate"": 9.6867, ""quote"": ""MAD""}"
frankfurter,2024-09-23,EUR,1,10.778100,,,"{""base"": ""EUR"", ""date"": ""2024-09-23"", ""rate"": 10.7781, ""quote"": ""MAD""}"
frankfurter,2024-09-23,USD,1,9.696100,,,"{""base"": ""USD"", ""date"": ""2024-09-23"", ""rate"": 9.6961, ""quote"": ""MAD""}"
frankfurter,2024-09-24,EUR,1,10.783600,,,"{""base"": ""EUR"", ""date"": ""2024-09-24"", ""rate"": 10.7836, ""quote"": ""MAD""}"
frankfurter,2024-09-24,USD,1,9.680500,,,"{""base"": ""USD"", ""date"": ""2024-09-24"", ""rate"": 9.6805, ""quote"": ""MAD""}"
frankfurter,2024-09-25,EUR,1,10.799600,,,"{""base"": ""EUR"", ""date"": ""2024-09-25"", ""rate"": 10.7996, ""quote"": ""MAD""}"
frankfurter,2024-09-25,USD,1,9.650700,,,"{""base"": ""USD"", ""date"": ""2024-09-25"", ""rate"": 9.6507, ""quote"": ""MAD""}"
frankfurter,2024-09-26,EUR,1,10.787900,,,"{""base"": ""EUR"", ""date"": ""2024-09-26"", ""rate"": 10.7879, ""quote"": ""MAD""}"
frankfurter,2024-09-26,USD,1,9.678600,,,"{""base"": ""USD"", ""date"": ""2024-09-26"", ""rate"": 9.6786, ""quote"": ""MAD""}"
frankfurter,2024-09-27,EUR,1,10.823800,,,"{""base"": ""EUR"", ""date"": ""2024-09-27"", ""rate"": 10.8238, ""quote"": ""MAD""}"
frankfurter,2024-09-27,USD,1,9.697500,,,"{""base"": ""USD"", ""date"": ""2024-09-27"", ""rate"": 9.6975, ""quote"": ""MAD""}"
frankfurter,2024-09-30,EUR,1,10.848200,,,"{""base"": ""EUR"", ""date"": ""2024-09-30"", ""rate"": 10.8482, ""quote"": ""MAD""}"
frankfurter,2024-09-30,USD,1,9.697500,,,"{""base"": ""USD"", ""date"": ""2024-09-30"", ""rate"": 9.6975, ""quote"": ""MAD""}"
frankfurter,2024-10-01,EUR,1,10.824400,,,"{""base"": ""EUR"", ""date"": ""2024-10-01"", ""rate"": 10.8244, ""quote"": ""MAD""}"
frankfurter,2024-10-01,USD,1,9.752900,,,"{""base"": ""USD"", ""date"": ""2024-10-01"", ""rate"": 9.7529, ""quote"": ""MAD""}"
frankfurter,2024-10-02,EUR,1,10.799100,,,"{""base"": ""EUR"", ""date"": ""2024-10-02"", ""rate"": 10.7991, ""quote"": ""MAD""}"
frankfurter,2024-10-02,USD,1,9.764800,,,"{""base"": ""USD"", ""date"": ""2024-10-02"", ""rate"": 9.7648, ""quote"": ""MAD""}"
frankfurter,2024-10-03,EUR,1,10.782900,,,"{""base"": ""EUR"", ""date"": ""2024-10-03"", ""rate"": 10.7829, ""quote"": ""MAD""}"
frankfurter,2024-10-03,USD,1,9.770400,,,"{""base"": ""USD"", ""date"": ""2024-10-03"", ""rate"": 9.7704, ""quote"": ""MAD""}"
frankfurter,2024-10-04,EUR,1,10.775800,,,"{""base"": ""EUR"", ""date"": ""2024-10-04"", ""rate"": 10.7758, ""quote"": ""MAD""}"
frankfurter,2024-10-04,USD,1,9.786500,,,"{""base"": ""USD"", ""date"": ""2024-10-04"", ""rate"": 9.7865, ""quote"": ""MAD""}"
frankfurter,2024-10-07,EUR,1,10.779000,,,"{""base"": ""EUR"", ""date"": ""2024-10-07"", ""rate"": 10.779, ""quote"": ""MAD""}"
frankfurter,2024-10-07,USD,1,9.829400,,,"{""base"": ""USD"", ""date"": ""2024-10-07"", ""rate"": 9.8294, ""quote"": ""MAD""}"
frankfurter,2024-10-08,EUR,1,10.769100,,,"{""base"": ""EUR"", ""date"": ""2024-10-08"", ""rate"": 10.7691, ""quote"": ""MAD""}"
frankfurter,2024-10-08,USD,1,9.804400,,,"{""base"": ""USD"", ""date"": ""2024-10-08"", ""rate"": 9.8044, ""quote"": ""MAD""}"
frankfurter,2024-10-09,EUR,1,10.758300,,,"{""base"": ""EUR"", ""date"": ""2024-10-09"", ""rate"": 10.7583, ""quote"": ""MAD""}"
frankfurter,2024-10-09,USD,1,9.815600,,,"{""base"": ""USD"", ""date"": ""2024-10-09"", ""rate"": 9.8156, ""quote"": ""MAD""}"
frankfurter,2024-10-10,EUR,1,10.747500,,,"{""base"": ""EUR"", ""date"": ""2024-10-10"", ""rate"": 10.7475, ""quote"": ""MAD""}"
frankfurter,2024-10-10,USD,1,9.828400,,,"{""base"": ""USD"", ""date"": ""2024-10-10"", ""rate"": 9.8284, ""quote"": ""MAD""}"
frankfurter,2024-10-11,EUR,1,10.736400,,,"{""base"": ""EUR"", ""date"": ""2024-10-11"", ""rate"": 10.7364, ""quote"": ""MAD""}"
frankfurter,2024-10-11,USD,1,9.811700,,,"{""base"": ""USD"", ""date"": ""2024-10-11"", ""rate"": 9.8117, ""quote"": ""MAD""}"
frankfurter,2024-10-14,EUR,1,10.726500,,,"{""base"": ""EUR"", ""date"": ""2024-10-14"", ""rate"": 10.7265, ""quote"": ""MAD""}"
frankfurter,2024-10-14,USD,1,9.822100,,,"{""base"": ""USD"", ""date"": ""2024-10-14"", ""rate"": 9.8221, ""quote"": ""MAD""}"
frankfurter,2024-10-15,EUR,1,10.724700,,,"{""base"": ""EUR"", ""date"": ""2024-10-15"", ""rate"": 10.7247, ""quote"": ""MAD""}"
frankfurter,2024-10-15,USD,1,9.832800,,,"{""base"": ""USD"", ""date"": ""2024-10-15"", ""rate"": 9.8328, ""quote"": ""MAD""}"
frankfurter,2024-10-16,EUR,1,10.725800,,,"{""base"": ""EUR"", ""date"": ""2024-10-16"", ""rate"": 10.7258, ""quote"": ""MAD""}"
frankfurter,2024-10-16,USD,1,9.849300,,,"{""base"": ""USD"", ""date"": ""2024-10-16"", ""rate"": 9.8493, ""quote"": ""MAD""}"
frankfurter,2024-10-17,EUR,1,10.723000,,,"{""base"": ""EUR"", ""date"": ""2024-10-17"", ""rate"": 10.723, ""quote"": ""MAD""}"
frankfurter,2024-10-17,USD,1,9.886300,,,"{""base"": ""USD"", ""date"": ""2024-10-17"", ""rate"": 9.8863, ""quote"": ""MAD""}"
frankfurter,2024-10-18,EUR,1,10.748700,,,"{""base"": ""EUR"", ""date"": ""2024-10-18"", ""rate"": 10.7487, ""quote"": ""MAD""}"
frankfurter,2024-10-18,USD,1,9.910100,,,"{""base"": ""USD"", ""date"": ""2024-10-18"", ""rate"": 9.9101, ""quote"": ""MAD""}"
frankfurter,2024-10-21,EUR,1,10.757000,,,"{""base"": ""EUR"", ""date"": ""2024-10-21"", ""rate"": 10.757, ""quote"": ""MAD""}"
frankfurter,2024-10-21,USD,1,9.914100,,,"{""base"": ""USD"", ""date"": ""2024-10-21"", ""rate"": 9.9141, ""quote"": ""MAD""}"
frankfurter,2024-10-22,EUR,1,10.701500,,,"{""base"": ""EUR"", ""date"": ""2024-10-22"", ""rate"": 10.7015, ""quote"": ""MAD""}"
frankfurter,2024-10-22,USD,1,9.885800,,,"{""base"": ""USD"", ""date"": ""2024-10-22"", ""rate"": 9.8858, ""quote"": ""MAD""}"
frankfurter,2024-10-23,EUR,1,10.676100,,,"{""base"": ""EUR"", ""date"": ""2024-10-23"", ""rate"": 10.6761, ""quote"": ""MAD""}"
frankfurter,2024-10-23,USD,1,9.903200,,,"{""base"": ""USD"", ""date"": ""2024-10-23"", ""rate"": 9.9032, ""quote"": ""MAD""}"
frankfurter,2024-10-24,EUR,1,10.672300,,,"{""base"": ""EUR"", ""date"": ""2024-10-24"", ""rate"": 10.6723, ""quote"": ""MAD""}"
frankfurter,2024-10-24,USD,1,9.883700,,,"{""base"": ""USD"", ""date"": ""2024-10-24"", ""rate"": 9.8837, ""quote"": ""MAD""}"
frankfurter,2024-10-25,EUR,1,10.687700,,,"{""base"": ""EUR"", ""date"": ""2024-10-25"", ""rate"": 10.6877, ""quote"": ""MAD""}"
frankfurter,2024-10-25,USD,1,9.872900,,,"{""base"": ""USD"", ""date"": ""2024-10-25"", ""rate"": 9.8729, ""quote"": ""MAD""}"
frankfurter,2024-10-28,EUR,1,10.671300,,,"{""base"": ""EUR"", ""date"": ""2024-10-28"", ""rate"": 10.6713, ""quote"": ""MAD""}"
frankfurter,2024-10-28,USD,1,9.870300,,,"{""base"": ""USD"", ""date"": ""2024-10-28"", ""rate"": 9.8703, ""quote"": ""MAD""}"
frankfurter,2024-10-29,EUR,1,10.654600,,,"{""base"": ""EUR"", ""date"": ""2024-10-29"", ""rate"": 10.6546, ""quote"": ""MAD""}"
frankfurter,2024-10-29,USD,1,9.854100,,,"{""base"": ""USD"", ""date"": ""2024-10-29"", ""rate"": 9.8541, ""quote"": ""MAD""}"
frankfurter,2024-10-30,EUR,1,10.689700,,,"{""base"": ""EUR"", ""date"": ""2024-10-30"", ""rate"": 10.6897, ""quote"": ""MAD""}"
frankfurter,2024-10-30,USD,1,9.856800,,,"{""base"": ""USD"", ""date"": ""2024-10-30"", ""rate"": 9.8568, ""quote"": ""MAD""}"
frankfurter,2024-10-31,EUR,1,10.696800,,,"{""base"": ""EUR"", ""date"": ""2024-10-31"", ""rate"": 10.6968, ""quote"": ""MAD""}"
frankfurter,2024-10-31,USD,1,9.844400,,,"{""base"": ""USD"", ""date"": ""2024-10-31"", ""rate"": 9.8444, ""quote"": ""MAD""}"
frankfurter,2024-11-01,EUR,1,10.686100,,,"{""base"": ""EUR"", ""date"": ""2024-11-01"", ""rate"": 10.6861, ""quote"": ""MAD""}"
frankfurter,2024-11-01,USD,1,9.829300,,,"{""base"": ""USD"", ""date"": ""2024-11-01"", ""rate"": 9.8293, ""quote"": ""MAD""}"
frankfurter,2024-11-04,EUR,1,10.701700,,,"{""base"": ""EUR"", ""date"": ""2024-11-04"", ""rate"": 10.7017, ""quote"": ""MAD""}"
frankfurter,2024-11-04,USD,1,9.820100,,,"{""base"": ""USD"", ""date"": ""2024-11-04"", ""rate"": 9.8201, ""quote"": ""MAD""}"
frankfurter,2024-11-05,EUR,1,10.702200,,,"{""base"": ""EUR"", ""date"": ""2024-11-05"", ""rate"": 10.7022, ""quote"": ""MAD""}"
frankfurter,2024-11-05,USD,1,9.823100,,,"{""base"": ""USD"", ""date"": ""2024-11-05"", ""rate"": 9.8231, ""quote"": ""MAD""}"
frankfurter,2024-11-07,EUR,1,10.644100,,,"{""base"": ""EUR"", ""date"": ""2024-11-07"", ""rate"": 10.6441, ""quote"": ""MAD""}"
frankfurter,2024-11-07,USD,1,9.884000,,,"{""base"": ""USD"", ""date"": ""2024-11-07"", ""rate"": 9.884, ""quote"": ""MAD""}"
frankfurter,2024-11-08,EUR,1,10.645100,,,"{""base"": ""EUR"", ""date"": ""2024-11-08"", ""rate"": 10.6451, ""quote"": ""MAD""}"
frankfurter,2024-11-08,USD,1,9.876000,,,"{""base"": ""USD"", ""date"": ""2024-11-08"", ""rate"": 9.876, ""quote"": ""MAD""}"
frankfurter,2024-11-11,EUR,1,10.592100,,,"{""base"": ""EUR"", ""date"": ""2024-11-11"", ""rate"": 10.5921, ""quote"": ""MAD""}"
frankfurter,2024-11-11,USD,1,9.912100,,,"{""base"": ""USD"", ""date"": ""2024-11-11"", ""rate"": 9.9121, ""quote"": ""MAD""}"
frankfurter,2024-11-12,EUR,1,10.543200,,,"{""base"": ""EUR"", ""date"": ""2024-11-12"", ""rate"": 10.5432, ""quote"": ""MAD""}"
frankfurter,2024-11-12,USD,1,9.924500,,,"{""base"": ""USD"", ""date"": ""2024-11-12"", ""rate"": 9.9245, ""quote"": ""MAD""}"
frankfurter,2024-11-13,EUR,1,10.547600,,,"{""base"": ""EUR"", ""date"": ""2024-11-13"", ""rate"": 10.5476, ""quote"": ""MAD""}"
frankfurter,2024-11-13,USD,1,9.928500,,,"{""base"": ""USD"", ""date"": ""2024-11-13"", ""rate"": 9.9285, ""quote"": ""MAD""}"
frankfurter,2024-11-14,EUR,1,10.525800,,,"{""base"": ""EUR"", ""date"": ""2024-11-14"", ""rate"": 10.5258, ""quote"": ""MAD""}"
frankfurter,2024-11-14,USD,1,9.986600,,,"{""base"": ""USD"", ""date"": ""2024-11-14"", ""rate"": 9.9866, ""quote"": ""MAD""}"
frankfurter,2024-11-15,EUR,1,10.543100,,,"{""base"": ""EUR"", ""date"": ""2024-11-15"", ""rate"": 10.5431, ""quote"": ""MAD""}"
frankfurter,2024-11-15,USD,1,9.980600,,,"{""base"": ""USD"", ""date"": ""2024-11-15"", ""rate"": 9.9806, ""quote"": ""MAD""}"
frankfurter,2024-11-19,EUR,1,10.559800,,,"{""base"": ""EUR"", ""date"": ""2024-11-19"", ""rate"": 10.5598, ""quote"": ""MAD""}"
frankfurter,2024-11-19,USD,1,9.993300,,,"{""base"": ""USD"", ""date"": ""2024-11-19"", ""rate"": 9.9933, ""quote"": ""MAD""}"
frankfurter,2024-11-20,EUR,1,10.542700,,,"{""base"": ""EUR"", ""date"": ""2024-11-20"", ""rate"": 10.5427, ""quote"": ""MAD""}"
frankfurter,2024-11-20,USD,1,9.989900,,,"{""base"": ""USD"", ""date"": ""2024-11-20"", ""rate"": 9.9899, ""quote"": ""MAD""}"
frankfurter,2024-11-21,EUR,1,10.523200,,,"{""base"": ""EUR"", ""date"": ""2024-11-21"", ""rate"": 10.5232, ""quote"": ""MAD""}"
frankfurter,2024-11-21,USD,1,9.991900,,,"{""base"": ""USD"", ""date"": ""2024-11-21"", ""rate"": 9.9919, ""quote"": ""MAD""}"
frankfurter,2024-11-22,EUR,1,10.486700,,,"{""base"": ""EUR"", ""date"": ""2024-11-22"", ""rate"": 10.4867, ""quote"": ""MAD""}"
frankfurter,2024-11-22,USD,1,10.059400,,,"{""base"": ""USD"", ""date"": ""2024-11-22"", ""rate"": 10.0594, ""quote"": ""MAD""}"
frankfurter,2024-11-25,EUR,1,10.531500,,,"{""base"": ""EUR"", ""date"": ""2024-11-25"", ""rate"": 10.5315, ""quote"": ""MAD""}"
frankfurter,2024-11-25,USD,1,10.046000,,,"{""base"": ""USD"", ""date"": ""2024-11-25"", ""rate"": 10.046, ""quote"": ""MAD""}"
frankfurter,2024-11-26,EUR,1,10.532500,,,"{""base"": ""EUR"", ""date"": ""2024-11-26"", ""rate"": 10.5325, ""quote"": ""MAD""}"
frankfurter,2024-11-26,USD,1,10.041700,,,"{""base"": ""USD"", ""date"": ""2024-11-26"", ""rate"": 10.0417, ""quote"": ""MAD""}"
frankfurter,2024-11-27,EUR,1,10.545000,,,"{""base"": ""EUR"", ""date"": ""2024-11-27"", ""rate"": 10.545, ""quote"": ""MAD""}"
frankfurter,2024-11-27,USD,1,10.026900,,,"{""base"": ""USD"", ""date"": ""2024-11-27"", ""rate"": 10.0269, ""quote"": ""MAD""}"
frankfurter,2024-11-28,EUR,1,10.554500,,,"{""base"": ""EUR"", ""date"": ""2024-11-28"", ""rate"": 10.5545, ""quote"": ""MAD""}"
frankfurter,2024-11-28,USD,1,10.015200,,,"{""base"": ""USD"", ""date"": ""2024-11-28"", ""rate"": 10.0152, ""quote"": ""MAD""}"
frankfurter,2024-11-29,EUR,1,10.561500,,,"{""base"": ""EUR"", ""date"": ""2024-11-29"", ""rate"": 10.5615, ""quote"": ""MAD""}"
frankfurter,2024-11-29,USD,1,10.002300,,,"{""base"": ""USD"", ""date"": ""2024-11-29"", ""rate"": 10.0023, ""quote"": ""MAD""}"
frankfurter,2024-12-02,EUR,1,10.533100,,,"{""base"": ""EUR"", ""date"": ""2024-12-02"", ""rate"": 10.5331, ""quote"": ""MAD""}"
frankfurter,2024-12-02,USD,1,10.013700,,,"{""base"": ""USD"", ""date"": ""2024-12-02"", ""rate"": 10.0137, ""quote"": ""MAD""}"
frankfurter,2024-12-03,EUR,1,10.518200,,,"{""base"": ""EUR"", ""date"": ""2024-12-03"", ""rate"": 10.5182, ""quote"": ""MAD""}"
frankfurter,2024-12-03,USD,1,9.998000,,,"{""base"": ""USD"", ""date"": ""2024-12-03"", ""rate"": 9.998, ""quote"": ""MAD""}"
frankfurter,2024-12-04,EUR,1,10.486400,,,"{""base"": ""EUR"", ""date"": ""2024-12-04"", ""rate"": 10.4864, ""quote"": ""MAD""}"
frankfurter,2024-12-04,USD,1,9.987300,,,"{""base"": ""USD"", ""date"": ""2024-12-04"", ""rate"": 9.9873, ""quote"": ""MAD""}"
frankfurter,2024-12-05,EUR,1,10.474100,,,"{""base"": ""EUR"", ""date"": ""2024-12-05"", ""rate"": 10.4741, ""quote"": ""MAD""}"
frankfurter,2024-12-05,USD,1,9.943800,,,"{""base"": ""USD"", ""date"": ""2024-12-05"", ""rate"": 9.9438, ""quote"": ""MAD""}"
frankfurter,2024-12-06,EUR,1,10.524500,,,"{""base"": ""EUR"", ""date"": ""2024-12-06"", ""rate"": 10.5245, ""quote"": ""MAD""}"
frankfurter,2024-12-06,USD,1,9.945000,,,"{""base"": ""USD"", ""date"": ""2024-12-06"", ""rate"": 9.945, ""quote"": ""MAD""}"
frankfurter,2024-12-09,EUR,1,10.555100,,,"{""base"": ""EUR"", ""date"": ""2024-12-09"", ""rate"": 10.5551, ""quote"": ""MAD""}"
frankfurter,2024-12-09,USD,1,9.983500,,,"{""base"": ""USD"", ""date"": ""2024-12-09"", ""rate"": 9.9835, ""quote"": ""MAD""}"
frankfurter,2024-12-10,EUR,1,10.544200,,,"{""base"": ""EUR"", ""date"": ""2024-12-10"", ""rate"": 10.5442, ""quote"": ""MAD""}"
frankfurter,2024-12-10,USD,1,10.002700,,,"{""base"": ""USD"", ""date"": ""2024-12-10"", ""rate"": 10.0027, ""quote"": ""MAD""}"
frankfurter,2024-12-11,EUR,1,10.491800,,,"{""base"": ""EUR"", ""date"": ""2024-12-11"", ""rate"": 10.4918, ""quote"": ""MAD""}"
frankfurter,2024-12-11,USD,1,9.988800,,,"{""base"": ""USD"", ""date"": ""2024-12-11"", ""rate"": 9.9888, ""quote"": ""MAD""}"
frankfurter,2024-12-12,EUR,1,10.479000,,,"{""base"": ""EUR"", ""date"": ""2024-12-12"", ""rate"": 10.479, ""quote"": ""MAD""}"
frankfurter,2024-12-12,USD,1,9.976300,,,"{""base"": ""USD"", ""date"": ""2024-12-12"", ""rate"": 9.9763, ""quote"": ""MAD""}"
frankfurter,2024-12-13,EUR,1,10.475200,,,"{""base"": ""EUR"", ""date"": ""2024-12-13"", ""rate"": 10.4752, ""quote"": ""MAD""}"
frankfurter,2024-12-13,USD,1,9.995800,,,"{""base"": ""USD"", ""date"": ""2024-12-13"", ""rate"": 9.9958, ""quote"": ""MAD""}"
frankfurter,2024-12-16,EUR,1,10.488400,,,"{""base"": ""EUR"", ""date"": ""2024-12-16"", ""rate"": 10.4884, ""quote"": ""MAD""}"
frankfurter,2024-12-16,USD,1,9.987100,,,"{""base"": ""USD"", ""date"": ""2024-12-16"", ""rate"": 9.9871, ""quote"": ""MAD""}"
frankfurter,2024-12-17,EUR,1,10.483600,,,"{""base"": ""EUR"", ""date"": ""2024-12-17"", ""rate"": 10.4836, ""quote"": ""MAD""}"
frankfurter,2024-12-17,USD,1,9.990800,,,"{""base"": ""USD"", ""date"": ""2024-12-17"", ""rate"": 9.9908, ""quote"": ""MAD""}"
frankfurter,2024-12-18,EUR,1,10.490600,,,"{""base"": ""EUR"", ""date"": ""2024-12-18"", ""rate"": 10.4906, ""quote"": ""MAD""}"
frankfurter,2024-12-18,USD,1,9.989100,,,"{""base"": ""USD"", ""date"": ""2024-12-18"", ""rate"": 9.9891, ""quote"": ""MAD""}"
frankfurter,2024-12-19,EUR,1,10.443400,,,"{""base"": ""EUR"", ""date"": ""2024-12-19"", ""rate"": 10.4434, ""quote"": ""MAD""}"
frankfurter,2024-12-19,USD,1,10.038300,,,"{""base"": ""USD"", ""date"": ""2024-12-19"", ""rate"": 10.0383, ""quote"": ""MAD""}"
frankfurter,2024-12-20,EUR,1,10.459300,,,"{""base"": ""EUR"", ""date"": ""2024-12-20"", ""rate"": 10.4593, ""quote"": ""MAD""}"
frankfurter,2024-12-20,USD,1,10.062000,,,"{""base"": ""USD"", ""date"": ""2024-12-20"", ""rate"": 10.062, ""quote"": ""MAD""}"
frankfurter,2024-12-23,EUR,1,10.468700,,,"{""base"": ""EUR"", ""date"": ""2024-12-23"", ""rate"": 10.4687, ""quote"": ""MAD""}"
frankfurter,2024-12-23,USD,1,10.063200,,,"{""base"": ""USD"", ""date"": ""2024-12-23"", ""rate"": 10.0632, ""quote"": ""MAD""}"
frankfurter,2024-12-24,EUR,1,10.460100,,,"{""base"": ""EUR"", ""date"": ""2024-12-24"", ""rate"": 10.4601, ""quote"": ""MAD""}"
frankfurter,2024-12-24,USD,1,10.059900,,,"{""base"": ""USD"", ""date"": ""2024-12-24"", ""rate"": 10.0599, ""quote"": ""MAD""}"
frankfurter,2024-12-27,EUR,1,10.509500,,,"{""base"": ""EUR"", ""date"": ""2024-12-27"", ""rate"": 10.5095, ""quote"": ""MAD""}"
frankfurter,2024-12-27,USD,1,10.086000,,,"{""base"": ""USD"", ""date"": ""2024-12-27"", ""rate"": 10.086, ""quote"": ""MAD""}"
frankfurter,2024-12-30,EUR,1,10.539400,,,"{""base"": ""EUR"", ""date"": ""2024-12-30"", ""rate"": 10.5394, ""quote"": ""MAD""}"
frankfurter,2024-12-30,USD,1,10.103200,,,"{""base"": ""USD"", ""date"": ""2024-12-30"", ""rate"": 10.1032, ""quote"": ""MAD""}"
frankfurter,2024-12-31,EUR,1,10.519000,,,"{""base"": ""EUR"", ""date"": ""2024-12-31"", ""rate"": 10.519, ""quote"": ""MAD""}"
frankfurter,2024-12-31,USD,1,10.111400,,,"{""base"": ""USD"", ""date"": ""2024-12-31"", ""rate"": 10.1114, ""quote"": ""MAD""}"
frankfurter,2025-01-02,EUR,1,10.471200,,,"{""base"": ""EUR"", ""date"": ""2025-01-02"", ""rate"": 10.4712, ""quote"": ""MAD""}"
frankfurter,2025-01-02,USD,1,10.113900,,,"{""base"": ""USD"", ""date"": ""2025-01-02"", ""rate"": 10.1139, ""quote"": ""MAD""}"
frankfurter,2025-01-03,EUR,1,10.389400,,,"{""base"": ""EUR"", ""date"": ""2025-01-03"", ""rate"": 10.3894, ""quote"": ""MAD""}"
frankfurter,2025-01-03,USD,1,10.098900,,,"{""base"": ""USD"", ""date"": ""2025-01-03"", ""rate"": 10.0989, ""quote"": ""MAD""}"
frankfurter,2025-01-06,EUR,1,10.377400,,,"{""base"": ""EUR"", ""date"": ""2025-01-06"", ""rate"": 10.3774, ""quote"": ""MAD""}"
frankfurter,2025-01-06,USD,1,10.030600,,,"{""base"": ""USD"", ""date"": ""2025-01-06"", ""rate"": 10.0306, ""quote"": ""MAD""}"
frankfurter,2025-01-07,EUR,1,10.417000,,,"{""base"": ""EUR"", ""date"": ""2025-01-07"", ""rate"": 10.417, ""quote"": ""MAD""}"
frankfurter,2025-01-07,USD,1,10.003600,,,"{""base"": ""USD"", ""date"": ""2025-01-07"", ""rate"": 10.0036, ""quote"": ""MAD""}"
frankfurter,2025-01-08,EUR,1,10.377200,,,"{""base"": ""EUR"", ""date"": ""2025-01-08"", ""rate"": 10.3772, ""quote"": ""MAD""}"
frankfurter,2025-01-08,USD,1,10.051200,,,"{""base"": ""USD"", ""date"": ""2025-01-08"", ""rate"": 10.0512, ""quote"": ""MAD""}"
frankfurter,2025-01-09,EUR,1,10.367700,,,"{""base"": ""EUR"", ""date"": ""2025-01-09"", ""rate"": 10.3677, ""quote"": ""MAD""}"
frankfurter,2025-01-09,USD,1,10.058200,,,"{""base"": ""USD"", ""date"": ""2025-01-09"", ""rate"": 10.0582, ""quote"": ""MAD""}"
frankfurter,2025-01-10,EUR,1,10.347000,,,"{""base"": ""EUR"", ""date"": ""2025-01-10"", ""rate"": 10.347, ""quote"": ""MAD""}"
frankfurter,2025-01-10,USD,1,10.069700,,,"{""base"": ""USD"", ""date"": ""2025-01-10"", ""rate"": 10.0697, ""quote"": ""MAD""}"
frankfurter,2025-01-13,EUR,1,10.306000,,,"{""base"": ""EUR"", ""date"": ""2025-01-13"", ""rate"": 10.306, ""quote"": ""MAD""}"
frankfurter,2025-01-13,USD,1,10.092900,,,"{""base"": ""USD"", ""date"": ""2025-01-13"", ""rate"": 10.0929, ""quote"": ""MAD""}"
frankfurter,2025-01-15,EUR,1,10.366700,,,"{""base"": ""EUR"", ""date"": ""2025-01-15"", ""rate"": 10.3667, ""quote"": ""MAD""}"
frankfurter,2025-01-15,USD,1,10.049600,,,"{""base"": ""USD"", ""date"": ""2025-01-15"", ""rate"": 10.0496, ""quote"": ""MAD""}"
frankfurter,2025-01-16,EUR,1,10.351600,,,"{""base"": ""EUR"", ""date"": ""2025-01-16"", ""rate"": 10.3516, ""quote"": ""MAD""}"
frankfurter,2025-01-16,USD,1,10.058900,,,"{""base"": ""USD"", ""date"": ""2025-01-16"", ""rate"": 10.0589, ""quote"": ""MAD""}"
frankfurter,2025-01-17,EUR,1,10.345100,,,"{""base"": ""EUR"", ""date"": ""2025-01-17"", ""rate"": 10.3451, ""quote"": ""MAD""}"
frankfurter,2025-01-17,USD,1,10.050500,,,"{""base"": ""USD"", ""date"": ""2025-01-17"", ""rate"": 10.0505, ""quote"": ""MAD""}"
frankfurter,2025-01-20,EUR,1,10.380900,,,"{""base"": ""EUR"", ""date"": ""2025-01-20"", ""rate"": 10.3809, ""quote"": ""MAD""}"
frankfurter,2025-01-20,USD,1,10.020900,,,"{""base"": ""USD"", ""date"": ""2025-01-20"", ""rate"": 10.0209, ""quote"": ""MAD""}"
frankfurter,2025-01-21,EUR,1,10.401200,,,"{""base"": ""EUR"", ""date"": ""2025-01-21"", ""rate"": 10.4012, ""quote"": ""MAD""}"
frankfurter,2025-01-21,USD,1,10.038000,,,"{""base"": ""USD"", ""date"": ""2025-01-21"", ""rate"": 10.038, ""quote"": ""MAD""}"
frankfurter,2025-01-22,EUR,1,10.419600,,,"{""base"": ""EUR"", ""date"": ""2025-01-22"", ""rate"": 10.4196, ""quote"": ""MAD""}"
frankfurter,2025-01-22,USD,1,9.992900,,,"{""base"": ""USD"", ""date"": ""2025-01-22"", ""rate"": 9.9929, ""quote"": ""MAD""}"
frankfurter,2025-01-23,EUR,1,10.412000,,,"{""base"": ""EUR"", ""date"": ""2025-01-23"", ""rate"": 10.412, ""quote"": ""MAD""}"
frankfurter,2025-01-23,USD,1,10.004300,,,"{""base"": ""USD"", ""date"": ""2025-01-23"", ""rate"": 10.0043, ""quote"": ""MAD""}"
frankfurter,2025-01-24,EUR,1,10.476300,,,"{""base"": ""EUR"", ""date"": ""2025-01-24"", ""rate"": 10.4763, ""quote"": ""MAD""}"
frankfurter,2025-01-24,USD,1,9.992000,,,"{""base"": ""USD"", ""date"": ""2025-01-24"", ""rate"": 9.992, ""quote"": ""MAD""}"
frankfurter,2025-01-27,EUR,1,10.481500,,,"{""base"": ""EUR"", ""date"": ""2025-01-27"", ""rate"": 10.4815, ""quote"": ""MAD""}"
frankfurter,2025-01-27,USD,1,9.983100,,,"{""base"": ""USD"", ""date"": ""2025-01-27"", ""rate"": 9.9831, ""quote"": ""MAD""}"
frankfurter,2025-01-28,EUR,1,10.451400,,,"{""base"": ""EUR"", ""date"": ""2025-01-28"", ""rate"": 10.4514, ""quote"": ""MAD""}"
frankfurter,2025-01-28,USD,1,10.018800,,,"{""base"": ""USD"", ""date"": ""2025-01-28"", ""rate"": 10.0188, ""quote"": ""MAD""}"
frankfurter,2025-01-29,EUR,1,10.405100,,,"{""base"": ""EUR"", ""date"": ""2025-01-29"", ""rate"": 10.4051, ""quote"": ""MAD""}"
frankfurter,2025-01-29,USD,1,9.999700,,,"{""base"": ""USD"", ""date"": ""2025-01-29"", ""rate"": 9.9997, ""quote"": ""MAD""}"
frankfurter,2025-01-30,EUR,1,10.427100,,,"{""base"": ""EUR"", ""date"": ""2025-01-30"", ""rate"": 10.4271, ""quote"": ""MAD""}"
frankfurter,2025-01-30,USD,1,10.013100,,,"{""base"": ""USD"", ""date"": ""2025-01-30"", ""rate"": 10.0131, ""quote"": ""MAD""}"
frankfurter,2025-01-31,EUR,1,10.417200,,,"{""base"": ""EUR"", ""date"": ""2025-01-31"", ""rate"": 10.4172, ""quote"": ""MAD""}"
frankfurter,2025-01-31,USD,1,10.037700,,,"{""base"": ""USD"", ""date"": ""2025-01-31"", ""rate"": 10.0377, ""quote"": ""MAD""}"
frankfurter,2025-02-03,EUR,1,10.354700,,,"{""base"": ""EUR"", ""date"": ""2025-02-03"", ""rate"": 10.3547, ""quote"": ""MAD""}"
frankfurter,2025-02-03,USD,1,10.094900,,,"{""base"": ""USD"", ""date"": ""2025-02-03"", ""rate"": 10.0949, ""quote"": ""MAD""}"
frankfurter,2025-02-04,EUR,1,10.406000,,,"{""base"": ""EUR"", ""date"": ""2025-02-04"", ""rate"": 10.406, ""quote"": ""MAD""}"
frankfurter,2025-02-04,USD,1,10.068300,,,"{""base"": ""USD"", ""date"": ""2025-02-04"", ""rate"": 10.0683, ""quote"": ""MAD""}"
frankfurter,2025-02-05,EUR,1,10.429400,,,"{""base"": ""EUR"", ""date"": ""2025-02-05"", ""rate"": 10.4294, ""quote"": ""MAD""}"
frankfurter,2025-02-05,USD,1,10.020700,,,"{""base"": ""USD"", ""date"": ""2025-02-05"", ""rate"": 10.0207, ""quote"": ""MAD""}"
frankfurter,2025-02-06,EUR,1,10.392100,,,"{""base"": ""EUR"", ""date"": ""2025-02-06"", ""rate"": 10.3921, ""quote"": ""MAD""}"
frankfurter,2025-02-06,USD,1,10.029500,,,"{""base"": ""USD"", ""date"": ""2025-02-06"", ""rate"": 10.0295, ""quote"": ""MAD""}"
frankfurter,2025-02-07,EUR,1,10.398800,,,"{""base"": ""EUR"", ""date"": ""2025-02-07"", ""rate"": 10.3988, ""quote"": ""MAD""}"
frankfurter,2025-02-07,USD,1,10.009100,,,"{""base"": ""USD"", ""date"": ""2025-02-07"", ""rate"": 10.0091, ""quote"": ""MAD""}"
frankfurter,2025-02-10,EUR,1,10.357800,,,"{""base"": ""EUR"", ""date"": ""2025-02-10"", ""rate"": 10.3578, ""quote"": ""MAD""}"
frankfurter,2025-02-10,USD,1,10.041100,,,"{""base"": ""USD"", ""date"": ""2025-02-10"", ""rate"": 10.0411, ""quote"": ""MAD""}"
frankfurter,2025-02-11,EUR,1,10.359200,,,"{""base"": ""EUR"", ""date"": ""2025-02-11"", ""rate"": 10.3592, ""quote"": ""MAD""}"
frankfurter,2025-02-11,USD,1,10.040700,,,"{""base"": ""USD"", ""date"": ""2025-02-11"", ""rate"": 10.0407, ""quote"": ""MAD""}"
frankfurter,2025-02-12,EUR,1,10.377000,,,"{""base"": ""EUR"", ""date"": ""2025-02-12"", ""rate"": 10.377, ""quote"": ""MAD""}"
frankfurter,2025-02-12,USD,1,10.007900,,,"{""base"": ""USD"", ""date"": ""2025-02-12"", ""rate"": 10.0079, ""quote"": ""MAD""}"
frankfurter,2025-02-13,EUR,1,10.407400,,,"{""base"": ""EUR"", ""date"": ""2025-02-13"", ""rate"": 10.4074, ""quote"": ""MAD""}"
frankfurter,2025-02-13,USD,1,9.990100,,,"{""base"": ""USD"", ""date"": ""2025-02-13"", ""rate"": 9.9901, ""quote"": ""MAD""}"
frankfurter,2025-02-14,EUR,1,10.444700,,,"{""base"": ""EUR"", ""date"": ""2025-02-14"", ""rate"": 10.4447, ""quote"": ""MAD""}"
frankfurter,2025-02-14,USD,1,9.966300,,,"{""base"": ""USD"", ""date"": ""2025-02-14"", ""rate"": 9.9663, ""quote"": ""MAD""}"
frankfurter,2025-02-17,EUR,1,10.438200,,,"{""base"": ""EUR"", ""date"": ""2025-02-17"", ""rate"": 10.4382, ""quote"": ""MAD""}"
frankfurter,2025-02-17,USD,1,9.962200,,,"{""base"": ""USD"", ""date"": ""2025-02-17"", ""rate"": 9.9622, ""quote"": ""MAD""}"
frankfurter,2025-02-18,EUR,1,10.431000,,,"{""base"": ""EUR"", ""date"": ""2025-02-18"", ""rate"": 10.431, ""quote"": ""MAD""}"
frankfurter,2025-02-18,USD,1,9.981300,,,"{""base"": ""USD"", ""date"": ""2025-02-18"", ""rate"": 9.9813, ""quote"": ""MAD""}"
frankfurter,2025-02-19,EUR,1,10.418200,,,"{""base"": ""EUR"", ""date"": ""2025-02-19"", ""rate"": 10.4182, ""quote"": ""MAD""}"
frankfurter,2025-02-19,USD,1,9.980000,,,"{""base"": ""USD"", ""date"": ""2025-02-19"", ""rate"": 9.98, ""quote"": ""MAD""}"
frankfurter,2025-02-20,EUR,1,10.418400,,,"{""base"": ""EUR"", ""date"": ""2025-02-20"", ""rate"": 10.4184, ""quote"": ""MAD""}"
frankfurter,2025-02-20,USD,1,9.980900,,,"{""base"": ""USD"", ""date"": ""2025-02-20"", ""rate"": 9.9809, ""quote"": ""MAD""}"
frankfurter,2025-02-21,EUR,1,10.425100,,,"{""base"": ""EUR"", ""date"": ""2025-02-21"", ""rate"": 10.4251, ""quote"": ""MAD""}"
frankfurter,2025-02-21,USD,1,9.950700,,,"{""base"": ""USD"", ""date"": ""2025-02-21"", ""rate"": 9.9507, ""quote"": ""MAD""}"
frankfurter,2025-02-24,EUR,1,10.427000,,,"{""base"": ""EUR"", ""date"": ""2025-02-24"", ""rate"": 10.427, ""quote"": ""MAD""}"
frankfurter,2025-02-24,USD,1,9.957800,,,"{""base"": ""USD"", ""date"": ""2025-02-24"", ""rate"": 9.9578, ""quote"": ""MAD""}"
frankfurter,2025-02-25,EUR,1,10.421200,,,"{""base"": ""EUR"", ""date"": ""2025-02-25"", ""rate"": 10.4212, ""quote"": ""MAD""}"
frankfurter,2025-02-25,USD,1,9.937500,,,"{""base"": ""USD"", ""date"": ""2025-02-25"", ""rate"": 9.9375, ""quote"": ""MAD""}"
frankfurter,2025-02-26,EUR,1,10.412400,,,"{""base"": ""EUR"", ""date"": ""2025-02-26"", ""rate"": 10.4124, ""quote"": ""MAD""}"
frankfurter,2025-02-26,USD,1,9.923800,,,"{""base"": ""USD"", ""date"": ""2025-02-26"", ""rate"": 9.9238, ""quote"": ""MAD""}"
frankfurter,2025-02-27,EUR,1,10.387600,,,"{""base"": ""EUR"", ""date"": ""2025-02-27"", ""rate"": 10.3876, ""quote"": ""MAD""}"
frankfurter,2025-02-27,USD,1,9.920100,,,"{""base"": ""USD"", ""date"": ""2025-02-27"", ""rate"": 9.9201, ""quote"": ""MAD""}"
frankfurter,2025-02-28,EUR,1,10.367800,,,"{""base"": ""EUR"", ""date"": ""2025-02-28"", ""rate"": 10.3678, ""quote"": ""MAD""}"
frankfurter,2025-02-28,USD,1,9.963800,,,"{""base"": ""USD"", ""date"": ""2025-02-28"", ""rate"": 9.9638, ""quote"": ""MAD""}"
frankfurter,2025-03-03,EUR,1,10.381800,,,"{""base"": ""EUR"", ""date"": ""2025-03-03"", ""rate"": 10.3818, ""quote"": ""MAD""}"
frankfurter,2025-03-03,USD,1,9.942200,,,"{""base"": ""USD"", ""date"": ""2025-03-03"", ""rate"": 9.9422, ""quote"": ""MAD""}"
frankfurter,2025-03-04,EUR,1,10.417200,,,"{""base"": ""EUR"", ""date"": ""2025-03-04"", ""rate"": 10.4172, ""quote"": ""MAD""}"
frankfurter,2025-03-04,USD,1,9.892100,,,"{""base"": ""USD"", ""date"": ""2025-03-04"", ""rate"": 9.8921, ""quote"": ""MAD""}"
frankfurter,2025-03-05,EUR,1,10.495400,,,"{""base"": ""EUR"", ""date"": ""2025-03-05"", ""rate"": 10.4954, ""quote"": ""MAD""}"
frankfurter,2025-03-05,USD,1,9.813800,,,"{""base"": ""USD"", ""date"": ""2025-03-05"", ""rate"": 9.8138, ""quote"": ""MAD""}"
frankfurter,2025-03-06,EUR,1,10.534900,,,"{""base"": ""EUR"", ""date"": ""2025-03-06"", ""rate"": 10.5349, ""quote"": ""MAD""}"
frankfurter,2025-03-06,USD,1,9.758800,,,"{""base"": ""USD"", ""date"": ""2025-03-06"", ""rate"": 9.7588, ""quote"": ""MAD""}"
frankfurter,2025-03-07,EUR,1,10.553700,,,"{""base"": ""EUR"", ""date"": ""2025-03-07"", ""rate"": 10.5537, ""quote"": ""MAD""}"
frankfurter,2025-03-07,USD,1,9.723500,,,"{""base"": ""USD"", ""date"": ""2025-03-07"", ""rate"": 9.7235, ""quote"": ""MAD""}"
frankfurter,2025-03-10,EUR,1,10.554600,,,"{""base"": ""EUR"", ""date"": ""2025-03-10"", ""rate"": 10.5546, ""quote"": ""MAD""}"
frankfurter,2025-03-10,USD,1,9.724600,,,"{""base"": ""USD"", ""date"": ""2025-03-10"", ""rate"": 9.7246, ""quote"": ""MAD""}"
frankfurter,2025-03-11,EUR,1,10.563700,,,"{""base"": ""EUR"", ""date"": ""2025-03-11"", ""rate"": 10.5637, ""quote"": ""MAD""}"
frankfurter,2025-03-11,USD,1,9.686700,,,"{""base"": ""USD"", ""date"": ""2025-03-11"", ""rate"": 9.6867, ""quote"": ""MAD""}"
frankfurter,2025-03-12,EUR,1,10.555800,,,"{""base"": ""EUR"", ""date"": ""2025-03-12"", ""rate"": 10.5558, ""quote"": ""MAD""}"
frankfurter,2025-03-12,USD,1,9.688500,,,"{""base"": ""USD"", ""date"": ""2025-03-12"", ""rate"": 9.6885, ""quote"": ""MAD""}"
frankfurter,2025-03-13,EUR,1,10.541300,,,"{""base"": ""EUR"", ""date"": ""2025-03-13"", ""rate"": 10.5413, ""quote"": ""MAD""}"
frankfurter,2025-03-13,USD,1,9.696500,,,"{""base"": ""USD"", ""date"": ""2025-03-13"", ""rate"": 9.6965, ""quote"": ""MAD""}"
frankfurter,2025-03-14,EUR,1,10.536600,,,"{""base"": ""EUR"", ""date"": ""2025-03-14"", ""rate"": 10.5366, ""quote"": ""MAD""}"
frankfurter,2025-03-14,USD,1,9.701700,,,"{""base"": ""USD"", ""date"": ""2025-03-14"", ""rate"": 9.7017, ""quote"": ""MAD""}"
frankfurter,2025-03-17,EUR,1,10.537600,,,"{""base"": ""EUR"", ""date"": ""2025-03-17"", ""rate"": 10.5376, ""quote"": ""MAD""}"
frankfurter,2025-03-17,USD,1,9.669000,,,"{""base"": ""USD"", ""date"": ""2025-03-17"", ""rate"": 9.669, ""quote"": ""MAD""}"
frankfurter,2025-03-18,EUR,1,10.541100,,,"{""base"": ""EUR"", ""date"": ""2025-03-18"", ""rate"": 10.5411, ""quote"": ""MAD""}"
frankfurter,2025-03-18,USD,1,9.643800,,,"{""base"": ""USD"", ""date"": ""2025-03-18"", ""rate"": 9.6438, ""quote"": ""MAD""}"
frankfurter,2025-03-19,EUR,1,10.515500,,,"{""base"": ""EUR"", ""date"": ""2025-03-19"", ""rate"": 10.5155, ""quote"": ""MAD""}"
frankfurter,2025-03-19,USD,1,9.640400,,,"{""base"": ""USD"", ""date"": ""2025-03-19"", ""rate"": 9.6404, ""quote"": ""MAD""}"
frankfurter,2025-03-20,EUR,1,10.481000,,,"{""base"": ""EUR"", ""date"": ""2025-03-20"", ""rate"": 10.481, ""quote"": ""MAD""}"
frankfurter,2025-03-20,USD,1,9.664000,,,"{""base"": ""USD"", ""date"": ""2025-03-20"", ""rate"": 9.664, ""quote"": ""MAD""}"
frankfurter,2025-03-21,EUR,1,10.435500,,,"{""base"": ""EUR"", ""date"": ""2025-03-21"", ""rate"": 10.4355, ""quote"": ""MAD""}"
frankfurter,2025-03-21,USD,1,9.631000,,,"{""base"": ""USD"", ""date"": ""2025-03-21"", ""rate"": 9.631, ""quote"": ""MAD""}"
frankfurter,2025-03-24,EUR,1,10.406700,,,"{""base"": ""EUR"", ""date"": ""2025-03-24"", ""rate"": 10.4067, ""quote"": ""MAD""}"
frankfurter,2025-03-24,USD,1,9.603000,,,"{""base"": ""USD"", ""date"": ""2025-03-24"", ""rate"": 9.603, ""quote"": ""MAD""}"
frankfurter,2025-03-25,EUR,1,10.350200,,,"{""base"": ""EUR"", ""date"": ""2025-03-25"", ""rate"": 10.3502, ""quote"": ""MAD""}"
frankfurter,2025-03-25,USD,1,9.574600,,,"{""base"": ""USD"", ""date"": ""2025-03-25"", ""rate"": 9.5746, ""quote"": ""MAD""}"
frankfurter,2025-03-26,EUR,1,10.363800,,,"{""base"": ""EUR"", ""date"": ""2025-03-26"", ""rate"": 10.3638, ""quote"": ""MAD""}"
frankfurter,2025-03-26,USD,1,9.603900,,,"{""base"": ""USD"", ""date"": ""2025-03-26"", ""rate"": 9.6039, ""quote"": ""MAD""}"
frankfurter,2025-03-27,EUR,1,10.390300,,,"{""base"": ""EUR"", ""date"": ""2025-03-27"", ""rate"": 10.3903, ""quote"": ""MAD""}"
frankfurter,2025-03-27,USD,1,9.631700,,,"{""base"": ""USD"", ""date"": ""2025-03-27"", ""rate"": 9.6317, ""quote"": ""MAD""}"
frankfurter,2025-03-28,EUR,1,10.407600,,,"{""base"": ""EUR"", ""date"": ""2025-03-28"", ""rate"": 10.4076, ""quote"": ""MAD""}"
frankfurter,2025-03-28,USD,1,9.660700,,,"{""base"": ""USD"", ""date"": ""2025-03-28"", ""rate"": 9.6607, ""quote"": ""MAD""}"
frankfurter,2025-04-02,EUR,1,10.401600,,,"{""base"": ""EUR"", ""date"": ""2025-04-02"", ""rate"": 10.4016, ""quote"": ""MAD""}"
frankfurter,2025-04-02,USD,1,9.619000,,,"{""base"": ""USD"", ""date"": ""2025-04-02"", ""rate"": 9.619, ""quote"": ""MAD""}"
frankfurter,2025-04-03,EUR,1,10.505100,,,"{""base"": ""EUR"", ""date"": ""2025-04-03"", ""rate"": 10.5051, ""quote"": ""MAD""}"
frankfurter,2025-04-03,USD,1,9.524300,,,"{""base"": ""USD"", ""date"": ""2025-04-03"", ""rate"": 9.5243, ""quote"": ""MAD""}"
frankfurter,2025-04-04,EUR,1,10.497200,,,"{""base"": ""EUR"", ""date"": ""2025-04-04"", ""rate"": 10.4972, ""quote"": ""MAD""}"
frankfurter,2025-04-04,USD,1,9.537900,,,"{""base"": ""USD"", ""date"": ""2025-04-04"", ""rate"": 9.5379, ""quote"": ""MAD""}"
frankfurter,2025-04-07,EUR,1,10.462500,,,"{""base"": ""EUR"", ""date"": ""2025-04-07"", ""rate"": 10.4625, ""quote"": ""MAD""}"
frankfurter,2025-04-07,USD,1,9.531800,,,"{""base"": ""USD"", ""date"": ""2025-04-07"", ""rate"": 9.5318, ""quote"": ""MAD""}"
frankfurter,2025-04-08,EUR,1,10.446400,,,"{""base"": ""EUR"", ""date"": ""2025-04-08"", ""rate"": 10.4464, ""quote"": ""MAD""}"
frankfurter,2025-04-08,USD,1,9.555800,,,"{""base"": ""USD"", ""date"": ""2025-04-08"", ""rate"": 9.5558, ""quote"": ""MAD""}"
frankfurter,2025-04-09,EUR,1,10.491300,,,"{""base"": ""EUR"", ""date"": ""2025-04-09"", ""rate"": 10.4913, ""quote"": ""MAD""}"
frankfurter,2025-04-09,USD,1,9.500000,,,"{""base"": ""USD"", ""date"": ""2025-04-09"", ""rate"": 9.5, ""quote"": ""MAD""}"
frankfurter,2025-04-10,EUR,1,10.473400,,,"{""base"": ""EUR"", ""date"": ""2025-04-10"", ""rate"": 10.4734, ""quote"": ""MAD""}"
frankfurter,2025-04-10,USD,1,9.492500,,,"{""base"": ""USD"", ""date"": ""2025-04-10"", ""rate"": 9.4925, ""quote"": ""MAD""}"
frankfurter,2025-04-11,EUR,1,10.581200,,,"{""base"": ""EUR"", ""date"": ""2025-04-11"", ""rate"": 10.5812, ""quote"": ""MAD""}"
frankfurter,2025-04-11,USD,1,9.278800,,,"{""base"": ""USD"", ""date"": ""2025-04-11"", ""rate"": 9.2788, ""quote"": ""MAD""}"
frankfurter,2025-04-14,EUR,1,10.573000,,,"{""base"": ""EUR"", ""date"": ""2025-04-14"", ""rate"": 10.573, ""quote"": ""MAD""}"
frankfurter,2025-04-14,USD,1,9.288100,,,"{""base"": ""USD"", ""date"": ""2025-04-14"", ""rate"": 9.2881, ""quote"": ""MAD""}"
frankfurter,2025-04-15,EUR,1,10.529700,,,"{""base"": ""EUR"", ""date"": ""2025-04-15"", ""rate"": 10.5297, ""quote"": ""MAD""}"
frankfurter,2025-04-15,USD,1,9.291400,,,"{""base"": ""USD"", ""date"": ""2025-04-15"", ""rate"": 9.2914, ""quote"": ""MAD""}"
frankfurter,2025-04-16,EUR,1,10.552100,,,"{""base"": ""EUR"", ""date"": ""2025-04-16"", ""rate"": 10.5521, ""quote"": ""MAD""}"
frankfurter,2025-04-16,USD,1,9.285800,,,"{""base"": ""USD"", ""date"": ""2025-04-16"", ""rate"": 9.2858, ""quote"": ""MAD""}"
frankfurter,2025-04-17,EUR,1,10.550600,,,"{""base"": ""EUR"", ""date"": ""2025-04-17"", ""rate"": 10.5506, ""quote"": ""MAD""}"
frankfurter,2025-04-17,USD,1,9.281500,,,"{""base"": ""USD"", ""date"": ""2025-04-17"", ""rate"": 9.2815, ""quote"": ""MAD""}"
frankfurter,2025-04-18,EUR,1,10.546700,,,"{""base"": ""EUR"", ""date"": ""2025-04-18"", ""rate"": 10.5467, ""quote"": ""MAD""}"
frankfurter,2025-04-18,USD,1,9.273000,,,"{""base"": ""USD"", ""date"": ""2025-04-18"", ""rate"": 9.273, ""quote"": ""MAD""}"
frankfurter,2025-04-21,EUR,1,10.621600,,,"{""base"": ""EUR"", ""date"": ""2025-04-21"", ""rate"": 10.6216, ""quote"": ""MAD""}"
frankfurter,2025-04-21,USD,1,9.207900,,,"{""base"": ""USD"", ""date"": ""2025-04-21"", ""rate"": 9.2079, ""quote"": ""MAD""}"
frankfurter,2025-04-22,EUR,1,10.585200,,,"{""base"": ""EUR"", ""date"": ""2025-04-22"", ""rate"": 10.5852, ""quote"": ""MAD""}"
frankfurter,2025-04-22,USD,1,9.219900,,,"{""base"": ""USD"", ""date"": ""2025-04-22"", ""rate"": 9.2199, ""quote"": ""MAD""}"
frankfurter,2025-04-23,EUR,1,10.550000,,,"{""base"": ""EUR"", ""date"": ""2025-04-23"", ""rate"": 10.55, ""quote"": ""MAD""}"
frankfurter,2025-04-23,USD,1,9.263100,,,"{""base"": ""USD"", ""date"": ""2025-04-23"", ""rate"": 9.2631, ""quote"": ""MAD""}"
frankfurter,2025-04-24,EUR,1,10.552400,,,"{""base"": ""EUR"", ""date"": ""2025-04-24"", ""rate"": 10.5524, ""quote"": ""MAD""}"
frankfurter,2025-04-24,USD,1,9.272700,,,"{""base"": ""USD"", ""date"": ""2025-04-24"", ""rate"": 9.2727, ""quote"": ""MAD""}"
frankfurter,2025-04-28,EUR,1,10.526300,,,"{""base"": ""EUR"", ""date"": ""2025-04-28"", ""rate"": 10.5263, ""quote"": ""MAD""}"
frankfurter,2025-04-28,USD,1,9.276900,,,"{""base"": ""USD"", ""date"": ""2025-04-28"", ""rate"": 9.2769, ""quote"": ""MAD""}"
frankfurter,2025-04-29,EUR,1,10.558400,,,"{""base"": ""EUR"", ""date"": ""2025-04-29"", ""rate"": 10.5584, ""quote"": ""MAD""}"
frankfurter,2025-04-29,USD,1,9.270700,,,"{""base"": ""USD"", ""date"": ""2025-04-29"", ""rate"": 9.2707, ""quote"": ""MAD""}"
frankfurter,2025-05-02,EUR,1,10.510900,,,"{""base"": ""EUR"", ""date"": ""2025-05-02"", ""rate"": 10.5109, ""quote"": ""MAD""}"
frankfurter,2025-05-02,USD,1,9.265200,,,"{""base"": ""USD"", ""date"": ""2025-05-02"", ""rate"": 9.2652, ""quote"": ""MAD""}"
frankfurter,2025-05-05,EUR,1,10.479400,,,"{""base"": ""EUR"", ""date"": ""2025-05-05"", ""rate"": 10.4794, ""quote"": ""MAD""}"
frankfurter,2025-05-05,USD,1,9.240300,,,"{""base"": ""USD"", ""date"": ""2025-05-05"", ""rate"": 9.2403, ""quote"": ""MAD""}"
frankfurter,2025-05-06,EUR,1,10.454300,,,"{""base"": ""EUR"", ""date"": ""2025-05-06"", ""rate"": 10.4543, ""quote"": ""MAD""}"
frankfurter,2025-05-06,USD,1,9.222800,,,"{""base"": ""USD"", ""date"": ""2025-05-06"", ""rate"": 9.2228, ""quote"": ""MAD""}"
frankfurter,2025-05-07,EUR,1,10.467900,,,"{""base"": ""EUR"", ""date"": ""2025-05-07"", ""rate"": 10.4679, ""quote"": ""MAD""}"
frankfurter,2025-05-07,USD,1,9.215200,,,"{""base"": ""USD"", ""date"": ""2025-05-07"", ""rate"": 9.2152, ""quote"": ""MAD""}"
frankfurter,2025-05-08,EUR,1,10.436300,,,"{""base"": ""EUR"", ""date"": ""2025-05-08"", ""rate"": 10.4363, ""quote"": ""MAD""}"
frankfurter,2025-05-08,USD,1,9.241600,,,"{""base"": ""USD"", ""date"": ""2025-05-08"", ""rate"": 9.2416, ""quote"": ""MAD""}"
frankfurter,2025-05-09,EUR,1,10.411100,,,"{""base"": ""EUR"", ""date"": ""2025-05-09"", ""rate"": 10.4111, ""quote"": ""MAD""}"
frankfurter,2025-05-09,USD,1,9.251100,,,"{""base"": ""USD"", ""date"": ""2025-05-09"", ""rate"": 9.2511, ""quote"": ""MAD""}"
frankfurter,2025-05-12,EUR,1,10.369000,,,"{""base"": ""EUR"", ""date"": ""2025-05-12"", ""rate"": 10.369, ""quote"": ""MAD""}"
frankfurter,2025-05-12,USD,1,9.324900,,,"{""base"": ""USD"", ""date"": ""2025-05-12"", ""rate"": 9.3249, ""quote"": ""MAD""}"
frankfurter,2025-05-13,EUR,1,10.380800,,,"{""base"": ""EUR"", ""date"": ""2025-05-13"", ""rate"": 10.3808, ""quote"": ""MAD""}"
frankfurter,2025-05-13,USD,1,9.322600,,,"{""base"": ""USD"", ""date"": ""2025-05-13"", ""rate"": 9.3226, ""quote"": ""MAD""}"
frankfurter,2025-05-14,EUR,1,10.425700,,,"{""base"": ""EUR"", ""date"": ""2025-05-14"", ""rate"": 10.4257, ""quote"": ""MAD""}"
frankfurter,2025-05-14,USD,1,9.275500,,,"{""base"": ""USD"", ""date"": ""2025-05-14"", ""rate"": 9.2755, ""quote"": ""MAD""}"
frankfurter,2025-05-15,EUR,1,10.405800,,,"{""base"": ""EUR"", ""date"": ""2025-05-15"", ""rate"": 10.4058, ""quote"": ""MAD""}"
frankfurter,2025-05-15,USD,1,9.288500,,,"{""base"": ""USD"", ""date"": ""2025-05-15"", ""rate"": 9.2885, ""quote"": ""MAD""}"
frankfurter,2025-05-16,EUR,1,10.398500,,,"{""base"": ""EUR"", ""date"": ""2025-05-16"", ""rate"": 10.3985, ""quote"": ""MAD""}"
frankfurter,2025-05-16,USD,1,9.288500,,,"{""base"": ""USD"", ""date"": ""2025-05-16"", ""rate"": 9.2885, ""quote"": ""MAD""}"
frankfurter,2025-05-19,EUR,1,10.419900,,,"{""base"": ""EUR"", ""date"": ""2025-05-19"", ""rate"": 10.4199, ""quote"": ""MAD""}"
frankfurter,2025-05-19,USD,1,9.251900,,,"{""base"": ""USD"", ""date"": ""2025-05-19"", ""rate"": 9.2519, ""quote"": ""MAD""}"
frankfurter,2025-05-20,EUR,1,10.416300,,,"{""base"": ""EUR"", ""date"": ""2025-05-20"", ""rate"": 10.4163, ""quote"": ""MAD""}"
frankfurter,2025-05-20,USD,1,9.248100,,,"{""base"": ""USD"", ""date"": ""2025-05-20"", ""rate"": 9.2481, ""quote"": ""MAD""}"
frankfurter,2025-05-21,EUR,1,10.452600,,,"{""base"": ""EUR"", ""date"": ""2025-05-21"", ""rate"": 10.4526, ""quote"": ""MAD""}"
frankfurter,2025-05-21,USD,1,9.220200,,,"{""base"": ""USD"", ""date"": ""2025-05-21"", ""rate"": 9.2202, ""quote"": ""MAD""}"
frankfurter,2025-05-22,EUR,1,10.427500,,,"{""base"": ""EUR"", ""date"": ""2025-05-22"", ""rate"": 10.4275, ""quote"": ""MAD""}"
frankfurter,2025-05-22,USD,1,9.228600,,,"{""base"": ""USD"", ""date"": ""2025-05-22"", ""rate"": 9.2286, ""quote"": ""MAD""}"
frankfurter,2025-05-23,EUR,1,10.436200,,,"{""base"": ""EUR"", ""date"": ""2025-05-23"", ""rate"": 10.4362, ""quote"": ""MAD""}"
frankfurter,2025-05-23,USD,1,9.208600,,,"{""base"": ""USD"", ""date"": ""2025-05-23"", ""rate"": 9.2086, ""quote"": ""MAD""}"
frankfurter,2025-05-26,EUR,1,10.471400,,,"{""base"": ""EUR"", ""date"": ""2025-05-26"", ""rate"": 10.4714, ""quote"": ""MAD""}"
frankfurter,2025-05-26,USD,1,9.199100,,,"{""base"": ""USD"", ""date"": ""2025-05-26"", ""rate"": 9.1991, ""quote"": ""MAD""}"
frankfurter,2025-05-27,EUR,1,10.469600,,,"{""base"": ""EUR"", ""date"": ""2025-05-27"", ""rate"": 10.4696, ""quote"": ""MAD""}"
frankfurter,2025-05-27,USD,1,9.223200,,,"{""base"": ""USD"", ""date"": ""2025-05-27"", ""rate"": 9.2232, ""quote"": ""MAD""}"
frankfurter,2025-05-28,EUR,1,10.492700,,,"{""base"": ""EUR"", ""date"": ""2025-05-28"", ""rate"": 10.4927, ""quote"": ""MAD""}"
frankfurter,2025-05-28,USD,1,9.262700,,,"{""base"": ""USD"", ""date"": ""2025-05-28"", ""rate"": 9.2627, ""quote"": ""MAD""}"
frankfurter,2025-05-29,EUR,1,10.455400,,,"{""base"": ""EUR"", ""date"": ""2025-05-29"", ""rate"": 10.4554, ""quote"": ""MAD""}"
frankfurter,2025-05-29,USD,1,9.250400,,,"{""base"": ""USD"", ""date"": ""2025-05-29"", ""rate"": 9.2504, ""quote"": ""MAD""}"
frankfurter,2025-05-30,EUR,1,10.471900,,,"{""base"": ""EUR"", ""date"": ""2025-05-30"", ""rate"": 10.4719, ""quote"": ""MAD""}"
frankfurter,2025-05-30,USD,1,9.242200,,,"{""base"": ""USD"", ""date"": ""2025-05-30"", ""rate"": 9.2422, ""quote"": ""MAD""}"
frankfurter,2025-06-02,EUR,1,10.514100,,,"{""base"": ""EUR"", ""date"": ""2025-06-02"", ""rate"": 10.5141, ""quote"": ""MAD""}"
frankfurter,2025-06-02,USD,1,9.200800,,,"{""base"": ""USD"", ""date"": ""2025-06-02"", ""rate"": 9.2008, ""quote"": ""MAD""}"
frankfurter,2025-06-03,EUR,1,10.481900,,,"{""base"": ""EUR"", ""date"": ""2025-06-03"", ""rate"": 10.4819, ""quote"": ""MAD""}"
frankfurter,2025-06-03,USD,1,9.197200,,,"{""base"": ""USD"", ""date"": ""2025-06-03"", ""rate"": 9.1972, ""quote"": ""MAD""}"
frankfurter,2025-06-04,EUR,1,10.472100,,,"{""base"": ""EUR"", ""date"": ""2025-06-04"", ""rate"": 10.4721, ""quote"": ""MAD""}"
frankfurter,2025-06-04,USD,1,9.182300,,,"{""base"": ""USD"", ""date"": ""2025-06-04"", ""rate"": 9.1823, ""quote"": ""MAD""}"
frankfurter,2025-06-05,EUR,1,10.464100,,,"{""base"": ""EUR"", ""date"": ""2025-06-05"", ""rate"": 10.4641, ""quote"": ""MAD""}"
frankfurter,2025-06-05,USD,1,9.162300,,,"{""base"": ""USD"", ""date"": ""2025-06-05"", ""rate"": 9.1623, ""quote"": ""MAD""}"
frankfurter,2025-06-06,EUR,1,10.450000,,,"{""base"": ""EUR"", ""date"": ""2025-06-06"", ""rate"": 10.45, ""quote"": ""MAD""}"
frankfurter,2025-06-06,USD,1,9.159400,,,"{""base"": ""USD"", ""date"": ""2025-06-06"", ""rate"": 9.1594, ""quote"": ""MAD""}"
frankfurter,2025-06-10,EUR,1,10.458900,,,"{""base"": ""EUR"", ""date"": ""2025-06-10"", ""rate"": 10.4589, ""quote"": ""MAD""}"
frankfurter,2025-06-10,USD,1,9.160000,,,"{""base"": ""USD"", ""date"": ""2025-06-10"", ""rate"": 9.16, ""quote"": ""MAD""}"
frankfurter,2025-06-11,EUR,1,10.475900,,,"{""base"": ""EUR"", ""date"": ""2025-06-11"", ""rate"": 10.4759, ""quote"": ""MAD""}"
frankfurter,2025-06-11,USD,1,9.157000,,,"{""base"": ""USD"", ""date"": ""2025-06-11"", ""rate"": 9.157, ""quote"": ""MAD""}"
frankfurter,2025-06-12,EUR,1,10.538600,,,"{""base"": ""EUR"", ""date"": ""2025-06-12"", ""rate"": 10.5386, ""quote"": ""MAD""}"
frankfurter,2025-06-12,USD,1,9.100400,,,"{""base"": ""USD"", ""date"": ""2025-06-12"", ""rate"": 9.1004, ""quote"": ""MAD""}"
frankfurter,2025-06-13,EUR,1,10.531300,,,"{""base"": ""EUR"", ""date"": ""2025-06-13"", ""rate"": 10.5313, ""quote"": ""MAD""}"
frankfurter,2025-06-13,USD,1,9.131700,,,"{""base"": ""USD"", ""date"": ""2025-06-13"", ""rate"": 9.1317, ""quote"": ""MAD""}"
frankfurter,2025-06-16,EUR,1,10.549100,,,"{""base"": ""EUR"", ""date"": ""2025-06-16"", ""rate"": 10.5491, ""quote"": ""MAD""}"
frankfurter,2025-06-16,USD,1,9.106600,,,"{""base"": ""USD"", ""date"": ""2025-06-16"", ""rate"": 9.1066, ""quote"": ""MAD""}"
frankfurter,2025-06-17,EUR,1,10.533700,,,"{""base"": ""EUR"", ""date"": ""2025-06-17"", ""rate"": 10.5337, ""quote"": ""MAD""}"
frankfurter,2025-06-17,USD,1,9.118800,,,"{""base"": ""USD"", ""date"": ""2025-06-17"", ""rate"": 9.1188, ""quote"": ""MAD""}"
frankfurter,2025-06-18,EUR,1,10.531500,,,"{""base"": ""EUR"", ""date"": ""2025-06-18"", ""rate"": 10.5315, ""quote"": ""MAD""}"
frankfurter,2025-06-18,USD,1,9.150600,,,"{""base"": ""USD"", ""date"": ""2025-06-18"", ""rate"": 9.1506, ""quote"": ""MAD""}"
frankfurter,2025-06-19,EUR,1,10.512900,,,"{""base"": ""EUR"", ""date"": ""2025-06-19"", ""rate"": 10.5129, ""quote"": ""MAD""}"
frankfurter,2025-06-19,USD,1,9.162100,,,"{""base"": ""USD"", ""date"": ""2025-06-19"", ""rate"": 9.1621, ""quote"": ""MAD""}"
frankfurter,2025-06-20,EUR,1,10.522100,,,"{""base"": ""EUR"", ""date"": ""2025-06-20"", ""rate"": 10.5221, ""quote"": ""MAD""}"
frankfurter,2025-06-20,USD,1,9.136800,,,"{""base"": ""USD"", ""date"": ""2025-06-20"", ""rate"": 9.1368, ""quote"": ""MAD""}"
frankfurter,2025-06-23,EUR,1,10.526700,,,"{""base"": ""EUR"", ""date"": ""2025-06-23"", ""rate"": 10.5267, ""quote"": ""MAD""}"
frankfurter,2025-06-23,USD,1,9.143000,,,"{""base"": ""USD"", ""date"": ""2025-06-23"", ""rate"": 9.143, ""quote"": ""MAD""}"
frankfurter,2025-06-24,EUR,1,10.557700,,,"{""base"": ""EUR"", ""date"": ""2025-06-24"", ""rate"": 10.5577, ""quote"": ""MAD""}"
frankfurter,2025-06-24,USD,1,9.104800,,,"{""base"": ""USD"", ""date"": ""2025-06-24"", ""rate"": 9.1048, ""quote"": ""MAD""}"
frankfurter,2025-06-25,EUR,1,10.569800,,,"{""base"": ""EUR"", ""date"": ""2025-06-25"", ""rate"": 10.5698, ""quote"": ""MAD""}"
frankfurter,2025-06-25,USD,1,9.107300,,,"{""base"": ""USD"", ""date"": ""2025-06-25"", ""rate"": 9.1073, ""quote"": ""MAD""}"
frankfurter,2025-06-26,EUR,1,10.587100,,,"{""base"": ""EUR"", ""date"": ""2025-06-26"", ""rate"": 10.5871, ""quote"": ""MAD""}"
frankfurter,2025-06-26,USD,1,9.039300,,,"{""base"": ""USD"", ""date"": ""2025-06-26"", ""rate"": 9.0393, ""quote"": ""MAD""}"
frankfurter,2025-06-30,EUR,1,10.579900,,,"{""base"": ""EUR"", ""date"": ""2025-06-30"", ""rate"": 10.5799, ""quote"": ""MAD""}"
frankfurter,2025-06-30,USD,1,9.023100,,,"{""base"": ""USD"", ""date"": ""2025-06-30"", ""rate"": 9.0231, ""quote"": ""MAD""}"
frankfurter,2025-07-01,EUR,1,10.599500,,,"{""base"": ""EUR"", ""date"": ""2025-07-01"", ""rate"": 10.5995, ""quote"": ""MAD""}"
frankfurter,2025-07-01,USD,1,8.981000,,,"{""base"": ""USD"", ""date"": ""2025-07-01"", ""rate"": 8.981, ""quote"": ""MAD""}"
frankfurter,2025-07-02,EUR,1,10.571800,,,"{""base"": ""EUR"", ""date"": ""2025-07-02"", ""rate"": 10.5718, ""quote"": ""MAD""}"
frankfurter,2025-07-02,USD,1,8.984700,,,"{""base"": ""USD"", ""date"": ""2025-07-02"", ""rate"": 8.9847, ""quote"": ""MAD""}"
frankfurter,2025-07-03,EUR,1,10.583900,,,"{""base"": ""EUR"", ""date"": ""2025-07-03"", ""rate"": 10.5839, ""quote"": ""MAD""}"
frankfurter,2025-07-03,USD,1,8.988400,,,"{""base"": ""USD"", ""date"": ""2025-07-03"", ""rate"": 8.9884, ""quote"": ""MAD""}"
frankfurter,2025-07-04,EUR,1,10.578300,,,"{""base"": ""EUR"", ""date"": ""2025-07-04"", ""rate"": 10.5783, ""quote"": ""MAD""}"
frankfurter,2025-07-04,USD,1,8.983000,,,"{""base"": ""USD"", ""date"": ""2025-07-04"", ""rate"": 8.983, ""quote"": ""MAD""}"
frankfurter,2025-07-07,EUR,1,10.566200,,,"{""base"": ""EUR"", ""date"": ""2025-07-07"", ""rate"": 10.5662, ""quote"": ""MAD""}"
frankfurter,2025-07-07,USD,1,9.004200,,,"{""base"": ""USD"", ""date"": ""2025-07-07"", ""rate"": 9.0042, ""quote"": ""MAD""}"
frankfurter,2025-07-08,EUR,1,10.558100,,,"{""base"": ""EUR"", ""date"": ""2025-07-08"", ""rate"": 10.5581, ""quote"": ""MAD""}"
frankfurter,2025-07-08,USD,1,9.000200,,,"{""base"": ""USD"", ""date"": ""2025-07-08"", ""rate"": 9.0002, ""quote"": ""MAD""}"
frankfurter,2025-07-09,EUR,1,10.545000,,,"{""base"": ""EUR"", ""date"": ""2025-07-09"", ""rate"": 10.545, ""quote"": ""MAD""}"
frankfurter,2025-07-09,USD,1,9.003800,,,"{""base"": ""USD"", ""date"": ""2025-07-09"", ""rate"": 9.0038, ""quote"": ""MAD""}"
frankfurter,2025-07-10,EUR,1,10.547200,,,"{""base"": ""EUR"", ""date"": ""2025-07-10"", ""rate"": 10.5472, ""quote"": ""MAD""}"
frankfurter,2025-07-10,USD,1,8.990800,,,"{""base"": ""USD"", ""date"": ""2025-07-10"", ""rate"": 8.9908, ""quote"": ""MAD""}"
frankfurter,2025-07-11,EUR,1,10.534300,,,"{""base"": ""EUR"", ""date"": ""2025-07-11"", ""rate"": 10.5343, ""quote"": ""MAD""}"
frankfurter,2025-07-11,USD,1,9.011300,,,"{""base"": ""USD"", ""date"": ""2025-07-11"", ""rate"": 9.0113, ""quote"": ""MAD""}"
frankfurter,2025-07-14,EUR,1,10.537000,,,"{""base"": ""EUR"", ""date"": ""2025-07-14"", ""rate"": 10.537, ""quote"": ""MAD""}"
frankfurter,2025-07-14,USD,1,9.014600,,,"{""base"": ""USD"", ""date"": ""2025-07-14"", ""rate"": 9.0146, ""quote"": ""MAD""}"
frankfurter,2025-07-15,EUR,1,10.531100,,,"{""base"": ""EUR"", ""date"": ""2025-07-15"", ""rate"": 10.5311, ""quote"": ""MAD""}"
frankfurter,2025-07-15,USD,1,9.017900,,,"{""base"": ""USD"", ""date"": ""2025-07-15"", ""rate"": 9.0179, ""quote"": ""MAD""}"
frankfurter,2025-07-16,EUR,1,10.511700,,,"{""base"": ""EUR"", ""date"": ""2025-07-16"", ""rate"": 10.5117, ""quote"": ""MAD""}"
frankfurter,2025-07-16,USD,1,9.051100,,,"{""base"": ""USD"", ""date"": ""2025-07-16"", ""rate"": 9.0511, ""quote"": ""MAD""}"
frankfurter,2025-07-17,EUR,1,10.504700,,,"{""base"": ""EUR"", ""date"": ""2025-07-17"", ""rate"": 10.5047, ""quote"": ""MAD""}"
frankfurter,2025-07-17,USD,1,9.067500,,,"{""base"": ""USD"", ""date"": ""2025-07-17"", ""rate"": 9.0675, ""quote"": ""MAD""}"
frankfurter,2025-07-18,EUR,1,10.530300,,,"{""base"": ""EUR"", ""date"": ""2025-07-18"", ""rate"": 10.5303, ""quote"": ""MAD""}"
frankfurter,2025-07-18,USD,1,9.044500,,,"{""base"": ""USD"", ""date"": ""2025-07-18"", ""rate"": 9.0445, ""quote"": ""MAD""}"
frankfurter,2025-07-21,EUR,1,10.525900,,,"{""base"": ""EUR"", ""date"": ""2025-07-21"", ""rate"": 10.5259, ""quote"": ""MAD""}"
frankfurter,2025-07-21,USD,1,9.037700,,,"{""base"": ""USD"", ""date"": ""2025-07-21"", ""rate"": 9.0377, ""quote"": ""MAD""}"
frankfurter,2025-07-22,EUR,1,10.542300,,,"{""base"": ""EUR"", ""date"": ""2025-07-22"", ""rate"": 10.5423, ""quote"": ""MAD""}"
frankfurter,2025-07-22,USD,1,9.013000,,,"{""base"": ""USD"", ""date"": ""2025-07-22"", ""rate"": 9.013, ""quote"": ""MAD""}"
frankfurter,2025-07-23,EUR,1,10.547900,,,"{""base"": ""EUR"", ""date"": ""2025-07-23"", ""rate"": 10.5479, ""quote"": ""MAD""}"
frankfurter,2025-07-23,USD,1,8.993100,,,"{""base"": ""USD"", ""date"": ""2025-07-23"", ""rate"": 8.9931, ""quote"": ""MAD""}"
frankfurter,2025-07-24,EUR,1,10.554900,,,"{""base"": ""EUR"", ""date"": ""2025-07-24"", ""rate"": 10.5549, ""quote"": ""MAD""}"
frankfurter,2025-07-24,USD,1,8.985000,,,"{""base"": ""USD"", ""date"": ""2025-07-24"", ""rate"": 8.985, ""quote"": ""MAD""}"
frankfurter,2025-07-25,EUR,1,10.555600,,,"{""base"": ""EUR"", ""date"": ""2025-07-25"", ""rate"": 10.5556, ""quote"": ""MAD""}"
frankfurter,2025-07-25,USD,1,8.995900,,,"{""base"": ""USD"", ""date"": ""2025-07-25"", ""rate"": 8.9959, ""quote"": ""MAD""}"
frankfurter,2025-07-28,EUR,1,10.527200,,,"{""base"": ""EUR"", ""date"": ""2025-07-28"", ""rate"": 10.5272, ""quote"": ""MAD""}"
frankfurter,2025-07-28,USD,1,9.029500,,,"{""base"": ""USD"", ""date"": ""2025-07-28"", ""rate"": 9.0295, ""quote"": ""MAD""}"
frankfurter,2025-07-29,EUR,1,10.488100,,,"{""base"": ""EUR"", ""date"": ""2025-07-29"", ""rate"": 10.4881, ""quote"": ""MAD""}"
frankfurter,2025-07-29,USD,1,9.088200,,,"{""base"": ""USD"", ""date"": ""2025-07-29"", ""rate"": 9.0882, ""quote"": ""MAD""}"
frankfurter,2025-07-31,EUR,1,10.459100,,,"{""base"": ""EUR"", ""date"": ""2025-07-31"", ""rate"": 10.4591, ""quote"": ""MAD""}"
frankfurter,2025-07-31,USD,1,9.142600,,,"{""base"": ""USD"", ""date"": ""2025-07-31"", ""rate"": 9.1426, ""quote"": ""MAD""}"
frankfurter,2025-08-01,EUR,1,10.457000,,,"{""base"": ""EUR"", ""date"": ""2025-08-01"", ""rate"": 10.457, ""quote"": ""MAD""}"
frankfurter,2025-08-01,USD,1,9.149800,,,"{""base"": ""USD"", ""date"": ""2025-08-01"", ""rate"": 9.1498, ""quote"": ""MAD""}"
frankfurter,2025-08-04,EUR,1,10.503700,,,"{""base"": ""EUR"", ""date"": ""2025-08-04"", ""rate"": 10.5037, ""quote"": ""MAD""}"
frankfurter,2025-08-04,USD,1,9.070600,,,"{""base"": ""USD"", ""date"": ""2025-08-04"", ""rate"": 9.0706, ""quote"": ""MAD""}"
frankfurter,2025-08-05,EUR,1,10.502400,,,"{""base"": ""EUR"", ""date"": ""2025-08-05"", ""rate"": 10.5024, ""quote"": ""MAD""}"
frankfurter,2025-08-05,USD,1,9.099700,,,"{""base"": ""USD"", ""date"": ""2025-08-05"", ""rate"": 9.0997, ""quote"": ""MAD""}"
frankfurter,2025-08-06,EUR,1,10.532900,,,"{""base"": ""EUR"", ""date"": ""2025-08-06"", ""rate"": 10.5329, ""quote"": ""MAD""}"
frankfurter,2025-08-06,USD,1,9.075900,,,"{""base"": ""USD"", ""date"": ""2025-08-06"", ""rate"": 9.0759, ""quote"": ""MAD""}"
frankfurter,2025-08-08,EUR,1,10.536600,,,"{""base"": ""EUR"", ""date"": ""2025-08-08"", ""rate"": 10.5366, ""quote"": ""MAD""}"
frankfurter,2025-08-08,USD,1,9.039100,,,"{""base"": ""USD"", ""date"": ""2025-08-08"", ""rate"": 9.0391, ""quote"": ""MAD""}"
frankfurter,2025-08-11,EUR,1,10.513000,,,"{""base"": ""EUR"", ""date"": ""2025-08-11"", ""rate"": 10.513, ""quote"": ""MAD""}"
frankfurter,2025-08-11,USD,1,9.055600,,,"{""base"": ""USD"", ""date"": ""2025-08-11"", ""rate"": 9.0556, ""quote"": ""MAD""}"
frankfurter,2025-08-13,EUR,1,10.543900,,,"{""base"": ""EUR"", ""date"": ""2025-08-13"", ""rate"": 10.5439, ""quote"": ""MAD""}"
frankfurter,2025-08-13,USD,1,9.001900,,,"{""base"": ""USD"", ""date"": ""2025-08-13"", ""rate"": 9.0019, ""quote"": ""MAD""}"
frankfurter,2025-08-19,EUR,1,10.527200,,,"{""base"": ""EUR"", ""date"": ""2025-08-19"", ""rate"": 10.5272, ""quote"": ""MAD""}"
frankfurter,2025-08-19,USD,1,9.013700,,,"{""base"": ""USD"", ""date"": ""2025-08-19"", ""rate"": 9.0137, ""quote"": ""MAD""}"
frankfurter,2025-08-22,EUR,1,10.508300,,,"{""base"": ""EUR"", ""date"": ""2025-08-22"", ""rate"": 10.5083, ""quote"": ""MAD""}"
frankfurter,2025-08-22,USD,1,9.052500,,,"{""base"": ""USD"", ""date"": ""2025-08-22"", ""rate"": 9.0525, ""quote"": ""MAD""}"
frankfurter,2025-08-25,EUR,1,10.530400,,,"{""base"": ""EUR"", ""date"": ""2025-08-25"", ""rate"": 10.5304, ""quote"": ""MAD""}"
frankfurter,2025-08-25,USD,1,8.999400,,,"{""base"": ""USD"", ""date"": ""2025-08-25"", ""rate"": 8.9994, ""quote"": ""MAD""}"
frankfurter,2025-08-26,EUR,1,10.518000,,,"{""base"": ""EUR"", ""date"": ""2025-08-26"", ""rate"": 10.518, ""quote"": ""MAD""}"
frankfurter,2025-08-26,USD,1,9.036100,,,"{""base"": ""USD"", ""date"": ""2025-08-26"", ""rate"": 9.0361, ""quote"": ""MAD""}"
frankfurter,2025-08-27,EUR,1,10.502600,,,"{""base"": ""EUR"", ""date"": ""2025-08-27"", ""rate"": 10.5026, ""quote"": ""MAD""}"
frankfurter,2025-08-27,USD,1,9.058100,,,"{""base"": ""USD"", ""date"": ""2025-08-27"", ""rate"": 9.0581, ""quote"": ""MAD""}"
frankfurter,2025-08-28,EUR,1,10.520400,,,"{""base"": ""EUR"", ""date"": ""2025-08-28"", ""rate"": 10.5204, ""quote"": ""MAD""}"
frankfurter,2025-08-28,USD,1,9.016200,,,"{""base"": ""USD"", ""date"": ""2025-08-28"", ""rate"": 9.0162, ""quote"": ""MAD""}"
frankfurter,2025-08-29,EUR,1,10.524300,,,"{""base"": ""EUR"", ""date"": ""2025-08-29"", ""rate"": 10.5243, ""quote"": ""MAD""}"
frankfurter,2025-08-29,USD,1,9.018700,,,"{""base"": ""USD"", ""date"": ""2025-08-29"", ""rate"": 9.0187, ""quote"": ""MAD""}"
frankfurter,2025-09-01,EUR,1,10.540500,,,"{""base"": ""EUR"", ""date"": ""2025-09-01"", ""rate"": 10.5405, ""quote"": ""MAD""}"
frankfurter,2025-09-01,USD,1,8.994300,,,"{""base"": ""USD"", ""date"": ""2025-09-01"", ""rate"": 8.9943, ""quote"": ""MAD""}"
frankfurter,2025-09-02,EUR,1,10.524500,,,"{""base"": ""EUR"", ""date"": ""2025-09-02"", ""rate"": 10.5245, ""quote"": ""MAD""}"
frankfurter,2025-09-02,USD,1,9.049600,,,"{""base"": ""USD"", ""date"": ""2025-09-02"", ""rate"": 9.0496, ""quote"": ""MAD""}"
frankfurter,2025-09-03,EUR,1,10.581500,,,"{""base"": ""EUR"", ""date"": ""2025-09-03"", ""rate"": 10.5815, ""quote"": ""MAD""}"
frankfurter,2025-09-03,USD,1,9.082200,,,"{""base"": ""USD"", ""date"": ""2025-09-03"", ""rate"": 9.0822, ""quote"": ""MAD""}"
frankfurter,2025-09-04,EUR,1,10.592400,,,"{""base"": ""EUR"", ""date"": ""2025-09-04"", ""rate"": 10.5924, ""quote"": ""MAD""}"
frankfurter,2025-09-04,USD,1,9.088800,,,"{""base"": ""USD"", ""date"": ""2025-09-04"", ""rate"": 9.0888, ""quote"": ""MAD""}"
frankfurter,2025-09-08,EUR,1,10.596900,,,"{""base"": ""EUR"", ""date"": ""2025-09-08"", ""rate"": 10.5969, ""quote"": ""MAD""}"
frankfurter,2025-09-08,USD,1,9.030000,,,"{""base"": ""USD"", ""date"": ""2025-09-08"", ""rate"": 9.03, ""quote"": ""MAD""}"
frankfurter,2025-09-09,EUR,1,10.576400,,,"{""base"": ""EUR"", ""date"": ""2025-09-09"", ""rate"": 10.5764, ""quote"": ""MAD""}"
frankfurter,2025-09-09,USD,1,8.999500,,,"{""base"": ""USD"", ""date"": ""2025-09-09"", ""rate"": 8.9995, ""quote"": ""MAD""}"
frankfurter,2025-09-10,EUR,1,10.563500,,,"{""base"": ""EUR"", ""date"": ""2025-09-10"", ""rate"": 10.5635, ""quote"": ""MAD""}"
frankfurter,2025-09-10,USD,1,9.024100,,,"{""base"": ""USD"", ""date"": ""2025-09-10"", ""rate"": 9.0241, ""quote"": ""MAD""}"
frankfurter,2025-09-11,EUR,1,10.558800,,,"{""base"": ""EUR"", ""date"": ""2025-09-11"", ""rate"": 10.5588, ""quote"": ""MAD""}"
frankfurter,2025-09-11,USD,1,9.019600,,,"{""base"": ""USD"", ""date"": ""2025-09-11"", ""rate"": 9.0196, ""quote"": ""MAD""}"
frankfurter,2025-09-12,EUR,1,10.566600,,,"{""base"": ""EUR"", ""date"": ""2025-09-12"", ""rate"": 10.5666, ""quote"": ""MAD""}"
frankfurter,2025-09-12,USD,1,9.012400,,,"{""base"": ""USD"", ""date"": ""2025-09-12"", ""rate"": 9.0124, ""quote"": ""MAD""}"
frankfurter,2025-09-15,EUR,1,10.581000,,,"{""base"": ""EUR"", ""date"": ""2025-09-15"", ""rate"": 10.581, ""quote"": ""MAD""}"
frankfurter,2025-09-15,USD,1,9.007500,,,"{""base"": ""USD"", ""date"": ""2025-09-15"", ""rate"": 9.0075, ""quote"": ""MAD""}"
frankfurter,2025-09-16,EUR,1,10.602600,,,"{""base"": ""EUR"", ""date"": ""2025-09-16"", ""rate"": 10.6026, ""quote"": ""MAD""}"
frankfurter,2025-09-16,USD,1,8.973400,,,"{""base"": ""USD"", ""date"": ""2025-09-16"", ""rate"": 8.9734, ""quote"": ""MAD""}"
frankfurter,2025-09-17,EUR,1,10.622800,,,"{""base"": ""EUR"", ""date"": ""2025-09-17"", ""rate"": 10.6228, ""quote"": ""MAD""}"
frankfurter,2025-09-17,USD,1,8.972400,,,"{""base"": ""USD"", ""date"": ""2025-09-17"", ""rate"": 8.9724, ""quote"": ""MAD""}"
frankfurter,2025-09-18,EUR,1,10.625200,,,"{""base"": ""EUR"", ""date"": ""2025-09-18"", ""rate"": 10.6252, ""quote"": ""MAD""}"
frankfurter,2025-09-18,USD,1,8.996000,,,"{""base"": ""USD"", ""date"": ""2025-09-18"", ""rate"": 8.996, ""quote"": ""MAD""}"
frankfurter,2025-09-19,EUR,1,10.614100,,,"{""base"": ""EUR"", ""date"": ""2025-09-19"", ""rate"": 10.6141, ""quote"": ""MAD""}"
frankfurter,2025-09-19,USD,1,9.027200,,,"{""base"": ""USD"", ""date"": ""2025-09-19"", ""rate"": 9.0272, ""quote"": ""MAD""}"
frankfurter,2025-09-22,EUR,1,10.631400,,,"{""base"": ""EUR"", ""date"": ""2025-09-22"", ""rate"": 10.6314, ""quote"": ""MAD""}"
frankfurter,2025-09-22,USD,1,9.027000,,,"{""base"": ""USD"", ""date"": ""2025-09-22"", ""rate"": 9.027, ""quote"": ""MAD""}"
frankfurter,2025-09-23,EUR,1,10.654000,,,"{""base"": ""EUR"", ""date"": ""2025-09-23"", ""rate"": 10.654, ""quote"": ""MAD""}"
frankfurter,2025-09-23,USD,1,9.031800,,,"{""base"": ""USD"", ""date"": ""2025-09-23"", ""rate"": 9.0318, ""quote"": ""MAD""}"
frankfurter,2025-09-24,EUR,1,10.635100,,,"{""base"": ""EUR"", ""date"": ""2025-09-24"", ""rate"": 10.6351, ""quote"": ""MAD""}"
frankfurter,2025-09-24,USD,1,9.052400,,,"{""base"": ""USD"", ""date"": ""2025-09-24"", ""rate"": 9.0524, ""quote"": ""MAD""}"
frankfurter,2025-09-25,EUR,1,10.608400,,,"{""base"": ""EUR"", ""date"": ""2025-09-25"", ""rate"": 10.6084, ""quote"": ""MAD""}"
frankfurter,2025-09-25,USD,1,9.051500,,,"{""base"": ""USD"", ""date"": ""2025-09-25"", ""rate"": 9.0515, ""quote"": ""MAD""}"
frankfurter,2025-09-26,EUR,1,10.621300,,,"{""base"": ""EUR"", ""date"": ""2025-09-26"", ""rate"": 10.6213, ""quote"": ""MAD""}"
frankfurter,2025-09-26,USD,1,9.097200,,,"{""base"": ""USD"", ""date"": ""2025-09-26"", ""rate"": 9.0972, ""quote"": ""MAD""}"
frankfurter,2025-09-29,EUR,1,10.653500,,,"{""base"": ""EUR"", ""date"": ""2025-09-29"", ""rate"": 10.6535, ""quote"": ""MAD""}"
frankfurter,2025-09-29,USD,1,9.081500,,,"{""base"": ""USD"", ""date"": ""2025-09-29"", ""rate"": 9.0815, ""quote"": ""MAD""}"
frankfurter,2025-09-30,EUR,1,10.681300,,,"{""base"": ""EUR"", ""date"": ""2025-09-30"", ""rate"": 10.6813, ""quote"": ""MAD""}"
frankfurter,2025-09-30,USD,1,9.094700,,,"{""base"": ""USD"", ""date"": ""2025-09-30"", ""rate"": 9.0947, ""quote"": ""MAD""}"
frankfurter,2025-10-01,EUR,1,10.676900,,,"{""base"": ""EUR"", ""date"": ""2025-10-01"", ""rate"": 10.6769, ""quote"": ""MAD""}"
frankfurter,2025-10-01,USD,1,9.095700,,,"{""base"": ""USD"", ""date"": ""2025-10-01"", ""rate"": 9.0957, ""quote"": ""MAD""}"
frankfurter,2025-10-02,EUR,1,10.693800,,,"{""base"": ""EUR"", ""date"": ""2025-10-02"", ""rate"": 10.6938, ""quote"": ""MAD""}"
frankfurter,2025-10-02,USD,1,9.100500,,,"{""base"": ""USD"", ""date"": ""2025-10-02"", ""rate"": 9.1005, ""quote"": ""MAD""}"
frankfurter,2025-10-03,EUR,1,10.690600,,,"{""base"": ""EUR"", ""date"": ""2025-10-03"", ""rate"": 10.6906, ""quote"": ""MAD""}"
frankfurter,2025-10-03,USD,1,9.106500,,,"{""base"": ""USD"", ""date"": ""2025-10-03"", ""rate"": 9.1065, ""quote"": ""MAD""}"
frankfurter,2025-10-06,EUR,1,10.657900,,,"{""base"": ""EUR"", ""date"": ""2025-10-06"", ""rate"": 10.6579, ""quote"": ""MAD""}"
frankfurter,2025-10-06,USD,1,9.145000,,,"{""base"": ""USD"", ""date"": ""2025-10-06"", ""rate"": 9.145, ""quote"": ""MAD""}"
frankfurter,2025-10-07,EUR,1,10.648000,,,"{""base"": ""EUR"", ""date"": ""2025-10-07"", ""rate"": 10.648, ""quote"": ""MAD""}"
frankfurter,2025-10-07,USD,1,9.126000,,,"{""base"": ""USD"", ""date"": ""2025-10-07"", ""rate"": 9.126, ""quote"": ""MAD""}"
frankfurter,2025-10-08,EUR,1,10.605500,,,"{""base"": ""EUR"", ""date"": ""2025-10-08"", ""rate"": 10.6055, ""quote"": ""MAD""}"
frankfurter,2025-10-08,USD,1,9.122000,,,"{""base"": ""USD"", ""date"": ""2025-10-08"", ""rate"": 9.122, ""quote"": ""MAD""}"
frankfurter,2025-10-10,EUR,1,10.606000,,,"{""base"": ""EUR"", ""date"": ""2025-10-10"", ""rate"": 10.606, ""quote"": ""MAD""}"
frankfurter,2025-10-10,USD,1,9.163100,,,"{""base"": ""USD"", ""date"": ""2025-10-10"", ""rate"": 9.1631, ""quote"": ""MAD""}"
frankfurter,2025-10-13,EUR,1,10.623000,,,"{""base"": ""EUR"", ""date"": ""2025-10-13"", ""rate"": 10.623, ""quote"": ""MAD""}"
frankfurter,2025-10-13,USD,1,9.174400,,,"{""base"": ""USD"", ""date"": ""2025-10-13"", ""rate"": 9.1744, ""quote"": ""MAD""}"
frankfurter,2025-10-14,EUR,1,10.624100,,,"{""base"": ""EUR"", ""date"": ""2025-10-14"", ""rate"": 10.6241, ""quote"": ""MAD""}"
frankfurter,2025-10-14,USD,1,9.192600,,,"{""base"": ""USD"", ""date"": ""2025-10-14"", ""rate"": 9.1926, ""quote"": ""MAD""}"
frankfurter,2025-10-15,EUR,1,10.670700,,,"{""base"": ""EUR"", ""date"": ""2025-10-15"", ""rate"": 10.6707, ""quote"": ""MAD""}"
frankfurter,2025-10-15,USD,1,9.177100,,,"{""base"": ""USD"", ""date"": ""2025-10-15"", ""rate"": 9.1771, ""quote"": ""MAD""}"
frankfurter,2025-10-16,EUR,1,10.737000,,,"{""base"": ""EUR"", ""date"": ""2025-10-16"", ""rate"": 10.737, ""quote"": ""MAD""}"
frankfurter,2025-10-16,USD,1,9.210800,,,"{""base"": ""USD"", ""date"": ""2025-10-16"", ""rate"": 9.2108, ""quote"": ""MAD""}"
frankfurter,2025-10-17,EUR,1,10.712900,,,"{""base"": ""EUR"", ""date"": ""2025-10-17"", ""rate"": 10.7129, ""quote"": ""MAD""}"
frankfurter,2025-10-17,USD,1,9.160200,,,"{""base"": ""USD"", ""date"": ""2025-10-17"", ""rate"": 9.1602, ""quote"": ""MAD""}"
frankfurter,2025-10-20,EUR,1,10.712100,,,"{""base"": ""EUR"", ""date"": ""2025-10-20"", ""rate"": 10.7121, ""quote"": ""MAD""}"
frankfurter,2025-10-20,USD,1,9.184100,,,"{""base"": ""USD"", ""date"": ""2025-10-20"", ""rate"": 9.1841, ""quote"": ""MAD""}"
frankfurter,2025-10-21,EUR,1,10.705000,,,"{""base"": ""EUR"", ""date"": ""2025-10-21"", ""rate"": 10.705, ""quote"": ""MAD""}"
frankfurter,2025-10-21,USD,1,9.213300,,,"{""base"": ""USD"", ""date"": ""2025-10-21"", ""rate"": 9.2133, ""quote"": ""MAD""}"
frankfurter,2025-10-22,EUR,1,10.721300,,,"{""base"": ""EUR"", ""date"": ""2025-10-22"", ""rate"": 10.7213, ""quote"": ""MAD""}"
frankfurter,2025-10-22,USD,1,9.252500,,,"{""base"": ""USD"", ""date"": ""2025-10-22"", ""rate"": 9.2525, ""quote"": ""MAD""}"
frankfurter,2025-10-23,EUR,1,10.729500,,,"{""base"": ""EUR"", ""date"": ""2025-10-23"", ""rate"": 10.7295, ""quote"": ""MAD""}"
frankfurter,2025-10-23,USD,1,9.250500,,,"{""base"": ""USD"", ""date"": ""2025-10-23"", ""rate"": 9.2505, ""quote"": ""MAD""}"
frankfurter,2025-10-24,EUR,1,10.735400,,,"{""base"": ""EUR"", ""date"": ""2025-10-24"", ""rate"": 10.7354, ""quote"": ""MAD""}"
frankfurter,2025-10-24,USD,1,9.235300,,,"{""base"": ""USD"", ""date"": ""2025-10-24"", ""rate"": 9.2353, ""quote"": ""MAD""}"
frankfurter,2025-10-27,EUR,1,10.739600,,,"{""base"": ""EUR"", ""date"": ""2025-10-27"", ""rate"": 10.7396, ""quote"": ""MAD""}"
frankfurter,2025-10-27,USD,1,9.229300,,,"{""base"": ""USD"", ""date"": ""2025-10-27"", ""rate"": 9.2293, ""quote"": ""MAD""}"
frankfurter,2025-10-28,EUR,1,10.746300,,,"{""base"": ""EUR"", ""date"": ""2025-10-28"", ""rate"": 10.7463, ""quote"": ""MAD""}"
frankfurter,2025-10-28,USD,1,9.224500,,,"{""base"": ""USD"", ""date"": ""2025-10-28"", ""rate"": 9.2245, ""quote"": ""MAD""}"
frankfurter,2025-10-29,EUR,1,10.742400,,,"{""base"": ""EUR"", ""date"": ""2025-10-29"", ""rate"": 10.7424, ""quote"": ""MAD""}"
frankfurter,2025-10-29,USD,1,9.228300,,,"{""base"": ""USD"", ""date"": ""2025-10-29"", ""rate"": 9.2283, ""quote"": ""MAD""}"
frankfurter,2025-10-30,EUR,1,10.736800,,,"{""base"": ""EUR"", ""date"": ""2025-10-30"", ""rate"": 10.7368, ""quote"": ""MAD""}"
frankfurter,2025-10-30,USD,1,9.251500,,,"{""base"": ""USD"", ""date"": ""2025-10-30"", ""rate"": 9.2515, ""quote"": ""MAD""}"
frankfurter,2025-10-31,EUR,1,10.723700,,,"{""base"": ""EUR"", ""date"": ""2025-10-31"", ""rate"": 10.7237, ""quote"": ""MAD""}"
frankfurter,2025-10-31,USD,1,9.284300,,,"{""base"": ""USD"", ""date"": ""2025-10-31"", ""rate"": 9.2843, ""quote"": ""MAD""}"
frankfurter,2025-11-03,EUR,1,10.721200,,,"{""base"": ""EUR"", ""date"": ""2025-11-03"", ""rate"": 10.7212, ""quote"": ""MAD""}"
frankfurter,2025-11-03,USD,1,9.309500,,,"{""base"": ""USD"", ""date"": ""2025-11-03"", ""rate"": 9.3095, ""quote"": ""MAD""}"
frankfurter,2025-11-04,EUR,1,10.706300,,,"{""base"": ""EUR"", ""date"": ""2025-11-04"", ""rate"": 10.7063, ""quote"": ""MAD""}"
frankfurter,2025-11-04,USD,1,9.302100,,,"{""base"": ""USD"", ""date"": ""2025-11-04"", ""rate"": 9.3021, ""quote"": ""MAD""}"
frankfurter,2025-11-05,EUR,1,10.691400,,,"{""base"": ""EUR"", ""date"": ""2025-11-05"", ""rate"": 10.6914, ""quote"": ""MAD""}"
frankfurter,2025-11-05,USD,1,9.307400,,,"{""base"": ""USD"", ""date"": ""2025-11-05"", ""rate"": 9.3074, ""quote"": ""MAD""}"
frankfurter,2025-11-07,EUR,1,10.708600,,,"{""base"": ""EUR"", ""date"": ""2025-11-07"", ""rate"": 10.7086, ""quote"": ""MAD""}"
frankfurter,2025-11-07,USD,1,9.272500,,,"{""base"": ""USD"", ""date"": ""2025-11-07"", ""rate"": 9.2725, ""quote"": ""MAD""}"
frankfurter,2025-11-10,EUR,1,10.716100,,,"{""base"": ""EUR"", ""date"": ""2025-11-10"", ""rate"": 10.7161, ""quote"": ""MAD""}"
frankfurter,2025-11-10,USD,1,9.266000,,,"{""base"": ""USD"", ""date"": ""2025-11-10"", ""rate"": 9.266, ""quote"": ""MAD""}"
frankfurter,2025-11-11,EUR,1,10.737300,,,"{""base"": ""EUR"", ""date"": ""2025-11-11"", ""rate"": 10.7373, ""quote"": ""MAD""}"
frankfurter,2025-11-11,USD,1,9.273800,,,"{""base"": ""USD"", ""date"": ""2025-11-11"", ""rate"": 9.2738, ""quote"": ""MAD""}"
frankfurter,2025-11-12,EUR,1,10.749800,,,"{""base"": ""EUR"", ""date"": ""2025-11-12"", ""rate"": 10.7498, ""quote"": ""MAD""}"
frankfurter,2025-11-12,USD,1,9.285400,,,"{""base"": ""USD"", ""date"": ""2025-11-12"", ""rate"": 9.2854, ""quote"": ""MAD""}"
frankfurter,2025-11-13,EUR,1,10.765200,,,"{""base"": ""EUR"", ""date"": ""2025-11-13"", ""rate"": 10.7652, ""quote"": ""MAD""}"
frankfurter,2025-11-13,USD,1,9.264300,,,"{""base"": ""USD"", ""date"": ""2025-11-13"", ""rate"": 9.2643, ""quote"": ""MAD""}"
frankfurter,2025-11-14,EUR,1,10.744200,,,"{""base"": ""EUR"", ""date"": ""2025-11-14"", ""rate"": 10.7442, ""quote"": ""MAD""}"
frankfurter,2025-11-14,USD,1,9.242300,,,"{""base"": ""USD"", ""date"": ""2025-11-14"", ""rate"": 9.2423, ""quote"": ""MAD""}"
frankfurter,2025-11-17,EUR,1,10.714400,,,"{""base"": ""EUR"", ""date"": ""2025-11-17"", ""rate"": 10.7144, ""quote"": ""MAD""}"
frankfurter,2025-11-17,USD,1,9.230800,,,"{""base"": ""USD"", ""date"": ""2025-11-17"", ""rate"": 9.2308, ""quote"": ""MAD""}"
frankfurter,2025-11-19,EUR,1,10.713400,,,"{""base"": ""EUR"", ""date"": ""2025-11-19"", ""rate"": 10.7134, ""quote"": ""MAD""}"
frankfurter,2025-11-19,USD,1,9.248800,,,"{""base"": ""USD"", ""date"": ""2025-11-19"", ""rate"": 9.2488, ""quote"": ""MAD""}"
frankfurter,2025-11-20,EUR,1,10.699000,,,"{""base"": ""EUR"", ""date"": ""2025-11-20"", ""rate"": 10.699, ""quote"": ""MAD""}"
frankfurter,2025-11-20,USD,1,9.291300,,,"{""base"": ""USD"", ""date"": ""2025-11-20"", ""rate"": 9.2913, ""quote"": ""MAD""}"
frankfurter,2025-11-21,EUR,1,10.699400,,,"{""base"": ""EUR"", ""date"": ""2025-11-21"", ""rate"": 10.6994, ""quote"": ""MAD""}"
frankfurter,2025-11-21,USD,1,9.281700,,,"{""base"": ""USD"", ""date"": ""2025-11-21"", ""rate"": 9.2817, ""quote"": ""MAD""}"
frankfurter,2025-11-24,EUR,1,10.701500,,,"{""base"": ""EUR"", ""date"": ""2025-11-24"", ""rate"": 10.7015, ""quote"": ""MAD""}"
frankfurter,2025-11-24,USD,1,9.277200,,,"{""base"": ""USD"", ""date"": ""2025-11-24"", ""rate"": 9.2772, ""quote"": ""MAD""}"
frankfurter,2025-11-25,EUR,1,10.701600,,,"{""base"": ""EUR"", ""date"": ""2025-11-25"", ""rate"": 10.7016, ""quote"": ""MAD""}"
frankfurter,2025-11-25,USD,1,9.273500,,,"{""base"": ""USD"", ""date"": ""2025-11-25"", ""rate"": 9.2735, ""quote"": ""MAD""}"
frankfurter,2025-11-26,EUR,1,10.716100,,,"{""base"": ""EUR"", ""date"": ""2025-11-26"", ""rate"": 10.7161, ""quote"": ""MAD""}"
frankfurter,2025-11-26,USD,1,9.260300,,,"{""base"": ""USD"", ""date"": ""2025-11-26"", ""rate"": 9.2603, ""quote"": ""MAD""}"
frankfurter,2025-11-27,EUR,1,10.728000,,,"{""base"": ""EUR"", ""date"": ""2025-11-27"", ""rate"": 10.728, ""quote"": ""MAD""}"
frankfurter,2025-11-27,USD,1,9.258800,,,"{""base"": ""USD"", ""date"": ""2025-11-27"", ""rate"": 9.2588, ""quote"": ""MAD""}"
frankfurter,2025-11-28,EUR,1,10.732300,,,"{""base"": ""EUR"", ""date"": ""2025-11-28"", ""rate"": 10.7323, ""quote"": ""MAD""}"
frankfurter,2025-11-28,USD,1,9.278200,,,"{""base"": ""USD"", ""date"": ""2025-11-28"", ""rate"": 9.2782, ""quote"": ""MAD""}"
frankfurter,2025-12-01,EUR,1,10.753800,,,"{""base"": ""EUR"", ""date"": ""2025-12-01"", ""rate"": 10.7538, ""quote"": ""MAD""}"
frankfurter,2025-12-01,USD,1,9.256000,,,"{""base"": ""USD"", ""date"": ""2025-12-01"", ""rate"": 9.256, ""quote"": ""MAD""}"
frankfurter,2025-12-02,EUR,1,10.740500,,,"{""base"": ""EUR"", ""date"": ""2025-12-02"", ""rate"": 10.7405, ""quote"": ""MAD""}"
frankfurter,2025-12-02,USD,1,9.252700,,,"{""base"": ""USD"", ""date"": ""2025-12-02"", ""rate"": 9.2527, ""quote"": ""MAD""}"
frankfurter,2025-12-04,EUR,1,10.765400,,,"{""base"": ""EUR"", ""date"": ""2025-12-04"", ""rate"": 10.7654, ""quote"": ""MAD""}"
frankfurter,2025-12-04,USD,1,9.222800,,,"{""base"": ""USD"", ""date"": ""2025-12-04"", ""rate"": 9.2228, ""quote"": ""MAD""}"
frankfurter,2025-12-05,EUR,1,10.758400,,,"{""base"": ""EUR"", ""date"": ""2025-12-05"", ""rate"": 10.7584, ""quote"": ""MAD""}"
frankfurter,2025-12-05,USD,1,9.233400,,,"{""base"": ""USD"", ""date"": ""2025-12-05"", ""rate"": 9.2334, ""quote"": ""MAD""}"
frankfurter,2025-12-08,EUR,1,10.772600,,,"{""base"": ""EUR"", ""date"": ""2025-12-08"", ""rate"": 10.7726, ""quote"": ""MAD""}"
frankfurter,2025-12-08,USD,1,9.246900,,,"{""base"": ""USD"", ""date"": ""2025-12-08"", ""rate"": 9.2469, ""quote"": ""MAD""}"
frankfurter,2025-12-09,EUR,1,10.769300,,,"{""base"": ""EUR"", ""date"": ""2025-12-09"", ""rate"": 10.7693, ""quote"": ""MAD""}"
frankfurter,2025-12-09,USD,1,9.247900,,,"{""base"": ""USD"", ""date"": ""2025-12-09"", ""rate"": 9.2479, ""quote"": ""MAD""}"
frankfurter,2025-12-10,EUR,1,10.759700,,,"{""base"": ""EUR"", ""date"": ""2025-12-10"", ""rate"": 10.7597, ""quote"": ""MAD""}"
frankfurter,2025-12-10,USD,1,9.242900,,,"{""base"": ""USD"", ""date"": ""2025-12-10"", ""rate"": 9.2429, ""quote"": ""MAD""}"
frankfurter,2025-12-11,EUR,1,10.772700,,,"{""base"": ""EUR"", ""date"": ""2025-12-11"", ""rate"": 10.7727, ""quote"": ""MAD""}"
frankfurter,2025-12-11,USD,1,9.199100,,,"{""base"": ""USD"", ""date"": ""2025-12-11"", ""rate"": 9.1991, ""quote"": ""MAD""}"
frankfurter,2025-12-12,EUR,1,10.789000,,,"{""base"": ""EUR"", ""date"": ""2025-12-12"", ""rate"": 10.789, ""quote"": ""MAD""}"
frankfurter,2025-12-12,USD,1,9.196700,,,"{""base"": ""USD"", ""date"": ""2025-12-12"", ""rate"": 9.1967, ""quote"": ""MAD""}"
frankfurter,2025-12-15,EUR,1,10.783700,,,"{""base"": ""EUR"", ""date"": ""2025-12-15"", ""rate"": 10.7837, ""quote"": ""MAD""}"
frankfurter,2025-12-15,USD,1,9.184900,,,"{""base"": ""USD"", ""date"": ""2025-12-15"", ""rate"": 9.1849, ""quote"": ""MAD""}"
frankfurter,2025-12-16,EUR,1,10.771400,,,"{""base"": ""EUR"", ""date"": ""2025-12-16"", ""rate"": 10.7714, ""quote"": ""MAD""}"
frankfurter,2025-12-16,USD,1,9.163500,,,"{""base"": ""USD"", ""date"": ""2025-12-16"", ""rate"": 9.1635, ""quote"": ""MAD""}"
frankfurter,2025-12-17,EUR,1,10.735400,,,"{""base"": ""EUR"", ""date"": ""2025-12-17"", ""rate"": 10.7354, ""quote"": ""MAD""}"
frankfurter,2025-12-17,USD,1,9.158900,,,"{""base"": ""USD"", ""date"": ""2025-12-17"", ""rate"": 9.1589, ""quote"": ""MAD""}"
frankfurter,2025-12-18,EUR,1,10.741500,,,"{""base"": ""EUR"", ""date"": ""2025-12-18"", ""rate"": 10.7415, ""quote"": ""MAD""}"
frankfurter,2025-12-18,USD,1,9.161100,,,"{""base"": ""USD"", ""date"": ""2025-12-18"", ""rate"": 9.1611, ""quote"": ""MAD""}"
frankfurter,2025-12-19,EUR,1,10.736700,,,"{""base"": ""EUR"", ""date"": ""2025-12-19"", ""rate"": 10.7367, ""quote"": ""MAD""}"
frankfurter,2025-12-19,USD,1,9.166200,,,"{""base"": ""USD"", ""date"": ""2025-12-19"", ""rate"": 9.1662, ""quote"": ""MAD""}"
frankfurter,2025-12-22,EUR,1,10.742800,,,"{""base"": ""EUR"", ""date"": ""2025-12-22"", ""rate"": 10.7428, ""quote"": ""MAD""}"
frankfurter,2025-12-22,USD,1,9.152000,,,"{""base"": ""USD"", ""date"": ""2025-12-22"", ""rate"": 9.152, ""quote"": ""MAD""}"
frankfurter,2025-12-23,EUR,1,10.749800,,,"{""base"": ""EUR"", ""date"": ""2025-12-23"", ""rate"": 10.7498, ""quote"": ""MAD""}"
frankfurter,2025-12-23,USD,1,9.119700,,,"{""base"": ""USD"", ""date"": ""2025-12-23"", ""rate"": 9.1197, ""quote"": ""MAD""}"
frankfurter,2025-12-24,EUR,1,10.745200,,,"{""base"": ""EUR"", ""date"": ""2025-12-24"", ""rate"": 10.7452, ""quote"": ""MAD""}"
frankfurter,2025-12-24,USD,1,9.114800,,,"{""base"": ""USD"", ""date"": ""2025-12-24"", ""rate"": 9.1148, ""quote"": ""MAD""}"
frankfurter,2025-12-29,EUR,1,10.719900,,,"{""base"": ""EUR"", ""date"": ""2025-12-29"", ""rate"": 10.7199, ""quote"": ""MAD""}"
frankfurter,2025-12-29,USD,1,9.103500,,,"{""base"": ""USD"", ""date"": ""2025-12-29"", ""rate"": 9.1035, ""quote"": ""MAD""}"
frankfurter,2025-12-30,EUR,1,10.711300,,,"{""base"": ""EUR"", ""date"": ""2025-12-30"", ""rate"": 10.7113, ""quote"": ""MAD""}"
frankfurter,2025-12-30,USD,1,9.101100,,,"{""base"": ""USD"", ""date"": ""2025-12-30"", ""rate"": 9.1011, ""quote"": ""MAD""}"
frankfurter,2025-12-31,EUR,1,10.712100,,,"{""base"": ""EUR"", ""date"": ""2025-12-31"", ""rate"": 10.7121, ""quote"": ""MAD""}"
frankfurter,2025-12-31,USD,1,9.128300,,,"{""base"": ""USD"", ""date"": ""2025-12-31"", ""rate"": 9.1283, ""quote"": ""MAD""}"
frankfurter,2026-01-02,EUR,1,10.718400,,,"{""base"": ""EUR"", ""date"": ""2026-01-02"", ""rate"": 10.7184, ""quote"": ""MAD""}"
frankfurter,2026-01-02,USD,1,9.139300,,,"{""base"": ""USD"", ""date"": ""2026-01-02"", ""rate"": 9.1393, ""quote"": ""MAD""}"
frankfurter,2026-01-05,EUR,1,10.714400,,,"{""base"": ""EUR"", ""date"": ""2026-01-05"", ""rate"": 10.7144, ""quote"": ""MAD""}"
frankfurter,2026-01-05,USD,1,9.168500,,,"{""base"": ""USD"", ""date"": ""2026-01-05"", ""rate"": 9.1685, ""quote"": ""MAD""}"
frankfurter,2026-01-06,EUR,1,10.749600,,,"{""base"": ""EUR"", ""date"": ""2026-01-06"", ""rate"": 10.7496, ""quote"": ""MAD""}"
frankfurter,2026-01-06,USD,1,9.172000,,,"{""base"": ""USD"", ""date"": ""2026-01-06"", ""rate"": 9.172, ""quote"": ""MAD""}"
frankfurter,2026-01-07,EUR,1,10.759400,,,"{""base"": ""EUR"", ""date"": ""2026-01-07"", ""rate"": 10.7594, ""quote"": ""MAD""}"
frankfurter,2026-01-07,USD,1,9.206500,,,"{""base"": ""USD"", ""date"": ""2026-01-07"", ""rate"": 9.2065, ""quote"": ""MAD""}"
frankfurter,2026-01-08,EUR,1,10.755300,,,"{""base"": ""EUR"", ""date"": ""2026-01-08"", ""rate"": 10.7553, ""quote"": ""MAD""}"
frankfurter,2026-01-08,USD,1,9.212500,,,"{""base"": ""USD"", ""date"": ""2026-01-08"", ""rate"": 9.2125, ""quote"": ""MAD""}"
frankfurter,2026-01-09,EUR,1,10.760200,,,"{""base"": ""EUR"", ""date"": ""2026-01-09"", ""rate"": 10.7602, ""quote"": ""MAD""}"
frankfurter,2026-01-09,USD,1,9.238600,,,"{""base"": ""USD"", ""date"": ""2026-01-09"", ""rate"": 9.2386, ""quote"": ""MAD""}"
frankfurter,2026-01-12,EUR,1,10.758700,,,"{""base"": ""EUR"", ""date"": ""2026-01-12"", ""rate"": 10.7587, ""quote"": ""MAD""}"
frankfurter,2026-01-12,USD,1,9.206600,,,"{""base"": ""USD"", ""date"": ""2026-01-12"", ""rate"": 9.2066, ""quote"": ""MAD""}"
frankfurter,2026-01-13,EUR,1,10.738500,,,"{""base"": ""EUR"", ""date"": ""2026-01-13"", ""rate"": 10.7385, ""quote"": ""MAD""}"
frankfurter,2026-01-13,USD,1,9.208600,,,"{""base"": ""USD"", ""date"": ""2026-01-13"", ""rate"": 9.2086, ""quote"": ""MAD""}"
frankfurter,2026-01-15,EUR,1,10.726000,,,"{""base"": ""EUR"", ""date"": ""2026-01-15"", ""rate"": 10.726, ""quote"": ""MAD""}"
frankfurter,2026-01-15,USD,1,9.221600,,,"{""base"": ""USD"", ""date"": ""2026-01-15"", ""rate"": 9.2216, ""quote"": ""MAD""}"
frankfurter,2026-01-16,EUR,1,10.710500,,,"{""base"": ""EUR"", ""date"": ""2026-01-16"", ""rate"": 10.7105, ""quote"": ""MAD""}"
frankfurter,2026-01-16,USD,1,9.222400,,,"{""base"": ""USD"", ""date"": ""2026-01-16"", ""rate"": 9.2224, ""quote"": ""MAD""}"
frankfurter,2026-01-19,EUR,1,10.721100,,,"{""base"": ""EUR"", ""date"": ""2026-01-19"", ""rate"": 10.7211, ""quote"": ""MAD""}"
frankfurter,2026-01-19,USD,1,9.218600,,,"{""base"": ""USD"", ""date"": ""2026-01-19"", ""rate"": 9.2186, ""quote"": ""MAD""}"
frankfurter,2026-01-20,EUR,1,10.757300,,,"{""base"": ""EUR"", ""date"": ""2026-01-20"", ""rate"": 10.7573, ""quote"": ""MAD""}"
frankfurter,2026-01-20,USD,1,9.172000,,,"{""base"": ""USD"", ""date"": ""2026-01-20"", ""rate"": 9.172, ""quote"": ""MAD""}"
frankfurter,2026-01-21,EUR,1,10.752600,,,"{""base"": ""EUR"", ""date"": ""2026-01-21"", ""rate"": 10.7526, ""quote"": ""MAD""}"
frankfurter,2026-01-21,USD,1,9.179400,,,"{""base"": ""USD"", ""date"": ""2026-01-21"", ""rate"": 9.1794, ""quote"": ""MAD""}"
frankfurter,2026-01-22,EUR,1,10.740500,,,"{""base"": ""EUR"", ""date"": ""2026-01-22"", ""rate"": 10.7405, ""quote"": ""MAD""}"
frankfurter,2026-01-22,USD,1,9.185300,,,"{""base"": ""USD"", ""date"": ""2026-01-22"", ""rate"": 9.1853, ""quote"": ""MAD""}"
frankfurter,2026-01-23,EUR,1,10.749800,,,"{""base"": ""EUR"", ""date"": ""2026-01-23"", ""rate"": 10.7498, ""quote"": ""MAD""}"
frankfurter,2026-01-23,USD,1,9.158100,,,"{""base"": ""USD"", ""date"": ""2026-01-23"", ""rate"": 9.1581, ""quote"": ""MAD""}"
frankfurter,2026-01-26,EUR,1,10.782600,,,"{""base"": ""EUR"", ""date"": ""2026-01-26"", ""rate"": 10.7826, ""quote"": ""MAD""}"
frankfurter,2026-01-26,USD,1,9.097900,,,"{""base"": ""USD"", ""date"": ""2026-01-26"", ""rate"": 9.0979, ""quote"": ""MAD""}"
frankfurter,2026-01-27,EUR,1,10.798000,,,"{""base"": ""EUR"", ""date"": ""2026-01-27"", ""rate"": 10.798, ""quote"": ""MAD""}"
frankfurter,2026-01-27,USD,1,9.075700,,,"{""base"": ""USD"", ""date"": ""2026-01-27"", ""rate"": 9.0757, ""quote"": ""MAD""}"
frankfurter,2026-01-28,EUR,1,10.832500,,,"{""base"": ""EUR"", ""date"": ""2026-01-28"", ""rate"": 10.8325, ""quote"": ""MAD""}"
frankfurter,2026-01-28,USD,1,9.042500,,,"{""base"": ""USD"", ""date"": ""2026-01-28"", ""rate"": 9.0425, ""quote"": ""MAD""}"
frankfurter,2026-01-29,EUR,1,10.823200,,,"{""base"": ""EUR"", ""date"": ""2026-01-29"", ""rate"": 10.8232, ""quote"": ""MAD""}"
frankfurter,2026-01-29,USD,1,9.057500,,,"{""base"": ""USD"", ""date"": ""2026-01-29"", ""rate"": 9.0575, ""quote"": ""MAD""}"
frankfurter,2026-01-30,EUR,1,10.833100,,,"{""base"": ""EUR"", ""date"": ""2026-01-30"", ""rate"": 10.8331, ""quote"": ""MAD""}"
frankfurter,2026-01-30,USD,1,9.084000,,,"{""base"": ""USD"", ""date"": ""2026-01-30"", ""rate"": 9.084, ""quote"": ""MAD""}"
frankfurter,2026-02-02,EUR,1,10.830000,,,"{""base"": ""EUR"", ""date"": ""2026-02-02"", ""rate"": 10.83, ""quote"": ""MAD""}"
frankfurter,2026-02-02,USD,1,9.132300,,,"{""base"": ""USD"", ""date"": ""2026-02-02"", ""rate"": 9.1323, ""quote"": ""MAD""}"
frankfurter,2026-02-03,EUR,1,10.815900,,,"{""base"": ""EUR"", ""date"": ""2026-02-03"", ""rate"": 10.8159, ""quote"": ""MAD""}"
frankfurter,2026-02-03,USD,1,9.163900,,,"{""base"": ""USD"", ""date"": ""2026-02-03"", ""rate"": 9.1639, ""quote"": ""MAD""}"
frankfurter,2026-02-04,EUR,1,10.834000,,,"{""base"": ""EUR"", ""date"": ""2026-02-04"", ""rate"": 10.834, ""quote"": ""MAD""}"
frankfurter,2026-02-04,USD,1,9.164500,,,"{""base"": ""USD"", ""date"": ""2026-02-04"", ""rate"": 9.1645, ""quote"": ""MAD""}"
frankfurter,2026-02-05,EUR,1,10.829700,,,"{""base"": ""EUR"", ""date"": ""2026-02-05"", ""rate"": 10.8297, ""quote"": ""MAD""}"
frankfurter,2026-02-05,USD,1,9.176300,,,"{""base"": ""USD"", ""date"": ""2026-02-05"", ""rate"": 9.1763, ""quote"": ""MAD""}"
frankfurter,2026-02-06,EUR,1,10.829300,,,"{""base"": ""EUR"", ""date"": ""2026-02-06"", ""rate"": 10.8293, ""quote"": ""MAD""}"
frankfurter,2026-02-06,USD,1,9.182700,,,"{""base"": ""USD"", ""date"": ""2026-02-06"", ""rate"": 9.1827, ""quote"": ""MAD""}"
frankfurter,2026-02-09,EUR,1,10.852200,,,"{""base"": ""EUR"", ""date"": ""2026-02-09"", ""rate"": 10.8522, ""quote"": ""MAD""}"
frankfurter,2026-02-09,USD,1,9.145800,,,"{""base"": ""USD"", ""date"": ""2026-02-09"", ""rate"": 9.1458, ""quote"": ""MAD""}"
frankfurter,2026-02-10,EUR,1,10.855100,,,"{""base"": ""EUR"", ""date"": ""2026-02-10"", ""rate"": 10.8551, ""quote"": ""MAD""}"
frankfurter,2026-02-10,USD,1,9.110900,,,"{""base"": ""USD"", ""date"": ""2026-02-10"", ""rate"": 9.1109, ""quote"": ""MAD""}"
frankfurter,2026-02-11,EUR,1,10.848800,,,"{""base"": ""EUR"", ""date"": ""2026-02-11"", ""rate"": 10.8488, ""quote"": ""MAD""}"
frankfurter,2026-02-11,USD,1,9.117600,,,"{""base"": ""USD"", ""date"": ""2026-02-11"", ""rate"": 9.1176, ""quote"": ""MAD""}"
frankfurter,2026-02-12,EUR,1,10.850700,,,"{""base"": ""EUR"", ""date"": ""2026-02-12"", ""rate"": 10.8507, ""quote"": ""MAD""}"
frankfurter,2026-02-12,USD,1,9.135500,,,"{""base"": ""USD"", ""date"": ""2026-02-12"", ""rate"": 9.1355, ""quote"": ""MAD""}"
frankfurter,2026-02-13,EUR,1,10.846800,,,"{""base"": ""EUR"", ""date"": ""2026-02-13"", ""rate"": 10.8468, ""quote"": ""MAD""}"
frankfurter,2026-02-13,USD,1,9.144700,,,"{""base"": ""USD"", ""date"": ""2026-02-13"", ""rate"": 9.1447, ""quote"": ""MAD""}"
frankfurter,2026-02-16,EUR,1,10.820100,,,"{""base"": ""EUR"", ""date"": ""2026-02-16"", ""rate"": 10.8201, ""quote"": ""MAD""}"
frankfurter,2026-02-16,USD,1,9.127800,,,"{""base"": ""USD"", ""date"": ""2026-02-16"", ""rate"": 9.1278, ""quote"": ""MAD""}"
frankfurter,2026-02-17,EUR,1,10.803300,,,"{""base"": ""EUR"", ""date"": ""2026-02-17"", ""rate"": 10.8033, ""quote"": ""MAD""}"
frankfurter,2026-02-17,USD,1,9.135400,,,"{""base"": ""USD"", ""date"": ""2026-02-17"", ""rate"": 9.1354, ""quote"": ""MAD""}"
frankfurter,2026-02-18,EUR,1,10.814700,,,"{""base"": ""EUR"", ""date"": ""2026-02-18"", ""rate"": 10.8147, ""quote"": ""MAD""}"
frankfurter,2026-02-18,USD,1,9.139300,,,"{""base"": ""USD"", ""date"": ""2026-02-18"", ""rate"": 9.1393, ""quote"": ""MAD""}"
frankfurter,2026-02-19,EUR,1,10.784900,,,"{""base"": ""EUR"", ""date"": ""2026-02-19"", ""rate"": 10.7849, ""quote"": ""MAD""}"
frankfurter,2026-02-19,USD,1,9.156500,,,"{""base"": ""USD"", ""date"": ""2026-02-19"", ""rate"": 9.1565, ""quote"": ""MAD""}"
frankfurter,2026-02-20,EUR,1,10.792600,,,"{""base"": ""EUR"", ""date"": ""2026-02-20"", ""rate"": 10.7926, ""quote"": ""MAD""}"
frankfurter,2026-02-20,USD,1,9.172900,,,"{""base"": ""USD"", ""date"": ""2026-02-20"", ""rate"": 9.1729, ""quote"": ""MAD""}"
frankfurter,2026-02-23,EUR,1,10.814500,,,"{""base"": ""EUR"", ""date"": ""2026-02-23"", ""rate"": 10.8145, ""quote"": ""MAD""}"
frankfurter,2026-02-23,USD,1,9.179100,,,"{""base"": ""USD"", ""date"": ""2026-02-23"", ""rate"": 9.1791, ""quote"": ""MAD""}"
frankfurter,2026-02-24,EUR,1,10.809900,,,"{""base"": ""EUR"", ""date"": ""2026-02-24"", ""rate"": 10.8099, ""quote"": ""MAD""}"
frankfurter,2026-02-24,USD,1,9.170000,,,"{""base"": ""USD"", ""date"": ""2026-02-24"", ""rate"": 9.17, ""quote"": ""MAD""}"
frankfurter,2026-02-25,EUR,1,10.813400,,,"{""base"": ""EUR"", ""date"": ""2026-02-25"", ""rate"": 10.8134, ""quote"": ""MAD""}"
frankfurter,2026-02-25,USD,1,9.174300,,,"{""base"": ""USD"", ""date"": ""2026-02-25"", ""rate"": 9.1743, ""quote"": ""MAD""}"
frankfurter,2026-02-26,EUR,1,10.810000,,,"{""base"": ""EUR"", ""date"": ""2026-02-26"", ""rate"": 10.81, ""quote"": ""MAD""}"
frankfurter,2026-02-26,USD,1,9.157900,,,"{""base"": ""USD"", ""date"": ""2026-02-26"", ""rate"": 9.1579, ""quote"": ""MAD""}"
frankfurter,2026-02-27,EUR,1,10.813300,,,"{""base"": ""EUR"", ""date"": ""2026-02-27"", ""rate"": 10.8133, ""quote"": ""MAD""}"
frankfurter,2026-02-27,USD,1,9.159100,,,"{""base"": ""USD"", ""date"": ""2026-02-27"", ""rate"": 9.1591, ""quote"": ""MAD""}"
frankfurter,2026-03-02,EUR,1,10.801700,,,"{""base"": ""EUR"", ""date"": ""2026-03-02"", ""rate"": 10.8017, ""quote"": ""MAD""}"
frankfurter,2026-03-02,USD,1,9.202400,,,"{""base"": ""USD"", ""date"": ""2026-03-02"", ""rate"": 9.2024, ""quote"": ""MAD""}"
frankfurter,2026-03-03,EUR,1,10.786300,,,"{""base"": ""EUR"", ""date"": ""2026-03-03"", ""rate"": 10.7863, ""quote"": ""MAD""}"
frankfurter,2026-03-03,USD,1,9.291800,,,"{""base"": ""USD"", ""date"": ""2026-03-03"", ""rate"": 9.2918, ""quote"": ""MAD""}"
frankfurter,2026-03-04,EUR,1,10.790700,,,"{""base"": ""EUR"", ""date"": ""2026-03-04"", ""rate"": 10.7907, ""quote"": ""MAD""}"
frankfurter,2026-03-04,USD,1,9.286900,,,"{""base"": ""USD"", ""date"": ""2026-03-04"", ""rate"": 9.2869, ""quote"": ""MAD""}"
frankfurter,2026-03-05,EUR,1,10.789000,,,"{""base"": ""EUR"", ""date"": ""2026-03-05"", ""rate"": 10.789, ""quote"": ""MAD""}"
frankfurter,2026-03-05,USD,1,9.292000,,,"{""base"": ""USD"", ""date"": ""2026-03-05"", ""rate"": 9.292, ""quote"": ""MAD""}"
frankfurter,2026-03-06,EUR,1,10.783600,,,"{""base"": ""EUR"", ""date"": ""2026-03-06"", ""rate"": 10.7836, ""quote"": ""MAD""}"
frankfurter,2026-03-06,USD,1,9.310800,,,"{""base"": ""USD"", ""date"": ""2026-03-06"", ""rate"": 9.3108, ""quote"": ""MAD""}"
frankfurter,2026-03-09,EUR,1,10.839600,,,"{""base"": ""EUR"", ""date"": ""2026-03-09"", ""rate"": 10.8396, ""quote"": ""MAD""}"
frankfurter,2026-03-09,USD,1,9.380400,,,"{""base"": ""USD"", ""date"": ""2026-03-09"", ""rate"": 9.3804, ""quote"": ""MAD""}"
frankfurter,2026-03-10,EUR,1,10.865500,,,"{""base"": ""EUR"", ""date"": ""2026-03-10"", ""rate"": 10.8655, ""quote"": ""MAD""}"
frankfurter,2026-03-10,USD,1,9.325500,,,"{""base"": ""USD"", ""date"": ""2026-03-10"", ""rate"": 9.3255, ""quote"": ""MAD""}"
frankfurter,2026-03-11,EUR,1,10.847900,,,"{""base"": ""EUR"", ""date"": ""2026-03-11"", ""rate"": 10.8479, ""quote"": ""MAD""}"
frankfurter,2026-03-11,USD,1,9.357900,,,"{""base"": ""USD"", ""date"": ""2026-03-11"", ""rate"": 9.3579, ""quote"": ""MAD""}"
frankfurter,2026-03-12,EUR,1,10.830800,,,"{""base"": ""EUR"", ""date"": ""2026-03-12"", ""rate"": 10.8308, ""quote"": ""MAD""}"
frankfurter,2026-03-12,USD,1,9.377000,,,"{""base"": ""USD"", ""date"": ""2026-03-12"", ""rate"": 9.377, ""quote"": ""MAD""}"
frankfurter,2026-03-13,EUR,1,10.809400,,,"{""base"": ""EUR"", ""date"": ""2026-03-13"", ""rate"": 10.8094, ""quote"": ""MAD""}"
frankfurter,2026-03-13,USD,1,9.429300,,,"{""base"": ""USD"", ""date"": ""2026-03-13"", ""rate"": 9.4293, ""quote"": ""MAD""}"
frankfurter,2026-03-16,EUR,1,10.793400,,,"{""base"": ""EUR"", ""date"": ""2026-03-16"", ""rate"": 10.7934, ""quote"": ""MAD""}"
frankfurter,2026-03-16,USD,1,9.412800,,,"{""base"": ""USD"", ""date"": ""2026-03-16"", ""rate"": 9.4128, ""quote"": ""MAD""}"
frankfurter,2026-03-17,EUR,1,10.799200,,,"{""base"": ""EUR"", ""date"": ""2026-03-17"", ""rate"": 10.7992, ""quote"": ""MAD""}"
frankfurter,2026-03-17,USD,1,9.378900,,,"{""base"": ""USD"", ""date"": ""2026-03-17"", ""rate"": 9.3789, ""quote"": ""MAD""}"
frankfurter,2026-03-18,EUR,1,10.806000,,,"{""base"": ""EUR"", ""date"": ""2026-03-18"", ""rate"": 10.806, ""quote"": ""MAD""}"
frankfurter,2026-03-18,USD,1,9.366300,,,"{""base"": ""USD"", ""date"": ""2026-03-18"", ""rate"": 9.3663, ""quote"": ""MAD""}"
frankfurter,2026-03-19,EUR,1,10.776800,,,"{""base"": ""EUR"", ""date"": ""2026-03-19"", ""rate"": 10.7768, ""quote"": ""MAD""}"
frankfurter,2026-03-19,USD,1,9.392000,,,"{""base"": ""USD"", ""date"": ""2026-03-19"", ""rate"": 9.392, ""quote"": ""MAD""}"
frankfurter,2026-03-24,EUR,1,10.820600,,,"{""base"": ""EUR"", ""date"": ""2026-03-24"", ""rate"": 10.8206, ""quote"": ""MAD""}"
frankfurter,2026-03-24,USD,1,9.334100,,,"{""base"": ""USD"", ""date"": ""2026-03-24"", ""rate"": 9.3341, ""quote"": ""MAD""}"
frankfurter,2026-03-25,EUR,1,10.805700,,,"{""base"": ""EUR"", ""date"": ""2026-03-25"", ""rate"": 10.8057, ""quote"": ""MAD""}"
frankfurter,2026-03-25,USD,1,9.318900,,,"{""base"": ""USD"", ""date"": ""2026-03-25"", ""rate"": 9.3189, ""quote"": ""MAD""}"
frankfurter,2026-03-26,EUR,1,10.772900,,,"{""base"": ""EUR"", ""date"": ""2026-03-26"", ""rate"": 10.7729, ""quote"": ""MAD""}"
frankfurter,2026-03-26,USD,1,9.326100,,,"{""base"": ""USD"", ""date"": ""2026-03-26"", ""rate"": 9.3261, ""quote"": ""MAD""}"
frankfurter,2026-03-27,EUR,1,10.754700,,,"{""base"": ""EUR"", ""date"": ""2026-03-27"", ""rate"": 10.7547, ""quote"": ""MAD""}"
frankfurter,2026-03-27,USD,1,9.334100,,,"{""base"": ""USD"", ""date"": ""2026-03-27"", ""rate"": 9.3341, ""quote"": ""MAD""}"
frankfurter,2026-03-30,EUR,1,10.772300,,,"{""base"": ""EUR"", ""date"": ""2026-03-30"", ""rate"": 10.7723, ""quote"": ""MAD""}"
frankfurter,2026-03-30,USD,1,9.379400,,,"{""base"": ""USD"", ""date"": ""2026-03-30"", ""rate"": 9.3794, ""quote"": ""MAD""}"
frankfurter,2026-03-31,EUR,1,10.758200,,,"{""base"": ""EUR"", ""date"": ""2026-03-31"", ""rate"": 10.7582, ""quote"": ""MAD""}"
frankfurter,2026-03-31,USD,1,9.374000,,,"{""base"": ""USD"", ""date"": ""2026-03-31"", ""rate"": 9.374, ""quote"": ""MAD""}"
bam,2026-03-26,USD,1,9.3261,,,"{""date"": ""2026-03-26T12:30:00"", ""libDevise"": ""USD"", ""moyen"": 9.3261, ""uniteDevise"": 1}"
bam,2026-03-26,MRO,100,23.569,,,"{""date"": ""2026-03-26T12:30:00"", ""libDevise"": ""MRO"", ""moyen"": 23.569, ""uniteDevise"": 100}"
bam,2026-03-26,LYD,1,1.8921,,,"{""date"": ""2026-03-26T12:30:00"", ""libDevise"": ""LYD"", ""moyen"": 1.8921, ""uniteDevise"": 1}"
bam,2026-03-26,GIP,1,12.452,,,"{""date"": ""2026-03-26T12:30:00"", ""libDevise"": ""GIP"", ""moyen"": 12.452, ""uniteDevise"": 1}"
bam,2026-03-26,CHF,1,11.765,,,"{""date"": ""2026-03-26T12:30:00"", ""libDevise"": ""CHF"", ""moyen"": 11.765, ""uniteDevise"": 1}"
bam,2026-03-26,QAR,1,2.558,,,"{""date"": ""2026-03-26T12:30:00"", ""libDevise"": ""QAR"", ""moyen"": 2.558, ""uniteDevise"": 1}"
bam,2026-03-26,SEK,100,99.505,,,"{""date"": ""2026-03-26T12:30:00"", ""libDevise"": ""SEK"", ""moyen"": 99.505, ""uniteDevise"": 100}"
bam,2026-03-26,RUB,1,0.1134,,,"{""date"": ""2026-03-26T12:30:00"", ""libDevise"": ""RUB"", ""moyen"": 0.1134, ""uniteDevise"": 1}"
bam,2026-03-26,INR,1,0.0992,,,"{""date"": ""2026-03-26T12:30:00"", ""libDevise"": ""INR"", ""moyen"": 0.0992, ""uniteDevise"": 1}"
bam,2026-03-26,OMR,1,24.224,,,"{""date"": ""2026-03-26T12:30:00"", ""libDevise"": ""OMR"", ""moyen"": 24.224, ""uniteDevise"": 1}"
bam,2026-03-26,DKK,100,144.18,,,"{""date"": ""2026-03-26T12:30:00"", ""libDevise"": ""DKK"", ""moyen"": 144.18, ""uniteDevise"": 100}"
bam,2026-03-26,NOK,100,96.443,,,"{""date"": ""2026-03-26T12:30:00"", ""libDevise"": ""NOK"", ""moyen"": 96.443, ""uniteDevise"": 100}"
bam,2026-03-26,XOF,100,1.6423,,,"{""date"": ""2026-03-26T12:30:00"", ""libDevise"": ""XOF"", ""moyen"": 1.6423, ""uniteDevise"": 100}"
bam,2026-03-26,TRY,1,0.2102,,,"{""date"": ""2026-03-26T12:30:00"", ""libDevise"": ""TRY"", ""moyen"": 0.2102, ""uniteDevise"": 1}"
bam,2026-03-26,KWD,1,30.345,,,"{""date"": ""2026-03-26T12:30:00"", ""libDevise"": ""KWD"", ""moyen"": 30.345, ""uniteDevise"": 1}"
bam,2026-03-26,EUR,1,10.7729,,,"{""date"": ""2026-03-26T12:30:00"", ""libDevise"": ""EUR"", ""moyen"": 10.7729, ""uniteDevise"": 1}"
bam,2026-03-26,AUD,1,6.4685,,,"{""date"": ""2026-03-26T12:30:00"", ""libDevise"": ""AUD"", ""moyen"": 6.4685, ""uniteDevise"": 1}"
bam,2026-03-26,ZAR,1,0.5476,,,"{""date"": ""2026-03-26T12:30:00"", ""libDevise"": ""ZAR"", ""moyen"": 0.5476, ""uniteDevise"": 1}"
bam,2026-03-26,AED,1,2.539,,,"{""date"": ""2026-03-26T12:30:00"", ""libDevise"": ""AED"", ""moyen"": 2.539, ""uniteDevise"": 1}"
bam,2026-03-26,BRL,1,1.7839,,,"{""date"": ""2026-03-26T12:30:00"", ""libDevise"": ""BRL"", ""moyen"": 1.7839, ""uniteDevise"": 1}"
bam,2026-03-26,JOD,1,13.159,,,"{""date"": ""2026-03-26T12:30:00"", ""libDevise"": ""JOD"", ""moyen"": 13.159, ""uniteDevise"": 1}"
bam,2026-03-26,CNY,1,1.3505,,,"{""date"": ""2026-03-26T12:30:00"", ""libDevise"": ""CNY"", ""moyen"": 1.3505, ""uniteDevise"": 1}"
bam,2026-03-26,BHD,1,24.657,,,"{""date"": ""2026-03-26T12:30:00"", ""libDevise"": ""BHD"", ""moyen"": 24.657, ""uniteDevise"": 1}"
bam,2026-03-26,SAR,1,2.4859,,,"{""date"": ""2026-03-26T12:30:00"", ""libDevise"": ""SAR"", ""moyen"": 2.4859, ""uniteDevise"": 1}"
bam,2026-03-26,JPY,100,5.8475,,,"{""date"": ""2026-03-26T12:30:00"", ""libDevise"": ""JPY"", ""moyen"": 5.8475, ""uniteDevise"": 100}"
bam,2026-03-26,DZD,10,0.7024,,,"{""date"": ""2026-03-26T12:30:00"", ""libDevise"": ""DZD"", ""moyen"": 0.7024, ""uniteDevise"": 10}"
bam,2026-03-26,TND,1,3.1825,,,"{""date"": ""2026-03-26T12:30:00"", ""libDevise"": ""TND"", ""moyen"": 3.1825, ""uniteDevise"": 1}"
bam,2026-03-26,EGP,1,0.1771,,,"{""date"": ""2026-03-26T12:30:00"", ""libDevise"": ""EGP"", ""moyen"": 0.1771, ""uniteDevise"": 1}"
bam,2026-03-26,CAD,1,6.7434,,,"{""date"": ""2026-03-26T12:30:00"", ""libDevise"": ""CAD"", ""moyen"": 6.7434, ""uniteDevise"": 1}"
bam,2026-03-26,GBP,1,12.452,,,"{""date"": ""2026-03-26T12:30:00"", ""libDevise"": ""GBP"", ""moyen"": 12.452, ""uniteDevise"": 1}"
bam,2026-03-26,EUR,1,10.7729,,,"{""date"": ""2026-03-26T12:30:00"", ""libDevise"": ""EUR"", ""moyen"": 10.7729, ""uniteDevise"": 1}"
bam,2026-03-26,CAD,1,6.7434,,,"{""date"": ""2026-03-26T12:30:00"", ""libDevise"": ""CAD"", ""moyen"": 6.7434, ""uniteDevise"": 1}"
bam,2026-03-26,GBP,1,12.452,,,"{""date"": ""2026-03-26T12:30:00"", ""libDevise"": ""GBP"", ""moyen"": 12.452, ""uniteDevise"": 1}"
bam,2026-03-26,DKK,100,144.18,,,"{""date"": ""2026-03-26T12:30:00"", ""libDevise"": ""DKK"", ""moyen"": 144.18, ""uniteDevise"": 100}"
bam,2026-03-26,SEK,100,99.505,,,"{""date"": ""2026-03-26T12:30:00"", ""libDevise"": ""SEK"", ""moyen"": 99.505, ""uniteDevise"": 100}"
bam,2026-03-26,CHF,1,11.765,,,"{""date"": ""2026-03-26T12:30:00"", ""libDevise"": ""CHF"", ""moyen"": 11.765, ""uniteDevise"": 1}"
bam,2026-03-26,JPY,100,5.8475,,,"{""date"": ""2026-03-26T12:30:00"", ""libDevise"": ""JPY"", ""moyen"": 5.8475, ""uniteDevise"": 100}"
bam,2026-03-26,KWD,1,30.345,,,"{""date"": ""2026-03-26T12:30:00"", ""libDevise"": ""KWD"", ""moyen"": 30.345, ""uniteDevise"": 1}"
bam,2026-03-26,SAR,1,2.4859,,,"{""date"": ""2026-03-26T12:30:00"", ""libDevise"": ""SAR"", ""moyen"": 2.4859, ""uniteDevise"": 1}"
bam,2026-03-26,AED,1,2.539,,,"{""date"": ""2026-03-26T12:30:00"", ""libDevise"": ""AED"", ""moyen"": 2.539, ""uniteDevise"": 1}"
bam,2026-03-26,CNY,1,1.3505,,,"{""date"": ""2026-03-26T12:30:00"", ""libDevise"": ""CNY"", ""moyen"": 1.3505, ""uniteDevise"": 1}"
bam,2026-03-26,JOD,1,13.159,,,"{""date"": ""2026-03-26T12:30:00"", ""libDevise"": ""JOD"", ""moyen"": 13.159, ""uniteDevise"": 1}"
bam,2026-03-26,ZAR,1,0.5476,,,"{""date"": ""2026-03-26T12:30:00"", ""libDevise"": ""ZAR"", ""moyen"": 0.5476, ""uniteDevise"": 1}"
bam,2026-03-26,AUD,1,6.4685,,,"{""date"": ""2026-03-26T12:30:00"", ""libDevise"": ""AUD"", ""moyen"": 6.4685, ""uniteDevise"": 1}"
bam,2026-03-26,XOF,100,1.6423,,,"{""date"": ""2026-03-26T12:30:00"", ""libDevise"": ""XOF"", ""moyen"": 1.6423, ""uniteDevise"": 100}"
bam,2026-03-26,EGP,1,0.1771,,,"{""date"": ""2026-03-26T12:30:00"", ""libDevise"": ""EGP"", ""moyen"": 0.1771, ""uniteDevise"": 1}"
bam,2026-03-26,RUB,1,0.1134,,,"{""date"": ""2026-03-26T12:30:00"", ""libDevise"": ""RUB"", ""moyen"": 0.1134, ""uniteDevise"": 1}"
bam,2026-03-26,INR,1,0.0992,,,"{""date"": ""2026-03-26T12:30:00"", ""libDevise"": ""INR"", ""moyen"": 0.0992, ""uniteDevise"": 1}"
bam,2026-03-26,TRY,1,0.2102,,,"{""date"": ""2026-03-26T12:30:00"", ""libDevise"": ""TRY"", ""moyen"": 0.2102, ""uniteDevise"": 1}"
bam,2026-03-26,OMR,1,24.224,,,"{""date"": ""2026-03-26T12:30:00"", ""libDevise"": ""OMR"", ""moyen"": 24.224, ""uniteDevise"": 1}"
bam,2026-03-26,GIP,1,12.452,,,"{""date"": ""2026-03-26T12:30:00"", ""libDevise"": ""GIP"", ""moyen"": 12.452, ""uniteDevise"": 1}"
bam,2026-03-26,QAR,1,2.558,,,"{""date"": ""2026-03-26T12:30:00"", ""libDevise"": ""QAR"", ""moyen"": 2.558, ""uniteDevise"": 1}"
bam,2026-03-26,BHD,1,24.657,,,"{""date"": ""2026-03-26T12:30:00"", ""libDevise"": ""BHD"", ""moyen"": 24.657, ""uniteDevise"": 1}"
bam,2026-03-26,BRL,1,1.7839,,,"{""date"": ""2026-03-26T12:30:00"", ""libDevise"": ""BRL"", ""moyen"": 1.7839, ""uniteDevise"": 1}"
bam,2026-03-26,TND,1,3.1825,,,"{""date"": ""2026-03-26T12:30:00"", ""libDevise"": ""TND"", ""moyen"": 3.1825, ""uniteDevise"": 1}"
bam,2026-03-26,DZD,10,0.7024,,,"{""date"": ""2026-03-26T12:30:00"", ""libDevise"": ""DZD"", ""moyen"": 0.7024, ""uniteDevise"": 10}"
bam,2026-03-26,LYD,1,1.8921,,,"{""date"": ""2026-03-26T12:30:00"", ""libDevise"": ""LYD"", ""moyen"": 1.8921, ""uniteDevise"": 1}"
bam,2026-03-26,NOK,100,96.443,,,"{""date"": ""2026-03-26T12:30:00"", ""libDevise"": ""NOK"", ""moyen"": 96.443, ""uniteDevise"": 100}"
