city,product_group,period_label,period_month,index_value,dataset_id,resource_id,resource_last_modified
Casablanca,(01) PRODUITS ALIMENTAIRES ET BOISSONS NON ALCOOLISÉES,2017M1,2017-01-01,98.8,I4166,https://bds.hcp.ma/api/v1/indicators/I4166,2026-06-22 12:26:21.708000+00:00
Casablanca,(01) PRODUITS ALIMENTAIRES ET BOISSONS NON ALCOOLISÉES,2017M2,2017-02-01,99.8,I4166,https://bds.hcp.ma/api/v1/indicators/I4166,2026-06-22 12:26:21.708000+00:00
Casablanca,(01) PRODUITS ALIMENTAIRES ET BOISSONS NON ALCOOLISÉES,2017M3,2017-03-01,98.5,I4166,https://bds.hcp.ma/api/v1/indicators/I4166,2026-06-22 12:26:21.708000+00:00
Casablanca,(01) PRODUITS ALIMENTAIRES ET BOISSONS NON ALCOOLISÉES,2017M4,2017-04-01,98.2,I4166,https://bds.hcp.ma/api/v1/indicators/I4166,2026-06-22 12:26:21.708000+00:00
Casablanca,(01) PRODUITS ALIMENTAIRES ET BOISSONS NON ALCOOLISÉES,2017M5,2017-05-01,99,I4166,https://bds.hcp.ma/api/v1/indicators/I4166,2026-06-22 12:26:21.708000+00:00
Casablanca,(01) PRODUITS ALIMENTAIRES ET BOISSONS NON ALCOOLISÉES,2017M6,2017-06-01,101,I4166,https://bds.hcp.ma/api/v1/indicators/I4166,2026-06-22 12:26:21.708000+00:00
Casablanca,(01) PRODUITS ALIMENTAIRES ET BOISSONS NON ALCOOLISÉES,2017M7,2017-07-01,99.4,I4166,https://bds.hcp.ma/api/v1/indicators/I4166,2026-06-22 12:26:21.708000+00:00
Casablanca,(01) PRODUITS ALIMENTAIRES ET BOISSONS NON ALCOOLISÉES,2017M8,2017-08-01,99.9,I4166,https://bds.hcp.ma/api/v1/indicators/I4166,2026-06-22 12:26:21.708000+00:00
Casablanca,(01) PRODUITS ALIMENTAIRES ET BOISSONS NON ALCOOLISÉES,2017M9,2017-09-01,101.6,I4166,https://bds.hcp.ma/api/v1/indicators/I4166,2026-06-22 12:26:21.708000+00:00
Casablanca,(01) PRODUITS ALIMENTAIRES ET BOISSONS NON ALCOOLISÉES,2017M10,2017-10-01,100.2,I4166,https://bds.hcp.ma/api/v1/indicators/I4166,2026-06-22 12:26:21.708000+00:00
Casablanca,(01) PRODUITS ALIMENTAIRES ET BOISSONS NON ALCOOLISÉES,2017M11,2017-11-01,101.4,I4166,https://bds.hcp.ma/api/v1/indicators/I4166,2026-06-22 12:26:21.708000+00:00
Casablanca,(01) PRODUITS ALIMENTAIRES ET BOISSONS NON ALCOOLISÉES,2017M12,2017-12-01,102.1,I4166,https://bds.hcp.ma/api/v1/indicators/I4166,2026-06-22 12:26:21.708000+00:00
Casablanca,(01) PRODUITS ALIMENTAIRES ET BOISSONS NON ALCOOLISÉES,2018M1,2018-01-01,102.4,I4166,https://bds.hcp.ma/api/v1/indicators/I4166,2026-06-22 12:26:21.708000+00:00
Casablanca,(01) PRODUITS ALIMENTAIRES ET BOISSONS NON ALCOOLISÉES,2018M2,2018-02-01,100.9,I4166,https://bds.hcp.ma/api/v1/indicators/I4166,2026-06-22 12:26:21.708000+00:00
Casablanca,(01) PRODUITS ALIMENTAIRES ET BOISSONS NON ALCOOLISÉES,2018M3,2018-03-01,101.4,I4166,https://bds.hcp.ma/api/v1/indicators/I4166,2026-06-22 12:26:21.708000+00:00
Casablanca,(01) PRODUITS ALIMENTAIRES ET BOISSONS NON ALCOOLISÉES,2018M4,2018-04-01,101.6,I4166,https://bds.hcp.ma/api/v1/indicators/I4166,2026-06-22 12:26:21.708000+00:00
Casablanca,(01) PRODUITS ALIMENTAIRES ET BOISSONS NON ALCOOLISÉES,2018M5,2018-05-01,103.8,I4166,https://bds.hcp.ma/api/v1/indicators/I4166,2026-06-22 12:26:21.708000+00:00
Casablanca,(01) PRODUITS ALIMENTAIRES ET BOISSONS NON ALCOOLISÉES,2018M6,2018-06-01,104.2,I4166,https://bds.hcp.ma/api/v1/indicators/I4166,2026-06-22 12:26:21.708000+00:00
Casablanca,(01) PRODUITS ALIMENTAIRES ET BOISSONS NON ALCOOLISÉES,2018M7,2018-07-01,101.7,I4166,https://bds.hcp.ma/api/v1/indicators/I4166,2026-06-22 12:26:21.708000+00:00
Casablanca,(01) PRODUITS ALIMENTAIRES ET BOISSONS NON ALCOOLISÉES,2018M8,2018-08-01,101.3,I4166,https://bds.hcp.ma/api/v1/indicators/I4166,2026-06-22 12:26:21.708000+00:00
Casablanca,(01) PRODUITS ALIMENTAIRES ET BOISSONS NON ALCOOLISÉES,2018M9,2018-09-01,101.9,I4166,https://bds.hcp.ma/api/v1/indicators/I4166,2026-06-22 12:26:21.708000+00:00
Casablanca,(01) PRODUITS ALIMENTAIRES ET BOISSONS NON ALCOOLISÉES,2018M10,2018-10-01,101,I4166,https://bds.hcp.ma/api/v1/indicators/I4166,2026-06-22 12:26:21.708000+00:00
Casablanca,(01) PRODUITS ALIMENTAIRES ET BOISSONS NON ALCOOLISÉES,2018M11,2018-11-01,102.9,I4166,https://bds.hcp.ma/api/v1/indicators/I4166,2026-06-22 12:26:21.708000+00:00
Casablanca,(01) PRODUITS ALIMENTAIRES ET BOISSONS NON ALCOOLISÉES,2018M12,2018-12-01,101.8,I4166,https://bds.hcp.ma/api/v1/indicators/I4166,2026-06-22 12:26:21.708000+00:00
Casablanca,(01) PRODUITS ALIMENTAIRES ET BOISSONS NON ALCOOLISÉES,2019M1,2019-01-01,99.9,I4166,https://bds.hcp.ma/api/v1/indicators/I4166,2026-06-22 12:26:21.708000+00:00
Casablanca,(01) PRODUITS ALIMENTAIRES ET BOISSONS NON ALCOOLISÉES,2019M2,2019-02-01,99.7,I4166,https://bds.hcp.ma/api/v1/indicators/I4166,2026-06-22 12:26:21.708000+00:00
Casablanca,(01) PRODUITS ALIMENTAIRES ET BOISSONS NON ALCOOLISÉES,2019M3,2019-03-01,98.8,I4166,https://bds.hcp.ma/api/v1/indicators/I4166,2026-06-22 12:26:21.708000+00:00
Casablanca,(01) PRODUITS ALIMENTAIRES ET BOISSONS NON ALCOOLISÉES,2019M4,2019-04-01,99,I4166,https://bds.hcp.ma/api/v1/indicators/I4166,2026-06-22 12:26:21.708000+00:00
Casablanca,(01) PRODUITS ALIMENTAIRES ET BOISSONS NON ALCOOLISÉES,2019M5,2019-05-01,101.9,I4166,https://bds.hcp.ma/api/v1/indicators/I4166,2026-06-22 12:26:21.708000+00:00
Casablanca,(01) PRODUITS ALIMENTAIRES ET BOISSONS NON ALCOOLISÉES,2019M6,2019-06-01,102.5,I4166,https://bds.hcp.ma/api/v1/indicators/I4166,2026-06-22 12:26:21.708000+00:00
Casablanca,(01) PRODUITS ALIMENTAIRES ET BOISSONS NON ALCOOLISÉES,2019M7,2019-07-01,100.6,I4166,https://bds.hcp.ma/api/v1/indicators/I4166,2026-06-22 12:26:21.708000+00:00
Casablanca,(01) PRODUITS ALIMENTAIRES ET BOISSONS NON ALCOOLISÉES,2019M8,2019-08-01,101,I4166,https://bds.hcp.ma/api/v1/indicators/I4166,2026-06-22 12:26:21.708000+00:00
Casablanca,(01) PRODUITS ALIMENTAIRES ET BOISSONS NON ALCOOLISÉES,2019M9,2019-09-01,100,I4166,https://bds.hcp.ma/api/v1/indicators/I4166,2026-06-22 12:26:21.708000+00:00
Casablanca,(01) PRODUITS ALIMENTAIRES ET BOISSONS NON ALCOOLISÉES,2019M10,2019-10-01,99.6,I4166,https://bds.hcp.ma/api/v1/indicators/I4166,2026-06-22 12:26:21.708000+00:00
Casablanca,(01) PRODUITS ALIMENTAIRES ET BOISSONS NON ALCOOLISÉES,2019M11,2019-11-01,101,I4166,https://bds.hcp.ma/api/v1/indicators/I4166,2026-06-22 12:26:21.708000+00:00
Casablanca,(01) PRODUITS ALIMENTAIRES ET BOISSONS NON ALCOOLISÉES,2019M12,2019-12-01,101.2,I4166,https://bds.hcp.ma/api/v1/indicators/I4166,2026-06-22 12:26:21.708000+00:00
Casablanca,(01) PRODUITS ALIMENTAIRES ET BOISSONS NON ALCOOLISÉES,2020M1,2020-01-01,100.6,I4166,https://bds.hcp.ma/api/v1/indicators/I4166,2026-06-22 12:26:21.708000+00:00
Casablanca,(01) PRODUITS ALIMENTAIRES ET BOISSONS NON ALCOOLISÉES,2020M2,2020-02-01,100.8,I4166,https://bds.hcp.ma/api/v1/indicators/I4166,2026-06-22 12:26:21.708000+00:00
Casablanca,(01) PRODUITS ALIMENTAIRES ET BOISSONS NON ALCOOLISÉES,2020M3,2020-03-01,101.6,I4166,https://bds.hcp.ma/api/v1/indicators/I4166,2026-06-22 12:26:21.708000+00:00
Casablanca,(01) PRODUITS ALIMENTAIRES ET BOISSONS NON ALCOOLISÉES,2020M4,2020-04-01,102.9,I4166,https://bds.hcp.ma/api/v1/indicators/I4166,2026-06-22 12:26:21.708000+00:00
Casablanca,(01) PRODUITS ALIMENTAIRES ET BOISSONS NON ALCOOLISÉES,2020M5,2020-05-01,102.1,I4166,https://bds.hcp.ma/api/v1/indicators/I4166,2026-06-22 12:26:21.708000+00:00
Casablanca,(01) PRODUITS ALIMENTAIRES ET BOISSONS NON ALCOOLISÉES,2020M6,2020-06-01,101,I4166,https://bds.hcp.ma/api/v1/indicators/I4166,2026-06-22 12:26:21.708000+00:00
Casablanca,(01) PRODUITS ALIMENTAIRES ET BOISSONS NON ALCOOLISÉES,2020M7,2020-07-01,98.5,I4166,https://bds.hcp.ma/api/v1/indicators/I4166,2026-06-22 12:26:21.708000+00:00
Casablanca,(01) PRODUITS ALIMENTAIRES ET BOISSONS NON ALCOOLISÉES,2020M8,2020-08-01,101,I4166,https://bds.hcp.ma/api/v1/indicators/I4166,2026-06-22 12:26:21.708000+00:00
Casablanca,(01) PRODUITS ALIMENTAIRES ET BOISSONS NON ALCOOLISÉES,2020M9,2020-09-01,100.8,I4166,https://bds.hcp.ma/api/v1/indicators/I4166,2026-06-22 12:26:21.708000+00:00
Casablanca,(01) PRODUITS ALIMENTAIRES ET BOISSONS NON ALCOOLISÉES,2020M10,2020-10-01,102.3,I4166,https://bds.hcp.ma/api/v1/indicators/I4166,2026-06-22 12:26:21.708000+00:00
Casablanca,(01) PRODUITS ALIMENTAIRES ET BOISSONS NON ALCOOLISÉES,2020M11,2020-11-01,101.3,I4166,https://bds.hcp.ma/api/v1/indicators/I4166,2026-06-22 12:26:21.708000+00:00
Casablanca,(01) PRODUITS ALIMENTAIRES ET BOISSONS NON ALCOOLISÉES,2020M12,2020-12-01,100,I4166,https://bds.hcp.ma/api/v1/indicators/I4166,2026-06-22 12:26:21.708000+00:00
Casablanca,(01) PRODUITS ALIMENTAIRES ET BOISSONS NON ALCOOLISÉES,2021M1,2021-01-01,100.2,I4166,https://bds.hcp.ma/api/v1/indicators/I4166,2026-06-22 12:26:21.708000+00:00
Casablanca,(01) PRODUITS ALIMENTAIRES ET BOISSONS NON ALCOOLISÉES,2021M2,2021-02-01,99.8,I4166,https://bds.hcp.ma/api/v1/indicators/I4166,2026-06-22 12:26:21.708000+00:00
Casablanca,(01) PRODUITS ALIMENTAIRES ET BOISSONS NON ALCOOLISÉES,2021M3,2021-03-01,99.4,I4166,https://bds.hcp.ma/api/v1/indicators/I4166,2026-06-22 12:26:21.708000+00:00
Casablanca,(01) PRODUITS ALIMENTAIRES ET BOISSONS NON ALCOOLISÉES,2021M4,2021-04-01,102.2,I4166,https://bds.hcp.ma/api/v1/indicators/I4166,2026-06-22 12:26:21.708000+00:00
Casablanca,(01) PRODUITS ALIMENTAIRES ET BOISSONS NON ALCOOLISÉES,2021M5,2021-05-01,102.8,I4166,https://bds.hcp.ma/api/v1/indicators/I4166,2026-06-22 12:26:21.708000+00:00
Casablanca,(01) PRODUITS ALIMENTAIRES ET BOISSONS NON ALCOOLISÉES,2021M6,2021-06-01,100.6,I4166,https://bds.hcp.ma/api/v1/indicators/I4166,2026-06-22 12:26:21.708000+00:00
Casablanca,(01) PRODUITS ALIMENTAIRES ET BOISSONS NON ALCOOLISÉES,2021M7,2021-07-01,101.2,I4166,https://bds.hcp.ma/api/v1/indicators/I4166,2026-06-22 12:26:21.708000+00:00
Casablanca,(01) PRODUITS ALIMENTAIRES ET BOISSONS NON ALCOOLISÉES,2021M8,2021-08-01,100.4,I4166,https://bds.hcp.ma/api/v1/indicators/I4166,2026-06-22 12:26:21.708000+00:00
Casablanca,(01) PRODUITS ALIMENTAIRES ET BOISSONS NON ALCOOLISÉES,2021M9,2021-09-01,101.5,I4166,https://bds.hcp.ma/api/v1/indicators/I4166,2026-06-22 12:26:21.708000+00:00
Casablanca,(01) PRODUITS ALIMENTAIRES ET BOISSONS NON ALCOOLISÉES,2021M10,2021-10-01,103.1,I4166,https://bds.hcp.ma/api/v1/indicators/I4166,2026-06-22 12:26:21.708000+00:00
Casablanca,(01) PRODUITS ALIMENTAIRES ET BOISSONS NON ALCOOLISÉES,2021M11,2021-11-01,103.5,I4166,https://bds.hcp.ma/api/v1/indicators/I4166,2026-06-22 12:26:21.708000+00:00
Casablanca,(01) PRODUITS ALIMENTAIRES ET BOISSONS NON ALCOOLISÉES,2021M12,2021-12-01,103.3,I4166,https://bds.hcp.ma/api/v1/indicators/I4166,2026-06-22 12:26:21.708000+00:00
Casablanca,(01) PRODUITS ALIMENTAIRES ET BOISSONS NON ALCOOLISÉES,2022M1,2022-01-01,104,I4166,https://bds.hcp.ma/api/v1/indicators/I4166,2026-06-22 12:26:21.708000+00:00
Casablanca,(01) PRODUITS ALIMENTAIRES ET BOISSONS NON ALCOOLISÉES,2022M2,2022-02-01,103.8,I4166,https://bds.hcp.ma/api/v1/indicators/I4166,2026-06-22 12:26:21.708000+00:00
Casablanca,(01) PRODUITS ALIMENTAIRES ET BOISSONS NON ALCOOLISÉES,2022M3,2022-03-01,108.2,I4166,https://bds.hcp.ma/api/v1/indicators/I4166,2026-06-22 12:26:21.708000+00:00
Casablanca,(01) PRODUITS ALIMENTAIRES ET BOISSONS NON ALCOOLISÉES,2022M4,2022-04-01,110.1,I4166,https://bds.hcp.ma/api/v1/indicators/I4166,2026-06-22 12:26:21.708000+00:00
Casablanca,(01) PRODUITS ALIMENTAIRES ET BOISSONS NON ALCOOLISÉES,2022M5,2022-05-01,110.9,I4166,https://bds.hcp.ma/api/v1/indicators/I4166,2026-06-22 12:26:21.708000+00:00
Casablanca,(01) PRODUITS ALIMENTAIRES ET BOISSONS NON ALCOOLISÉES,2022M6,2022-06-01,111.6,I4166,https://bds.hcp.ma/api/v1/indicators/I4166,2026-06-22 12:26:21.708000+00:00
Casablanca,(01) PRODUITS ALIMENTAIRES ET BOISSONS NON ALCOOLISÉES,2022M7,2022-07-01,112.2,I4166,https://bds.hcp.ma/api/v1/indicators/I4166,2026-06-22 12:26:21.708000+00:00
Casablanca,(01) PRODUITS ALIMENTAIRES ET BOISSONS NON ALCOOLISÉES,2022M8,2022-08-01,114,I4166,https://bds.hcp.ma/api/v1/indicators/I4166,2026-06-22 12:26:21.708000+00:00
Casablanca,(01) PRODUITS ALIMENTAIRES ET BOISSONS NON ALCOOLISÉES,2022M9,2022-09-01,115.9,I4166,https://bds.hcp.ma/api/v1/indicators/I4166,2026-06-22 12:26:21.708000+00:00
Casablanca,(01) PRODUITS ALIMENTAIRES ET BOISSONS NON ALCOOLISÉES,2022M10,2022-10-01,118,I4166,https://bds.hcp.ma/api/v1/indicators/I4166,2026-06-22 12:26:21.708000+00:00
Casablanca,(01) PRODUITS ALIMENTAIRES ET BOISSONS NON ALCOOLISÉES,2022M11,2022-11-01,118.3,I4166,https://bds.hcp.ma/api/v1/indicators/I4166,2026-06-22 12:26:21.708000+00:00
Casablanca,(01) PRODUITS ALIMENTAIRES ET BOISSONS NON ALCOOLISÉES,2022M12,2022-12-01,118.6,I4166,https://bds.hcp.ma/api/v1/indicators/I4166,2026-06-22 12:26:21.708000+00:00
Casablanca,(01) PRODUITS ALIMENTAIRES ET BOISSONS NON ALCOOLISÉES,2023M1,2023-01-01,118.9,I4166,https://bds.hcp.ma/api/v1/indicators/I4166,2026-06-22 12:26:21.708000+00:00
Casablanca,(01) PRODUITS ALIMENTAIRES ET BOISSONS NON ALCOOLISÉES,2023M2,2023-02-01,123.1,I4166,https://bds.hcp.ma/api/v1/indicators/I4166,2026-06-22 12:26:21.708000+00:00
Casablanca,(01) PRODUITS ALIMENTAIRES ET BOISSONS NON ALCOOLISÉES,2023M3,2023-03-01,122.3,I4166,https://bds.hcp.ma/api/v1/indicators/I4166,2026-06-22 12:26:21.708000+00:00
Casablanca,(01) PRODUITS ALIMENTAIRES ET BOISSONS NON ALCOOLISÉES,2023M4,2023-04-01,127.2,I4166,https://bds.hcp.ma/api/v1/indicators/I4166,2026-06-22 12:26:21.708000+00:00
Casablanca,(01) PRODUITS ALIMENTAIRES ET BOISSONS NON ALCOOLISÉES,2023M5,2023-05-01,126,I4166,https://bds.hcp.ma/api/v1/indicators/I4166,2026-06-22 12:26:21.708000+00:00
Casablanca,(01) PRODUITS ALIMENTAIRES ET BOISSONS NON ALCOOLISÉES,2023M6,2023-06-01,123.7,I4166,https://bds.hcp.ma/api/v1/indicators/I4166,2026-06-22 12:26:21.708000+00:00
Casablanca,(01) PRODUITS ALIMENTAIRES ET BOISSONS NON ALCOOLISÉES,2023M7,2023-07-01,124.3,I4166,https://bds.hcp.ma/api/v1/indicators/I4166,2026-06-22 12:26:21.708000+00:00
Casablanca,(01) PRODUITS ALIMENTAIRES ET BOISSONS NON ALCOOLISÉES,2023M8,2023-08-01,124.2,I4166,https://bds.hcp.ma/api/v1/indicators/I4166,2026-06-22 12:26:21.708000+00:00
Casablanca,(01) PRODUITS ALIMENTAIRES ET BOISSONS NON ALCOOLISÉES,2023M9,2023-09-01,127.2,I4166,https://bds.hcp.ma/api/v1/indicators/I4166,2026-06-22 12:26:21.708000+00:00
Casablanca,(01) PRODUITS ALIMENTAIRES ET BOISSONS NON ALCOOLISÉES,2023M10,2023-10-01,127,I4166,https://bds.hcp.ma/api/v1/indicators/I4166,2026-06-22 12:26:21.708000+00:00
Casablanca,(01) PRODUITS ALIMENTAIRES ET BOISSONS NON ALCOOLISÉES,2023M11,2023-11-01,125.6,I4166,https://bds.hcp.ma/api/v1/indicators/I4166,2026-06-22 12:26:21.708000+00:00
Casablanca,(01) PRODUITS ALIMENTAIRES ET BOISSONS NON ALCOOLISÉES,2023M12,2023-12-01,126.6,I4166,https://bds.hcp.ma/api/v1/indicators/I4166,2026-06-22 12:26:21.708000+00:00
Casablanca,(01) PRODUITS ALIMENTAIRES ET BOISSONS NON ALCOOLISÉES,2024M1,2024-01-01,124.5,I4166,https://bds.hcp.ma/api/v1/indicators/I4166,2026-06-22 12:26:21.708000+00:00
Casablanca,(01) PRODUITS ALIMENTAIRES ET BOISSONS NON ALCOOLISÉES,2024M2,2024-02-01,123.4,I4166,https://bds.hcp.ma/api/v1/indicators/I4166,2026-06-22 12:26:21.708000+00:00
Casablanca,(01) PRODUITS ALIMENTAIRES ET BOISSONS NON ALCOOLISÉES,2024M3,2024-03-01,124.4,I4166,https://bds.hcp.ma/api/v1/indicators/I4166,2026-06-22 12:26:21.708000+00:00
Casablanca,(01) PRODUITS ALIMENTAIRES ET BOISSONS NON ALCOOLISÉES,2024M4,2024-04-01,125.4,I4166,https://bds.hcp.ma/api/v1/indicators/I4166,2026-06-22 12:26:21.708000+00:00
Casablanca,(01) PRODUITS ALIMENTAIRES ET BOISSONS NON ALCOOLISÉES,2024M5,2024-05-01,124.5,I4166,https://bds.hcp.ma/api/v1/indicators/I4166,2026-06-22 12:26:21.708000+00:00
Casablanca,(01) PRODUITS ALIMENTAIRES ET BOISSONS NON ALCOOLISÉES,2024M6,2024-06-01,124.8,I4166,https://bds.hcp.ma/api/v1/indicators/I4166,2026-06-22 12:26:21.708000+00:00
Casablanca,(01) PRODUITS ALIMENTAIRES ET BOISSONS NON ALCOOLISÉES,2024M7,2024-07-01,124.5,I4166,https://bds.hcp.ma/api/v1/indicators/I4166,2026-06-22 12:26:21.708000+00:00
Casablanca,(01) PRODUITS ALIMENTAIRES ET BOISSONS NON ALCOOLISÉES,2024M8,2024-08-01,126.3,I4166,https://bds.hcp.ma/api/v1/indicators/I4166,2026-06-22 12:26:21.708000+00:00
Casablanca,(01) PRODUITS ALIMENTAIRES ET BOISSONS NON ALCOOLISÉES,2024M9,2024-09-01,126.5,I4166,https://bds.hcp.ma/api/v1/indicators/I4166,2026-06-22 12:26:21.708000+00:00
Casablanca,(01) PRODUITS ALIMENTAIRES ET BOISSONS NON ALCOOLISÉES,2024M10,2024-10-01,126.8,I4166,https://bds.hcp.ma/api/v1/indicators/I4166,2026-06-22 12:26:21.708000+00:00
Casablanca,(01) PRODUITS ALIMENTAIRES ET BOISSONS NON ALCOOLISÉES,2024M11,2024-11-01,126.6,I4166,https://bds.hcp.ma/api/v1/indicators/I4166,2026-06-22 12:26:21.708000+00:00
Casablanca,(01) PRODUITS ALIMENTAIRES ET BOISSONS NON ALCOOLISÉES,2024M12,2024-12-01,125.8,I4166,https://bds.hcp.ma/api/v1/indicators/I4166,2026-06-22 12:26:21.708000+00:00
Casablanca,(01) PRODUITS ALIMENTAIRES ET BOISSONS NON ALCOOLISÉES,2025M1,2025-01-01,127.6,I4166,https://bds.hcp.ma/api/v1/indicators/I4166,2026-06-22 12:26:21.708000+00:00
Casablanca,(01) PRODUITS ALIMENTAIRES ET BOISSONS NON ALCOOLISÉES,2025M2,2025-02-01,129.1,I4166,https://bds.hcp.ma/api/v1/indicators/I4166,2026-06-22 12:26:21.708000+00:00
Casablanca,(01) PRODUITS ALIMENTAIRES ET BOISSONS NON ALCOOLISÉES,2025M3,2025-03-01,128.3,I4166,https://bds.hcp.ma/api/v1/indicators/I4166,2026-06-22 12:26:21.708000+00:00
Casablanca,(01) PRODUITS ALIMENTAIRES ET BOISSONS NON ALCOOLISÉES,2025M4,2025-04-01,126.5,I4166,https://bds.hcp.ma/api/v1/indicators/I4166,2026-06-22 12:26:21.708000+00:00
Casablanca,(01) PRODUITS ALIMENTAIRES ET BOISSONS NON ALCOOLISÉES,2025M5,2025-05-01,125.7,I4166,https://bds.hcp.ma/api/v1/indicators/I4166,2026-06-22 12:26:21.708000+00:00
Casablanca,(01) PRODUITS ALIMENTAIRES ET BOISSONS NON ALCOOLISÉES,2025M6,2025-06-01,126.9,I4166,https://bds.hcp.ma/api/v1/indicators/I4166,2026-06-22 12:26:21.708000+00:00
Casablanca,(01) PRODUITS ALIMENTAIRES ET BOISSONS NON ALCOOLISÉES,2025M7,2025-07-01,126.2,I4166,https://bds.hcp.ma/api/v1/indicators/I4166,2026-06-22 12:26:21.708000+00:00
Casablanca,(01) PRODUITS ALIMENTAIRES ET BOISSONS NON ALCOOLISÉES,2025M8,2025-08-01,126.5,I4166,https://bds.hcp.ma/api/v1/indicators/I4166,2026-06-22 12:26:21.708000+00:00
Casablanca,(01) PRODUITS ALIMENTAIRES ET BOISSONS NON ALCOOLISÉES,2025M9,2025-09-01,127.7,I4166,https://bds.hcp.ma/api/v1/indicators/I4166,2026-06-22 12:26:21.708000+00:00
Casablanca,(01) PRODUITS ALIMENTAIRES ET BOISSONS NON ALCOOLISÉES,2025M10,2025-10-01,125.9,I4166,https://bds.hcp.ma/api/v1/indicators/I4166,2026-06-22 12:26:21.708000+00:00
Casablanca,(01) PRODUITS ALIMENTAIRES ET BOISSONS NON ALCOOLISÉES,2025M11,2025-11-01,123.7,I4166,https://bds.hcp.ma/api/v1/indicators/I4166,2026-06-22 12:26:21.708000+00:00
Casablanca,(01) PRODUITS ALIMENTAIRES ET BOISSONS NON ALCOOLISÉES,2025M12,2025-12-01,124.3,I4166,https://bds.hcp.ma/api/v1/indicators/I4166,2026-06-22 12:26:21.708000+00:00
Casablanca,(01) PRODUITS ALIMENTAIRES ET BOISSONS NON ALCOOLISÉES,2026M1,2026-01-01,125.8,I4166,https://bds.hcp.ma/api/v1/indicators/I4166,2026-06-22 12:26:21.708000+00:00
Casablanca,(01) PRODUITS ALIMENTAIRES ET BOISSONS NON ALCOOLISÉES,2026M2,2026-02-01,126.0,I4166,https://bds.hcp.ma/api/v1/indicators/I4166,2026-06-22 12:26:21.708000+00:00
Casablanca,(01) PRODUITS ALIMENTAIRES ET BOISSONS NON ALCOOLISÉES,2026M3,2026-03-01,128.2,I4166,https://bds.hcp.ma/api/v1/indicators/I4166,2026-06-22 12:26:21.708000+00:00
Casablanca,"(02) BOISSONS ALCOOLISÉES, TABAC ET STUPÉFIANTS",2017M1,2017-01-01,100.2,I4166,https://bds.hcp.ma/api/v1/indicators/I4166,2026-06-22 12:26:21.708000+00:00
Casablanca,"(02) BOISSONS ALCOOLISÉES, TABAC ET STUPÉFIANTS",2017M2,2017-02-01,100.2,I4166,https://bds.hcp.ma/api/v1/indicators/I4166,2026-06-22 12:26:21.708000+00:00
Casablanca,"(02) BOISSONS ALCOOLISÉES, TABAC ET STUPÉFIANTS",2017M3,2017-03-01,100,I4166,https://bds.hcp.ma/api/v1/indicators/I4166,2026-06-22 12:26:21.708000+00:00
Casablanca,"(02) BOISSONS ALCOOLISÉES, TABAC ET STUPÉFIANTS",2017M4,2017-04-01,100,I4166,https://bds.hcp.ma/api/v1/indicators/I4166,2026-06-22 12:26:21.708000+00:00
Casablanca,"(02) BOISSONS ALCOOLISÉES, TABAC ET STUPÉFIANTS",2017M5,2017-05-01,100,I4166,https://bds.hcp.ma/api/v1/indicators/I4166,2026-06-22 12:26:21.708000+00:00
Casablanca,"(02) BOISSONS ALCOOLISÉES, TABAC ET STUPÉFIANTS",2017M6,2017-06-01,100,I4166,https://bds.hcp.ma/api/v1/indicators/I4166,2026-06-22 12:26:21.708000+00:00
Casablanca,"(02) BOISSONS ALCOOLISÉES, TABAC ET STUPÉFIANTS",2017M7,2017-07-01,100,I4166,https://bds.hcp.ma/api/v1/indicators/I4166,2026-06-22 12:26:21.708000+00:00
Casablanca,"(02) BOISSONS ALCOOLISÉES, TABAC ET STUPÉFIANTS",2017M8,2017-08-01,99.7,I4166,https://bds.hcp.ma/api/v1/indicators/I4166,2026-06-22 12:26:21.708000+00:00
Casablanca,"(02) BOISSONS ALCOOLISÉES, TABAC ET STUPÉFIANTS",2017M9,2017-09-01,99.7,I4166,https://bds.hcp.ma/api/v1/indicators/I4166,2026-06-22 12:26:21.708000+00:00
Casablanca,"(02) BOISSONS ALCOOLISÉES, TABAC ET STUPÉFIANTS",2017M10,2017-10-01,100.1,I4166,https://bds.hcp.ma/api/v1/indicators/I4166,2026-06-22 12:26:21.708000+00:00
Casablanca,"(02) BOISSONS ALCOOLISÉES, TABAC ET STUPÉFIANTS",2017M11,2017-11-01,100.1,I4166,https://bds.hcp.ma/api/v1/indicators/I4166,2026-06-22 12:26:21.708000+00:00
Casablanca,"(02) BOISSONS ALCOOLISÉES, TABAC ET STUPÉFIANTS",2017M12,2017-12-01,100.1,I4166,https://bds.hcp.ma/api/v1/indicators/I4166,2026-06-22 12:26:21.708000+00:00
Casablanca,"(02) BOISSONS ALCOOLISÉES, TABAC ET STUPÉFIANTS",2018M1,2018-01-01,108.4,I4166,https://bds.hcp.ma/api/v1/indicators/I4166,2026-06-22 12:26:21.708000+00:00
Casablanca,"(02) BOISSONS ALCOOLISÉES, TABAC ET STUPÉFIANTS",2018M2,2018-02-01,108.4,I4166,https://bds.hcp.ma/api/v1/indicators/I4166,2026-06-22 12:26:21.708000+00:00
Casablanca,"(02) BOISSONS ALCOOLISÉES, TABAC ET STUPÉFIANTS",2018M3,2018-03-01,108.4,I4166,https://bds.hcp.ma/api/v1/indicators/I4166,2026-06-22 12:26:21.708000+00:00
Casablanca,"(02) BOISSONS ALCOOLISÉES, TABAC ET STUPÉFIANTS",2018M4,2018-04-01,108.4,I4166,https://bds.hcp.ma/api/v1/indicators/I4166,2026-06-22 12:26:21.708000+00:00
Casablanca,"(02) BOISSONS ALCOOLISÉES, TABAC ET STUPÉFIANTS",2018M5,2018-05-01,108.4,I4166,https://bds.hcp.ma/api/v1/indicators/I4166,2026-06-22 12:26:21.708000+00:00
Casablanca,"(02) BOISSONS ALCOOLISÉES, TABAC ET STUPÉFIANTS",2018M6,2018-06-01,108.3,I4166,https://bds.hcp.ma/api/v1/indicators/I4166,2026-06-22 12:26:21.708000+00:00
Casablanca,"(02) BOISSONS ALCOOLISÉES, TABAC ET STUPÉFIANTS",2018M7,2018-07-01,108.3,I4166,https://bds.hcp.ma/api/v1/indicators/I4166,2026-06-22 12:26:21.708000+00:00
Casablanca,"(02) BOISSONS ALCOOLISÉES, TABAC ET STUPÉFIANTS",2018M8,2018-08-01,108.3,I4166,https://bds.hcp.ma/api/v1/indicators/I4166,2026-06-22 12:26:21.708000+00:00
Casablanca,"(02) BOISSONS ALCOOLISÉES, TABAC ET STUPÉFIANTS",2018M9,2018-09-01,108.3,I4166,https://bds.hcp.ma/api/v1/indicators/I4166,2026-06-22 12:26:21.708000+00:00
Casablanca,"(02) BOISSONS ALCOOLISÉES, TABAC ET STUPÉFIANTS",2018M10,2018-10-01,108.3,I4166,https://bds.hcp.ma/api/v1/indicators/I4166,2026-06-22 12:26:21.708000+00:00
Casablanca,"(02) BOISSONS ALCOOLISÉES, TABAC ET STUPÉFIANTS",2018M11,2018-11-01,108.3,I4166,https://bds.hcp.ma/api/v1/indicators/I4166,2026-06-22 12:26:21.708000+00:00
Casablanca,"(02) BOISSONS ALCOOLISÉES, TABAC ET STUPÉFIANTS",2018M12,2018-12-01,108.3,I4166,https://bds.hcp.ma/api/v1/indicators/I4166,2026-06-22 12:26:21.708000+00:00
Casablanca,"(02) BOISSONS ALCOOLISÉES, TABAC ET STUPÉFIANTS",2019M1,2019-01-01,120,I4166,https://bds.hcp.ma/api/v1/indicators/I4166,2026-06-22 12:26:21.708000+00:00
Casablanca,"(02) BOISSONS ALCOOLISÉES, TABAC ET STUPÉFIANTS",2019M2,2019-02-01,120,I4166,https://bds.hcp.ma/api/v1/indicators/I4166,2026-06-22 12:26:21.708000+00:00
Casablanca,"(02) BOISSONS ALCOOLISÉES, TABAC ET STUPÉFIANTS",2019M3,2019-03-01,120,I4166,https://bds.hcp.ma/api/v1/indicators/I4166,2026-06-22 12:26:21.708000+00:00
Casablanca,"(02) BOISSONS ALCOOLISÉES, TABAC ET STUPÉFIANTS",2019M4,2019-04-01,120,I4166,https://bds.hcp.ma/api/v1/indicators/I4166,2026-06-22 12:26:21.708000+00:00
Casablanca,"(02) BOISSONS ALCOOLISÉES, TABAC ET STUPÉFIANTS",2019M5,2019-05-01,120,I4166,https://bds.hcp.ma/api/v1/indicators/I4166,2026-06-22 12:26:21.708000+00:00
Casablanca,"(02) BOISSONS ALCOOLISÉES, TABAC ET STUPÉFIANTS",2019M6,2019-06-01,119.9,I4166,https://bds.hcp.ma/api/v1/indicators/I4166,2026-06-22 12:26:21.708000+00:00
Casablanca,"(02) BOISSONS ALCOOLISÉES, TABAC ET STUPÉFIANTS",2019M7,2019-07-01,119.9,I4166,https://bds.hcp.ma/api/v1/indicators/I4166,2026-06-22 12:26:21.708000+00:00
Casablanca,"(02) BOISSONS ALCOOLISÉES, TABAC ET STUPÉFIANTS",2019M8,2019-08-01,119.9,I4166,https://bds.hcp.ma/api/v1/indicators/I4166,2026-06-22 12:26:21.708000+00:00
Casablanca,"(02) BOISSONS ALCOOLISÉES, TABAC ET STUPÉFIANTS",2019M9,2019-09-01,119.9,I4166,https://bds.hcp.ma/api/v1/indicators/I4166,2026-06-22 12:26:21.708000+00:00
Casablanca,"(02) BOISSONS ALCOOLISÉES, TABAC ET STUPÉFIANTS",2019M10,2019-10-01,119.9,I4166,https://bds.hcp.ma/api/v1/indicators/I4166,2026-06-22 12:26:21.708000+00:00
Casablanca,"(02) BOISSONS ALCOOLISÉES, TABAC ET STUPÉFIANTS",2019M11,2019-11-01,119.9,I4166,https://bds.hcp.ma/api/v1/indicators/I4166,2026-06-22 12:26:21.708000+00:00
Casablanca,"(02) BOISSONS ALCOOLISÉES, TABAC ET STUPÉFIANTS",2019M12,2019-12-01,119.8,I4166,https://bds.hcp.ma/api/v1/indicators/I4166,2026-06-22 12:26:21.708000+00:00
Casablanca,"(02) BOISSONS ALCOOLISÉES, TABAC ET STUPÉFIANTS",2020M1,2020-01-01,119.8,I4166,https://bds.hcp.ma/api/v1/indicators/I4166,2026-06-22 12:26:21.708000+00:00
Casablanca,"(02) BOISSONS ALCOOLISÉES, TABAC ET STUPÉFIANTS",2020M2,2020-02-01,119.8,I4166,https://bds.hcp.ma/api/v1/indicators/I4166,2026-06-22 12:26:21.708000+00:00
Casablanca,"(02) BOISSONS ALCOOLISÉES, TABAC ET STUPÉFIANTS",2020M3,2020-03-01,119.8,I4166,https://bds.hcp.ma/api/v1/indicators/I4166,2026-06-22 12:26:21.708000+00:00
Casablanca,"(02) BOISSONS ALCOOLISÉES, TABAC ET STUPÉFIANTS",2020M4,2020-04-01,119.8,I4166,https://bds.hcp.ma/api/v1/indicators/I4166,2026-06-22 12:26:21.708000+00:00
Casablanca,"(02) BOISSONS ALCOOLISÉES, TABAC ET STUPÉFIANTS",2020M5,2020-05-01,119.8,I4166,https://bds.hcp.ma/api/v1/indicators/I4166,2026-06-22 12:26:21.708000+00:00
Casablanca,"(02) BOISSONS ALCOOLISÉES, TABAC ET STUPÉFIANTS",2020M6,2020-06-01,119.9,I4166,https://bds.hcp.ma/api/v1/indicators/I4166,2026-06-22 12:26:21.708000+00:00
Casablanca,"(02) BOISSONS ALCOOLISÉES, TABAC ET STUPÉFIANTS",2020M7,2020-07-01,119.9,I4166,https://bds.hcp.ma/api/v1/indicators/I4166,2026-06-22 12:26:21.708000+00:00
Casablanca,"(02) BOISSONS ALCOOLISÉES, TABAC ET STUPÉFIANTS",2020M8,2020-08-01,122.3,I4166,https://bds.hcp.ma/api/v1/indicators/I4166,2026-06-22 12:26:21.708000+00:00
Casablanca,"(02) BOISSONS ALCOOLISÉES, TABAC ET STUPÉFIANTS",2020M9,2020-09-01,122.3,I4166,https://bds.hcp.ma/api/v1/indicators/I4166,2026-06-22 12:26:21.708000+00:00
Casablanca,"(02) BOISSONS ALCOOLISÉES, TABAC ET STUPÉFIANTS",2020M10,2020-10-01,122.3,I4166,https://bds.hcp.ma/api/v1/indicators/I4166,2026-06-22 12:26:21.708000+00:00
Casablanca,"(02) BOISSONS ALCOOLISÉES, TABAC ET STUPÉFIANTS",2020M11,2020-11-01,122.3,I4166,https://bds.hcp.ma/api/v1/indicators/I4166,2026-06-22 12:26:21.708000+00:00
Casablanca,"(02) BOISSONS ALCOOLISÉES, TABAC ET STUPÉFIANTS",2020M12,2020-12-01,122.3,I4166,https://bds.hcp.ma/api/v1/indicators/I4166,2026-06-22 12:26:21.708000+00:00
Casablanca,"(02) BOISSONS ALCOOLISÉES, TABAC ET STUPÉFIANTS",2021M1,2021-01-01,125,I4166,https://bds.hcp.ma/api/v1/indicators/I4166,2026-06-22 12:26:21.708000+00:00
Casablanca,"(02) BOISSONS ALCOOLISÉES, TABAC ET STUPÉFIANTS",2021M2,2021-02-01,125,I4166,https://bds.hcp.ma/api/v1/indicators/I4166,2026-06-22 12:26:21.708000+00:00
Casablanca,"(02) BOISSONS ALCOOLISÉES, TABAC ET STUPÉFIANTS",2021M3,2021-03-01,125,I4166,https://bds.hcp.ma/api/v1/indicators/I4166,2026-06-22 12:26:21.708000+00:00
Casablanca,"(02) BOISSONS ALCOOLISÉES, TABAC ET STUPÉFIANTS",2021M4,2021-04-01,125,I4166,https://bds.hcp.ma/api/v1/indicators/I4166,2026-06-22 12:26:21.708000+00:00
Casablanca,"(02) BOISSONS ALCOOLISÉES, TABAC ET STUPÉFIANTS",2021M5,2021-05-01,125,I4166,https://bds.hcp.ma/api/v1/indicators/I4166,2026-06-22 12:26:21.708000+00:00
Casablanca,"(02) BOISSONS ALCOOLISÉES, TABAC ET STUPÉFIANTS",2021M6,2021-06-01,125.2,I4166,https://bds.hcp.ma/api/v1/indicators/I4166,2026-06-22 12:26:21.708000+00:00
Casablanca,"(02) BOISSONS ALCOOLISÉES, TABAC ET STUPÉFIANTS",2021M7,2021-07-01,125.2,I4166,https://bds.hcp.ma/api/v1/indicators/I4166,2026-06-22 12:26:21.708000+00:00
Casablanca,"(02) BOISSONS ALCOOLISÉES, TABAC ET STUPÉFIANTS",2021M8,2021-08-01,125.2,I4166,https://bds.hcp.ma/api/v1/indicators/I4166,2026-06-22 12:26:21.708000+00:00
Casablanca,"(02) BOISSONS ALCOOLISÉES, TABAC ET STUPÉFIANTS",2021M9,2021-09-01,125.2,I4166,https://bds.hcp.ma/api/v1/indicators/I4166,2026-06-22 12:26:21.708000+00:00
Casablanca,"(02) BOISSONS ALCOOLISÉES, TABAC ET STUPÉFIANTS",2021M10,2021-10-01,125.2,I4166,https://bds.hcp.ma/api/v1/indicators/I4166,2026-06-22 12:26:21.708000+00:00
Casablanca,"(02) BOISSONS ALCOOLISÉES, TABAC ET STUPÉFIANTS",2021M11,2021-11-01,125.2,I4166,https://bds.hcp.ma/api/v1/indicators/I4166,2026-06-22 12:26:21.708000+00:00
Casablanca,"(02) BOISSONS ALCOOLISÉES, TABAC ET STUPÉFIANTS",2021M12,2021-12-01,125.3,I4166,https://bds.hcp.ma/api/v1/indicators/I4166,2026-06-22 12:26:21.708000+00:00
Casablanca,"(02) BOISSONS ALCOOLISÉES, TABAC ET STUPÉFIANTS",2022M1,2022-01-01,129.4,I4166,https://bds.hcp.ma/api/v1/indicators/I4166,2026-06-22 12:26:21.708000+00:00
Casablanca,"(02) BOISSONS ALCOOLISÉES, TABAC ET STUPÉFIANTS",2022M2,2022-02-01,129.4,I4166,https://bds.hcp.ma/api/v1/indicators/I4166,2026-06-22 12:26:21.708000+00:00
Casablanca,"(02) BOISSONS ALCOOLISÉES, TABAC ET STUPÉFIANTS",2022M3,2022-03-01,129.4,I4166,https://bds.hcp.ma/api/v1/indicators/I4166,2026-06-22 12:26:21.708000+00:00
Casablanca,"(02) BOISSONS ALCOOLISÉES, TABAC ET STUPÉFIANTS",2022M4,2022-04-01,129.4,I4166,https://bds.hcp.ma/api/v1/indicators/I4166,2026-06-22 12:26:21.708000+00:00
Casablanca,"(02) BOISSONS ALCOOLISÉES, TABAC ET STUPÉFIANTS",2022M5,2022-05-01,129.4,I4166,https://bds.hcp.ma/api/v1/indicators/I4166,2026-06-22 12:26:21.708000+00:00
Casablanca,"(02) BOISSONS ALCOOLISÉES, TABAC ET STUPÉFIANTS",2022M6,2022-06-01,129.4,I4166,https://bds.hcp.ma/api/v1/indicators/I4166,2026-06-22 12:26:21.708000+00:00
Casablanca,"(02) BOISSONS ALCOOLISÉES, TABAC ET STUPÉFIANTS",2022M7,2022-07-01,129.4,I4166,https://bds.hcp.ma/api/v1/indicators/I4166,2026-06-22 12:26:21.708000+00:00
Casablanca,"(02) BOISSONS ALCOOLISÉES, TABAC ET STUPÉFIANTS",2022M8,2022-08-01,129.3,I4166,https://bds.hcp.ma/api/v1/indicators/I4166,2026-06-22 12:26:21.708000+00:00
Casablanca,"(02) BOISSONS ALCOOLISÉES, TABAC ET STUPÉFIANTS",2022M9,2022-09-01,129.3,I4166,https://bds.hcp.ma/api/v1/indicators/I4166,2026-06-22 12:26:21.708000+00:00
Casablanca,"(02) BOISSONS ALCOOLISÉES, TABAC ET STUPÉFIANTS",2022M10,2022-10-01,129.3,I4166,https://bds.hcp.ma/api/v1/indicators/I4166,2026-06-22 12:26:21.708000+00:00
Casablanca,"(02) BOISSONS ALCOOLISÉES, TABAC ET STUPÉFIANTS",2022M11,2022-11-01,129.3,I4166,https://bds.hcp.ma/api/v1/indicators/I4166,2026-06-22 12:26:21.708000+00:00
Casablanca,"(02) BOISSONS ALCOOLISÉES, TABAC ET STUPÉFIANTS",2022M12,2022-12-01,129.3,I4166,https://bds.hcp.ma/api/v1/indicators/I4166,2026-06-22 12:26:21.708000+00:00
Casablanca,"(02) BOISSONS ALCOOLISÉES, TABAC ET STUPÉFIANTS",2023M1,2023-01-01,136,I4166,https://bds.hcp.ma/api/v1/indicators/I4166,2026-06-22 12:26:21.708000+00:00
Casablanca,"(02) BOISSONS ALCOOLISÉES, TABAC ET STUPÉFIANTS",2023M2,2023-02-01,136,I4166,https://bds.hcp.ma/api/v1/indicators/I4166,2026-06-22 12:26:21.708000+00:00
Casablanca,"(02) BOISSONS ALCOOLISÉES, TABAC ET STUPÉFIANTS",2023M3,2023-03-01,136,I4166,https://bds.hcp.ma/api/v1/indicators/I4166,2026-06-22 12:26:21.708000+00:00
Casablanca,"(02) BOISSONS ALCOOLISÉES, TABAC ET STUPÉFIANTS",2023M4,2023-04-01,136,I4166,https://bds.hcp.ma/api/v1/indicators/I4166,2026-06-22 12:26:21.708000+00:00
Casablanca,"(02) BOISSONS ALCOOLISÉES, TABAC ET STUPÉFIANTS",2023M5,2023-05-01,136,I4166,https://bds.hcp.ma/api/v1/indicators/I4166,2026-06-22 12:26:21.708000+00:00
Casablanca,"(02) BOISSONS ALCOOLISÉES, TABAC ET STUPÉFIANTS",2023M6,2023-06-01,136.2,I4166,https://bds.hcp.ma/api/v1/indicators/I4166,2026-06-22 12:26:21.708000+00:00
Casablanca,"(02) BOISSONS ALCOOLISÉES, TABAC ET STUPÉFIANTS",2023M7,2023-07-01,136.2,I4166,https://bds.hcp.ma/api/v1/indicators/I4166,2026-06-22 12:26:21.708000+00:00
Casablanca,"(02) BOISSONS ALCOOLISÉES, TABAC ET STUPÉFIANTS",2023M8,2023-08-01,136.2,I4166,https://bds.hcp.ma/api/v1/indicators/I4166,2026-06-22 12:26:21.708000+00:00
Casablanca,"(02) BOISSONS ALCOOLISÉES, TABAC ET STUPÉFIANTS",2023M9,2023-09-01,136.2,I4166,https://bds.hcp.ma/api/v1/indicators/I4166,2026-06-22 12:26:21.708000+00:00
Casablanca,"(02) BOISSONS ALCOOLISÉES, TABAC ET STUPÉFIANTS",2023M10,2023-10-01,136.2,I4166,https://bds.hcp.ma/api/v1/indicators/I4166,2026-06-22 12:26:21.708000+00:00
Casablanca,"(02) BOISSONS ALCOOLISÉES, TABAC ET STUPÉFIANTS",2023M11,2023-11-01,136.2,I4166,https://bds.hcp.ma/api/v1/indicators/I4166,2026-06-22 12:26:21.708000+00:00
Casablanca,"(02) BOISSONS ALCOOLISÉES, TABAC ET STUPÉFIANTS",2023M12,2023-12-01,136.2,I4166,https://bds.hcp.ma/api/v1/indicators/I4166,2026-06-22 12:26:21.708000+00:00
Casablanca,"(02) BOISSONS ALCOOLISÉES, TABAC ET STUPÉFIANTS",2024M1,2024-01-01,139.2,I4166,https://bds.hcp.ma/api/v1/indicators/I4166,2026-06-22 12:26:21.708000+00:00
Casablanca,"(02) BOISSONS ALCOOLISÉES, TABAC ET STUPÉFIANTS",2024M2,2024-02-01,139.3,I4166,https://bds.hcp.ma/api/v1/indicators/I4166,2026-06-22 12:26:21.708000+00:00
Casablanca,"(02) BOISSONS ALCOOLISÉES, TABAC ET STUPÉFIANTS",2024M3,2024-03-01,139.3,I4166,https://bds.hcp.ma/api/v1/indicators/I4166,2026-06-22 12:26:21.708000+00:00
Casablanca,"(02) BOISSONS ALCOOLISÉES, TABAC ET STUPÉFIANTS",2024M4,2024-04-01,139.3,I4166,https://bds.hcp.ma/api/v1/indicators/I4166,2026-06-22 12:26:21.708000+00:00
Casablanca,"(02) BOISSONS ALCOOLISÉES, TABAC ET STUPÉFIANTS",2024M5,2024-05-01,139.3,I4166,https://bds.hcp.ma/api/v1/indicators/I4166,2026-06-22 12:26:21.708000+00:00
Casablanca,"(02) BOISSONS ALCOOLISÉES, TABAC ET STUPÉFIANTS",2024M6,2024-06-01,139.4,I4166,https://bds.hcp.ma/api/v1/indicators/I4166,2026-06-22 12:26:21.708000+00:00
Casablanca,"(02) BOISSONS ALCOOLISÉES, TABAC ET STUPÉFIANTS",2024M7,2024-07-01,139.4,I4166,https://bds.hcp.ma/api/v1/indicators/I4166,2026-06-22 12:26:21.708000+00:00
Casablanca,"(02) BOISSONS ALCOOLISÉES, TABAC ET STUPÉFIANTS",2024M8,2024-08-01,139.4,I4166,https://bds.hcp.ma/api/v1/indicators/I4166,2026-06-22 12:26:21.708000+00:00
Casablanca,"(02) BOISSONS ALCOOLISÉES, TABAC ET STUPÉFIANTS",2024M9,2024-09-01,139.4,I4166,https://bds.hcp.ma/api/v1/indicators/I4166,2026-06-22 12:26:21.708000+00:00
Casablanca,"(02) BOISSONS ALCOOLISÉES, TABAC ET STUPÉFIANTS",2024M10,2024-10-01,139.4,I4166,https://bds.hcp.ma/api/v1/indicators/I4166,2026-06-22 12:26:21.708000+00:00
Casablanca,"(02) BOISSONS ALCOOLISÉES, TABAC ET STUPÉFIANTS",2024M11,2024-11-01,139.5,I4166,https://bds.hcp.ma/api/v1/indicators/I4166,2026-06-22 12:26:21.708000+00:00
Casablanca,"(02) BOISSONS ALCOOLISÉES, TABAC ET STUPÉFIANTS",2024M12,2024-12-01,139.2,I4166,https://bds.hcp.ma/api/v1/indicators/I4166,2026-06-22 12:26:21.708000+00:00
Casablanca,"(02) BOISSONS ALCOOLISÉES, TABAC ET STUPÉFIANTS",2025M1,2025-01-01,143.0,I4166,https://bds.hcp.ma/api/v1/indicators/I4166,2026-06-22 12:26:21.708000+00:00
Casablanca,"(02) BOISSONS ALCOOLISÉES, TABAC ET STUPÉFIANTS",2025M2,2025-02-01,143.0,I4166,https://bds.hcp.ma/api/v1/indicators/I4166,2026-06-22 12:26:21.708000+00:00
Casablanca,"(02) BOISSONS ALCOOLISÉES, TABAC ET STUPÉFIANTS",2025M3,2025-03-01,143.0,I4166,https://bds.hcp.ma/api/v1/indicators/I4166,2026-06-22 12:26:21.708000+00:00
Casablanca,"(02) BOISSONS ALCOOLISÉES, TABAC ET STUPÉFIANTS",2025M4,2025-04-01,144.0,I4166,https://bds.hcp.ma/api/v1/indicators/I4166,2026-06-22 12:26:21.708000+00:00
Casablanca,"(02) BOISSONS ALCOOLISÉES, TABAC ET STUPÉFIANTS",2025M5,2025-05-01,143.7,I4166,https://bds.hcp.ma/api/v1/indicators/I4166,2026-06-22 12:26:21.708000+00:00
Casablanca,"(02) BOISSONS ALCOOLISÉES, TABAC ET STUPÉFIANTS",2025M6,2025-06-01,143.7,I4166,https://bds.hcp.ma/api/v1/indicators/I4166,2026-06-22 12:26:21.708000+00:00
Casablanca,"(02) BOISSONS ALCOOLISÉES, TABAC ET STUPÉFIANTS",2025M7,2025-07-01,144.2,I4166,https://bds.hcp.ma/api/v1/indicators/I4166,2026-06-22 12:26:21.708000+00:00
Casablanca,"(02) BOISSONS ALCOOLISÉES, TABAC ET STUPÉFIANTS",2025M8,2025-08-01,144.2,I4166,https://bds.hcp.ma/api/v1/indicators/I4166,2026-06-22 12:26:21.708000+00:00
Casablanca,"(02) BOISSONS ALCOOLISÉES, TABAC ET STUPÉFIANTS",2025M9,2025-09-01,143.8,I4166,https://bds.hcp.ma/api/v1/indicators/I4166,2026-06-22 12:26:21.708000+00:00
Casablanca,"(02) BOISSONS ALCOOLISÉES, TABAC ET STUPÉFIANTS",2025M10,2025-10-01,144.2,I4166,https://bds.hcp.ma/api/v1/indicators/I4166,2026-06-22 12:26:21.708000+00:00
Casablanca,"(02) BOISSONS ALCOOLISÉES, TABAC ET STUPÉFIANTS",2025M11,2025-11-01,144.2,I4166,https://bds.hcp.ma/api/v1/indicators/I4166,2026-06-22 12:26:21.708000+00:00
Casablanca,"(02) BOISSONS ALCOOLISÉES, TABAC ET STUPÉFIANTS",2025M12,2025-12-01,144.2,I4166,https://bds.hcp.ma/api/v1/indicators/I4166,2026-06-22 12:26:21.708000+00:00
Casablanca,"(02) BOISSONS ALCOOLISÉES, TABAC ET STUPÉFIANTS",2026M1,2026-01-01,148.4,I4166,https://bds.hcp.ma/api/v1/indicators/I4166,2026-06-22 12:26:21.708000+00:00
Casablanca,"(02) BOISSONS ALCOOLISÉES, TABAC ET STUPÉFIANTS",2026M2,2026-02-01,148.4,I4166,https://bds.hcp.ma/api/v1/indicators/I4166,2026-06-22 12:26:21.708000+00:00
Casablanca,"(02) BOISSONS ALCOOLISÉES, TABAC ET STUPÉFIANTS",2026M3,2026-03-01,148.4,I4166,https://bds.hcp.ma/api/v1/indicators/I4166,2026-06-22 12:26:21.708000+00:00
Casablanca,(03) ARTICLES D'HABILLEMENT ET CHAUSSURES,2017M1,2017-01-01,100.5,I4166,https://bds.hcp.ma/api/v1/indicators/I4166,2026-06-22 12:26:21.708000+00:00
Casablanca,(03) ARTICLES D'HABILLEMENT ET CHAUSSURES,2017M2,2017-02-01,100.4,I4166,https://bds.hcp.ma/api/v1/indicators/I4166,2026-06-22 12:26:21.708000+00:00
Casablanca,(03) ARTICLES D'HABILLEMENT ET CHAUSSURES,2017M3,2017-03-01,100.4,I4166,https://bds.hcp.ma/api/v1/indicators/I4166,2026-06-22 12:26:21.708000+00:00
Casablanca,(03) ARTICLES D'HABILLEMENT ET CHAUSSURES,2017M4,2017-04-01,100.2,I4166,https://bds.hcp.ma/api/v1/indicators/I4166,2026-06-22 12:26:21.708000+00:00
Casablanca,(03) ARTICLES D'HABILLEMENT ET CHAUSSURES,2017M5,2017-05-01,99.6,I4166,https://bds.hcp.ma/api/v1/indicators/I4166,2026-06-22 12:26:21.708000+00:00
Casablanca,(03) ARTICLES D'HABILLEMENT ET CHAUSSURES,2017M6,2017-06-01,99.7,I4166,https://bds.hcp.ma/api/v1/indicators/I4166,2026-06-22 12:26:21.708000+00:00
Casablanca,(03) ARTICLES D'HABILLEMENT ET CHAUSSURES,2017M7,2017-07-01,99.4,I4166,https://bds.hcp.ma/api/v1/indicators/I4166,2026-06-22 12:26:21.708000+00:00
Casablanca,(03) ARTICLES D'HABILLEMENT ET CHAUSSURES,2017M8,2017-08-01,99,I4166,https://bds.hcp.ma/api/v1/indicators/I4166,2026-06-22 12:26:21.708000+00:00
Casablanca,(03) ARTICLES D'HABILLEMENT ET CHAUSSURES,2017M9,2017-09-01,99.3,I4166,https://bds.hcp.ma/api/v1/indicators/I4166,2026-06-22 12:26:21.708000+00:00
Casablanca,(03) ARTICLES D'HABILLEMENT ET CHAUSSURES,2017M10,2017-10-01,100.2,I4166,https://bds.hcp.ma/api/v1/indicators/I4166,2026-06-22 12:26:21.708000+00:00
Casablanca,(03) ARTICLES D'HABILLEMENT ET CHAUSSURES,2017M11,2017-11-01,100.8,I4166,https://bds.hcp.ma/api/v1/indicators/I4166,2026-06-22 12:26:21.708000+00:00
Casablanca,(03) ARTICLES D'HABILLEMENT ET CHAUSSURES,2017M12,2017-12-01,100.6,I4166,https://bds.hcp.ma/api/v1/indicators/I4166,2026-06-22 12:26:21.708000+00:00
Casablanca,(03) ARTICLES D'HABILLEMENT ET CHAUSSURES,2018M1,2018-01-01,100.5,I4166,https://bds.hcp.ma/api/v1/indicators/I4166,2026-06-22 12:26:21.708000+00:00
Casablanca,(03) ARTICLES D'HABILLEMENT ET CHAUSSURES,2018M2,2018-02-01,98.6,I4166,https://bds.hcp.ma/api/v1/indicators/I4166,2026-06-22 12:26:21.708000+00:00
Casablanca,(03) ARTICLES D'HABILLEMENT ET CHAUSSURES,2018M3,2018-03-01,98.7,I4166,https://bds.hcp.ma/api/v1/indicators/I4166,2026-06-22 12:26:21.708000+00:00
Casablanca,(03) ARTICLES D'HABILLEMENT ET CHAUSSURES,2018M4,2018-04-01,99.2,I4166,https://bds.hcp.ma/api/v1/indicators/I4166,2026-06-22 12:26:21.708000+00:00
Casablanca,(03) ARTICLES D'HABILLEMENT ET CHAUSSURES,2018M5,2018-05-01,99.9,I4166,https://bds.hcp.ma/api/v1/indicators/I4166,2026-06-22 12:26:21.708000+00:00
Casablanca,(03) ARTICLES D'HABILLEMENT ET CHAUSSURES,2018M6,2018-06-01,100.6,I4166,https://bds.hcp.ma/api/v1/indicators/I4166,2026-06-22 12:26:21.708000+00:00
Casablanca,(03) ARTICLES D'HABILLEMENT ET CHAUSSURES,2018M7,2018-07-01,100.4,I4166,https://bds.hcp.ma/api/v1/indicators/I4166,2026-06-22 12:26:21.708000+00:00
Casablanca,(03) ARTICLES D'HABILLEMENT ET CHAUSSURES,2018M8,2018-08-01,100.8,I4166,https://bds.hcp.ma/api/v1/indicators/I4166,2026-06-22 12:26:21.708000+00:00
Casablanca,(03) ARTICLES D'HABILLEMENT ET CHAUSSURES,2018M9,2018-09-01,101.4,I4166,https://bds.hcp.ma/api/v1/indicators/I4166,2026-06-22 12:26:21.708000+00:00
Casablanca,(03) ARTICLES D'HABILLEMENT ET CHAUSSURES,2018M10,2018-10-01,101.9,I4166,https://bds.hcp.ma/api/v1/indicators/I4166,2026-06-22 12:26:21.708000+00:00
Casablanca,(03) ARTICLES D'HABILLEMENT ET CHAUSSURES,2018M11,2018-11-01,102.9,I4166,https://bds.hcp.ma/api/v1/indicators/I4166,2026-06-22 12:26:21.708000+00:00
Casablanca,(03) ARTICLES D'HABILLEMENT ET CHAUSSURES,2018M12,2018-12-01,102.2,I4166,https://bds.hcp.ma/api/v1/indicators/I4166,2026-06-22 12:26:21.708000+00:00
Casablanca,(03) ARTICLES D'HABILLEMENT ET CHAUSSURES,2019M1,2019-01-01,101.9,I4166,https://bds.hcp.ma/api/v1/indicators/I4166,2026-06-22 12:26:21.708000+00:00
Casablanca,(03) ARTICLES D'HABILLEMENT ET CHAUSSURES,2019M2,2019-02-01,100.9,I4166,https://bds.hcp.ma/api/v1/indicators/I4166,2026-06-22 12:26:21.708000+00:00
Casablanca,(03) ARTICLES D'HABILLEMENT ET CHAUSSURES,2019M3,2019-03-01,100.2,I4166,https://bds.hcp.ma/api/v1/indicators/I4166,2026-06-22 12:26:21.708000+00:00
Casablanca,(03) ARTICLES D'HABILLEMENT ET CHAUSSURES,2019M4,2019-04-01,100.4,I4166,https://bds.hcp.ma/api/v1/indicators/I4166,2026-06-22 12:26:21.708000+00:00
Casablanca,(03) ARTICLES D'HABILLEMENT ET CHAUSSURES,2019M5,2019-05-01,101.3,I4166,https://bds.hcp.ma/api/v1/indicators/I4166,2026-06-22 12:26:21.708000+00:00
Casablanca,(03) ARTICLES D'HABILLEMENT ET CHAUSSURES,2019M6,2019-06-01,101,I4166,https://bds.hcp.ma/api/v1/indicators/I4166,2026-06-22 12:26:21.708000+00:00
Casablanca,(03) ARTICLES D'HABILLEMENT ET CHAUSSURES,2019M7,2019-07-01,100.8,I4166,https://bds.hcp.ma/api/v1/indicators/I4166,2026-06-22 12:26:21.708000+00:00
Casablanca,(03) ARTICLES D'HABILLEMENT ET CHAUSSURES,2019M8,2019-08-01,101.3,I4166,https://bds.hcp.ma/api/v1/indicators/I4166,2026-06-22 12:26:21.708000+00:00
Casablanca,(03) ARTICLES D'HABILLEMENT ET CHAUSSURES,2019M9,2019-09-01,102,I4166,https://bds.hcp.ma/api/v1/indicators/I4166,2026-06-22 12:26:21.708000+00:00
Casablanca,(03) ARTICLES D'HABILLEMENT ET CHAUSSURES,2019M10,2019-10-01,103.3,I4166,https://bds.hcp.ma/api/v1/indicators/I4166,2026-06-22 12:26:21.708000+00:00
Casablanca,(03) ARTICLES D'HABILLEMENT ET CHAUSSURES,2019M11,2019-11-01,104,I4166,https://bds.hcp.ma/api/v1/indicators/I4166,2026-06-22 12:26:21.708000+00:00
Casablanca,(03) ARTICLES D'HABILLEMENT ET CHAUSSURES,2019M12,2019-12-01,103.5,I4166,https://bds.hcp.ma/api/v1/indicators/I4166,2026-06-22 12:26:21.708000+00:00
Casablanca,(03) ARTICLES D'HABILLEMENT ET CHAUSSURES,2020M1,2020-01-01,103.4,I4166,https://bds.hcp.ma/api/v1/indicators/I4166,2026-06-22 12:26:21.708000+00:00
Casablanca,(03) ARTICLES D'HABILLEMENT ET CHAUSSURES,2020M2,2020-02-01,102.1,I4166,https://bds.hcp.ma/api/v1/indicators/I4166,2026-06-22 12:26:21.708000+00:00
Casablanca,(03) ARTICLES D'HABILLEMENT ET CHAUSSURES,2020M3,2020-03-01,101.5,I4166,https://bds.hcp.ma/api/v1/indicators/I4166,2026-06-22 12:26:21.708000+00:00
Casablanca,(03) ARTICLES D'HABILLEMENT ET CHAUSSURES,2020M4,2020-04-01,101.7,I4166,https://bds.hcp.ma/api/v1/indicators/I4166,2026-06-22 12:26:21.708000+00:00
Casablanca,(03) ARTICLES D'HABILLEMENT ET CHAUSSURES,2020M5,2020-05-01,102.5,I4166,https://bds.hcp.ma/api/v1/indicators/I4166,2026-06-22 12:26:21.708000+00:00
Casablanca,(03) ARTICLES D'HABILLEMENT ET CHAUSSURES,2020M6,2020-06-01,101.8,I4166,https://bds.hcp.ma/api/v1/indicators/I4166,2026-06-22 12:26:21.708000+00:00
Casablanca,(03) ARTICLES D'HABILLEMENT ET CHAUSSURES,2020M7,2020-07-01,102.1,I4166,https://bds.hcp.ma/api/v1/indicators/I4166,2026-06-22 12:26:21.708000+00:00
Casablanca,(03) ARTICLES D'HABILLEMENT ET CHAUSSURES,2020M8,2020-08-01,102,I4166,https://bds.hcp.ma/api/v1/indicators/I4166,2026-06-22 12:26:21.708000+00:00
Casablanca,(03) ARTICLES D'HABILLEMENT ET CHAUSSURES,2020M9,2020-09-01,102.1,I4166,https://bds.hcp.ma/api/v1/indicators/I4166,2026-06-22 12:26:21.708000+00:00
Casablanca,(03) ARTICLES D'HABILLEMENT ET CHAUSSURES,2020M10,2020-10-01,102.5,I4166,https://bds.hcp.ma/api/v1/indicators/I4166,2026-06-22 12:26:21.708000+00:00
Casablanca,(03) ARTICLES D'HABILLEMENT ET CHAUSSURES,2020M11,2020-11-01,103,I4166,https://bds.hcp.ma/api/v1/indicators/I4166,2026-06-22 12:26:21.708000+00:00
Casablanca,(03) ARTICLES D'HABILLEMENT ET CHAUSSURES,2020M12,2020-12-01,104.4,I4166,https://bds.hcp.ma/api/v1/indicators/I4166,2026-06-22 12:26:21.708000+00:00
Casablanca,(03) ARTICLES D'HABILLEMENT ET CHAUSSURES,2021M1,2021-01-01,104.8,I4166,https://bds.hcp.ma/api/v1/indicators/I4166,2026-06-22 12:26:21.708000+00:00
Casablanca,(03) ARTICLES D'HABILLEMENT ET CHAUSSURES,2021M2,2021-02-01,104,I4166,https://bds.hcp.ma/api/v1/indicators/I4166,2026-06-22 12:26:21.708000+00:00
Casablanca,(03) ARTICLES D'HABILLEMENT ET CHAUSSURES,2021M3,2021-03-01,103.8,I4166,https://bds.hcp.ma/api/v1/indicators/I4166,2026-06-22 12:26:21.708000+00:00
Casablanca,(03) ARTICLES D'HABILLEMENT ET CHAUSSURES,2021M4,2021-04-01,104.5,I4166,https://bds.hcp.ma/api/v1/indicators/I4166,2026-06-22 12:26:21.708000+00:00
Casablanca,(03) ARTICLES D'HABILLEMENT ET CHAUSSURES,2021M5,2021-05-01,105.3,I4166,https://bds.hcp.ma/api/v1/indicators/I4166,2026-06-22 12:26:21.708000+00:00
Casablanca,(03) ARTICLES D'HABILLEMENT ET CHAUSSURES,2021M6,2021-06-01,105.3,I4166,https://bds.hcp.ma/api/v1/indicators/I4166,2026-06-22 12:26:21.708000+00:00
Casablanca,(03) ARTICLES D'HABILLEMENT ET CHAUSSURES,2021M7,2021-07-01,105,I4166,https://bds.hcp.ma/api/v1/indicators/I4166,2026-06-22 12:26:21.708000+00:00
Casablanca,(03) ARTICLES D'HABILLEMENT ET CHAUSSURES,2021M8,2021-08-01,104.6,I4166,https://bds.hcp.ma/api/v1/indicators/I4166,2026-06-22 12:26:21.708000+00:00
Casablanca,(03) ARTICLES D'HABILLEMENT ET CHAUSSURES,2021M9,2021-09-01,104.7,I4166,https://bds.hcp.ma/api/v1/indicators/I4166,2026-06-22 12:26:21.708000+00:00
Casablanca,(03) ARTICLES D'HABILLEMENT ET CHAUSSURES,2021M10,2021-10-01,105.7,I4166,https://bds.hcp.ma/api/v1/indicators/I4166,2026-06-22 12:26:21.708000+00:00
Casablanca,(03) ARTICLES D'HABILLEMENT ET CHAUSSURES,2021M11,2021-11-01,106.2,I4166,https://bds.hcp.ma/api/v1/indicators/I4166,2026-06-22 12:26:21.708000+00:00
Casablanca,(03) ARTICLES D'HABILLEMENT ET CHAUSSURES,2021M12,2021-12-01,106.3,I4166,https://bds.hcp.ma/api/v1/indicators/I4166,2026-06-22 12:26:21.708000+00:00
Casablanca,(03) ARTICLES D'HABILLEMENT ET CHAUSSURES,2022M1,2022-01-01,106.9,I4166,https://bds.hcp.ma/api/v1/indicators/I4166,2026-06-22 12:26:21.708000+00:00
Casablanca,(03) ARTICLES D'HABILLEMENT ET CHAUSSURES,2022M2,2022-02-01,106.3,I4166,https://bds.hcp.ma/api/v1/indicators/I4166,2026-06-22 12:26:21.708000+00:00
Casablanca,(03) ARTICLES D'HABILLEMENT ET CHAUSSURES,2022M3,2022-03-01,106.5,I4166,https://bds.hcp.ma/api/v1/indicators/I4166,2026-06-22 12:26:21.708000+00:00
Casablanca,(03) ARTICLES D'HABILLEMENT ET CHAUSSURES,2022M4,2022-04-01,108.2,I4166,https://bds.hcp.ma/api/v1/indicators/I4166,2026-06-22 12:26:21.708000+00:00
Casablanca,(03) ARTICLES D'HABILLEMENT ET CHAUSSURES,2022M5,2022-05-01,109.4,I4166,https://bds.hcp.ma/api/v1/indicators/I4166,2026-06-22 12:26:21.708000+00:00
Casablanca,(03) ARTICLES D'HABILLEMENT ET CHAUSSURES,2022M6,2022-06-01,109.2,I4166,https://bds.hcp.ma/api/v1/indicators/I4166,2026-06-22 12:26:21.708000+00:00
Casablanca,(03) ARTICLES D'HABILLEMENT ET CHAUSSURES,2022M7,2022-07-01,109.8,I4166,https://bds.hcp.ma/api/v1/indicators/I4166,2026-06-22 12:26:21.708000+00:00
Casablanca,(03) ARTICLES D'HABILLEMENT ET CHAUSSURES,2022M8,2022-08-01,109.9,I4166,https://bds.hcp.ma/api/v1/indicators/I4166,2026-06-22 12:26:21.708000+00:00
Casablanca,(03) ARTICLES D'HABILLEMENT ET CHAUSSURES,2022M9,2022-09-01,110.3,I4166,https://bds.hcp.ma/api/v1/indicators/I4166,2026-06-22 12:26:21.708000+00:00
Casablanca,(03) ARTICLES D'HABILLEMENT ET CHAUSSURES,2022M10,2022-10-01,110.7,I4166,https://bds.hcp.ma/api/v1/indicators/I4166,2026-06-22 12:26:21.708000+00:00
Casablanca,(03) ARTICLES D'HABILLEMENT ET CHAUSSURES,2022M11,2022-11-01,110.5,I4166,https://bds.hcp.ma/api/v1/indicators/I4166,2026-06-22 12:26:21.708000+00:00
Casablanca,(03) ARTICLES D'HABILLEMENT ET CHAUSSURES,2022M12,2022-12-01,110.8,I4166,https://bds.hcp.ma/api/v1/indicators/I4166,2026-06-22 12:26:21.708000+00:00
Casablanca,(03) ARTICLES D'HABILLEMENT ET CHAUSSURES,2023M1,2023-01-01,111,I4166,https://bds.hcp.ma/api/v1/indicators/I4166,2026-06-22 12:26:21.708000+00:00
Casablanca,(03) ARTICLES D'HABILLEMENT ET CHAUSSURES,2023M2,2023-02-01,110.2,I4166,https://bds.hcp.ma/api/v1/indicators/I4166,2026-06-22 12:26:21.708000+00:00
Casablanca,(03) ARTICLES D'HABILLEMENT ET CHAUSSURES,2023M3,2023-03-01,110.5,I4166,https://bds.hcp.ma/api/v1/indicators/I4166,2026-06-22 12:26:21.708000+00:00
Casablanca,(03) ARTICLES D'HABILLEMENT ET CHAUSSURES,2023M4,2023-04-01,111.3,I4166,https://bds.hcp.ma/api/v1/indicators/I4166,2026-06-22 12:26:21.708000+00:00
Casablanca,(03) ARTICLES D'HABILLEMENT ET CHAUSSURES,2023M5,2023-05-01,111,I4166,https://bds.hcp.ma/api/v1/indicators/I4166,2026-06-22 12:26:21.708000+00:00
Casablanca,(03) ARTICLES D'HABILLEMENT ET CHAUSSURES,2023M6,2023-06-01,111.4,I4166,https://bds.hcp.ma/api/v1/indicators/I4166,2026-06-22 12:26:21.708000+00:00
Casablanca,(03) ARTICLES D'HABILLEMENT ET CHAUSSURES,2023M7,2023-07-01,111.6,I4166,https://bds.hcp.ma/api/v1/indicators/I4166,2026-06-22 12:26:21.708000+00:00
Casablanca,(03) ARTICLES D'HABILLEMENT ET CHAUSSURES,2023M8,2023-08-01,110.9,I4166,https://bds.hcp.ma/api/v1/indicators/I4166,2026-06-22 12:26:21.708000+00:00
Casablanca,(03) ARTICLES D'HABILLEMENT ET CHAUSSURES,2023M9,2023-09-01,111,I4166,https://bds.hcp.ma/api/v1/indicators/I4166,2026-06-22 12:26:21.708000+00:00
Casablanca,(03) ARTICLES D'HABILLEMENT ET CHAUSSURES,2023M10,2023-10-01,111,I4166,https://bds.hcp.ma/api/v1/indicators/I4166,2026-06-22 12:26:21.708000+00:00
Casablanca,(03) ARTICLES D'HABILLEMENT ET CHAUSSURES,2023M11,2023-11-01,111.6,I4166,https://bds.hcp.ma/api/v1/indicators/I4166,2026-06-22 12:26:21.708000+00:00
Casablanca,(03) ARTICLES D'HABILLEMENT ET CHAUSSURES,2023M12,2023-12-01,112,I4166,https://bds.hcp.ma/api/v1/indicators/I4166,2026-06-22 12:26:21.708000+00:00
Casablanca,(03) ARTICLES D'HABILLEMENT ET CHAUSSURES,2024M1,2024-01-01,113.3,I4166,https://bds.hcp.ma/api/v1/indicators/I4166,2026-06-22 12:26:21.708000+00:00
Casablanca,(03) ARTICLES D'HABILLEMENT ET CHAUSSURES,2024M2,2024-02-01,112.6,I4166,https://bds.hcp.ma/api/v1/indicators/I4166,2026-06-22 12:26:21.708000+00:00
Casablanca,(03) ARTICLES D'HABILLEMENT ET CHAUSSURES,2024M3,2024-03-01,113,I4166,https://bds.hcp.ma/api/v1/indicators/I4166,2026-06-22 12:26:21.708000+00:00
Casablanca,(03) ARTICLES D'HABILLEMENT ET CHAUSSURES,2024M4,2024-04-01,114.1,I4166,https://bds.hcp.ma/api/v1/indicators/I4166,2026-06-22 12:26:21.708000+00:00
Casablanca,(03) ARTICLES D'HABILLEMENT ET CHAUSSURES,2024M5,2024-05-01,114.2,I4166,https://bds.hcp.ma/api/v1/indicators/I4166,2026-06-22 12:26:21.708000+00:00
Casablanca,(03) ARTICLES D'HABILLEMENT ET CHAUSSURES,2024M6,2024-06-01,114.1,I4166,https://bds.hcp.ma/api/v1/indicators/I4166,2026-06-22 12:26:21.708000+00:00
Casablanca,(03) ARTICLES D'HABILLEMENT ET CHAUSSURES,2024M7,2024-07-01,114.1,I4166,https://bds.hcp.ma/api/v1/indicators/I4166,2026-06-22 12:26:21.708000+00:00
Casablanca,(03) ARTICLES D'HABILLEMENT ET CHAUSSURES,2024M8,2024-08-01,114.2,I4166,https://bds.hcp.ma/api/v1/indicators/I4166,2026-06-22 12:26:21.708000+00:00
Casablanca,(03) ARTICLES D'HABILLEMENT ET CHAUSSURES,2024M9,2024-09-01,114.7,I4166,https://bds.hcp.ma/api/v1/indicators/I4166,2026-06-22 12:26:21.708000+00:00
Casablanca,(03) ARTICLES D'HABILLEMENT ET CHAUSSURES,2024M10,2024-10-01,115,I4166,https://bds.hcp.ma/api/v1/indicators/I4166,2026-06-22 12:26:21.708000+00:00
Casablanca,(03) ARTICLES D'HABILLEMENT ET CHAUSSURES,2024M11,2024-11-01,113.8,I4166,https://bds.hcp.ma/api/v1/indicators/I4166,2026-06-22 12:26:21.708000+00:00
Casablanca,(03) ARTICLES D'HABILLEMENT ET CHAUSSURES,2024M12,2024-12-01,113.6,I4166,https://bds.hcp.ma/api/v1/indicators/I4166,2026-06-22 12:26:21.708000+00:00
Casablanca,(03) ARTICLES D'HABILLEMENT ET CHAUSSURES,2025M1,2025-01-01,113.0,I4166,https://bds.hcp.ma/api/v1/indicators/I4166,2026-06-22 12:26:21.708000+00:00
Casablanca,(03) ARTICLES D'HABILLEMENT ET CHAUSSURES,2025M2,2025-02-01,112.7,I4166,https://bds.hcp.ma/api/v1/indicators/I4166,2026-06-22 12:26:21.708000+00:00
Casablanca,(03) ARTICLES D'HABILLEMENT ET CHAUSSURES,2025M3,2025-03-01,112.8,I4166,https://bds.hcp.ma/api/v1/indicators/I4166,2026-06-22 12:26:21.708000+00:00
Casablanca,(03) ARTICLES D'HABILLEMENT ET CHAUSSURES,2025M4,2025-04-01,113.1,I4166,https://bds.hcp.ma/api/v1/indicators/I4166,2026-06-22 12:26:21.708000+00:00
Casablanca,(03) ARTICLES D'HABILLEMENT ET CHAUSSURES,2025M5,2025-05-01,113.5,I4166,https://bds.hcp.ma/api/v1/indicators/I4166,2026-06-22 12:26:21.708000+00:00
Casablanca,(03) ARTICLES D'HABILLEMENT ET CHAUSSURES,2025M6,2025-06-01,114.0,I4166,https://bds.hcp.ma/api/v1/indicators/I4166,2026-06-22 12:26:21.708000+00:00
Casablanca,(03) ARTICLES D'HABILLEMENT ET CHAUSSURES,2025M7,2025-07-01,113.7,I4166,https://bds.hcp.ma/api/v1/indicators/I4166,2026-06-22 12:26:21.708000+00:00
Casablanca,(03) ARTICLES D'HABILLEMENT ET CHAUSSURES,2025M8,2025-08-01,114.2,I4166,https://bds.hcp.ma/api/v1/indicators/I4166,2026-06-22 12:26:21.708000+00:00
Casablanca,(03) ARTICLES D'HABILLEMENT ET CHAUSSURES,2025M9,2025-09-01,115.7,I4166,https://bds.hcp.ma/api/v1/indicators/I4166,2026-06-22 12:26:21.708000+00:00
Casablanca,(03) ARTICLES D'HABILLEMENT ET CHAUSSURES,2025M10,2025-10-01,115.8,I4166,https://bds.hcp.ma/api/v1/indicators/I4166,2026-06-22 12:26:21.708000+00:00
Casablanca,(03) ARTICLES D'HABILLEMENT ET CHAUSSURES,2025M11,2025-11-01,115.8,I4166,https://bds.hcp.ma/api/v1/indicators/I4166,2026-06-22 12:26:21.708000+00:00
Casablanca,(03) ARTICLES D'HABILLEMENT ET CHAUSSURES,2025M12,2025-12-01,115.4,I4166,https://bds.hcp.ma/api/v1/indicators/I4166,2026-06-22 12:26:21.708000+00:00
Casablanca,(03) ARTICLES D'HABILLEMENT ET CHAUSSURES,2026M1,2026-01-01,116.0,I4166,https://bds.hcp.ma/api/v1/indicators/I4166,2026-06-22 12:26:21.708000+00:00
Casablanca,(03) ARTICLES D'HABILLEMENT ET CHAUSSURES,2026M2,2026-02-01,116.5,I4166,https://bds.hcp.ma/api/v1/indicators/I4166,2026-06-22 12:26:21.708000+00:00
Casablanca,(03) ARTICLES D'HABILLEMENT ET CHAUSSURES,2026M3,2026-03-01,116.9,I4166,https://bds.hcp.ma/api/v1/indicators/I4166,2026-06-22 12:26:21.708000+00:00
Casablanca,"(04) LOGEMENT, EAU, GAZ, ELECTRICITE ET AUTRES COMBUSTIBLES",2017M1,2017-01-01,100,I4166,https://bds.hcp.ma/api/v1/indicators/I4166,2026-06-22 12:26:21.708000+00:00
Casablanca,"(04) LOGEMENT, EAU, GAZ, ELECTRICITE ET AUTRES COMBUSTIBLES",2017M2,2017-02-01,100,I4166,https://bds.hcp.ma/api/v1/indicators/I4166,2026-06-22 12:26:21.708000+00:00
Casablanca,"(04) LOGEMENT, EAU, GAZ, ELECTRICITE ET AUTRES COMBUSTIBLES",2017M3,2017-03-01,100,I4166,https://bds.hcp.ma/api/v1/indicators/I4166,2026-06-22 12:26:21.708000+00:00
Casablanca,"(04) LOGEMENT, EAU, GAZ, ELECTRICITE ET AUTRES COMBUSTIBLES",2017M4,2017-04-01,99.9,I4166,https://bds.hcp.ma/api/v1/indicators/I4166,2026-06-22 12:26:21.708000+00:00
Casablanca,"(04) LOGEMENT, EAU, GAZ, ELECTRICITE ET AUTRES COMBUSTIBLES",2017M5,2017-05-01,99.9,I4166,https://bds.hcp.ma/api/v1/indicators/I4166,2026-06-22 12:26:21.708000+00:00
Casablanca,"(04) LOGEMENT, EAU, GAZ, ELECTRICITE ET AUTRES COMBUSTIBLES",2017M6,2017-06-01,99.9,I4166,https://bds.hcp.ma/api/v1/indicators/I4166,2026-06-22 12:26:21.708000+00:00
Casablanca,"(04) LOGEMENT, EAU, GAZ, ELECTRICITE ET AUTRES COMBUSTIBLES",2017M7,2017-07-01,99.9,I4166,https://bds.hcp.ma/api/v1/indicators/I4166,2026-06-22 12:26:21.708000+00:00
Casablanca,"(04) LOGEMENT, EAU, GAZ, ELECTRICITE ET AUTRES COMBUSTIBLES",2017M8,2017-08-01,100,I4166,https://bds.hcp.ma/api/v1/indicators/I4166,2026-06-22 12:26:21.708000+00:00
Casablanca,"(04) LOGEMENT, EAU, GAZ, ELECTRICITE ET AUTRES COMBUSTIBLES",2017M9,2017-09-01,100.2,I4166,https://bds.hcp.ma/api/v1/indicators/I4166,2026-06-22 12:26:21.708000+00:00
Casablanca,"(04) LOGEMENT, EAU, GAZ, ELECTRICITE ET AUTRES COMBUSTIBLES",2017M10,2017-10-01,100.1,I4166,https://bds.hcp.ma/api/v1/indicators/I4166,2026-06-22 12:26:21.708000+00:00
Casablanca,"(04) LOGEMENT, EAU, GAZ, ELECTRICITE ET AUTRES COMBUSTIBLES",2017M11,2017-11-01,100.1,I4166,https://bds.hcp.ma/api/v1/indicators/I4166,2026-06-22 12:26:21.708000+00:00
Casablanca,"(04) LOGEMENT, EAU, GAZ, ELECTRICITE ET AUTRES COMBUSTIBLES",2017M12,2017-12-01,100.1,I4166,https://bds.hcp.ma/api/v1/indicators/I4166,2026-06-22 12:26:21.708000+00:00
Casablanca,"(04) LOGEMENT, EAU, GAZ, ELECTRICITE ET AUTRES COMBUSTIBLES",2018M1,2018-01-01,100.1,I4166,https://bds.hcp.ma/api/v1/indicators/I4166,2026-06-22 12:26:21.708000+00:00
Casablanca,"(04) LOGEMENT, EAU, GAZ, ELECTRICITE ET AUTRES COMBUSTIBLES",2018M2,2018-02-01,100.1,I4166,https://bds.hcp.ma/api/v1/indicators/I4166,2026-06-22 12:26:21.708000+00:00
Casablanca,"(04) LOGEMENT, EAU, GAZ, ELECTRICITE ET AUTRES COMBUSTIBLES",2018M3,2018-03-01,100.1,I4166,https://bds.hcp.ma/api/v1/indicators/I4166,2026-06-22 12:26:21.708000+00:00
Casablanca,"(04) LOGEMENT, EAU, GAZ, ELECTRICITE ET AUTRES COMBUSTIBLES",2018M4,2018-04-01,100.1,I4166,https://bds.hcp.ma/api/v1/indicators/I4166,2026-06-22 12:26:21.708000+00:00
Casablanca,"(04) LOGEMENT, EAU, GAZ, ELECTRICITE ET AUTRES COMBUSTIBLES",2018M5,2018-05-01,100.1,I4166,https://bds.hcp.ma/api/v1/indicators/I4166,2026-06-22 12:26:21.708000+00:00
Casablanca,"(04) LOGEMENT, EAU, GAZ, ELECTRICITE ET AUTRES COMBUSTIBLES",2018M6,2018-06-01,100.1,I4166,https://bds.hcp.ma/api/v1/indicators/I4166,2026-06-22 12:26:21.708000+00:00
Casablanca,"(04) LOGEMENT, EAU, GAZ, ELECTRICITE ET AUTRES COMBUSTIBLES",2018M7,2018-07-01,100.4,I4166,https://bds.hcp.ma/api/v1/indicators/I4166,2026-06-22 12:26:21.708000+00:00
Casablanca,"(04) LOGEMENT, EAU, GAZ, ELECTRICITE ET AUTRES COMBUSTIBLES",2018M8,2018-08-01,100.9,I4166,https://bds.hcp.ma/api/v1/indicators/I4166,2026-06-22 12:26:21.708000+00:00
Casablanca,"(04) LOGEMENT, EAU, GAZ, ELECTRICITE ET AUTRES COMBUSTIBLES",2018M9,2018-09-01,101,I4166,https://bds.hcp.ma/api/v1/indicators/I4166,2026-06-22 12:26:21.708000+00:00
Casablanca,"(04) LOGEMENT, EAU, GAZ, ELECTRICITE ET AUTRES COMBUSTIBLES",2018M10,2018-10-01,101.2,I4166,https://bds.hcp.ma/api/v1/indicators/I4166,2026-06-22 12:26:21.708000+00:00
Casablanca,"(04) LOGEMENT, EAU, GAZ, ELECTRICITE ET AUTRES COMBUSTIBLES",2018M11,2018-11-01,101.1,I4166,https://bds.hcp.ma/api/v1/indicators/I4166,2026-06-22 12:26:21.708000+00:00
Casablanca,"(04) LOGEMENT, EAU, GAZ, ELECTRICITE ET AUTRES COMBUSTIBLES",2018M12,2018-12-01,100.5,I4166,https://bds.hcp.ma/api/v1/indicators/I4166,2026-06-22 12:26:21.708000+00:00
Casablanca,"(04) LOGEMENT, EAU, GAZ, ELECTRICITE ET AUTRES COMBUSTIBLES",2019M1,2019-01-01,100.6,I4166,https://bds.hcp.ma/api/v1/indicators/I4166,2026-06-22 12:26:21.708000+00:00
Casablanca,"(04) LOGEMENT, EAU, GAZ, ELECTRICITE ET AUTRES COMBUSTIBLES",2019M2,2019-02-01,100.6,I4166,https://bds.hcp.ma/api/v1/indicators/I4166,2026-06-22 12:26:21.708000+00:00
Casablanca,"(04) LOGEMENT, EAU, GAZ, ELECTRICITE ET AUTRES COMBUSTIBLES",2019M3,2019-03-01,100.6,I4166,https://bds.hcp.ma/api/v1/indicators/I4166,2026-06-22 12:26:21.708000+00:00
Casablanca,"(04) LOGEMENT, EAU, GAZ, ELECTRICITE ET AUTRES COMBUSTIBLES",2019M4,2019-04-01,100.8,I4166,https://bds.hcp.ma/api/v1/indicators/I4166,2026-06-22 12:26:21.708000+00:00
Casablanca,"(04) LOGEMENT, EAU, GAZ, ELECTRICITE ET AUTRES COMBUSTIBLES",2019M5,2019-05-01,100.9,I4166,https://bds.hcp.ma/api/v1/indicators/I4166,2026-06-22 12:26:21.708000+00:00
Casablanca,"(04) LOGEMENT, EAU, GAZ, ELECTRICITE ET AUTRES COMBUSTIBLES",2019M6,2019-06-01,100.9,I4166,https://bds.hcp.ma/api/v1/indicators/I4166,2026-06-22 12:26:21.708000+00:00
Casablanca,"(04) LOGEMENT, EAU, GAZ, ELECTRICITE ET AUTRES COMBUSTIBLES",2019M7,2019-07-01,101.5,I4166,https://bds.hcp.ma/api/v1/indicators/I4166,2026-06-22 12:26:21.708000+00:00
Casablanca,"(04) LOGEMENT, EAU, GAZ, ELECTRICITE ET AUTRES COMBUSTIBLES",2019M8,2019-08-01,102,I4166,https://bds.hcp.ma/api/v1/indicators/I4166,2026-06-22 12:26:21.708000+00:00
Casablanca,"(04) LOGEMENT, EAU, GAZ, ELECTRICITE ET AUTRES COMBUSTIBLES",2019M9,2019-09-01,102,I4166,https://bds.hcp.ma/api/v1/indicators/I4166,2026-06-22 12:26:21.708000+00:00
Casablanca,"(04) LOGEMENT, EAU, GAZ, ELECTRICITE ET AUTRES COMBUSTIBLES",2019M10,2019-10-01,102.1,I4166,https://bds.hcp.ma/api/v1/indicators/I4166,2026-06-22 12:26:21.708000+00:00
Casablanca,"(04) LOGEMENT, EAU, GAZ, ELECTRICITE ET AUTRES COMBUSTIBLES",2019M11,2019-11-01,101.8,I4166,https://bds.hcp.ma/api/v1/indicators/I4166,2026-06-22 12:26:21.708000+00:00
Casablanca,"(04) LOGEMENT, EAU, GAZ, ELECTRICITE ET AUTRES COMBUSTIBLES",2019M12,2019-12-01,101.5,I4166,https://bds.hcp.ma/api/v1/indicators/I4166,2026-06-22 12:26:21.708000+00:00
Casablanca,"(04) LOGEMENT, EAU, GAZ, ELECTRICITE ET AUTRES COMBUSTIBLES",2020M1,2020-01-01,101.4,I4166,https://bds.hcp.ma/api/v1/indicators/I4166,2026-06-22 12:26:21.708000+00:00
Casablanca,"(04) LOGEMENT, EAU, GAZ, ELECTRICITE ET AUTRES COMBUSTIBLES",2020M2,2020-02-01,101.5,I4166,https://bds.hcp.ma/api/v1/indicators/I4166,2026-06-22 12:26:21.708000+00:00
Casablanca,"(04) LOGEMENT, EAU, GAZ, ELECTRICITE ET AUTRES COMBUSTIBLES",2020M3,2020-03-01,101.5,I4166,https://bds.hcp.ma/api/v1/indicators/I4166,2026-06-22 12:26:21.708000+00:00
Casablanca,"(04) LOGEMENT, EAU, GAZ, ELECTRICITE ET AUTRES COMBUSTIBLES",2020M4,2020-04-01,101.5,I4166,https://bds.hcp.ma/api/v1/indicators/I4166,2026-06-22 12:26:21.708000+00:00
Casablanca,"(04) LOGEMENT, EAU, GAZ, ELECTRICITE ET AUTRES COMBUSTIBLES",2020M5,2020-05-01,102,I4166,https://bds.hcp.ma/api/v1/indicators/I4166,2026-06-22 12:26:21.708000+00:00
Casablanca,"(04) LOGEMENT, EAU, GAZ, ELECTRICITE ET AUTRES COMBUSTIBLES",2020M6,2020-06-01,102.4,I4166,https://bds.hcp.ma/api/v1/indicators/I4166,2026-06-22 12:26:21.708000+00:00
Casablanca,"(04) LOGEMENT, EAU, GAZ, ELECTRICITE ET AUTRES COMBUSTIBLES",2020M7,2020-07-01,102.6,I4166,https://bds.hcp.ma/api/v1/indicators/I4166,2026-06-22 12:26:21.708000+00:00
Casablanca,"(04) LOGEMENT, EAU, GAZ, ELECTRICITE ET AUTRES COMBUSTIBLES",2020M8,2020-08-01,102.6,I4166,https://bds.hcp.ma/api/v1/indicators/I4166,2026-06-22 12:26:21.708000+00:00
Casablanca,"(04) LOGEMENT, EAU, GAZ, ELECTRICITE ET AUTRES COMBUSTIBLES",2020M9,2020-09-01,102.6,I4166,https://bds.hcp.ma/api/v1/indicators/I4166,2026-06-22 12:26:21.708000+00:00
Casablanca,"(04) LOGEMENT, EAU, GAZ, ELECTRICITE ET AUTRES COMBUSTIBLES",2020M10,2020-10-01,102.6,I4166,https://bds.hcp.ma/api/v1/indicators/I4166,2026-06-22 12:26:21.708000+00:00
Casablanca,"(04) LOGEMENT, EAU, GAZ, ELECTRICITE ET AUTRES COMBUSTIBLES",2020M11,2020-11-01,102.6,I4166,https://bds.hcp.ma/api/v1/indicators/I4166,2026-06-22 12:26:21.708000+00:00
Casablanca,"(04) LOGEMENT, EAU, GAZ, ELECTRICITE ET AUTRES COMBUSTIBLES",2020M12,2020-12-01,102.6,I4166,https://bds.hcp.ma/api/v1/indicators/I4166,2026-06-22 12:26:21.708000+00:00
Casablanca,"(04) LOGEMENT, EAU, GAZ, ELECTRICITE ET AUTRES COMBUSTIBLES",2021M1,2021-01-01,102.3,I4166,https://bds.hcp.ma/api/v1/indicators/I4166,2026-06-22 12:26:21.708000+00:00
Casablanca,"(04) LOGEMENT, EAU, GAZ, ELECTRICITE ET AUTRES COMBUSTIBLES",2021M2,2021-02-01,102.3,I4166,https://bds.hcp.ma/api/v1/indicators/I4166,2026-06-22 12:26:21.708000+00:00
Casablanca,"(04) LOGEMENT, EAU, GAZ, ELECTRICITE ET AUTRES COMBUSTIBLES",2021M3,2021-03-01,102.6,I4166,https://bds.hcp.ma/api/v1/indicators/I4166,2026-06-22 12:26:21.708000+00:00
Casablanca,"(04) LOGEMENT, EAU, GAZ, ELECTRICITE ET AUTRES COMBUSTIBLES",2021M4,2021-04-01,102.7,I4166,https://bds.hcp.ma/api/v1/indicators/I4166,2026-06-22 12:26:21.708000+00:00
Casablanca,"(04) LOGEMENT, EAU, GAZ, ELECTRICITE ET AUTRES COMBUSTIBLES",2021M5,2021-05-01,103.1,I4166,https://bds.hcp.ma/api/v1/indicators/I4166,2026-06-22 12:26:21.708000+00:00
Casablanca,"(04) LOGEMENT, EAU, GAZ, ELECTRICITE ET AUTRES COMBUSTIBLES",2021M6,2021-06-01,103.2,I4166,https://bds.hcp.ma/api/v1/indicators/I4166,2026-06-22 12:26:21.708000+00:00
Casablanca,"(04) LOGEMENT, EAU, GAZ, ELECTRICITE ET AUTRES COMBUSTIBLES",2021M7,2021-07-01,103.2,I4166,https://bds.hcp.ma/api/v1/indicators/I4166,2026-06-22 12:26:21.708000+00:00
Casablanca,"(04) LOGEMENT, EAU, GAZ, ELECTRICITE ET AUTRES COMBUSTIBLES",2021M8,2021-08-01,103.7,I4166,https://bds.hcp.ma/api/v1/indicators/I4166,2026-06-22 12:26:21.708000+00:00
Casablanca,"(04) LOGEMENT, EAU, GAZ, ELECTRICITE ET AUTRES COMBUSTIBLES",2021M9,2021-09-01,103.7,I4166,https://bds.hcp.ma/api/v1/indicators/I4166,2026-06-22 12:26:21.708000+00:00
Casablanca,"(04) LOGEMENT, EAU, GAZ, ELECTRICITE ET AUTRES COMBUSTIBLES",2021M10,2021-10-01,103.8,I4166,https://bds.hcp.ma/api/v1/indicators/I4166,2026-06-22 12:26:21.708000+00:00
Casablanca,"(04) LOGEMENT, EAU, GAZ, ELECTRICITE ET AUTRES COMBUSTIBLES",2021M11,2021-11-01,103.9,I4166,https://bds.hcp.ma/api/v1/indicators/I4166,2026-06-22 12:26:21.708000+00:00
Casablanca,"(04) LOGEMENT, EAU, GAZ, ELECTRICITE ET AUTRES COMBUSTIBLES",2021M12,2021-12-01,103.9,I4166,https://bds.hcp.ma/api/v1/indicators/I4166,2026-06-22 12:26:21.708000+00:00
Casablanca,"(04) LOGEMENT, EAU, GAZ, ELECTRICITE ET AUTRES COMBUSTIBLES",2022M1,2022-01-01,104.1,I4166,https://bds.hcp.ma/api/v1/indicators/I4166,2026-06-22 12:26:21.708000+00:00
Casablanca,"(04) LOGEMENT, EAU, GAZ, ELECTRICITE ET AUTRES COMBUSTIBLES",2022M2,2022-02-01,104.2,I4166,https://bds.hcp.ma/api/v1/indicators/I4166,2026-06-22 12:26:21.708000+00:00
Casablanca,"(04) LOGEMENT, EAU, GAZ, ELECTRICITE ET AUTRES COMBUSTIBLES",2022M3,2022-03-01,104.3,I4166,https://bds.hcp.ma/api/v1/indicators/I4166,2026-06-22 12:26:21.708000+00:00
Casablanca,"(04) LOGEMENT, EAU, GAZ, ELECTRICITE ET AUTRES COMBUSTIBLES",2022M4,2022-04-01,104.4,I4166,https://bds.hcp.ma/api/v1/indicators/I4166,2026-06-22 12:26:21.708000+00:00
Casablanca,"(04) LOGEMENT, EAU, GAZ, ELECTRICITE ET AUTRES COMBUSTIBLES",2022M5,2022-05-01,104.4,I4166,https://bds.hcp.ma/api/v1/indicators/I4166,2026-06-22 12:26:21.708000+00:00
Casablanca,"(04) LOGEMENT, EAU, GAZ, ELECTRICITE ET AUTRES COMBUSTIBLES",2022M6,2022-06-01,104.5,I4166,https://bds.hcp.ma/api/v1/indicators/I4166,2026-06-22 12:26:21.708000+00:00
Casablanca,"(04) LOGEMENT, EAU, GAZ, ELECTRICITE ET AUTRES COMBUSTIBLES",2022M7,2022-07-01,104.5,I4166,https://bds.hcp.ma/api/v1/indicators/I4166,2026-06-22 12:26:21.708000+00:00
Casablanca,"(04) LOGEMENT, EAU, GAZ, ELECTRICITE ET AUTRES COMBUSTIBLES",2022M8,2022-08-01,104.6,I4166,https://bds.hcp.ma/api/v1/indicators/I4166,2026-06-22 12:26:21.708000+00:00
Casablanca,"(04) LOGEMENT, EAU, GAZ, ELECTRICITE ET AUTRES COMBUSTIBLES",2022M9,2022-09-01,104.6,I4166,https://bds.hcp.ma/api/v1/indicators/I4166,2026-06-22 12:26:21.708000+00:00
Casablanca,"(04) LOGEMENT, EAU, GAZ, ELECTRICITE ET AUTRES COMBUSTIBLES",2022M10,2022-10-01,104.7,I4166,https://bds.hcp.ma/api/v1/indicators/I4166,2026-06-22 12:26:21.708000+00:00
Casablanca,"(04) LOGEMENT, EAU, GAZ, ELECTRICITE ET AUTRES COMBUSTIBLES",2022M11,2022-11-01,104.8,I4166,https://bds.hcp.ma/api/v1/indicators/I4166,2026-06-22 12:26:21.708000+00:00
Casablanca,"(04) LOGEMENT, EAU, GAZ, ELECTRICITE ET AUTRES COMBUSTIBLES",2022M12,2022-12-01,104.9,I4166,https://bds.hcp.ma/api/v1/indicators/I4166,2026-06-22 12:26:21.708000+00:00
Casablanca,"(04) LOGEMENT, EAU, GAZ, ELECTRICITE ET AUTRES COMBUSTIBLES",2023M1,2023-01-01,104.9,I4166,https://bds.hcp.ma/api/v1/indicators/I4166,2026-06-22 12:26:21.708000+00:00
Casablanca,"(04) LOGEMENT, EAU, GAZ, ELECTRICITE ET AUTRES COMBUSTIBLES",2023M2,2023-02-01,104.9,I4166,https://bds.hcp.ma/api/v1/indicators/I4166,2026-06-22 12:26:21.708000+00:00
Casablanca,"(04) LOGEMENT, EAU, GAZ, ELECTRICITE ET AUTRES COMBUSTIBLES",2023M3,2023-03-01,105,I4166,https://bds.hcp.ma/api/v1/indicators/I4166,2026-06-22 12:26:21.708000+00:00
Casablanca,"(04) LOGEMENT, EAU, GAZ, ELECTRICITE ET AUTRES COMBUSTIBLES",2023M4,2023-04-01,105.1,I4166,https://bds.hcp.ma/api/v1/indicators/I4166,2026-06-22 12:26:21.708000+00:00
Casablanca,"(04) LOGEMENT, EAU, GAZ, ELECTRICITE ET AUTRES COMBUSTIBLES",2023M5,2023-05-01,105.1,I4166,https://bds.hcp.ma/api/v1/indicators/I4166,2026-06-22 12:26:21.708000+00:00
Casablanca,"(04) LOGEMENT, EAU, GAZ, ELECTRICITE ET AUTRES COMBUSTIBLES",2023M6,2023-06-01,105.1,I4166,https://bds.hcp.ma/api/v1/indicators/I4166,2026-06-22 12:26:21.708000+00:00
Casablanca,"(04) LOGEMENT, EAU, GAZ, ELECTRICITE ET AUTRES COMBUSTIBLES",2023M7,2023-07-01,105.2,I4166,https://bds.hcp.ma/api/v1/indicators/I4166,2026-06-22 12:26:21.708000+00:00
Casablanca,"(04) LOGEMENT, EAU, GAZ, ELECTRICITE ET AUTRES COMBUSTIBLES",2023M8,2023-08-01,105.2,I4166,https://bds.hcp.ma/api/v1/indicators/I4166,2026-06-22 12:26:21.708000+00:00
Casablanca,"(04) LOGEMENT, EAU, GAZ, ELECTRICITE ET AUTRES COMBUSTIBLES",2023M9,2023-09-01,105.2,I4166,https://bds.hcp.ma/api/v1/indicators/I4166,2026-06-22 12:26:21.708000+00:00
Casablanca,"(04) LOGEMENT, EAU, GAZ, ELECTRICITE ET AUTRES COMBUSTIBLES",2023M10,2023-10-01,105.2,I4166,https://bds.hcp.ma/api/v1/indicators/I4166,2026-06-22 12:26:21.708000+00:00
Casablanca,"(04) LOGEMENT, EAU, GAZ, ELECTRICITE ET AUTRES COMBUSTIBLES",2023M11,2023-11-01,105.3,I4166,https://bds.hcp.ma/api/v1/indicators/I4166,2026-06-22 12:26:21.708000+00:00
Casablanca,"(04) LOGEMENT, EAU, GAZ, ELECTRICITE ET AUTRES COMBUSTIBLES",2023M12,2023-12-01,105.3,I4166,https://bds.hcp.ma/api/v1/indicators/I4166,2026-06-22 12:26:21.708000+00:00
Casablanca,"(04) LOGEMENT, EAU, GAZ, ELECTRICITE ET AUTRES COMBUSTIBLES",2024M1,2024-01-01,105.3,I4166,https://bds.hcp.ma/api/v1/indicators/I4166,2026-06-22 12:26:21.708000+00:00
Casablanca,"(04) LOGEMENT, EAU, GAZ, ELECTRICITE ET AUTRES COMBUSTIBLES",2024M2,2024-02-01,105.3,I4166,https://bds.hcp.ma/api/v1/indicators/I4166,2026-06-22 12:26:21.708000+00:00
Casablanca,"(04) LOGEMENT, EAU, GAZ, ELECTRICITE ET AUTRES COMBUSTIBLES",2024M3,2024-03-01,105.3,I4166,https://bds.hcp.ma/api/v1/indicators/I4166,2026-06-22 12:26:21.708000+00:00
Casablanca,"(04) LOGEMENT, EAU, GAZ, ELECTRICITE ET AUTRES COMBUSTIBLES",2024M4,2024-04-01,105.7,I4166,https://bds.hcp.ma/api/v1/indicators/I4166,2026-06-22 12:26:21.708000+00:00
Casablanca,"(04) LOGEMENT, EAU, GAZ, ELECTRICITE ET AUTRES COMBUSTIBLES",2024M5,2024-05-01,107,I4166,https://bds.hcp.ma/api/v1/indicators/I4166,2026-06-22 12:26:21.708000+00:00
Casablanca,"(04) LOGEMENT, EAU, GAZ, ELECTRICITE ET AUTRES COMBUSTIBLES",2024M6,2024-06-01,108.3,I4166,https://bds.hcp.ma/api/v1/indicators/I4166,2026-06-22 12:26:21.708000+00:00
Casablanca,"(04) LOGEMENT, EAU, GAZ, ELECTRICITE ET AUTRES COMBUSTIBLES",2024M7,2024-07-01,108.3,I4166,https://bds.hcp.ma/api/v1/indicators/I4166,2026-06-22 12:26:21.708000+00:00
Casablanca,"(04) LOGEMENT, EAU, GAZ, ELECTRICITE ET AUTRES COMBUSTIBLES",2024M8,2024-08-01,108.3,I4166,https://bds.hcp.ma/api/v1/indicators/I4166,2026-06-22 12:26:21.708000+00:00
Casablanca,"(04) LOGEMENT, EAU, GAZ, ELECTRICITE ET AUTRES COMBUSTIBLES",2024M9,2024-09-01,108.2,I4166,https://bds.hcp.ma/api/v1/indicators/I4166,2026-06-22 12:26:21.708000+00:00
Casablanca,"(04) LOGEMENT, EAU, GAZ, ELECTRICITE ET AUTRES COMBUSTIBLES",2024M10,2024-10-01,108.2,I4166,https://bds.hcp.ma/api/v1/indicators/I4166,2026-06-22 12:26:21.708000+00:00
Casablanca,"(04) LOGEMENT, EAU, GAZ, ELECTRICITE ET AUTRES COMBUSTIBLES",2024M11,2024-11-01,108.4,I4166,https://bds.hcp.ma/api/v1/indicators/I4166,2026-06-22 12:26:21.708000+00:00
Casablanca,"(04) LOGEMENT, EAU, GAZ, ELECTRICITE ET AUTRES COMBUSTIBLES",2024M12,2024-12-01,108.4,I4166,https://bds.hcp.ma/api/v1/indicators/I4166,2026-06-22 12:26:21.708000+00:00
Casablanca,"(04) LOGEMENT, EAU, GAZ, ELECTRICITE ET AUTRES COMBUSTIBLES",2025M1,2025-01-01,108.5,I4166,https://bds.hcp.ma/api/v1/indicators/I4166,2026-06-22 12:26:21.708000+00:00
Casablanca,"(04) LOGEMENT, EAU, GAZ, ELECTRICITE ET AUTRES COMBUSTIBLES",2025M2,2025-02-01,108.5,I4166,https://bds.hcp.ma/api/v1/indicators/I4166,2026-06-22 12:26:21.708000+00:00
Casablanca,"(04) LOGEMENT, EAU, GAZ, ELECTRICITE ET AUTRES COMBUSTIBLES",2025M3,2025-03-01,108.7,I4166,https://bds.hcp.ma/api/v1/indicators/I4166,2026-06-22 12:26:21.708000+00:00
Casablanca,"(04) LOGEMENT, EAU, GAZ, ELECTRICITE ET AUTRES COMBUSTIBLES",2025M4,2025-04-01,108.9,I4166,https://bds.hcp.ma/api/v1/indicators/I4166,2026-06-22 12:26:21.708000+00:00
Casablanca,"(04) LOGEMENT, EAU, GAZ, ELECTRICITE ET AUTRES COMBUSTIBLES",2025M5,2025-05-01,109.1,I4166,https://bds.hcp.ma/api/v1/indicators/I4166,2026-06-22 12:26:21.708000+00:00
Casablanca,"(04) LOGEMENT, EAU, GAZ, ELECTRICITE ET AUTRES COMBUSTIBLES",2025M6,2025-06-01,109.1,I4166,https://bds.hcp.ma/api/v1/indicators/I4166,2026-06-22 12:26:21.708000+00:00
Casablanca,"(04) LOGEMENT, EAU, GAZ, ELECTRICITE ET AUTRES COMBUSTIBLES",2025M7,2025-07-01,109.2,I4166,https://bds.hcp.ma/api/v1/indicators/I4166,2026-06-22 12:26:21.708000+00:00
Casablanca,"(04) LOGEMENT, EAU, GAZ, ELECTRICITE ET AUTRES COMBUSTIBLES",2025M8,2025-08-01,109.2,I4166,https://bds.hcp.ma/api/v1/indicators/I4166,2026-06-22 12:26:21.708000+00:00
Casablanca,"(04) LOGEMENT, EAU, GAZ, ELECTRICITE ET AUTRES COMBUSTIBLES",2025M9,2025-09-01,109.3,I4166,https://bds.hcp.ma/api/v1/indicators/I4166,2026-06-22 12:26:21.708000+00:00
Casablanca,"(04) LOGEMENT, EAU, GAZ, ELECTRICITE ET AUTRES COMBUSTIBLES",2025M10,2025-10-01,109.3,I4166,https://bds.hcp.ma/api/v1/indicators/I4166,2026-06-22 12:26:21.708000+00:00
Casablanca,"(04) LOGEMENT, EAU, GAZ, ELECTRICITE ET AUTRES COMBUSTIBLES",2025M11,2025-11-01,109.4,I4166,https://bds.hcp.ma/api/v1/indicators/I4166,2026-06-22 12:26:21.708000+00:00
Casablanca,"(04) LOGEMENT, EAU, GAZ, ELECTRICITE ET AUTRES COMBUSTIBLES",2025M12,2025-12-01,109.5,I4166,https://bds.hcp.ma/api/v1/indicators/I4166,2026-06-22 12:26:21.708000+00:00
Casablanca,"(04) LOGEMENT, EAU, GAZ, ELECTRICITE ET AUTRES COMBUSTIBLES",2026M1,2026-01-01,109.6,I4166,https://bds.hcp.ma/api/v1/indicators/I4166,2026-06-22 12:26:21.708000+00:00
Casablanca,"(04) LOGEMENT, EAU, GAZ, ELECTRICITE ET AUTRES COMBUSTIBLES",2026M2,2026-02-01,109.6,I4166,https://bds.hcp.ma/api/v1/indicators/I4166,2026-06-22 12:26:21.708000+00:00
Casablanca,"(04) LOGEMENT, EAU, GAZ, ELECTRICITE ET AUTRES COMBUSTIBLES",2026M3,2026-03-01,109.7,I4166,https://bds.hcp.ma/api/v1/indicators/I4166,2026-06-22 12:26:21.708000+00:00
Casablanca,"(05) MEUBLES, ARTICLES DE MENAGE ET ENTRETIEN COURANT DU FOYER",2017M1,2017-01-01,100,I4166,https://bds.hcp.ma/api/v1/indicators/I4166,2026-06-22 12:26:21.708000+00:00
Casablanca,"(05) MEUBLES, ARTICLES DE MENAGE ET ENTRETIEN COURANT DU FOYER",2017M2,2017-02-01,100.1,I4166,https://bds.hcp.ma/api/v1/indicators/I4166,2026-06-22 12:26:21.708000+00:00
Casablanca,"(05) MEUBLES, ARTICLES DE MENAGE ET ENTRETIEN COURANT DU FOYER",2017M3,2017-03-01,100,I4166,https://bds.hcp.ma/api/v1/indicators/I4166,2026-06-22 12:26:21.708000+00:00
Casablanca,"(05) MEUBLES, ARTICLES DE MENAGE ET ENTRETIEN COURANT DU FOYER",2017M4,2017-04-01,99.7,I4166,https://bds.hcp.ma/api/v1/indicators/I4166,2026-06-22 12:26:21.708000+00:00
Casablanca,"(05) MEUBLES, ARTICLES DE MENAGE ET ENTRETIEN COURANT DU FOYER",2017M5,2017-05-01,99.8,I4166,https://bds.hcp.ma/api/v1/indicators/I4166,2026-06-22 12:26:21.708000+00:00
Casablanca,"(05) MEUBLES, ARTICLES DE MENAGE ET ENTRETIEN COURANT DU FOYER",2017M6,2017-06-01,99.6,I4166,https://bds.hcp.ma/api/v1/indicators/I4166,2026-06-22 12:26:21.708000+00:00
Casablanca,"(05) MEUBLES, ARTICLES DE MENAGE ET ENTRETIEN COURANT DU FOYER",2017M7,2017-07-01,99.8,I4166,https://bds.hcp.ma/api/v1/indicators/I4166,2026-06-22 12:26:21.708000+00:00
Casablanca,"(05) MEUBLES, ARTICLES DE MENAGE ET ENTRETIEN COURANT DU FOYER",2017M8,2017-08-01,100.1,I4166,https://bds.hcp.ma/api/v1/indicators/I4166,2026-06-22 12:26:21.708000+00:00
Casablanca,"(05) MEUBLES, ARTICLES DE MENAGE ET ENTRETIEN COURANT DU FOYER",2017M9,2017-09-01,100.1,I4166,https://bds.hcp.ma/api/v1/indicators/I4166,2026-06-22 12:26:21.708000+00:00
Casablanca,"(05) MEUBLES, ARTICLES DE MENAGE ET ENTRETIEN COURANT DU FOYER",2017M10,2017-10-01,100.3,I4166,https://bds.hcp.ma/api/v1/indicators/I4166,2026-06-22 12:26:21.708000+00:00
Casablanca,"(05) MEUBLES, ARTICLES DE MENAGE ET ENTRETIEN COURANT DU FOYER",2017M11,2017-11-01,100.2,I4166,https://bds.hcp.ma/api/v1/indicators/I4166,2026-06-22 12:26:21.708000+00:00
Casablanca,"(05) MEUBLES, ARTICLES DE MENAGE ET ENTRETIEN COURANT DU FOYER",2017M12,2017-12-01,100.3,I4166,https://bds.hcp.ma/api/v1/indicators/I4166,2026-06-22 12:26:21.708000+00:00
Casablanca,"(05) MEUBLES, ARTICLES DE MENAGE ET ENTRETIEN COURANT DU FOYER",2018M1,2018-01-01,100.3,I4166,https://bds.hcp.ma/api/v1/indicators/I4166,2026-06-22 12:26:21.708000+00:00
Casablanca,"(05) MEUBLES, ARTICLES DE MENAGE ET ENTRETIEN COURANT DU FOYER",2018M2,2018-02-01,100.2,I4166,https://bds.hcp.ma/api/v1/indicators/I4166,2026-06-22 12:26:21.708000+00:00
Casablanca,"(05) MEUBLES, ARTICLES DE MENAGE ET ENTRETIEN COURANT DU FOYER",2018M3,2018-03-01,99.6,I4166,https://bds.hcp.ma/api/v1/indicators/I4166,2026-06-22 12:26:21.708000+00:00
Casablanca,"(05) MEUBLES, ARTICLES DE MENAGE ET ENTRETIEN COURANT DU FOYER",2018M4,2018-04-01,100.4,I4166,https://bds.hcp.ma/api/v1/indicators/I4166,2026-06-22 12:26:21.708000+00:00
Casablanca,"(05) MEUBLES, ARTICLES DE MENAGE ET ENTRETIEN COURANT DU FOYER",2018M5,2018-05-01,100.2,I4166,https://bds.hcp.ma/api/v1/indicators/I4166,2026-06-22 12:26:21.708000+00:00
Casablanca,"(05) MEUBLES, ARTICLES DE MENAGE ET ENTRETIEN COURANT DU FOYER",2018M6,2018-06-01,100.2,I4166,https://bds.hcp.ma/api/v1/indicators/I4166,2026-06-22 12:26:21.708000+00:00
Casablanca,"(05) MEUBLES, ARTICLES DE MENAGE ET ENTRETIEN COURANT DU FOYER",2018M7,2018-07-01,100.5,I4166,https://bds.hcp.ma/api/v1/indicators/I4166,2026-06-22 12:26:21.708000+00:00
Casablanca,"(05) MEUBLES, ARTICLES DE MENAGE ET ENTRETIEN COURANT DU FOYER",2018M8,2018-08-01,100.2,I4166,https://bds.hcp.ma/api/v1/indicators/I4166,2026-06-22 12:26:21.708000+00:00
Casablanca,"(05) MEUBLES, ARTICLES DE MENAGE ET ENTRETIEN COURANT DU FOYER",2018M9,2018-09-01,100.6,I4166,https://bds.hcp.ma/api/v1/indicators/I4166,2026-06-22 12:26:21.708000+00:00
Casablanca,"(05) MEUBLES, ARTICLES DE MENAGE ET ENTRETIEN COURANT DU FOYER",2018M10,2018-10-01,100.8,I4166,https://bds.hcp.ma/api/v1/indicators/I4166,2026-06-22 12:26:21.708000+00:00
Casablanca,"(05) MEUBLES, ARTICLES DE MENAGE ET ENTRETIEN COURANT DU FOYER",2018M11,2018-11-01,100.4,I4166,https://bds.hcp.ma/api/v1/indicators/I4166,2026-06-22 12:26:21.708000+00:00
Casablanca,"(05) MEUBLES, ARTICLES DE MENAGE ET ENTRETIEN COURANT DU FOYER",2018M12,2018-12-01,100.5,I4166,https://bds.hcp.ma/api/v1/indicators/I4166,2026-06-22 12:26:21.708000+00:00
Casablanca,"(05) MEUBLES, ARTICLES DE MENAGE ET ENTRETIEN COURANT DU FOYER",2019M1,2019-01-01,100.9,I4166,https://bds.hcp.ma/api/v1/indicators/I4166,2026-06-22 12:26:21.708000+00:00
Casablanca,"(05) MEUBLES, ARTICLES DE MENAGE ET ENTRETIEN COURANT DU FOYER",2019M2,2019-02-01,100.4,I4166,https://bds.hcp.ma/api/v1/indicators/I4166,2026-06-22 12:26:21.708000+00:00
Casablanca,"(05) MEUBLES, ARTICLES DE MENAGE ET ENTRETIEN COURANT DU FOYER",2019M3,2019-03-01,100.4,I4166,https://bds.hcp.ma/api/v1/indicators/I4166,2026-06-22 12:26:21.708000+00:00
Casablanca,"(05) MEUBLES, ARTICLES DE MENAGE ET ENTRETIEN COURANT DU FOYER",2019M4,2019-04-01,100.6,I4166,https://bds.hcp.ma/api/v1/indicators/I4166,2026-06-22 12:26:21.708000+00:00
Casablanca,"(05) MEUBLES, ARTICLES DE MENAGE ET ENTRETIEN COURANT DU FOYER",2019M5,2019-05-01,100.3,I4166,https://bds.hcp.ma/api/v1/indicators/I4166,2026-06-22 12:26:21.708000+00:00
Casablanca,"(05) MEUBLES, ARTICLES DE MENAGE ET ENTRETIEN COURANT DU FOYER",2019M6,2019-06-01,100.7,I4166,https://bds.hcp.ma/api/v1/indicators/I4166,2026-06-22 12:26:21.708000+00:00
Casablanca,"(05) MEUBLES, ARTICLES DE MENAGE ET ENTRETIEN COURANT DU FOYER",2019M7,2019-07-01,100.4,I4166,https://bds.hcp.ma/api/v1/indicators/I4166,2026-06-22 12:26:21.708000+00:00
Casablanca,"(05) MEUBLES, ARTICLES DE MENAGE ET ENTRETIEN COURANT DU FOYER",2019M8,2019-08-01,100.4,I4166,https://bds.hcp.ma/api/v1/indicators/I4166,2026-06-22 12:26:21.708000+00:00
Casablanca,"(05) MEUBLES, ARTICLES DE MENAGE ET ENTRETIEN COURANT DU FOYER",2019M9,2019-09-01,100.3,I4166,https://bds.hcp.ma/api/v1/indicators/I4166,2026-06-22 12:26:21.708000+00:00
Casablanca,"(05) MEUBLES, ARTICLES DE MENAGE ET ENTRETIEN COURANT DU FOYER",2019M10,2019-10-01,99.9,I4166,https://bds.hcp.ma/api/v1/indicators/I4166,2026-06-22 12:26:21.708000+00:00
Casablanca,"(05) MEUBLES, ARTICLES DE MENAGE ET ENTRETIEN COURANT DU FOYER",2019M11,2019-11-01,100,I4166,https://bds.hcp.ma/api/v1/indicators/I4166,2026-06-22 12:26:21.708000+00:00
Casablanca,"(05) MEUBLES, ARTICLES DE MENAGE ET ENTRETIEN COURANT DU FOYER",2019M12,2019-12-01,100,I4166,https://bds.hcp.ma/api/v1/indicators/I4166,2026-06-22 12:26:21.708000+00:00
Casablanca,"(05) MEUBLES, ARTICLES DE MENAGE ET ENTRETIEN COURANT DU FOYER",2020M1,2020-01-01,99.5,I4166,https://bds.hcp.ma/api/v1/indicators/I4166,2026-06-22 12:26:21.708000+00:00
Casablanca,"(05) MEUBLES, ARTICLES DE MENAGE ET ENTRETIEN COURANT DU FOYER",2020M2,2020-02-01,99.7,I4166,https://bds.hcp.ma/api/v1/indicators/I4166,2026-06-22 12:26:21.708000+00:00
Casablanca,"(05) MEUBLES, ARTICLES DE MENAGE ET ENTRETIEN COURANT DU FOYER",2020M3,2020-03-01,100.1,I4166,https://bds.hcp.ma/api/v1/indicators/I4166,2026-06-22 12:26:21.708000+00:00
Casablanca,"(05) MEUBLES, ARTICLES DE MENAGE ET ENTRETIEN COURANT DU FOYER",2020M4,2020-04-01,100.2,I4166,https://bds.hcp.ma/api/v1/indicators/I4166,2026-06-22 12:26:21.708000+00:00
Casablanca,"(05) MEUBLES, ARTICLES DE MENAGE ET ENTRETIEN COURANT DU FOYER",2020M5,2020-05-01,100.4,I4166,https://bds.hcp.ma/api/v1/indicators/I4166,2026-06-22 12:26:21.708000+00:00
Casablanca,"(05) MEUBLES, ARTICLES DE MENAGE ET ENTRETIEN COURANT DU FOYER",2020M6,2020-06-01,100.3,I4166,https://bds.hcp.ma/api/v1/indicators/I4166,2026-06-22 12:26:21.708000+00:00
Casablanca,"(05) MEUBLES, ARTICLES DE MENAGE ET ENTRETIEN COURANT DU FOYER",2020M7,2020-07-01,99.8,I4166,https://bds.hcp.ma/api/v1/indicators/I4166,2026-06-22 12:26:21.708000+00:00
Casablanca,"(05) MEUBLES, ARTICLES DE MENAGE ET ENTRETIEN COURANT DU FOYER",2020M8,2020-08-01,100,I4166,https://bds.hcp.ma/api/v1/indicators/I4166,2026-06-22 12:26:21.708000+00:00
Casablanca,"(05) MEUBLES, ARTICLES DE MENAGE ET ENTRETIEN COURANT DU FOYER",2020M9,2020-09-01,100.2,I4166,https://bds.hcp.ma/api/v1/indicators/I4166,2026-06-22 12:26:21.708000+00:00
Casablanca,"(05) MEUBLES, ARTICLES DE MENAGE ET ENTRETIEN COURANT DU FOYER",2020M10,2020-10-01,100.3,I4166,https://bds.hcp.ma/api/v1/indicators/I4166,2026-06-22 12:26:21.708000+00:00
Casablanca,"(05) MEUBLES, ARTICLES DE MENAGE ET ENTRETIEN COURANT DU FOYER",2020M11,2020-11-01,100.3,I4166,https://bds.hcp.ma/api/v1/indicators/I4166,2026-06-22 12:26:21.708000+00:00
Casablanca,"(05) MEUBLES, ARTICLES DE MENAGE ET ENTRETIEN COURANT DU FOYER",2020M12,2020-12-01,100,I4166,https://bds.hcp.ma/api/v1/indicators/I4166,2026-06-22 12:26:21.708000+00:00
Casablanca,"(05) MEUBLES, ARTICLES DE MENAGE ET ENTRETIEN COURANT DU FOYER",2021M1,2021-01-01,99.8,I4166,https://bds.hcp.ma/api/v1/indicators/I4166,2026-06-22 12:26:21.708000+00:00
Casablanca,"(05) MEUBLES, ARTICLES DE MENAGE ET ENTRETIEN COURANT DU FOYER",2021M2,2021-02-01,100.2,I4166,https://bds.hcp.ma/api/v1/indicators/I4166,2026-06-22 12:26:21.708000+00:00
Casablanca,"(05) MEUBLES, ARTICLES DE MENAGE ET ENTRETIEN COURANT DU FOYER",2021M3,2021-03-01,100.5,I4166,https://bds.hcp.ma/api/v1/indicators/I4166,2026-06-22 12:26:21.708000+00:00
Casablanca,"(05) MEUBLES, ARTICLES DE MENAGE ET ENTRETIEN COURANT DU FOYER",2021M4,2021-04-01,100.8,I4166,https://bds.hcp.ma/api/v1/indicators/I4166,2026-06-22 12:26:21.708000+00:00
Casablanca,"(05) MEUBLES, ARTICLES DE MENAGE ET ENTRETIEN COURANT DU FOYER",2021M5,2021-05-01,101,I4166,https://bds.hcp.ma/api/v1/indicators/I4166,2026-06-22 12:26:21.708000+00:00
Casablanca,"(05) MEUBLES, ARTICLES DE MENAGE ET ENTRETIEN COURANT DU FOYER",2021M6,2021-06-01,101.2,I4166,https://bds.hcp.ma/api/v1/indicators/I4166,2026-06-22 12:26:21.708000+00:00
Casablanca,"(05) MEUBLES, ARTICLES DE MENAGE ET ENTRETIEN COURANT DU FOYER",2021M7,2021-07-01,101.3,I4166,https://bds.hcp.ma/api/v1/indicators/I4166,2026-06-22 12:26:21.708000+00:00
Casablanca,"(05) MEUBLES, ARTICLES DE MENAGE ET ENTRETIEN COURANT DU FOYER",2021M8,2021-08-01,101.3,I4166,https://bds.hcp.ma/api/v1/indicators/I4166,2026-06-22 12:26:21.708000+00:00
Casablanca,"(05) MEUBLES, ARTICLES DE MENAGE ET ENTRETIEN COURANT DU FOYER",2021M9,2021-09-01,101.7,I4166,https://bds.hcp.ma/api/v1/indicators/I4166,2026-06-22 12:26:21.708000+00:00
Casablanca,"(05) MEUBLES, ARTICLES DE MENAGE ET ENTRETIEN COURANT DU FOYER",2021M10,2021-10-01,102.4,I4166,https://bds.hcp.ma/api/v1/indicators/I4166,2026-06-22 12:26:21.708000+00:00
Casablanca,"(05) MEUBLES, ARTICLES DE MENAGE ET ENTRETIEN COURANT DU FOYER",2021M11,2021-11-01,103.4,I4166,https://bds.hcp.ma/api/v1/indicators/I4166,2026-06-22 12:26:21.708000+00:00
Casablanca,"(05) MEUBLES, ARTICLES DE MENAGE ET ENTRETIEN COURANT DU FOYER",2021M12,2021-12-01,103.6,I4166,https://bds.hcp.ma/api/v1/indicators/I4166,2026-06-22 12:26:21.708000+00:00
Casablanca,"(05) MEUBLES, ARTICLES DE MENAGE ET ENTRETIEN COURANT DU FOYER",2022M1,2022-01-01,103.8,I4166,https://bds.hcp.ma/api/v1/indicators/I4166,2026-06-22 12:26:21.708000+00:00
Casablanca,"(05) MEUBLES, ARTICLES DE MENAGE ET ENTRETIEN COURANT DU FOYER",2022M2,2022-02-01,104,I4166,https://bds.hcp.ma/api/v1/indicators/I4166,2026-06-22 12:26:21.708000+00:00
Casablanca,"(05) MEUBLES, ARTICLES DE MENAGE ET ENTRETIEN COURANT DU FOYER",2022M3,2022-03-01,104.5,I4166,https://bds.hcp.ma/api/v1/indicators/I4166,2026-06-22 12:26:21.708000+00:00
Casablanca,"(05) MEUBLES, ARTICLES DE MENAGE ET ENTRETIEN COURANT DU FOYER",2022M4,2022-04-01,104.7,I4166,https://bds.hcp.ma/api/v1/indicators/I4166,2026-06-22 12:26:21.708000+00:00
Casablanca,"(05) MEUBLES, ARTICLES DE MENAGE ET ENTRETIEN COURANT DU FOYER",2022M5,2022-05-01,106,I4166,https://bds.hcp.ma/api/v1/indicators/I4166,2026-06-22 12:26:21.708000+00:00
Casablanca,"(05) MEUBLES, ARTICLES DE MENAGE ET ENTRETIEN COURANT DU FOYER",2022M6,2022-06-01,108.1,I4166,https://bds.hcp.ma/api/v1/indicators/I4166,2026-06-22 12:26:21.708000+00:00
Casablanca,"(05) MEUBLES, ARTICLES DE MENAGE ET ENTRETIEN COURANT DU FOYER",2022M7,2022-07-01,109,I4166,https://bds.hcp.ma/api/v1/indicators/I4166,2026-06-22 12:26:21.708000+00:00
Casablanca,"(05) MEUBLES, ARTICLES DE MENAGE ET ENTRETIEN COURANT DU FOYER",2022M8,2022-08-01,109.4,I4166,https://bds.hcp.ma/api/v1/indicators/I4166,2026-06-22 12:26:21.708000+00:00
Casablanca,"(05) MEUBLES, ARTICLES DE MENAGE ET ENTRETIEN COURANT DU FOYER",2022M9,2022-09-01,110.4,I4166,https://bds.hcp.ma/api/v1/indicators/I4166,2026-06-22 12:26:21.708000+00:00
Casablanca,"(05) MEUBLES, ARTICLES DE MENAGE ET ENTRETIEN COURANT DU FOYER",2022M10,2022-10-01,110.8,I4166,https://bds.hcp.ma/api/v1/indicators/I4166,2026-06-22 12:26:21.708000+00:00
Casablanca,"(05) MEUBLES, ARTICLES DE MENAGE ET ENTRETIEN COURANT DU FOYER",2022M11,2022-11-01,110.9,I4166,https://bds.hcp.ma/api/v1/indicators/I4166,2026-06-22 12:26:21.708000+00:00
Casablanca,"(05) MEUBLES, ARTICLES DE MENAGE ET ENTRETIEN COURANT DU FOYER",2022M12,2022-12-01,111.1,I4166,https://bds.hcp.ma/api/v1/indicators/I4166,2026-06-22 12:26:21.708000+00:00
Casablanca,"(05) MEUBLES, ARTICLES DE MENAGE ET ENTRETIEN COURANT DU FOYER",2023M1,2023-01-01,111.4,I4166,https://bds.hcp.ma/api/v1/indicators/I4166,2026-06-22 12:26:21.708000+00:00
Casablanca,"(05) MEUBLES, ARTICLES DE MENAGE ET ENTRETIEN COURANT DU FOYER",2023M2,2023-02-01,112,I4166,https://bds.hcp.ma/api/v1/indicators/I4166,2026-06-22 12:26:21.708000+00:00
Casablanca,"(05) MEUBLES, ARTICLES DE MENAGE ET ENTRETIEN COURANT DU FOYER",2023M3,2023-03-01,112.1,I4166,https://bds.hcp.ma/api/v1/indicators/I4166,2026-06-22 12:26:21.708000+00:00
Casablanca,"(05) MEUBLES, ARTICLES DE MENAGE ET ENTRETIEN COURANT DU FOYER",2023M4,2023-04-01,112.1,I4166,https://bds.hcp.ma/api/v1/indicators/I4166,2026-06-22 12:26:21.708000+00:00
Casablanca,"(05) MEUBLES, ARTICLES DE MENAGE ET ENTRETIEN COURANT DU FOYER",2023M5,2023-05-01,112.1,I4166,https://bds.hcp.ma/api/v1/indicators/I4166,2026-06-22 12:26:21.708000+00:00
Casablanca,"(05) MEUBLES, ARTICLES DE MENAGE ET ENTRETIEN COURANT DU FOYER",2023M6,2023-06-01,113.5,I4166,https://bds.hcp.ma/api/v1/indicators/I4166,2026-06-22 12:26:21.708000+00:00
Casablanca,"(05) MEUBLES, ARTICLES DE MENAGE ET ENTRETIEN COURANT DU FOYER",2023M7,2023-07-01,113.7,I4166,https://bds.hcp.ma/api/v1/indicators/I4166,2026-06-22 12:26:21.708000+00:00
Casablanca,"(05) MEUBLES, ARTICLES DE MENAGE ET ENTRETIEN COURANT DU FOYER",2023M8,2023-08-01,113.7,I4166,https://bds.hcp.ma/api/v1/indicators/I4166,2026-06-22 12:26:21.708000+00:00
Casablanca,"(05) MEUBLES, ARTICLES DE MENAGE ET ENTRETIEN COURANT DU FOYER",2023M9,2023-09-01,113.7,I4166,https://bds.hcp.ma/api/v1/indicators/I4166,2026-06-22 12:26:21.708000+00:00
Casablanca,"(05) MEUBLES, ARTICLES DE MENAGE ET ENTRETIEN COURANT DU FOYER",2023M10,2023-10-01,113.8,I4166,https://bds.hcp.ma/api/v1/indicators/I4166,2026-06-22 12:26:21.708000+00:00
Casablanca,"(05) MEUBLES, ARTICLES DE MENAGE ET ENTRETIEN COURANT DU FOYER",2023M11,2023-11-01,113.8,I4166,https://bds.hcp.ma/api/v1/indicators/I4166,2026-06-22 12:26:21.708000+00:00
Casablanca,"(05) MEUBLES, ARTICLES DE MENAGE ET ENTRETIEN COURANT DU FOYER",2023M12,2023-12-01,113.6,I4166,https://bds.hcp.ma/api/v1/indicators/I4166,2026-06-22 12:26:21.708000+00:00
Casablanca,"(05) MEUBLES, ARTICLES DE MENAGE ET ENTRETIEN COURANT DU FOYER",2024M1,2024-01-01,113.6,I4166,https://bds.hcp.ma/api/v1/indicators/I4166,2026-06-22 12:26:21.708000+00:00
Casablanca,"(05) MEUBLES, ARTICLES DE MENAGE ET ENTRETIEN COURANT DU FOYER",2024M2,2024-02-01,113.6,I4166,https://bds.hcp.ma/api/v1/indicators/I4166,2026-06-22 12:26:21.708000+00:00
Casablanca,"(05) MEUBLES, ARTICLES DE MENAGE ET ENTRETIEN COURANT DU FOYER",2024M3,2024-03-01,113.6,I4166,https://bds.hcp.ma/api/v1/indicators/I4166,2026-06-22 12:26:21.708000+00:00
Casablanca,"(05) MEUBLES, ARTICLES DE MENAGE ET ENTRETIEN COURANT DU FOYER",2024M4,2024-04-01,113.4,I4166,https://bds.hcp.ma/api/v1/indicators/I4166,2026-06-22 12:26:21.708000+00:00
Casablanca,"(05) MEUBLES, ARTICLES DE MENAGE ET ENTRETIEN COURANT DU FOYER",2024M5,2024-05-01,113.5,I4166,https://bds.hcp.ma/api/v1/indicators/I4166,2026-06-22 12:26:21.708000+00:00
Casablanca,"(05) MEUBLES, ARTICLES DE MENAGE ET ENTRETIEN COURANT DU FOYER",2024M6,2024-06-01,113.2,I4166,https://bds.hcp.ma/api/v1/indicators/I4166,2026-06-22 12:26:21.708000+00:00
Casablanca,"(05) MEUBLES, ARTICLES DE MENAGE ET ENTRETIEN COURANT DU FOYER",2024M7,2024-07-01,113.1,I4166,https://bds.hcp.ma/api/v1/indicators/I4166,2026-06-22 12:26:21.708000+00:00
Casablanca,"(05) MEUBLES, ARTICLES DE MENAGE ET ENTRETIEN COURANT DU FOYER",2024M8,2024-08-01,113.3,I4166,https://bds.hcp.ma/api/v1/indicators/I4166,2026-06-22 12:26:21.708000+00:00
Casablanca,"(05) MEUBLES, ARTICLES DE MENAGE ET ENTRETIEN COURANT DU FOYER",2024M9,2024-09-01,113.2,I4166,https://bds.hcp.ma/api/v1/indicators/I4166,2026-06-22 12:26:21.708000+00:00
Casablanca,"(05) MEUBLES, ARTICLES DE MENAGE ET ENTRETIEN COURANT DU FOYER",2024M10,2024-10-01,113.3,I4166,https://bds.hcp.ma/api/v1/indicators/I4166,2026-06-22 12:26:21.708000+00:00
Casablanca,"(05) MEUBLES, ARTICLES DE MENAGE ET ENTRETIEN COURANT DU FOYER",2024M11,2024-11-01,113.2,I4166,https://bds.hcp.ma/api/v1/indicators/I4166,2026-06-22 12:26:21.708000+00:00
Casablanca,"(05) MEUBLES, ARTICLES DE MENAGE ET ENTRETIEN COURANT DU FOYER",2024M12,2024-12-01,113.2,I4166,https://bds.hcp.ma/api/v1/indicators/I4166,2026-06-22 12:26:21.708000+00:00
Casablanca,"(05) MEUBLES, ARTICLES DE MENAGE ET ENTRETIEN COURANT DU FOYER",2025M1,2025-01-01,112.9,I4166,https://bds.hcp.ma/api/v1/indicators/I4166,2026-06-22 12:26:21.708000+00:00
Casablanca,"(05) MEUBLES, ARTICLES DE MENAGE ET ENTRETIEN COURANT DU FOYER",2025M2,2025-02-01,113.6,I4166,https://bds.hcp.ma/api/v1/indicators/I4166,2026-06-22 12:26:21.708000+00:00
Casablanca,"(05) MEUBLES, ARTICLES DE MENAGE ET ENTRETIEN COURANT DU FOYER",2025M3,2025-03-01,113.6,I4166,https://bds.hcp.ma/api/v1/indicators/I4166,2026-06-22 12:26:21.708000+00:00
Casablanca,"(05) MEUBLES, ARTICLES DE MENAGE ET ENTRETIEN COURANT DU FOYER",2025M4,2025-04-01,113.6,I4166,https://bds.hcp.ma/api/v1/indicators/I4166,2026-06-22 12:26:21.708000+00:00
Casablanca,"(05) MEUBLES, ARTICLES DE MENAGE ET ENTRETIEN COURANT DU FOYER",2025M5,2025-05-01,113.6,I4166,https://bds.hcp.ma/api/v1/indicators/I4166,2026-06-22 12:26:21.708000+00:00
Casablanca,"(05) MEUBLES, ARTICLES DE MENAGE ET ENTRETIEN COURANT DU FOYER",2025M6,2025-06-01,113.5,I4166,https://bds.hcp.ma/api/v1/indicators/I4166,2026-06-22 12:26:21.708000+00:00
Casablanca,"(05) MEUBLES, ARTICLES DE MENAGE ET ENTRETIEN COURANT DU FOYER",2025M7,2025-07-01,113.7,I4166,https://bds.hcp.ma/api/v1/indicators/I4166,2026-06-22 12:26:21.708000+00:00
Casablanca,"(05) MEUBLES, ARTICLES DE MENAGE ET ENTRETIEN COURANT DU FOYER",2025M8,2025-08-01,113.0,I4166,https://bds.hcp.ma/api/v1/indicators/I4166,2026-06-22 12:26:21.708000+00:00
Casablanca,"(05) MEUBLES, ARTICLES DE MENAGE ET ENTRETIEN COURANT DU FOYER",2025M9,2025-09-01,113.6,I4166,https://bds.hcp.ma/api/v1/indicators/I4166,2026-06-22 12:26:21.708000+00:00
Casablanca,"(05) MEUBLES, ARTICLES DE MENAGE ET ENTRETIEN COURANT DU FOYER",2025M10,2025-10-01,113.1,I4166,https://bds.hcp.ma/api/v1/indicators/I4166,2026-06-22 12:26:21.708000+00:00
Casablanca,"(05) MEUBLES, ARTICLES DE MENAGE ET ENTRETIEN COURANT DU FOYER",2025M11,2025-11-01,113.0,I4166,https://bds.hcp.ma/api/v1/indicators/I4166,2026-06-22 12:26:21.708000+00:00
Casablanca,"(05) MEUBLES, ARTICLES DE MENAGE ET ENTRETIEN COURANT DU FOYER",2025M12,2025-12-01,113.1,I4166,https://bds.hcp.ma/api/v1/indicators/I4166,2026-06-22 12:26:21.708000+00:00
Casablanca,"(05) MEUBLES, ARTICLES DE MENAGE ET ENTRETIEN COURANT DU FOYER",2026M1,2026-01-01,112.8,I4166,https://bds.hcp.ma/api/v1/indicators/I4166,2026-06-22 12:26:21.708000+00:00
Casablanca,"(05) MEUBLES, ARTICLES DE MENAGE ET ENTRETIEN COURANT DU FOYER",2026M2,2026-02-01,113.2,I4166,https://bds.hcp.ma/api/v1/indicators/I4166,2026-06-22 12:26:21.708000+00:00
Casablanca,"(05) MEUBLES, ARTICLES DE MENAGE ET ENTRETIEN COURANT DU FOYER",2026M3,2026-03-01,113.4,I4166,https://bds.hcp.ma/api/v1/indicators/I4166,2026-06-22 12:26:21.708000+00:00
Casablanca,(06) SANTÉ,2017M1,2017-01-01,100,I4166,https://bds.hcp.ma/api/v1/indicators/I4166,2026-06-22 12:26:21.708000+00:00
Casablanca,(06) SANTÉ,2017M2,2017-02-01,99.7,I4166,https://bds.hcp.ma/api/v1/indicators/I4166,2026-06-22 12:26:21.708000+00:00
Casablanca,(06) SANTÉ,2017M3,2017-03-01,100.1,I4166,https://bds.hcp.ma/api/v1/indicators/I4166,2026-06-22 12:26:21.708000+00:00
Casablanca,(06) SANTÉ,2017M4,2017-04-01,100.1,I4166,https://bds.hcp.ma/api/v1/indicators/I4166,2026-06-22 12:26:21.708000+00:00
Casablanca,(06) SANTÉ,2017M5,2017-05-01,100.1,I4166,https://bds.hcp.ma/api/v1/indicators/I4166,2026-06-22 12:26:21.708000+00:00
Casablanca,(06) SANTÉ,2017M6,2017-06-01,100.1,I4166,https://bds.hcp.ma/api/v1/indicators/I4166,2026-06-22 12:26:21.708000+00:00
Casablanca,(06) SANTÉ,2017M7,2017-07-01,100,I4166,https://bds.hcp.ma/api/v1/indicators/I4166,2026-06-22 12:26:21.708000+00:00
Casablanca,(06) SANTÉ,2017M8,2017-08-01,100,I4166,https://bds.hcp.ma/api/v1/indicators/I4166,2026-06-22 12:26:21.708000+00:00
Casablanca,(06) SANTÉ,2017M9,2017-09-01,100,I4166,https://bds.hcp.ma/api/v1/indicators/I4166,2026-06-22 12:26:21.708000+00:00
Casablanca,(06) SANTÉ,2017M10,2017-10-01,100,I4166,https://bds.hcp.ma/api/v1/indicators/I4166,2026-06-22 12:26:21.708000+00:00
Casablanca,(06) SANTÉ,2017M11,2017-11-01,100,I4166,https://bds.hcp.ma/api/v1/indicators/I4166,2026-06-22 12:26:21.708000+00:00
Casablanca,(06) SANTÉ,2017M12,2017-12-01,100,I4166,https://bds.hcp.ma/api/v1/indicators/I4166,2026-06-22 12:26:21.708000+00:00
Casablanca,(06) SANTÉ,2018M1,2018-01-01,100,I4166,https://bds.hcp.ma/api/v1/indicators/I4166,2026-06-22 12:26:21.708000+00:00
Casablanca,(06) SANTÉ,2018M2,2018-02-01,100,I4166,https://bds.hcp.ma/api/v1/indicators/I4166,2026-06-22 12:26:21.708000+00:00
Casablanca,(06) SANTÉ,2018M3,2018-03-01,100,I4166,https://bds.hcp.ma/api/v1/indicators/I4166,2026-06-22 12:26:21.708000+00:00
Casablanca,(06) SANTÉ,2018M4,2018-04-01,100,I4166,https://bds.hcp.ma/api/v1/indicators/I4166,2026-06-22 12:26:21.708000+00:00
Casablanca,(06) SANTÉ,2018M5,2018-05-01,99.9,I4166,https://bds.hcp.ma/api/v1/indicators/I4166,2026-06-22 12:26:21.708000+00:00
Casablanca,(06) SANTÉ,2018M6,2018-06-01,99.8,I4166,https://bds.hcp.ma/api/v1/indicators/I4166,2026-06-22 12:26:21.708000+00:00
Casablanca,(06) SANTÉ,2018M7,2018-07-01,99.8,I4166,https://bds.hcp.ma/api/v1/indicators/I4166,2026-06-22 12:26:21.708000+00:00
Casablanca,(06) SANTÉ,2018M8,2018-08-01,99.7,I4166,https://bds.hcp.ma/api/v1/indicators/I4166,2026-06-22 12:26:21.708000+00:00
Casablanca,(06) SANTÉ,2018M9,2018-09-01,99.7,I4166,https://bds.hcp.ma/api/v1/indicators/I4166,2026-06-22 12:26:21.708000+00:00
Casablanca,(06) SANTÉ,2018M10,2018-10-01,100.4,I4166,https://bds.hcp.ma/api/v1/indicators/I4166,2026-06-22 12:26:21.708000+00:00
Casablanca,(06) SANTÉ,2018M11,2018-11-01,101,I4166,https://bds.hcp.ma/api/v1/indicators/I4166,2026-06-22 12:26:21.708000+00:00
Casablanca,(06) SANTÉ,2018M12,2018-12-01,101,I4166,https://bds.hcp.ma/api/v1/indicators/I4166,2026-06-22 12:26:21.708000+00:00
Casablanca,(06) SANTÉ,2019M1,2019-01-01,101.2,I4166,https://bds.hcp.ma/api/v1/indicators/I4166,2026-06-22 12:26:21.708000+00:00
Casablanca,(06) SANTÉ,2019M2,2019-02-01,101.2,I4166,https://bds.hcp.ma/api/v1/indicators/I4166,2026-06-22 12:26:21.708000+00:00
Casablanca,(06) SANTÉ,2019M3,2019-03-01,101.1,I4166,https://bds.hcp.ma/api/v1/indicators/I4166,2026-06-22 12:26:21.708000+00:00
Casablanca,(06) SANTÉ,2019M4,2019-04-01,101.1,I4166,https://bds.hcp.ma/api/v1/indicators/I4166,2026-06-22 12:26:21.708000+00:00
Casablanca,(06) SANTÉ,2019M5,2019-05-01,101,I4166,https://bds.hcp.ma/api/v1/indicators/I4166,2026-06-22 12:26:21.708000+00:00
Casablanca,(06) SANTÉ,2019M6,2019-06-01,101.8,I4166,https://bds.hcp.ma/api/v1/indicators/I4166,2026-06-22 12:26:21.708000+00:00
Casablanca,(06) SANTÉ,2019M7,2019-07-01,101.7,I4166,https://bds.hcp.ma/api/v1/indicators/I4166,2026-06-22 12:26:21.708000+00:00
Casablanca,(06) SANTÉ,2019M8,2019-08-01,101.7,I4166,https://bds.hcp.ma/api/v1/indicators/I4166,2026-06-22 12:26:21.708000+00:00
Casablanca,(06) SANTÉ,2019M9,2019-09-01,101.7,I4166,https://bds.hcp.ma/api/v1/indicators/I4166,2026-06-22 12:26:21.708000+00:00
Casablanca,(06) SANTÉ,2019M10,2019-10-01,101.7,I4166,https://bds.hcp.ma/api/v1/indicators/I4166,2026-06-22 12:26:21.708000+00:00
Casablanca,(06) SANTÉ,2019M11,2019-11-01,101.7,I4166,https://bds.hcp.ma/api/v1/indicators/I4166,2026-06-22 12:26:21.708000+00:00
Casablanca,(06) SANTÉ,2019M12,2019-12-01,101.7,I4166,https://bds.hcp.ma/api/v1/indicators/I4166,2026-06-22 12:26:21.708000+00:00
Casablanca,(06) SANTÉ,2020M1,2020-01-01,101.5,I4166,https://bds.hcp.ma/api/v1/indicators/I4166,2026-06-22 12:26:21.708000+00:00
Casablanca,(06) SANTÉ,2020M2,2020-02-01,101.5,I4166,https://bds.hcp.ma/api/v1/indicators/I4166,2026-06-22 12:26:21.708000+00:00
Casablanca,(06) SANTÉ,2020M3,2020-03-01,101.6,I4166,https://bds.hcp.ma/api/v1/indicators/I4166,2026-06-22 12:26:21.708000+00:00
Casablanca,(06) SANTÉ,2020M4,2020-04-01,101.5,I4166,https://bds.hcp.ma/api/v1/indicators/I4166,2026-06-22 12:26:21.708000+00:00
Casablanca,(06) SANTÉ,2020M5,2020-05-01,101.5,I4166,https://bds.hcp.ma/api/v1/indicators/I4166,2026-06-22 12:26:21.708000+00:00
Casablanca,(06) SANTÉ,2020M6,2020-06-01,100.9,I4166,https://bds.hcp.ma/api/v1/indicators/I4166,2026-06-22 12:26:21.708000+00:00
Casablanca,(06) SANTÉ,2020M7,2020-07-01,101.2,I4166,https://bds.hcp.ma/api/v1/indicators/I4166,2026-06-22 12:26:21.708000+00:00
Casablanca,(06) SANTÉ,2020M8,2020-08-01,101.4,I4166,https://bds.hcp.ma/api/v1/indicators/I4166,2026-06-22 12:26:21.708000+00:00
Casablanca,(06) SANTÉ,2020M9,2020-09-01,101.4,I4166,https://bds.hcp.ma/api/v1/indicators/I4166,2026-06-22 12:26:21.708000+00:00
Casablanca,(06) SANTÉ,2020M10,2020-10-01,101.3,I4166,https://bds.hcp.ma/api/v1/indicators/I4166,2026-06-22 12:26:21.708000+00:00
Casablanca,(06) SANTÉ,2020M11,2020-11-01,101.3,I4166,https://bds.hcp.ma/api/v1/indicators/I4166,2026-06-22 12:26:21.708000+00:00
Casablanca,(06) SANTÉ,2020M12,2020-12-01,101.3,I4166,https://bds.hcp.ma/api/v1/indicators/I4166,2026-06-22 12:26:21.708000+00:00
Casablanca,(06) SANTÉ,2021M1,2021-01-01,101.3,I4166,https://bds.hcp.ma/api/v1/indicators/I4166,2026-06-22 12:26:21.708000+00:00
Casablanca,(06) SANTÉ,2021M2,2021-02-01,101.2,I4166,https://bds.hcp.ma/api/v1/indicators/I4166,2026-06-22 12:26:21.708000+00:00
Casablanca,(06) SANTÉ,2021M3,2021-03-01,101.2,I4166,https://bds.hcp.ma/api/v1/indicators/I4166,2026-06-22 12:26:21.708000+00:00
Casablanca,(06) SANTÉ,2021M4,2021-04-01,101.3,I4166,https://bds.hcp.ma/api/v1/indicators/I4166,2026-06-22 12:26:21.708000+00:00
Casablanca,(06) SANTÉ,2021M5,2021-05-01,101.3,I4166,https://bds.hcp.ma/api/v1/indicators/I4166,2026-06-22 12:26:21.708000+00:00
Casablanca,(06) SANTÉ,2021M6,2021-06-01,101.2,I4166,https://bds.hcp.ma/api/v1/indicators/I4166,2026-06-22 12:26:21.708000+00:00
Casablanca,(06) SANTÉ,2021M7,2021-07-01,101.2,I4166,https://bds.hcp.ma/api/v1/indicators/I4166,2026-06-22 12:26:21.708000+00:00
Casablanca,(06) SANTÉ,2021M8,2021-08-01,101.2,I4166,https://bds.hcp.ma/api/v1/indicators/I4166,2026-06-22 12:26:21.708000+00:00
Casablanca,(06) SANTÉ,2021M9,2021-09-01,101.2,I4166,https://bds.hcp.ma/api/v1/indicators/I4166,2026-06-22 12:26:21.708000+00:00
Casablanca,(06) SANTÉ,2021M10,2021-10-01,101.2,I4166,https://bds.hcp.ma/api/v1/indicators/I4166,2026-06-22 12:26:21.708000+00:00
Casablanca,(06) SANTÉ,2021M11,2021-11-01,101.2,I4166,https://bds.hcp.ma/api/v1/indicators/I4166,2026-06-22 12:26:21.708000+00:00
Casablanca,(06) SANTÉ,2021M12,2021-12-01,101.1,I4166,https://bds.hcp.ma/api/v1/indicators/I4166,2026-06-22 12:26:21.708000+00:00
Casablanca,(06) SANTÉ,2022M1,2022-01-01,101.1,I4166,https://bds.hcp.ma/api/v1/indicators/I4166,2026-06-22 12:26:21.708000+00:00
Casablanca,(06) SANTÉ,2022M2,2022-02-01,101.1,I4166,https://bds.hcp.ma/api/v1/indicators/I4166,2026-06-22 12:26:21.708000+00:00
Casablanca,(06) SANTÉ,2022M3,2022-03-01,101.1,I4166,https://bds.hcp.ma/api/v1/indicators/I4166,2026-06-22 12:26:21.708000+00:00
Casablanca,(06) SANTÉ,2022M4,2022-04-01,101,I4166,https://bds.hcp.ma/api/v1/indicators/I4166,2026-06-22 12:26:21.708000+00:00
Casablanca,(06) SANTÉ,2022M5,2022-05-01,101.2,I4166,https://bds.hcp.ma/api/v1/indicators/I4166,2026-06-22 12:26:21.708000+00:00
Casablanca,(06) SANTÉ,2022M6,2022-06-01,101.2,I4166,https://bds.hcp.ma/api/v1/indicators/I4166,2026-06-22 12:26:21.708000+00:00
Casablanca,(06) SANTÉ,2022M7,2022-07-01,101.2,I4166,https://bds.hcp.ma/api/v1/indicators/I4166,2026-06-22 12:26:21.708000+00:00
Casablanca,(06) SANTÉ,2022M8,2022-08-01,101.2,I4166,https://bds.hcp.ma/api/v1/indicators/I4166,2026-06-22 12:26:21.708000+00:00
Casablanca,(06) SANTÉ,2022M9,2022-09-01,101.2,I4166,https://bds.hcp.ma/api/v1/indicators/I4166,2026-06-22 12:26:21.708000+00:00
Casablanca,(06) SANTÉ,2022M10,2022-10-01,101.2,I4166,https://bds.hcp.ma/api/v1/indicators/I4166,2026-06-22 12:26:21.708000+00:00
Casablanca,(06) SANTÉ,2022M11,2022-11-01,101,I4166,https://bds.hcp.ma/api/v1/indicators/I4166,2026-06-22 12:26:21.708000+00:00
Casablanca,(06) SANTÉ,2022M12,2022-12-01,101,I4166,https://bds.hcp.ma/api/v1/indicators/I4166,2026-06-22 12:26:21.708000+00:00
Casablanca,(06) SANTÉ,2023M1,2023-01-01,101.2,I4166,https://bds.hcp.ma/api/v1/indicators/I4166,2026-06-22 12:26:21.708000+00:00
Casablanca,(06) SANTÉ,2023M2,2023-02-01,101.3,I4166,https://bds.hcp.ma/api/v1/indicators/I4166,2026-06-22 12:26:21.708000+00:00
Casablanca,(06) SANTÉ,2023M3,2023-03-01,101.6,I4166,https://bds.hcp.ma/api/v1/indicators/I4166,2026-06-22 12:26:21.708000+00:00
Casablanca,(06) SANTÉ,2023M4,2023-04-01,101.5,I4166,https://bds.hcp.ma/api/v1/indicators/I4166,2026-06-22 12:26:21.708000+00:00
Casablanca,(06) SANTÉ,2023M5,2023-05-01,101.5,I4166,https://bds.hcp.ma/api/v1/indicators/I4166,2026-06-22 12:26:21.708000+00:00
Casablanca,(06) SANTÉ,2023M6,2023-06-01,101.5,I4166,https://bds.hcp.ma/api/v1/indicators/I4166,2026-06-22 12:26:21.708000+00:00
Casablanca,(06) SANTÉ,2023M7,2023-07-01,101.6,I4166,https://bds.hcp.ma/api/v1/indicators/I4166,2026-06-22 12:26:21.708000+00:00
Casablanca,(06) SANTÉ,2023M8,2023-08-01,101.6,I4166,https://bds.hcp.ma/api/v1/indicators/I4166,2026-06-22 12:26:21.708000+00:00
Casablanca,(06) SANTÉ,2023M9,2023-09-01,101.6,I4166,https://bds.hcp.ma/api/v1/indicators/I4166,2026-06-22 12:26:21.708000+00:00
Casablanca,(06) SANTÉ,2023M10,2023-10-01,101.6,I4166,https://bds.hcp.ma/api/v1/indicators/I4166,2026-06-22 12:26:21.708000+00:00
Casablanca,(06) SANTÉ,2023M11,2023-11-01,101.6,I4166,https://bds.hcp.ma/api/v1/indicators/I4166,2026-06-22 12:26:21.708000+00:00
Casablanca,(06) SANTÉ,2023M12,2023-12-01,101.6,I4166,https://bds.hcp.ma/api/v1/indicators/I4166,2026-06-22 12:26:21.708000+00:00
Casablanca,(06) SANTÉ,2024M1,2024-01-01,99.9,I4166,https://bds.hcp.ma/api/v1/indicators/I4166,2026-06-22 12:26:21.708000+00:00
Casablanca,(06) SANTÉ,2024M2,2024-02-01,100.2,I4166,https://bds.hcp.ma/api/v1/indicators/I4166,2026-06-22 12:26:21.708000+00:00
Casablanca,(06) SANTÉ,2024M3,2024-03-01,100.2,I4166,https://bds.hcp.ma/api/v1/indicators/I4166,2026-06-22 12:26:21.708000+00:00
Casablanca,(06) SANTÉ,2024M4,2024-04-01,100.2,I4166,https://bds.hcp.ma/api/v1/indicators/I4166,2026-06-22 12:26:21.708000+00:00
Casablanca,(06) SANTÉ,2024M5,2024-05-01,100.6,I4166,https://bds.hcp.ma/api/v1/indicators/I4166,2026-06-22 12:26:21.708000+00:00
Casablanca,(06) SANTÉ,2024M6,2024-06-01,100.6,I4166,https://bds.hcp.ma/api/v1/indicators/I4166,2026-06-22 12:26:21.708000+00:00
Casablanca,(06) SANTÉ,2024M7,2024-07-01,100.6,I4166,https://bds.hcp.ma/api/v1/indicators/I4166,2026-06-22 12:26:21.708000+00:00
Casablanca,(06) SANTÉ,2024M8,2024-08-01,100.6,I4166,https://bds.hcp.ma/api/v1/indicators/I4166,2026-06-22 12:26:21.708000+00:00
Casablanca,(06) SANTÉ,2024M9,2024-09-01,100.6,I4166,https://bds.hcp.ma/api/v1/indicators/I4166,2026-06-22 12:26:21.708000+00:00
Casablanca,(06) SANTÉ,2024M10,2024-10-01,100.6,I4166,https://bds.hcp.ma/api/v1/indicators/I4166,2026-06-22 12:26:21.708000+00:00
Casablanca,(06) SANTÉ,2024M11,2024-11-01,100.6,I4166,https://bds.hcp.ma/api/v1/indicators/I4166,2026-06-22 12:26:21.708000+00:00
Casablanca,(06) SANTÉ,2024M12,2024-12-01,100.6,I4166,https://bds.hcp.ma/api/v1/indicators/I4166,2026-06-22 12:26:21.708000+00:00
Casablanca,(06) SANTÉ,2025M1,2025-01-01,100.5,I4166,https://bds.hcp.ma/api/v1/indicators/I4166,2026-06-22 12:26:21.708000+00:00
Casablanca,(06) SANTÉ,2025M2,2025-02-01,100.7,I4166,https://bds.hcp.ma/api/v1/indicators/I4166,2026-06-22 12:26:21.708000+00:00
Casablanca,(06) SANTÉ,2025M3,2025-03-01,100.8,I4166,https://bds.hcp.ma/api/v1/indicators/I4166,2026-06-22 12:26:21.708000+00:00
Casablanca,(06) SANTÉ,2025M4,2025-04-01,100.8,I4166,https://bds.hcp.ma/api/v1/indicators/I4166,2026-06-22 12:26:21.708000+00:00
Casablanca,(06) SANTÉ,2025M5,2025-05-01,100.8,I4166,https://bds.hcp.ma/api/v1/indicators/I4166,2026-06-22 12:26:21.708000+00:00
Casablanca,(06) SANTÉ,2025M6,2025-06-01,100.8,I4166,https://bds.hcp.ma/api/v1/indicators/I4166,2026-06-22 12:26:21.708000+00:00
Casablanca,(06) SANTÉ,2025M7,2025-07-01,100.8,I4166,https://bds.hcp.ma/api/v1/indicators/I4166,2026-06-22 12:26:21.708000+00:00
Casablanca,(06) SANTÉ,2025M8,2025-08-01,100.8,I4166,https://bds.hcp.ma/api/v1/indicators/I4166,2026-06-22 12:26:21.708000+00:00
Casablanca,(06) SANTÉ,2025M9,2025-09-01,100.8,I4166,https://bds.hcp.ma/api/v1/indicators/I4166,2026-06-22 12:26:21.708000+00:00
Casablanca,(06) SANTÉ,2025M10,2025-10-01,100.8,I4166,https://bds.hcp.ma/api/v1/indicators/I4166,2026-06-22 12:26:21.708000+00:00
Casablanca,(06) SANTÉ,2025M11,2025-11-01,100.8,I4166,https://bds.hcp.ma/api/v1/indicators/I4166,2026-06-22 12:26:21.708000+00:00
Casablanca,(06) SANTÉ,2025M12,2025-12-01,100.8,I4166,https://bds.hcp.ma/api/v1/indicators/I4166,2026-06-22 12:26:21.708000+00:00
Casablanca,(06) SANTÉ,2026M1,2026-01-01,100.8,I4166,https://bds.hcp.ma/api/v1/indicators/I4166,2026-06-22 12:26:21.708000+00:00
Casablanca,(06) SANTÉ,2026M2,2026-02-01,100.8,I4166,https://bds.hcp.ma/api/v1/indicators/I4166,2026-06-22 12:26:21.708000+00:00
Casablanca,(06) SANTÉ,2026M3,2026-03-01,100.8,I4166,https://bds.hcp.ma/api/v1/indicators/I4166,2026-06-22 12:26:21.708000+00:00
Casablanca,(07) TRANSPORTS,2017M1,2017-01-01,100.2,I4166,https://bds.hcp.ma/api/v1/indicators/I4166,2026-06-22 12:26:21.708000+00:00
Casablanca,(07) TRANSPORTS,2017M2,2017-02-01,100.3,I4166,https://bds.hcp.ma/api/v1/indicators/I4166,2026-06-22 12:26:21.708000+00:00
Casablanca,(07) TRANSPORTS,2017M3,2017-03-01,100.6,I4166,https://bds.hcp.ma/api/v1/indicators/I4166,2026-06-22 12:26:21.708000+00:00
Casablanca,(07) TRANSPORTS,2017M4,2017-04-01,100,I4166,https://bds.hcp.ma/api/v1/indicators/I4166,2026-06-22 12:26:21.708000+00:00
Casablanca,(07) TRANSPORTS,2017M5,2017-05-01,99.7,I4166,https://bds.hcp.ma/api/v1/indicators/I4166,2026-06-22 12:26:21.708000+00:00
Casablanca,(07) TRANSPORTS,2017M6,2017-06-01,99.2,I4166,https://bds.hcp.ma/api/v1/indicators/I4166,2026-06-22 12:26:21.708000+00:00
Casablanca,(07) TRANSPORTS,2017M7,2017-07-01,98.3,I4166,https://bds.hcp.ma/api/v1/indicators/I4166,2026-06-22 12:26:21.708000+00:00
Casablanca,(07) TRANSPORTS,2017M8,2017-08-01,99,I4166,https://bds.hcp.ma/api/v1/indicators/I4166,2026-06-22 12:26:21.708000+00:00
Casablanca,(07) TRANSPORTS,2017M9,2017-09-01,99.7,I4166,https://bds.hcp.ma/api/v1/indicators/I4166,2026-06-22 12:26:21.708000+00:00
Casablanca,(07) TRANSPORTS,2017M10,2017-10-01,100.5,I4166,https://bds.hcp.ma/api/v1/indicators/I4166,2026-06-22 12:26:21.708000+00:00
Casablanca,(07) TRANSPORTS,2017M11,2017-11-01,101.3,I4166,https://bds.hcp.ma/api/v1/indicators/I4166,2026-06-22 12:26:21.708000+00:00
Casablanca,(07) TRANSPORTS,2017M12,2017-12-01,101.2,I4166,https://bds.hcp.ma/api/v1/indicators/I4166,2026-06-22 12:26:21.708000+00:00
Casablanca,(07) TRANSPORTS,2018M1,2018-01-01,101.6,I4166,https://bds.hcp.ma/api/v1/indicators/I4166,2026-06-22 12:26:21.708000+00:00
Casablanca,(07) TRANSPORTS,2018M2,2018-02-01,101.6,I4166,https://bds.hcp.ma/api/v1/indicators/I4166,2026-06-22 12:26:21.708000+00:00
Casablanca,(07) TRANSPORTS,2018M3,2018-03-01,100.8,I4166,https://bds.hcp.ma/api/v1/indicators/I4166,2026-06-22 12:26:21.708000+00:00
Casablanca,(07) TRANSPORTS,2018M4,2018-04-01,101.6,I4166,https://bds.hcp.ma/api/v1/indicators/I4166,2026-06-22 12:26:21.708000+00:00
Casablanca,(07) TRANSPORTS,2018M5,2018-05-01,102.1,I4166,https://bds.hcp.ma/api/v1/indicators/I4166,2026-06-22 12:26:21.708000+00:00
Casablanca,(07) TRANSPORTS,2018M6,2018-06-01,103.1,I4166,https://bds.hcp.ma/api/v1/indicators/I4166,2026-06-22 12:26:21.708000+00:00
Casablanca,(07) TRANSPORTS,2018M7,2018-07-01,103,I4166,https://bds.hcp.ma/api/v1/indicators/I4166,2026-06-22 12:26:21.708000+00:00
Casablanca,(07) TRANSPORTS,2018M8,2018-08-01,103.3,I4166,https://bds.hcp.ma/api/v1/indicators/I4166,2026-06-22 12:26:21.708000+00:00
Casablanca,(07) TRANSPORTS,2018M9,2018-09-01,104.2,I4166,https://bds.hcp.ma/api/v1/indicators/I4166,2026-06-22 12:26:21.708000+00:00
Casablanca,(07) TRANSPORTS,2018M10,2018-10-01,104.4,I4166,https://bds.hcp.ma/api/v1/indicators/I4166,2026-06-22 12:26:21.708000+00:00
Casablanca,(07) TRANSPORTS,2018M11,2018-11-01,103.8,I4166,https://bds.hcp.ma/api/v1/indicators/I4166,2026-06-22 12:26:21.708000+00:00
Casablanca,(07) TRANSPORTS,2018M12,2018-12-01,100.6,I4166,https://bds.hcp.ma/api/v1/indicators/I4166,2026-06-22 12:26:21.708000+00:00
Casablanca,(07) TRANSPORTS,2019M1,2019-01-01,98.9,I4166,https://bds.hcp.ma/api/v1/indicators/I4166,2026-06-22 12:26:21.708000+00:00
Casablanca,(07) TRANSPORTS,2019M2,2019-02-01,99.6,I4166,https://bds.hcp.ma/api/v1/indicators/I4166,2026-06-22 12:26:21.708000+00:00
Casablanca,(07) TRANSPORTS,2019M3,2019-03-01,101.3,I4166,https://bds.hcp.ma/api/v1/indicators/I4166,2026-06-22 12:26:21.708000+00:00
Casablanca,(07) TRANSPORTS,2019M4,2019-04-01,102.4,I4166,https://bds.hcp.ma/api/v1/indicators/I4166,2026-06-22 12:26:21.708000+00:00
Casablanca,(07) TRANSPORTS,2019M5,2019-05-01,103.9,I4166,https://bds.hcp.ma/api/v1/indicators/I4166,2026-06-22 12:26:21.708000+00:00
Casablanca,(07) TRANSPORTS,2019M6,2019-06-01,103.5,I4166,https://bds.hcp.ma/api/v1/indicators/I4166,2026-06-22 12:26:21.708000+00:00
Casablanca,(07) TRANSPORTS,2019M7,2019-07-01,103.8,I4166,https://bds.hcp.ma/api/v1/indicators/I4166,2026-06-22 12:26:21.708000+00:00
Casablanca,(07) TRANSPORTS,2019M8,2019-08-01,103.7,I4166,https://bds.hcp.ma/api/v1/indicators/I4166,2026-06-22 12:26:21.708000+00:00
Casablanca,(07) TRANSPORTS,2019M9,2019-09-01,103.1,I4166,https://bds.hcp.ma/api/v1/indicators/I4166,2026-06-22 12:26:21.708000+00:00
Casablanca,(07) TRANSPORTS,2019M10,2019-10-01,103.6,I4166,https://bds.hcp.ma/api/v1/indicators/I4166,2026-06-22 12:26:21.708000+00:00
Casablanca,(07) TRANSPORTS,2019M11,2019-11-01,103.4,I4166,https://bds.hcp.ma/api/v1/indicators/I4166,2026-06-22 12:26:21.708000+00:00
Casablanca,(07) TRANSPORTS,2019M12,2019-12-01,102.9,I4166,https://bds.hcp.ma/api/v1/indicators/I4166,2026-06-22 12:26:21.708000+00:00
Casablanca,(07) TRANSPORTS,2020M1,2020-01-01,103.5,I4166,https://bds.hcp.ma/api/v1/indicators/I4166,2026-06-22 12:26:21.708000+00:00
Casablanca,(07) TRANSPORTS,2020M2,2020-02-01,101.9,I4166,https://bds.hcp.ma/api/v1/indicators/I4166,2026-06-22 12:26:21.708000+00:00
Casablanca,(07) TRANSPORTS,2020M3,2020-03-01,99.8,I4166,https://bds.hcp.ma/api/v1/indicators/I4166,2026-06-22 12:26:21.708000+00:00
Casablanca,(07) TRANSPORTS,2020M4,2020-04-01,94.7,I4166,https://bds.hcp.ma/api/v1/indicators/I4166,2026-06-22 12:26:21.708000+00:00
Casablanca,(07) TRANSPORTS,2020M5,2020-05-01,94.6,I4166,https://bds.hcp.ma/api/v1/indicators/I4166,2026-06-22 12:26:21.708000+00:00
Casablanca,(07) TRANSPORTS,2020M6,2020-06-01,97.7,I4166,https://bds.hcp.ma/api/v1/indicators/I4166,2026-06-22 12:26:21.708000+00:00
Casablanca,(07) TRANSPORTS,2020M7,2020-07-01,102,I4166,https://bds.hcp.ma/api/v1/indicators/I4166,2026-06-22 12:26:21.708000+00:00
Casablanca,(07) TRANSPORTS,2020M8,2020-08-01,102.7,I4166,https://bds.hcp.ma/api/v1/indicators/I4166,2026-06-22 12:26:21.708000+00:00
Casablanca,(07) TRANSPORTS,2020M9,2020-09-01,103.1,I4166,https://bds.hcp.ma/api/v1/indicators/I4166,2026-06-22 12:26:21.708000+00:00
Casablanca,(07) TRANSPORTS,2020M10,2020-10-01,102.7,I4166,https://bds.hcp.ma/api/v1/indicators/I4166,2026-06-22 12:26:21.708000+00:00
Casablanca,(07) TRANSPORTS,2020M11,2020-11-01,102.6,I4166,https://bds.hcp.ma/api/v1/indicators/I4166,2026-06-22 12:26:21.708000+00:00
Casablanca,(07) TRANSPORTS,2020M12,2020-12-01,103.5,I4166,https://bds.hcp.ma/api/v1/indicators/I4166,2026-06-22 12:26:21.708000+00:00
Casablanca,(07) TRANSPORTS,2021M1,2021-01-01,104.2,I4166,https://bds.hcp.ma/api/v1/indicators/I4166,2026-06-22 12:26:21.708000+00:00
Casablanca,(07) TRANSPORTS,2021M2,2021-02-01,105.4,I4166,https://bds.hcp.ma/api/v1/indicators/I4166,2026-06-22 12:26:21.708000+00:00
Casablanca,(07) TRANSPORTS,2021M3,2021-03-01,106.1,I4166,https://bds.hcp.ma/api/v1/indicators/I4166,2026-06-22 12:26:21.708000+00:00
Casablanca,(07) TRANSPORTS,2021M4,2021-04-01,105.3,I4166,https://bds.hcp.ma/api/v1/indicators/I4166,2026-06-22 12:26:21.708000+00:00
Casablanca,(07) TRANSPORTS,2021M5,2021-05-01,104.7,I4166,https://bds.hcp.ma/api/v1/indicators/I4166,2026-06-22 12:26:21.708000+00:00
Casablanca,(07) TRANSPORTS,2021M6,2021-06-01,105.7,I4166,https://bds.hcp.ma/api/v1/indicators/I4166,2026-06-22 12:26:21.708000+00:00
Casablanca,(07) TRANSPORTS,2021M7,2021-07-01,107.3,I4166,https://bds.hcp.ma/api/v1/indicators/I4166,2026-06-22 12:26:21.708000+00:00
Casablanca,(07) TRANSPORTS,2021M8,2021-08-01,108.4,I4166,https://bds.hcp.ma/api/v1/indicators/I4166,2026-06-22 12:26:21.708000+00:00
Casablanca,(07) TRANSPORTS,2021M9,2021-09-01,108.5,I4166,https://bds.hcp.ma/api/v1/indicators/I4166,2026-06-22 12:26:21.708000+00:00
Casablanca,(07) TRANSPORTS,2021M10,2021-10-01,109.5,I4166,https://bds.hcp.ma/api/v1/indicators/I4166,2026-06-22 12:26:21.708000+00:00
Casablanca,(07) TRANSPORTS,2021M11,2021-11-01,110.8,I4166,https://bds.hcp.ma/api/v1/indicators/I4166,2026-06-22 12:26:21.708000+00:00
Casablanca,(07) TRANSPORTS,2021M12,2021-12-01,110.8,I4166,https://bds.hcp.ma/api/v1/indicators/I4166,2026-06-22 12:26:21.708000+00:00
Casablanca,(07) TRANSPORTS,2022M1,2022-01-01,111.2,I4166,https://bds.hcp.ma/api/v1/indicators/I4166,2026-06-22 12:26:21.708000+00:00
Casablanca,(07) TRANSPORTS,2022M2,2022-02-01,110.7,I4166,https://bds.hcp.ma/api/v1/indicators/I4166,2026-06-22 12:26:21.708000+00:00
Casablanca,(07) TRANSPORTS,2022M3,2022-03-01,112.9,I4166,https://bds.hcp.ma/api/v1/indicators/I4166,2026-06-22 12:26:21.708000+00:00
Casablanca,(07) TRANSPORTS,2022M4,2022-04-01,119.1,I4166,https://bds.hcp.ma/api/v1/indicators/I4166,2026-06-22 12:26:21.708000+00:00
Casablanca,(07) TRANSPORTS,2022M5,2022-05-01,120.4,I4166,https://bds.hcp.ma/api/v1/indicators/I4166,2026-06-22 12:26:21.708000+00:00
Casablanca,(07) TRANSPORTS,2022M6,2022-06-01,125.2,I4166,https://bds.hcp.ma/api/v1/indicators/I4166,2026-06-22 12:26:21.708000+00:00
Casablanca,(07) TRANSPORTS,2022M7,2022-07-01,127.7,I4166,https://bds.hcp.ma/api/v1/indicators/I4166,2026-06-22 12:26:21.708000+00:00
Casablanca,(07) TRANSPORTS,2022M8,2022-08-01,123.6,I4166,https://bds.hcp.ma/api/v1/indicators/I4166,2026-06-22 12:26:21.708000+00:00
Casablanca,(07) TRANSPORTS,2022M9,2022-09-01,125.2,I4166,https://bds.hcp.ma/api/v1/indicators/I4166,2026-06-22 12:26:21.708000+00:00
Casablanca,(07) TRANSPORTS,2022M10,2022-10-01,124.8,I4166,https://bds.hcp.ma/api/v1/indicators/I4166,2026-06-22 12:26:21.708000+00:00
Casablanca,(07) TRANSPORTS,2022M11,2022-11-01,128.6,I4166,https://bds.hcp.ma/api/v1/indicators/I4166,2026-06-22 12:26:21.708000+00:00
Casablanca,(07) TRANSPORTS,2022M12,2022-12-01,125,I4166,https://bds.hcp.ma/api/v1/indicators/I4166,2026-06-22 12:26:21.708000+00:00
Casablanca,(07) TRANSPORTS,2023M1,2023-01-01,122.6,I4166,https://bds.hcp.ma/api/v1/indicators/I4166,2026-06-22 12:26:21.708000+00:00
Casablanca,(07) TRANSPORTS,2023M2,2023-02-01,121.7,I4166,https://bds.hcp.ma/api/v1/indicators/I4166,2026-06-22 12:26:21.708000+00:00
Casablanca,(07) TRANSPORTS,2023M3,2023-03-01,120,I4166,https://bds.hcp.ma/api/v1/indicators/I4166,2026-06-22 12:26:21.708000+00:00
Casablanca,(07) TRANSPORTS,2023M4,2023-04-01,118.7,I4166,https://bds.hcp.ma/api/v1/indicators/I4166,2026-06-22 12:26:21.708000+00:00
Casablanca,(07) TRANSPORTS,2023M5,2023-05-01,118,I4166,https://bds.hcp.ma/api/v1/indicators/I4166,2026-06-22 12:26:21.708000+00:00
Casablanca,(07) TRANSPORTS,2023M6,2023-06-01,117.9,I4166,https://bds.hcp.ma/api/v1/indicators/I4166,2026-06-22 12:26:21.708000+00:00
Casablanca,(07) TRANSPORTS,2023M7,2023-07-01,118,I4166,https://bds.hcp.ma/api/v1/indicators/I4166,2026-06-22 12:26:21.708000+00:00
Casablanca,(07) TRANSPORTS,2023M8,2023-08-01,120.7,I4166,https://bds.hcp.ma/api/v1/indicators/I4166,2026-06-22 12:26:21.708000+00:00
Casablanca,(07) TRANSPORTS,2023M9,2023-09-01,123.3,I4166,https://bds.hcp.ma/api/v1/indicators/I4166,2026-06-22 12:26:21.708000+00:00
Casablanca,(07) TRANSPORTS,2023M10,2023-10-01,123.7,I4166,https://bds.hcp.ma/api/v1/indicators/I4166,2026-06-22 12:26:21.708000+00:00
Casablanca,(07) TRANSPORTS,2023M11,2023-11-01,123.5,I4166,https://bds.hcp.ma/api/v1/indicators/I4166,2026-06-22 12:26:21.708000+00:00
Casablanca,(07) TRANSPORTS,2023M12,2023-12-01,122.4,I4166,https://bds.hcp.ma/api/v1/indicators/I4166,2026-06-22 12:26:21.708000+00:00
Casablanca,(07) TRANSPORTS,2024M1,2024-01-01,121.5,I4166,https://bds.hcp.ma/api/v1/indicators/I4166,2026-06-22 12:26:21.708000+00:00
Casablanca,(07) TRANSPORTS,2024M2,2024-02-01,121.7,I4166,https://bds.hcp.ma/api/v1/indicators/I4166,2026-06-22 12:26:21.708000+00:00
Casablanca,(07) TRANSPORTS,2024M3,2024-03-01,121.6,I4166,https://bds.hcp.ma/api/v1/indicators/I4166,2026-06-22 12:26:21.708000+00:00
Casablanca,(07) TRANSPORTS,2024M4,2024-04-01,122.4,I4166,https://bds.hcp.ma/api/v1/indicators/I4166,2026-06-22 12:26:21.708000+00:00
Casablanca,(07) TRANSPORTS,2024M5,2024-05-01,121.9,I4166,https://bds.hcp.ma/api/v1/indicators/I4166,2026-06-22 12:26:21.708000+00:00
Casablanca,(07) TRANSPORTS,2024M6,2024-06-01,120.8,I4166,https://bds.hcp.ma/api/v1/indicators/I4166,2026-06-22 12:26:21.708000+00:00
Casablanca,(07) TRANSPORTS,2024M7,2024-07-01,121.3,I4166,https://bds.hcp.ma/api/v1/indicators/I4166,2026-06-22 12:26:21.708000+00:00
Casablanca,(07) TRANSPORTS,2024M8,2024-08-01,121.2,I4166,https://bds.hcp.ma/api/v1/indicators/I4166,2026-06-22 12:26:21.708000+00:00
Casablanca,(07) TRANSPORTS,2024M9,2024-09-01,120,I4166,https://bds.hcp.ma/api/v1/indicators/I4166,2026-06-22 12:26:21.708000+00:00
Casablanca,(07) TRANSPORTS,2024M10,2024-10-01,119.1,I4166,https://bds.hcp.ma/api/v1/indicators/I4166,2026-06-22 12:26:21.708000+00:00
Casablanca,(07) TRANSPORTS,2024M11,2024-11-01,118.4,I4166,https://bds.hcp.ma/api/v1/indicators/I4166,2026-06-22 12:26:21.708000+00:00
Casablanca,(07) TRANSPORTS,2024M12,2024-12-01,118.1,I4166,https://bds.hcp.ma/api/v1/indicators/I4166,2026-06-22 12:26:21.708000+00:00
Casablanca,(07) TRANSPORTS,2025M1,2025-01-01,117.9,I4166,https://bds.hcp.ma/api/v1/indicators/I4166,2026-06-22 12:26:21.708000+00:00
Casablanca,(07) TRANSPORTS,2025M2,2025-02-01,119.1,I4166,https://bds.hcp.ma/api/v1/indicators/I4166,2026-06-22 12:26:21.708000+00:00
Casablanca,(07) TRANSPORTS,2025M3,2025-03-01,118.4,I4166,https://bds.hcp.ma/api/v1/indicators/I4166,2026-06-22 12:26:21.708000+00:00
Casablanca,(07) TRANSPORTS,2025M4,2025-04-01,117.1,I4166,https://bds.hcp.ma/api/v1/indicators/I4166,2026-06-22 12:26:21.708000+00:00
Casablanca,(07) TRANSPORTS,2025M5,2025-05-01,115.8,I4166,https://bds.hcp.ma/api/v1/indicators/I4166,2026-06-22 12:26:21.708000+00:00
Casablanca,(07) TRANSPORTS,2025M6,2025-06-01,116.0,I4166,https://bds.hcp.ma/api/v1/indicators/I4166,2026-06-22 12:26:21.708000+00:00
Casablanca,(07) TRANSPORTS,2025M7,2025-07-01,117.3,I4166,https://bds.hcp.ma/api/v1/indicators/I4166,2026-06-22 12:26:21.708000+00:00
Casablanca,(07) TRANSPORTS,2025M8,2025-08-01,118.4,I4166,https://bds.hcp.ma/api/v1/indicators/I4166,2026-06-22 12:26:21.708000+00:00
Casablanca,(07) TRANSPORTS,2025M9,2025-09-01,116.5,I4166,https://bds.hcp.ma/api/v1/indicators/I4166,2026-06-22 12:26:21.708000+00:00
Casablanca,(07) TRANSPORTS,2025M10,2025-10-01,116.5,I4166,https://bds.hcp.ma/api/v1/indicators/I4166,2026-06-22 12:26:21.708000+00:00
Casablanca,(07) TRANSPORTS,2025M11,2025-11-01,116.6,I4166,https://bds.hcp.ma/api/v1/indicators/I4166,2026-06-22 12:26:21.708000+00:00
Casablanca,(07) TRANSPORTS,2025M12,2025-12-01,116.4,I4166,https://bds.hcp.ma/api/v1/indicators/I4166,2026-06-22 12:26:21.708000+00:00
Casablanca,(07) TRANSPORTS,2026M1,2026-01-01,114.0,I4166,https://bds.hcp.ma/api/v1/indicators/I4166,2026-06-22 12:26:21.708000+00:00
Casablanca,(07) TRANSPORTS,2026M2,2026-02-01,115.5,I4166,https://bds.hcp.ma/api/v1/indicators/I4166,2026-06-22 12:26:21.708000+00:00
Casablanca,(07) TRANSPORTS,2026M3,2026-03-01,119.5,I4166,https://bds.hcp.ma/api/v1/indicators/I4166,2026-06-22 12:26:21.708000+00:00
Casablanca,(08) COMMUNICATIONS,2017M1,2017-01-01,100.1,I4166,https://bds.hcp.ma/api/v1/indicators/I4166,2026-06-22 12:26:21.708000+00:00
Casablanca,(08) COMMUNICATIONS,2017M2,2017-02-01,100.1,I4166,https://bds.hcp.ma/api/v1/indicators/I4166,2026-06-22 12:26:21.708000+00:00
Casablanca,(08) COMMUNICATIONS,2017M3,2017-03-01,100.1,I4166,https://bds.hcp.ma/api/v1/indicators/I4166,2026-06-22 12:26:21.708000+00:00
Casablanca,(08) COMMUNICATIONS,2017M4,2017-04-01,100.1,I4166,https://bds.hcp.ma/api/v1/indicators/I4166,2026-06-22 12:26:21.708000+00:00
Casablanca,(08) COMMUNICATIONS,2017M5,2017-05-01,100.1,I4166,https://bds.hcp.ma/api/v1/indicators/I4166,2026-06-22 12:26:21.708000+00:00
Casablanca,(08) COMMUNICATIONS,2017M6,2017-06-01,100.1,I4166,https://bds.hcp.ma/api/v1/indicators/I4166,2026-06-22 12:26:21.708000+00:00
Casablanca,(08) COMMUNICATIONS,2017M7,2017-07-01,100.1,I4166,https://bds.hcp.ma/api/v1/indicators/I4166,2026-06-22 12:26:21.708000+00:00
Casablanca,(08) COMMUNICATIONS,2017M8,2017-08-01,100,I4166,https://bds.hcp.ma/api/v1/indicators/I4166,2026-06-22 12:26:21.708000+00:00
Casablanca,(08) COMMUNICATIONS,2017M9,2017-09-01,99.8,I4166,https://bds.hcp.ma/api/v1/indicators/I4166,2026-06-22 12:26:21.708000+00:00
Casablanca,(08) COMMUNICATIONS,2017M10,2017-10-01,99.8,I4166,https://bds.hcp.ma/api/v1/indicators/I4166,2026-06-22 12:26:21.708000+00:00
Casablanca,(08) COMMUNICATIONS,2017M11,2017-11-01,99.8,I4166,https://bds.hcp.ma/api/v1/indicators/I4166,2026-06-22 12:26:21.708000+00:00
Casablanca,(08) COMMUNICATIONS,2017M12,2017-12-01,99.8,I4166,https://bds.hcp.ma/api/v1/indicators/I4166,2026-06-22 12:26:21.708000+00:00
Casablanca,(08) COMMUNICATIONS,2018M1,2018-01-01,99.8,I4166,https://bds.hcp.ma/api/v1/indicators/I4166,2026-06-22 12:26:21.708000+00:00
Casablanca,(08) COMMUNICATIONS,2018M2,2018-02-01,99.8,I4166,https://bds.hcp.ma/api/v1/indicators/I4166,2026-06-22 12:26:21.708000+00:00
Casablanca,(08) COMMUNICATIONS,2018M3,2018-03-01,99.9,I4166,https://bds.hcp.ma/api/v1/indicators/I4166,2026-06-22 12:26:21.708000+00:00
Casablanca,(08) COMMUNICATIONS,2018M4,2018-04-01,99.9,I4166,https://bds.hcp.ma/api/v1/indicators/I4166,2026-06-22 12:26:21.708000+00:00
Casablanca,(08) COMMUNICATIONS,2018M5,2018-05-01,99.9,I4166,https://bds.hcp.ma/api/v1/indicators/I4166,2026-06-22 12:26:21.708000+00:00
Casablanca,(08) COMMUNICATIONS,2018M6,2018-06-01,99.9,I4166,https://bds.hcp.ma/api/v1/indicators/I4166,2026-06-22 12:26:21.708000+00:00
Casablanca,(08) COMMUNICATIONS,2018M7,2018-07-01,99.9,I4166,https://bds.hcp.ma/api/v1/indicators/I4166,2026-06-22 12:26:21.708000+00:00
Casablanca,(08) COMMUNICATIONS,2018M8,2018-08-01,99.7,I4166,https://bds.hcp.ma/api/v1/indicators/I4166,2026-06-22 12:26:21.708000+00:00
Casablanca,(08) COMMUNICATIONS,2018M9,2018-09-01,99.7,I4166,https://bds.hcp.ma/api/v1/indicators/I4166,2026-06-22 12:26:21.708000+00:00
Casablanca,(08) COMMUNICATIONS,2018M10,2018-10-01,104.9,I4166,https://bds.hcp.ma/api/v1/indicators/I4166,2026-06-22 12:26:21.708000+00:00
Casablanca,(08) COMMUNICATIONS,2018M11,2018-11-01,104.9,I4166,https://bds.hcp.ma/api/v1/indicators/I4166,2026-06-22 12:26:21.708000+00:00
Casablanca,(08) COMMUNICATIONS,2018M12,2018-12-01,104.9,I4166,https://bds.hcp.ma/api/v1/indicators/I4166,2026-06-22 12:26:21.708000+00:00
Casablanca,(08) COMMUNICATIONS,2019M1,2019-01-01,104.8,I4166,https://bds.hcp.ma/api/v1/indicators/I4166,2026-06-22 12:26:21.708000+00:00
Casablanca,(08) COMMUNICATIONS,2019M2,2019-02-01,104.6,I4166,https://bds.hcp.ma/api/v1/indicators/I4166,2026-06-22 12:26:21.708000+00:00
Casablanca,(08) COMMUNICATIONS,2019M3,2019-03-01,104.6,I4166,https://bds.hcp.ma/api/v1/indicators/I4166,2026-06-22 12:26:21.708000+00:00
Casablanca,(08) COMMUNICATIONS,2019M4,2019-04-01,104.6,I4166,https://bds.hcp.ma/api/v1/indicators/I4166,2026-06-22 12:26:21.708000+00:00
Casablanca,(08) COMMUNICATIONS,2019M5,2019-05-01,104.6,I4166,https://bds.hcp.ma/api/v1/indicators/I4166,2026-06-22 12:26:21.708000+00:00
Casablanca,(08) COMMUNICATIONS,2019M6,2019-06-01,104.6,I4166,https://bds.hcp.ma/api/v1/indicators/I4166,2026-06-22 12:26:21.708000+00:00
Casablanca,(08) COMMUNICATIONS,2019M7,2019-07-01,104.6,I4166,https://bds.hcp.ma/api/v1/indicators/I4166,2026-06-22 12:26:21.708000+00:00
Casablanca,(08) COMMUNICATIONS,2019M8,2019-08-01,104.6,I4166,https://bds.hcp.ma/api/v1/indicators/I4166,2026-06-22 12:26:21.708000+00:00
Casablanca,(08) COMMUNICATIONS,2019M9,2019-09-01,104.5,I4166,https://bds.hcp.ma/api/v1/indicators/I4166,2026-06-22 12:26:21.708000+00:00
Casablanca,(08) COMMUNICATIONS,2019M10,2019-10-01,104.1,I4166,https://bds.hcp.ma/api/v1/indicators/I4166,2026-06-22 12:26:21.708000+00:00
Casablanca,(08) COMMUNICATIONS,2019M11,2019-11-01,103.7,I4166,https://bds.hcp.ma/api/v1/indicators/I4166,2026-06-22 12:26:21.708000+00:00
Casablanca,(08) COMMUNICATIONS,2019M12,2019-12-01,103.7,I4166,https://bds.hcp.ma/api/v1/indicators/I4166,2026-06-22 12:26:21.708000+00:00
Casablanca,(08) COMMUNICATIONS,2020M1,2020-01-01,103.6,I4166,https://bds.hcp.ma/api/v1/indicators/I4166,2026-06-22 12:26:21.708000+00:00
Casablanca,(08) COMMUNICATIONS,2020M2,2020-02-01,103.5,I4166,https://bds.hcp.ma/api/v1/indicators/I4166,2026-06-22 12:26:21.708000+00:00
Casablanca,(08) COMMUNICATIONS,2020M3,2020-03-01,103.6,I4166,https://bds.hcp.ma/api/v1/indicators/I4166,2026-06-22 12:26:21.708000+00:00
Casablanca,(08) COMMUNICATIONS,2020M4,2020-04-01,103.6,I4166,https://bds.hcp.ma/api/v1/indicators/I4166,2026-06-22 12:26:21.708000+00:00
Casablanca,(08) COMMUNICATIONS,2020M5,2020-05-01,103.6,I4166,https://bds.hcp.ma/api/v1/indicators/I4166,2026-06-22 12:26:21.708000+00:00
Casablanca,(08) COMMUNICATIONS,2020M6,2020-06-01,103.6,I4166,https://bds.hcp.ma/api/v1/indicators/I4166,2026-06-22 12:26:21.708000+00:00
Casablanca,(08) COMMUNICATIONS,2020M7,2020-07-01,103.6,I4166,https://bds.hcp.ma/api/v1/indicators/I4166,2026-06-22 12:26:21.708000+00:00
Casablanca,(08) COMMUNICATIONS,2020M8,2020-08-01,103.6,I4166,https://bds.hcp.ma/api/v1/indicators/I4166,2026-06-22 12:26:21.708000+00:00
Casablanca,(08) COMMUNICATIONS,2020M9,2020-09-01,103.5,I4166,https://bds.hcp.ma/api/v1/indicators/I4166,2026-06-22 12:26:21.708000+00:00
Casablanca,(08) COMMUNICATIONS,2020M10,2020-10-01,103.5,I4166,https://bds.hcp.ma/api/v1/indicators/I4166,2026-06-22 12:26:21.708000+00:00
Casablanca,(08) COMMUNICATIONS,2020M11,2020-11-01,103.5,I4166,https://bds.hcp.ma/api/v1/indicators/I4166,2026-06-22 12:26:21.708000+00:00
Casablanca,(08) COMMUNICATIONS,2020M12,2020-12-01,103.5,I4166,https://bds.hcp.ma/api/v1/indicators/I4166,2026-06-22 12:26:21.708000+00:00
Casablanca,(08) COMMUNICATIONS,2021M1,2021-01-01,103.5,I4166,https://bds.hcp.ma/api/v1/indicators/I4166,2026-06-22 12:26:21.708000+00:00
Casablanca,(08) COMMUNICATIONS,2021M2,2021-02-01,103.5,I4166,https://bds.hcp.ma/api/v1/indicators/I4166,2026-06-22 12:26:21.708000+00:00
Casablanca,(08) COMMUNICATIONS,2021M3,2021-03-01,103.5,I4166,https://bds.hcp.ma/api/v1/indicators/I4166,2026-06-22 12:26:21.708000+00:00
Casablanca,(08) COMMUNICATIONS,2021M4,2021-04-01,103.5,I4166,https://bds.hcp.ma/api/v1/indicators/I4166,2026-06-22 12:26:21.708000+00:00
Casablanca,(08) COMMUNICATIONS,2021M5,2021-05-01,103.4,I4166,https://bds.hcp.ma/api/v1/indicators/I4166,2026-06-22 12:26:21.708000+00:00
Casablanca,(08) COMMUNICATIONS,2021M6,2021-06-01,103.3,I4166,https://bds.hcp.ma/api/v1/indicators/I4166,2026-06-22 12:26:21.708000+00:00
Casablanca,(08) COMMUNICATIONS,2021M7,2021-07-01,103.2,I4166,https://bds.hcp.ma/api/v1/indicators/I4166,2026-06-22 12:26:21.708000+00:00
Casablanca,(08) COMMUNICATIONS,2021M8,2021-08-01,103.2,I4166,https://bds.hcp.ma/api/v1/indicators/I4166,2026-06-22 12:26:21.708000+00:00
Casablanca,(08) COMMUNICATIONS,2021M9,2021-09-01,103.2,I4166,https://bds.hcp.ma/api/v1/indicators/I4166,2026-06-22 12:26:21.708000+00:00
Casablanca,(08) COMMUNICATIONS,2021M10,2021-10-01,103.2,I4166,https://bds.hcp.ma/api/v1/indicators/I4166,2026-06-22 12:26:21.708000+00:00
Casablanca,(08) COMMUNICATIONS,2021M11,2021-11-01,103.3,I4166,https://bds.hcp.ma/api/v1/indicators/I4166,2026-06-22 12:26:21.708000+00:00
Casablanca,(08) COMMUNICATIONS,2021M12,2021-12-01,103.4,I4166,https://bds.hcp.ma/api/v1/indicators/I4166,2026-06-22 12:26:21.708000+00:00
Casablanca,(08) COMMUNICATIONS,2022M1,2022-01-01,103.4,I4166,https://bds.hcp.ma/api/v1/indicators/I4166,2026-06-22 12:26:21.708000+00:00
Casablanca,(08) COMMUNICATIONS,2022M2,2022-02-01,103.4,I4166,https://bds.hcp.ma/api/v1/indicators/I4166,2026-06-22 12:26:21.708000+00:00
Casablanca,(08) COMMUNICATIONS,2022M3,2022-03-01,103.4,I4166,https://bds.hcp.ma/api/v1/indicators/I4166,2026-06-22 12:26:21.708000+00:00
Casablanca,(08) COMMUNICATIONS,2022M4,2022-04-01,103.4,I4166,https://bds.hcp.ma/api/v1/indicators/I4166,2026-06-22 12:26:21.708000+00:00
Casablanca,(08) COMMUNICATIONS,2022M5,2022-05-01,103.6,I4166,https://bds.hcp.ma/api/v1/indicators/I4166,2026-06-22 12:26:21.708000+00:00
Casablanca,(08) COMMUNICATIONS,2022M6,2022-06-01,103.6,I4166,https://bds.hcp.ma/api/v1/indicators/I4166,2026-06-22 12:26:21.708000+00:00
Casablanca,(08) COMMUNICATIONS,2022M7,2022-07-01,103.9,I4166,https://bds.hcp.ma/api/v1/indicators/I4166,2026-06-22 12:26:21.708000+00:00
Casablanca,(08) COMMUNICATIONS,2022M8,2022-08-01,104.2,I4166,https://bds.hcp.ma/api/v1/indicators/I4166,2026-06-22 12:26:21.708000+00:00
Casablanca,(08) COMMUNICATIONS,2022M9,2022-09-01,104.3,I4166,https://bds.hcp.ma/api/v1/indicators/I4166,2026-06-22 12:26:21.708000+00:00
Casablanca,(08) COMMUNICATIONS,2022M10,2022-10-01,104.4,I4166,https://bds.hcp.ma/api/v1/indicators/I4166,2026-06-22 12:26:21.708000+00:00
Casablanca,(08) COMMUNICATIONS,2022M11,2022-11-01,104.6,I4166,https://bds.hcp.ma/api/v1/indicators/I4166,2026-06-22 12:26:21.708000+00:00
Casablanca,(08) COMMUNICATIONS,2022M12,2022-12-01,104.6,I4166,https://bds.hcp.ma/api/v1/indicators/I4166,2026-06-22 12:26:21.708000+00:00
Casablanca,(08) COMMUNICATIONS,2023M1,2023-01-01,104.6,I4166,https://bds.hcp.ma/api/v1/indicators/I4166,2026-06-22 12:26:21.708000+00:00
Casablanca,(08) COMMUNICATIONS,2023M2,2023-02-01,104.7,I4166,https://bds.hcp.ma/api/v1/indicators/I4166,2026-06-22 12:26:21.708000+00:00
Casablanca,(08) COMMUNICATIONS,2023M3,2023-03-01,104.7,I4166,https://bds.hcp.ma/api/v1/indicators/I4166,2026-06-22 12:26:21.708000+00:00
Casablanca,(08) COMMUNICATIONS,2023M4,2023-04-01,104.6,I4166,https://bds.hcp.ma/api/v1/indicators/I4166,2026-06-22 12:26:21.708000+00:00
Casablanca,(08) COMMUNICATIONS,2023M5,2023-05-01,104.6,I4166,https://bds.hcp.ma/api/v1/indicators/I4166,2026-06-22 12:26:21.708000+00:00
Casablanca,(08) COMMUNICATIONS,2023M6,2023-06-01,104.5,I4166,https://bds.hcp.ma/api/v1/indicators/I4166,2026-06-22 12:26:21.708000+00:00
Casablanca,(08) COMMUNICATIONS,2023M7,2023-07-01,104.5,I4166,https://bds.hcp.ma/api/v1/indicators/I4166,2026-06-22 12:26:21.708000+00:00
Casablanca,(08) COMMUNICATIONS,2023M8,2023-08-01,104.5,I4166,https://bds.hcp.ma/api/v1/indicators/I4166,2026-06-22 12:26:21.708000+00:00
Casablanca,(08) COMMUNICATIONS,2023M9,2023-09-01,104.5,I4166,https://bds.hcp.ma/api/v1/indicators/I4166,2026-06-22 12:26:21.708000+00:00
Casablanca,(08) COMMUNICATIONS,2023M10,2023-10-01,104.4,I4166,https://bds.hcp.ma/api/v1/indicators/I4166,2026-06-22 12:26:21.708000+00:00
Casablanca,(08) COMMUNICATIONS,2023M11,2023-11-01,104.4,I4166,https://bds.hcp.ma/api/v1/indicators/I4166,2026-06-22 12:26:21.708000+00:00
Casablanca,(08) COMMUNICATIONS,2023M12,2023-12-01,104.3,I4166,https://bds.hcp.ma/api/v1/indicators/I4166,2026-06-22 12:26:21.708000+00:00
Casablanca,(08) COMMUNICATIONS,2024M1,2024-01-01,104.3,I4166,https://bds.hcp.ma/api/v1/indicators/I4166,2026-06-22 12:26:21.708000+00:00
Casablanca,(08) COMMUNICATIONS,2024M2,2024-02-01,104.3,I4166,https://bds.hcp.ma/api/v1/indicators/I4166,2026-06-22 12:26:21.708000+00:00
Casablanca,(08) COMMUNICATIONS,2024M3,2024-03-01,104.2,I4166,https://bds.hcp.ma/api/v1/indicators/I4166,2026-06-22 12:26:21.708000+00:00
Casablanca,(08) COMMUNICATIONS,2024M4,2024-04-01,104.1,I4166,https://bds.hcp.ma/api/v1/indicators/I4166,2026-06-22 12:26:21.708000+00:00
Casablanca,(08) COMMUNICATIONS,2024M5,2024-05-01,104,I4166,https://bds.hcp.ma/api/v1/indicators/I4166,2026-06-22 12:26:21.708000+00:00
Casablanca,(08) COMMUNICATIONS,2024M6,2024-06-01,104,I4166,https://bds.hcp.ma/api/v1/indicators/I4166,2026-06-22 12:26:21.708000+00:00
Casablanca,(08) COMMUNICATIONS,2024M7,2024-07-01,104,I4166,https://bds.hcp.ma/api/v1/indicators/I4166,2026-06-22 12:26:21.708000+00:00
Casablanca,(08) COMMUNICATIONS,2024M8,2024-08-01,104,I4166,https://bds.hcp.ma/api/v1/indicators/I4166,2026-06-22 12:26:21.708000+00:00
Casablanca,(08) COMMUNICATIONS,2024M9,2024-09-01,104,I4166,https://bds.hcp.ma/api/v1/indicators/I4166,2026-06-22 12:26:21.708000+00:00
Casablanca,(08) COMMUNICATIONS,2024M10,2024-10-01,104.2,I4166,https://bds.hcp.ma/api/v1/indicators/I4166,2026-06-22 12:26:21.708000+00:00
Casablanca,(08) COMMUNICATIONS,2024M11,2024-11-01,104.3,I4166,https://bds.hcp.ma/api/v1/indicators/I4166,2026-06-22 12:26:21.708000+00:00
Casablanca,(08) COMMUNICATIONS,2024M12,2024-12-01,104.4,I4166,https://bds.hcp.ma/api/v1/indicators/I4166,2026-06-22 12:26:21.708000+00:00
Casablanca,(08) COMMUNICATIONS,2025M1,2025-01-01,104.5,I4166,https://bds.hcp.ma/api/v1/indicators/I4166,2026-06-22 12:26:21.708000+00:00
Casablanca,(08) COMMUNICATIONS,2025M2,2025-02-01,104.6,I4166,https://bds.hcp.ma/api/v1/indicators/I4166,2026-06-22 12:26:21.708000+00:00
Casablanca,(08) COMMUNICATIONS,2025M3,2025-03-01,104.6,I4166,https://bds.hcp.ma/api/v1/indicators/I4166,2026-06-22 12:26:21.708000+00:00
Casablanca,(08) COMMUNICATIONS,2025M4,2025-04-01,104.6,I4166,https://bds.hcp.ma/api/v1/indicators/I4166,2026-06-22 12:26:21.708000+00:00
Casablanca,(08) COMMUNICATIONS,2025M5,2025-05-01,104.6,I4166,https://bds.hcp.ma/api/v1/indicators/I4166,2026-06-22 12:26:21.708000+00:00
Casablanca,(08) COMMUNICATIONS,2025M6,2025-06-01,104.6,I4166,https://bds.hcp.ma/api/v1/indicators/I4166,2026-06-22 12:26:21.708000+00:00
Casablanca,(08) COMMUNICATIONS,2025M7,2025-07-01,104.6,I4166,https://bds.hcp.ma/api/v1/indicators/I4166,2026-06-22 12:26:21.708000+00:00
Casablanca,(08) COMMUNICATIONS,2025M8,2025-08-01,104.5,I4166,https://bds.hcp.ma/api/v1/indicators/I4166,2026-06-22 12:26:21.708000+00:00
Casablanca,(08) COMMUNICATIONS,2025M9,2025-09-01,104.3,I4166,https://bds.hcp.ma/api/v1/indicators/I4166,2026-06-22 12:26:21.708000+00:00
Casablanca,(08) COMMUNICATIONS,2025M10,2025-10-01,104.2,I4166,https://bds.hcp.ma/api/v1/indicators/I4166,2026-06-22 12:26:21.708000+00:00
Casablanca,(08) COMMUNICATIONS,2025M11,2025-11-01,104.1,I4166,https://bds.hcp.ma/api/v1/indicators/I4166,2026-06-22 12:26:21.708000+00:00
Casablanca,(08) COMMUNICATIONS,2025M12,2025-12-01,104.1,I4166,https://bds.hcp.ma/api/v1/indicators/I4166,2026-06-22 12:26:21.708000+00:00
Casablanca,(08) COMMUNICATIONS,2026M1,2026-01-01,104.1,I4166,https://bds.hcp.ma/api/v1/indicators/I4166,2026-06-22 12:26:21.708000+00:00
Casablanca,(08) COMMUNICATIONS,2026M2,2026-02-01,104.1,I4166,https://bds.hcp.ma/api/v1/indicators/I4166,2026-06-22 12:26:21.708000+00:00
Casablanca,(08) COMMUNICATIONS,2026M3,2026-03-01,104.1,I4166,https://bds.hcp.ma/api/v1/indicators/I4166,2026-06-22 12:26:21.708000+00:00
Casablanca,(09) LOISIRS ET CULTURE,2017M1,2017-01-01,99.9,I4166,https://bds.hcp.ma/api/v1/indicators/I4166,2026-06-22 12:26:21.708000+00:00
Casablanca,(09) LOISIRS ET CULTURE,2017M2,2017-02-01,99.9,I4166,https://bds.hcp.ma/api/v1/indicators/I4166,2026-06-22 12:26:21.708000+00:00
Casablanca,(09) LOISIRS ET CULTURE,2017M3,2017-03-01,99.9,I4166,https://bds.hcp.ma/api/v1/indicators/I4166,2026-06-22 12:26:21.708000+00:00
Casablanca,(09) LOISIRS ET CULTURE,2017M4,2017-04-01,100.1,I4166,https://bds.hcp.ma/api/v1/indicators/I4166,2026-06-22 12:26:21.708000+00:00
Casablanca,(09) LOISIRS ET CULTURE,2017M5,2017-05-01,100.2,I4166,https://bds.hcp.ma/api/v1/indicators/I4166,2026-06-22 12:26:21.708000+00:00
Casablanca,(09) LOISIRS ET CULTURE,2017M6,2017-06-01,100.2,I4166,https://bds.hcp.ma/api/v1/indicators/I4166,2026-06-22 12:26:21.708000+00:00
Casablanca,(09) LOISIRS ET CULTURE,2017M7,2017-07-01,100.2,I4166,https://bds.hcp.ma/api/v1/indicators/I4166,2026-06-22 12:26:21.708000+00:00
Casablanca,(09) LOISIRS ET CULTURE,2017M8,2017-08-01,99.9,I4166,https://bds.hcp.ma/api/v1/indicators/I4166,2026-06-22 12:26:21.708000+00:00
Casablanca,(09) LOISIRS ET CULTURE,2017M9,2017-09-01,99.8,I4166,https://bds.hcp.ma/api/v1/indicators/I4166,2026-06-22 12:26:21.708000+00:00
Casablanca,(09) LOISIRS ET CULTURE,2017M10,2017-10-01,100,I4166,https://bds.hcp.ma/api/v1/indicators/I4166,2026-06-22 12:26:21.708000+00:00
Casablanca,(09) LOISIRS ET CULTURE,2017M11,2017-11-01,99.8,I4166,https://bds.hcp.ma/api/v1/indicators/I4166,2026-06-22 12:26:21.708000+00:00
Casablanca,(09) LOISIRS ET CULTURE,2017M12,2017-12-01,100,I4166,https://bds.hcp.ma/api/v1/indicators/I4166,2026-06-22 12:26:21.708000+00:00
Casablanca,(09) LOISIRS ET CULTURE,2018M1,2018-01-01,99.8,I4166,https://bds.hcp.ma/api/v1/indicators/I4166,2026-06-22 12:26:21.708000+00:00
Casablanca,(09) LOISIRS ET CULTURE,2018M2,2018-02-01,100.3,I4166,https://bds.hcp.ma/api/v1/indicators/I4166,2026-06-22 12:26:21.708000+00:00
Casablanca,(09) LOISIRS ET CULTURE,2018M3,2018-03-01,100.5,I4166,https://bds.hcp.ma/api/v1/indicators/I4166,2026-06-22 12:26:21.708000+00:00
Casablanca,(09) LOISIRS ET CULTURE,2018M4,2018-04-01,100.8,I4166,https://bds.hcp.ma/api/v1/indicators/I4166,2026-06-22 12:26:21.708000+00:00
Casablanca,(09) LOISIRS ET CULTURE,2018M5,2018-05-01,100.5,I4166,https://bds.hcp.ma/api/v1/indicators/I4166,2026-06-22 12:26:21.708000+00:00
Casablanca,(09) LOISIRS ET CULTURE,2018M6,2018-06-01,100.1,I4166,https://bds.hcp.ma/api/v1/indicators/I4166,2026-06-22 12:26:21.708000+00:00
Casablanca,(09) LOISIRS ET CULTURE,2018M7,2018-07-01,100.1,I4166,https://bds.hcp.ma/api/v1/indicators/I4166,2026-06-22 12:26:21.708000+00:00
Casablanca,(09) LOISIRS ET CULTURE,2018M8,2018-08-01,99.9,I4166,https://bds.hcp.ma/api/v1/indicators/I4166,2026-06-22 12:26:21.708000+00:00
Casablanca,(09) LOISIRS ET CULTURE,2018M9,2018-09-01,100,I4166,https://bds.hcp.ma/api/v1/indicators/I4166,2026-06-22 12:26:21.708000+00:00
Casablanca,(09) LOISIRS ET CULTURE,2018M10,2018-10-01,100,I4166,https://bds.hcp.ma/api/v1/indicators/I4166,2026-06-22 12:26:21.708000+00:00
Casablanca,(09) LOISIRS ET CULTURE,2018M11,2018-11-01,100.1,I4166,https://bds.hcp.ma/api/v1/indicators/I4166,2026-06-22 12:26:21.708000+00:00
Casablanca,(09) LOISIRS ET CULTURE,2018M12,2018-12-01,99.7,I4166,https://bds.hcp.ma/api/v1/indicators/I4166,2026-06-22 12:26:21.708000+00:00
Casablanca,(09) LOISIRS ET CULTURE,2019M1,2019-01-01,99.8,I4166,https://bds.hcp.ma/api/v1/indicators/I4166,2026-06-22 12:26:21.708000+00:00
Casablanca,(09) LOISIRS ET CULTURE,2019M2,2019-02-01,100.2,I4166,https://bds.hcp.ma/api/v1/indicators/I4166,2026-06-22 12:26:21.708000+00:00
Casablanca,(09) LOISIRS ET CULTURE,2019M3,2019-03-01,100.4,I4166,https://bds.hcp.ma/api/v1/indicators/I4166,2026-06-22 12:26:21.708000+00:00
Casablanca,(09) LOISIRS ET CULTURE,2019M4,2019-04-01,100,I4166,https://bds.hcp.ma/api/v1/indicators/I4166,2026-06-22 12:26:21.708000+00:00
Casablanca,(09) LOISIRS ET CULTURE,2019M5,2019-05-01,99.4,I4166,https://bds.hcp.ma/api/v1/indicators/I4166,2026-06-22 12:26:21.708000+00:00
Casablanca,(09) LOISIRS ET CULTURE,2019M6,2019-06-01,99.4,I4166,https://bds.hcp.ma/api/v1/indicators/I4166,2026-06-22 12:26:21.708000+00:00
Casablanca,(09) LOISIRS ET CULTURE,2019M7,2019-07-01,99.4,I4166,https://bds.hcp.ma/api/v1/indicators/I4166,2026-06-22 12:26:21.708000+00:00
Casablanca,(09) LOISIRS ET CULTURE,2019M8,2019-08-01,99.4,I4166,https://bds.hcp.ma/api/v1/indicators/I4166,2026-06-22 12:26:21.708000+00:00
Casablanca,(09) LOISIRS ET CULTURE,2019M9,2019-09-01,99.5,I4166,https://bds.hcp.ma/api/v1/indicators/I4166,2026-06-22 12:26:21.708000+00:00
Casablanca,(09) LOISIRS ET CULTURE,2019M10,2019-10-01,99.4,I4166,https://bds.hcp.ma/api/v1/indicators/I4166,2026-06-22 12:26:21.708000+00:00
Casablanca,(09) LOISIRS ET CULTURE,2019M11,2019-11-01,99.1,I4166,https://bds.hcp.ma/api/v1/indicators/I4166,2026-06-22 12:26:21.708000+00:00
Casablanca,(09) LOISIRS ET CULTURE,2019M12,2019-12-01,98.6,I4166,https://bds.hcp.ma/api/v1/indicators/I4166,2026-06-22 12:26:21.708000+00:00
Casablanca,(09) LOISIRS ET CULTURE,2020M1,2020-01-01,98.3,I4166,https://bds.hcp.ma/api/v1/indicators/I4166,2026-06-22 12:26:21.708000+00:00
Casablanca,(09) LOISIRS ET CULTURE,2020M2,2020-02-01,97.8,I4166,https://bds.hcp.ma/api/v1/indicators/I4166,2026-06-22 12:26:21.708000+00:00
Casablanca,(09) LOISIRS ET CULTURE,2020M3,2020-03-01,98,I4166,https://bds.hcp.ma/api/v1/indicators/I4166,2026-06-22 12:26:21.708000+00:00
Casablanca,(09) LOISIRS ET CULTURE,2020M4,2020-04-01,97.7,I4166,https://bds.hcp.ma/api/v1/indicators/I4166,2026-06-22 12:26:21.708000+00:00
Casablanca,(09) LOISIRS ET CULTURE,2020M5,2020-05-01,96.9,I4166,https://bds.hcp.ma/api/v1/indicators/I4166,2026-06-22 12:26:21.708000+00:00
Casablanca,(09) LOISIRS ET CULTURE,2020M6,2020-06-01,96.8,I4166,https://bds.hcp.ma/api/v1/indicators/I4166,2026-06-22 12:26:21.708000+00:00
Casablanca,(09) LOISIRS ET CULTURE,2020M7,2020-07-01,96.4,I4166,https://bds.hcp.ma/api/v1/indicators/I4166,2026-06-22 12:26:21.708000+00:00
Casablanca,(09) LOISIRS ET CULTURE,2020M8,2020-08-01,96.3,I4166,https://bds.hcp.ma/api/v1/indicators/I4166,2026-06-22 12:26:21.708000+00:00
Casablanca,(09) LOISIRS ET CULTURE,2020M9,2020-09-01,96.5,I4166,https://bds.hcp.ma/api/v1/indicators/I4166,2026-06-22 12:26:21.708000+00:00
Casablanca,(09) LOISIRS ET CULTURE,2020M10,2020-10-01,96.6,I4166,https://bds.hcp.ma/api/v1/indicators/I4166,2026-06-22 12:26:21.708000+00:00
Casablanca,(09) LOISIRS ET CULTURE,2020M11,2020-11-01,96.5,I4166,https://bds.hcp.ma/api/v1/indicators/I4166,2026-06-22 12:26:21.708000+00:00
Casablanca,(09) LOISIRS ET CULTURE,2020M12,2020-12-01,96.5,I4166,https://bds.hcp.ma/api/v1/indicators/I4166,2026-06-22 12:26:21.708000+00:00
Casablanca,(09) LOISIRS ET CULTURE,2021M1,2021-01-01,97.8,I4166,https://bds.hcp.ma/api/v1/indicators/I4166,2026-06-22 12:26:21.708000+00:00
Casablanca,(09) LOISIRS ET CULTURE,2021M2,2021-02-01,98.1,I4166,https://bds.hcp.ma/api/v1/indicators/I4166,2026-06-22 12:26:21.708000+00:00
Casablanca,(09) LOISIRS ET CULTURE,2021M3,2021-03-01,98.3,I4166,https://bds.hcp.ma/api/v1/indicators/I4166,2026-06-22 12:26:21.708000+00:00
Casablanca,(09) LOISIRS ET CULTURE,2021M4,2021-04-01,98.7,I4166,https://bds.hcp.ma/api/v1/indicators/I4166,2026-06-22 12:26:21.708000+00:00
Casablanca,(09) LOISIRS ET CULTURE,2021M5,2021-05-01,99.1,I4166,https://bds.hcp.ma/api/v1/indicators/I4166,2026-06-22 12:26:21.708000+00:00
Casablanca,(09) LOISIRS ET CULTURE,2021M6,2021-06-01,99.1,I4166,https://bds.hcp.ma/api/v1/indicators/I4166,2026-06-22 12:26:21.708000+00:00
Casablanca,(09) LOISIRS ET CULTURE,2021M7,2021-07-01,99,I4166,https://bds.hcp.ma/api/v1/indicators/I4166,2026-06-22 12:26:21.708000+00:00
Casablanca,(09) LOISIRS ET CULTURE,2021M8,2021-08-01,99.3,I4166,https://bds.hcp.ma/api/v1/indicators/I4166,2026-06-22 12:26:21.708000+00:00
Casablanca,(09) LOISIRS ET CULTURE,2021M9,2021-09-01,99.5,I4166,https://bds.hcp.ma/api/v1/indicators/I4166,2026-06-22 12:26:21.708000+00:00
Casablanca,(09) LOISIRS ET CULTURE,2021M10,2021-10-01,100.4,I4166,https://bds.hcp.ma/api/v1/indicators/I4166,2026-06-22 12:26:21.708000+00:00
Casablanca,(09) LOISIRS ET CULTURE,2021M11,2021-11-01,100.8,I4166,https://bds.hcp.ma/api/v1/indicators/I4166,2026-06-22 12:26:21.708000+00:00
Casablanca,(09) LOISIRS ET CULTURE,2021M12,2021-12-01,102.2,I4166,https://bds.hcp.ma/api/v1/indicators/I4166,2026-06-22 12:26:21.708000+00:00
Casablanca,(09) LOISIRS ET CULTURE,2022M1,2022-01-01,102.1,I4166,https://bds.hcp.ma/api/v1/indicators/I4166,2026-06-22 12:26:21.708000+00:00
Casablanca,(09) LOISIRS ET CULTURE,2022M2,2022-02-01,102.2,I4166,https://bds.hcp.ma/api/v1/indicators/I4166,2026-06-22 12:26:21.708000+00:00
Casablanca,(09) LOISIRS ET CULTURE,2022M3,2022-03-01,102,I4166,https://bds.hcp.ma/api/v1/indicators/I4166,2026-06-22 12:26:21.708000+00:00
Casablanca,(09) LOISIRS ET CULTURE,2022M4,2022-04-01,102,I4166,https://bds.hcp.ma/api/v1/indicators/I4166,2026-06-22 12:26:21.708000+00:00
Casablanca,(09) LOISIRS ET CULTURE,2022M5,2022-05-01,104.8,I4166,https://bds.hcp.ma/api/v1/indicators/I4166,2026-06-22 12:26:21.708000+00:00
Casablanca,(09) LOISIRS ET CULTURE,2022M6,2022-06-01,106.1,I4166,https://bds.hcp.ma/api/v1/indicators/I4166,2026-06-22 12:26:21.708000+00:00
Casablanca,(09) LOISIRS ET CULTURE,2022M7,2022-07-01,106.1,I4166,https://bds.hcp.ma/api/v1/indicators/I4166,2026-06-22 12:26:21.708000+00:00
Casablanca,(09) LOISIRS ET CULTURE,2022M8,2022-08-01,106.2,I4166,https://bds.hcp.ma/api/v1/indicators/I4166,2026-06-22 12:26:21.708000+00:00
Casablanca,(09) LOISIRS ET CULTURE,2022M9,2022-09-01,106.6,I4166,https://bds.hcp.ma/api/v1/indicators/I4166,2026-06-22 12:26:21.708000+00:00
Casablanca,(09) LOISIRS ET CULTURE,2022M10,2022-10-01,106.6,I4166,https://bds.hcp.ma/api/v1/indicators/I4166,2026-06-22 12:26:21.708000+00:00
Casablanca,(09) LOISIRS ET CULTURE,2022M11,2022-11-01,106.3,I4166,https://bds.hcp.ma/api/v1/indicators/I4166,2026-06-22 12:26:21.708000+00:00
Casablanca,(09) LOISIRS ET CULTURE,2022M12,2022-12-01,106,I4166,https://bds.hcp.ma/api/v1/indicators/I4166,2026-06-22 12:26:21.708000+00:00
Casablanca,(09) LOISIRS ET CULTURE,2023M1,2023-01-01,106,I4166,https://bds.hcp.ma/api/v1/indicators/I4166,2026-06-22 12:26:21.708000+00:00
Casablanca,(09) LOISIRS ET CULTURE,2023M2,2023-02-01,105.4,I4166,https://bds.hcp.ma/api/v1/indicators/I4166,2026-06-22 12:26:21.708000+00:00
Casablanca,(09) LOISIRS ET CULTURE,2023M3,2023-03-01,106.1,I4166,https://bds.hcp.ma/api/v1/indicators/I4166,2026-06-22 12:26:21.708000+00:00
Casablanca,(09) LOISIRS ET CULTURE,2023M4,2023-04-01,106.1,I4166,https://bds.hcp.ma/api/v1/indicators/I4166,2026-06-22 12:26:21.708000+00:00
Casablanca,(09) LOISIRS ET CULTURE,2023M5,2023-05-01,105.6,I4166,https://bds.hcp.ma/api/v1/indicators/I4166,2026-06-22 12:26:21.708000+00:00
Casablanca,(09) LOISIRS ET CULTURE,2023M6,2023-06-01,105.5,I4166,https://bds.hcp.ma/api/v1/indicators/I4166,2026-06-22 12:26:21.708000+00:00
Casablanca,(09) LOISIRS ET CULTURE,2023M7,2023-07-01,105.2,I4166,https://bds.hcp.ma/api/v1/indicators/I4166,2026-06-22 12:26:21.708000+00:00
Casablanca,(09) LOISIRS ET CULTURE,2023M8,2023-08-01,105.6,I4166,https://bds.hcp.ma/api/v1/indicators/I4166,2026-06-22 12:26:21.708000+00:00
Casablanca,(09) LOISIRS ET CULTURE,2023M9,2023-09-01,105.4,I4166,https://bds.hcp.ma/api/v1/indicators/I4166,2026-06-22 12:26:21.708000+00:00
Casablanca,(09) LOISIRS ET CULTURE,2023M10,2023-10-01,105.4,I4166,https://bds.hcp.ma/api/v1/indicators/I4166,2026-06-22 12:26:21.708000+00:00
Casablanca,(09) LOISIRS ET CULTURE,2023M11,2023-11-01,105.4,I4166,https://bds.hcp.ma/api/v1/indicators/I4166,2026-06-22 12:26:21.708000+00:00
Casablanca,(09) LOISIRS ET CULTURE,2023M12,2023-12-01,104.8,I4166,https://bds.hcp.ma/api/v1/indicators/I4166,2026-06-22 12:26:21.708000+00:00
Casablanca,(09) LOISIRS ET CULTURE,2024M1,2024-01-01,103.7,I4166,https://bds.hcp.ma/api/v1/indicators/I4166,2026-06-22 12:26:21.708000+00:00
Casablanca,(09) LOISIRS ET CULTURE,2024M2,2024-02-01,104.3,I4166,https://bds.hcp.ma/api/v1/indicators/I4166,2026-06-22 12:26:21.708000+00:00
Casablanca,(09) LOISIRS ET CULTURE,2024M3,2024-03-01,104.9,I4166,https://bds.hcp.ma/api/v1/indicators/I4166,2026-06-22 12:26:21.708000+00:00
Casablanca,(09) LOISIRS ET CULTURE,2024M4,2024-04-01,105,I4166,https://bds.hcp.ma/api/v1/indicators/I4166,2026-06-22 12:26:21.708000+00:00
Casablanca,(09) LOISIRS ET CULTURE,2024M5,2024-05-01,104.9,I4166,https://bds.hcp.ma/api/v1/indicators/I4166,2026-06-22 12:26:21.708000+00:00
Casablanca,(09) LOISIRS ET CULTURE,2024M6,2024-06-01,104.8,I4166,https://bds.hcp.ma/api/v1/indicators/I4166,2026-06-22 12:26:21.708000+00:00
Casablanca,(09) LOISIRS ET CULTURE,2024M7,2024-07-01,104.8,I4166,https://bds.hcp.ma/api/v1/indicators/I4166,2026-06-22 12:26:21.708000+00:00
Casablanca,(09) LOISIRS ET CULTURE,2024M8,2024-08-01,104.8,I4166,https://bds.hcp.ma/api/v1/indicators/I4166,2026-06-22 12:26:21.708000+00:00
Casablanca,(09) LOISIRS ET CULTURE,2024M9,2024-09-01,104.1,I4166,https://bds.hcp.ma/api/v1/indicators/I4166,2026-06-22 12:26:21.708000+00:00
Casablanca,(09) LOISIRS ET CULTURE,2024M10,2024-10-01,104.2,I4166,https://bds.hcp.ma/api/v1/indicators/I4166,2026-06-22 12:26:21.708000+00:00
Casablanca,(09) LOISIRS ET CULTURE,2024M11,2024-11-01,104.4,I4166,https://bds.hcp.ma/api/v1/indicators/I4166,2026-06-22 12:26:21.708000+00:00
Casablanca,(09) LOISIRS ET CULTURE,2024M12,2024-12-01,104.5,I4166,https://bds.hcp.ma/api/v1/indicators/I4166,2026-06-22 12:26:21.708000+00:00
Casablanca,(09) LOISIRS ET CULTURE,2025M1,2025-01-01,104.4,I4166,https://bds.hcp.ma/api/v1/indicators/I4166,2026-06-22 12:26:21.708000+00:00
Casablanca,(09) LOISIRS ET CULTURE,2025M2,2025-02-01,104.2,I4166,https://bds.hcp.ma/api/v1/indicators/I4166,2026-06-22 12:26:21.708000+00:00
Casablanca,(09) LOISIRS ET CULTURE,2025M3,2025-03-01,103.9,I4166,https://bds.hcp.ma/api/v1/indicators/I4166,2026-06-22 12:26:21.708000+00:00
Casablanca,(09) LOISIRS ET CULTURE,2025M4,2025-04-01,103.4,I4166,https://bds.hcp.ma/api/v1/indicators/I4166,2026-06-22 12:26:21.708000+00:00
Casablanca,(09) LOISIRS ET CULTURE,2025M5,2025-05-01,103.3,I4166,https://bds.hcp.ma/api/v1/indicators/I4166,2026-06-22 12:26:21.708000+00:00
Casablanca,(09) LOISIRS ET CULTURE,2025M6,2025-06-01,103.3,I4166,https://bds.hcp.ma/api/v1/indicators/I4166,2026-06-22 12:26:21.708000+00:00
Casablanca,(09) LOISIRS ET CULTURE,2025M7,2025-07-01,103.4,I4166,https://bds.hcp.ma/api/v1/indicators/I4166,2026-06-22 12:26:21.708000+00:00
Casablanca,(09) LOISIRS ET CULTURE,2025M8,2025-08-01,103.4,I4166,https://bds.hcp.ma/api/v1/indicators/I4166,2026-06-22 12:26:21.708000+00:00
Casablanca,(09) LOISIRS ET CULTURE,2025M9,2025-09-01,103.4,I4166,https://bds.hcp.ma/api/v1/indicators/I4166,2026-06-22 12:26:21.708000+00:00
Casablanca,(09) LOISIRS ET CULTURE,2025M10,2025-10-01,103.8,I4166,https://bds.hcp.ma/api/v1/indicators/I4166,2026-06-22 12:26:21.708000+00:00
Casablanca,(09) LOISIRS ET CULTURE,2025M11,2025-11-01,103.8,I4166,https://bds.hcp.ma/api/v1/indicators/I4166,2026-06-22 12:26:21.708000+00:00
Casablanca,(09) LOISIRS ET CULTURE,2025M12,2025-12-01,103.7,I4166,https://bds.hcp.ma/api/v1/indicators/I4166,2026-06-22 12:26:21.708000+00:00
Casablanca,(09) LOISIRS ET CULTURE,2026M1,2026-01-01,103.7,I4166,https://bds.hcp.ma/api/v1/indicators/I4166,2026-06-22 12:26:21.708000+00:00
Casablanca,(09) LOISIRS ET CULTURE,2026M2,2026-02-01,103.8,I4166,https://bds.hcp.ma/api/v1/indicators/I4166,2026-06-22 12:26:21.708000+00:00
Casablanca,(09) LOISIRS ET CULTURE,2026M3,2026-03-01,103.3,I4166,https://bds.hcp.ma/api/v1/indicators/I4166,2026-06-22 12:26:21.708000+00:00
Casablanca,(10) ENSEIGNEMENT,2017M1,2017-01-01,99.6,I4166,https://bds.hcp.ma/api/v1/indicators/I4166,2026-06-22 12:26:21.708000+00:00
Casablanca,(10) ENSEIGNEMENT,2017M2,2017-02-01,99.6,I4166,https://bds.hcp.ma/api/v1/indicators/I4166,2026-06-22 12:26:21.708000+00:00
Casablanca,(10) ENSEIGNEMENT,2017M3,2017-03-01,99.6,I4166,https://bds.hcp.ma/api/v1/indicators/I4166,2026-06-22 12:26:21.708000+00:00
Casablanca,(10) ENSEIGNEMENT,2017M4,2017-04-01,99.6,I4166,https://bds.hcp.ma/api/v1/indicators/I4166,2026-06-22 12:26:21.708000+00:00
Casablanca,(10) ENSEIGNEMENT,2017M5,2017-05-01,99.6,I4166,https://bds.hcp.ma/api/v1/indicators/I4166,2026-06-22 12:26:21.708000+00:00
Casablanca,(10) ENSEIGNEMENT,2017M6,2017-06-01,99.6,I4166,https://bds.hcp.ma/api/v1/indicators/I4166,2026-06-22 12:26:21.708000+00:00
Casablanca,(10) ENSEIGNEMENT,2017M7,2017-07-01,99.6,I4166,https://bds.hcp.ma/api/v1/indicators/I4166,2026-06-22 12:26:21.708000+00:00
Casablanca,(10) ENSEIGNEMENT,2017M8,2017-08-01,99.6,I4166,https://bds.hcp.ma/api/v1/indicators/I4166,2026-06-22 12:26:21.708000+00:00
Casablanca,(10) ENSEIGNEMENT,2017M9,2017-09-01,100.7,I4166,https://bds.hcp.ma/api/v1/indicators/I4166,2026-06-22 12:26:21.708000+00:00
Casablanca,(10) ENSEIGNEMENT,2017M10,2017-10-01,100.7,I4166,https://bds.hcp.ma/api/v1/indicators/I4166,2026-06-22 12:26:21.708000+00:00
Casablanca,(10) ENSEIGNEMENT,2017M11,2017-11-01,100.7,I4166,https://bds.hcp.ma/api/v1/indicators/I4166,2026-06-22 12:26:21.708000+00:00
Casablanca,(10) ENSEIGNEMENT,2017M12,2017-12-01,100.7,I4166,https://bds.hcp.ma/api/v1/indicators/I4166,2026-06-22 12:26:21.708000+00:00
Casablanca,(10) ENSEIGNEMENT,2018M1,2018-01-01,100.7,I4166,https://bds.hcp.ma/api/v1/indicators/I4166,2026-06-22 12:26:21.708000+00:00
Casablanca,(10) ENSEIGNEMENT,2018M2,2018-02-01,100.7,I4166,https://bds.hcp.ma/api/v1/indicators/I4166,2026-06-22 12:26:21.708000+00:00
Casablanca,(10) ENSEIGNEMENT,2018M3,2018-03-01,100.7,I4166,https://bds.hcp.ma/api/v1/indicators/I4166,2026-06-22 12:26:21.708000+00:00
Casablanca,(10) ENSEIGNEMENT,2018M4,2018-04-01,100.7,I4166,https://bds.hcp.ma/api/v1/indicators/I4166,2026-06-22 12:26:21.708000+00:00
Casablanca,(10) ENSEIGNEMENT,2018M5,2018-05-01,100.7,I4166,https://bds.hcp.ma/api/v1/indicators/I4166,2026-06-22 12:26:21.708000+00:00
Casablanca,(10) ENSEIGNEMENT,2018M6,2018-06-01,101.6,I4166,https://bds.hcp.ma/api/v1/indicators/I4166,2026-06-22 12:26:21.708000+00:00
Casablanca,(10) ENSEIGNEMENT,2018M7,2018-07-01,101.6,I4166,https://bds.hcp.ma/api/v1/indicators/I4166,2026-06-22 12:26:21.708000+00:00
Casablanca,(10) ENSEIGNEMENT,2018M8,2018-08-01,101.6,I4166,https://bds.hcp.ma/api/v1/indicators/I4166,2026-06-22 12:26:21.708000+00:00
Casablanca,(10) ENSEIGNEMENT,2018M9,2018-09-01,105.5,I4166,https://bds.hcp.ma/api/v1/indicators/I4166,2026-06-22 12:26:21.708000+00:00
Casablanca,(10) ENSEIGNEMENT,2018M10,2018-10-01,106.1,I4166,https://bds.hcp.ma/api/v1/indicators/I4166,2026-06-22 12:26:21.708000+00:00
Casablanca,(10) ENSEIGNEMENT,2018M11,2018-11-01,106.2,I4166,https://bds.hcp.ma/api/v1/indicators/I4166,2026-06-22 12:26:21.708000+00:00
Casablanca,(10) ENSEIGNEMENT,2018M12,2018-12-01,106.1,I4166,https://bds.hcp.ma/api/v1/indicators/I4166,2026-06-22 12:26:21.708000+00:00
Casablanca,(10) ENSEIGNEMENT,2019M1,2019-01-01,106.1,I4166,https://bds.hcp.ma/api/v1/indicators/I4166,2026-06-22 12:26:21.708000+00:00
Casablanca,(10) ENSEIGNEMENT,2019M2,2019-02-01,106.1,I4166,https://bds.hcp.ma/api/v1/indicators/I4166,2026-06-22 12:26:21.708000+00:00
Casablanca,(10) ENSEIGNEMENT,2019M3,2019-03-01,105.9,I4166,https://bds.hcp.ma/api/v1/indicators/I4166,2026-06-22 12:26:21.708000+00:00
Casablanca,(10) ENSEIGNEMENT,2019M4,2019-04-01,105.9,I4166,https://bds.hcp.ma/api/v1/indicators/I4166,2026-06-22 12:26:21.708000+00:00
Casablanca,(10) ENSEIGNEMENT,2019M5,2019-05-01,105.9,I4166,https://bds.hcp.ma/api/v1/indicators/I4166,2026-06-22 12:26:21.708000+00:00
Casablanca,(10) ENSEIGNEMENT,2019M6,2019-06-01,105.9,I4166,https://bds.hcp.ma/api/v1/indicators/I4166,2026-06-22 12:26:21.708000+00:00
Casablanca,(10) ENSEIGNEMENT,2019M7,2019-07-01,105.9,I4166,https://bds.hcp.ma/api/v1/indicators/I4166,2026-06-22 12:26:21.708000+00:00
Casablanca,(10) ENSEIGNEMENT,2019M8,2019-08-01,105.9,I4166,https://bds.hcp.ma/api/v1/indicators/I4166,2026-06-22 12:26:21.708000+00:00
Casablanca,(10) ENSEIGNEMENT,2019M9,2019-09-01,110,I4166,https://bds.hcp.ma/api/v1/indicators/I4166,2026-06-22 12:26:21.708000+00:00
Casablanca,(10) ENSEIGNEMENT,2019M10,2019-10-01,110,I4166,https://bds.hcp.ma/api/v1/indicators/I4166,2026-06-22 12:26:21.708000+00:00
Casablanca,(10) ENSEIGNEMENT,2019M11,2019-11-01,110,I4166,https://bds.hcp.ma/api/v1/indicators/I4166,2026-06-22 12:26:21.708000+00:00
Casablanca,(10) ENSEIGNEMENT,2019M12,2019-12-01,110,I4166,https://bds.hcp.ma/api/v1/indicators/I4166,2026-06-22 12:26:21.708000+00:00
Casablanca,(10) ENSEIGNEMENT,2020M1,2020-01-01,110,I4166,https://bds.hcp.ma/api/v1/indicators/I4166,2026-06-22 12:26:21.708000+00:00
Casablanca,(10) ENSEIGNEMENT,2020M2,2020-02-01,110,I4166,https://bds.hcp.ma/api/v1/indicators/I4166,2026-06-22 12:26:21.708000+00:00
Casablanca,(10) ENSEIGNEMENT,2020M3,2020-03-01,110,I4166,https://bds.hcp.ma/api/v1/indicators/I4166,2026-06-22 12:26:21.708000+00:00
Casablanca,(10) ENSEIGNEMENT,2020M4,2020-04-01,110,I4166,https://bds.hcp.ma/api/v1/indicators/I4166,2026-06-22 12:26:21.708000+00:00
Casablanca,(10) ENSEIGNEMENT,2020M5,2020-05-01,110,I4166,https://bds.hcp.ma/api/v1/indicators/I4166,2026-06-22 12:26:21.708000+00:00
Casablanca,(10) ENSEIGNEMENT,2020M6,2020-06-01,110,I4166,https://bds.hcp.ma/api/v1/indicators/I4166,2026-06-22 12:26:21.708000+00:00
Casablanca,(10) ENSEIGNEMENT,2020M7,2020-07-01,110,I4166,https://bds.hcp.ma/api/v1/indicators/I4166,2026-06-22 12:26:21.708000+00:00
Casablanca,(10) ENSEIGNEMENT,2020M8,2020-08-01,110,I4166,https://bds.hcp.ma/api/v1/indicators/I4166,2026-06-22 12:26:21.708000+00:00
Casablanca,(10) ENSEIGNEMENT,2020M9,2020-09-01,112.8,I4166,https://bds.hcp.ma/api/v1/indicators/I4166,2026-06-22 12:26:21.708000+00:00
Casablanca,(10) ENSEIGNEMENT,2020M10,2020-10-01,112.8,I4166,https://bds.hcp.ma/api/v1/indicators/I4166,2026-06-22 12:26:21.708000+00:00
Casablanca,(10) ENSEIGNEMENT,2020M11,2020-11-01,112.8,I4166,https://bds.hcp.ma/api/v1/indicators/I4166,2026-06-22 12:26:21.708000+00:00
Casablanca,(10) ENSEIGNEMENT,2020M12,2020-12-01,112.8,I4166,https://bds.hcp.ma/api/v1/indicators/I4166,2026-06-22 12:26:21.708000+00:00
Casablanca,(10) ENSEIGNEMENT,2021M1,2021-01-01,112.8,I4166,https://bds.hcp.ma/api/v1/indicators/I4166,2026-06-22 12:26:21.708000+00:00
Casablanca,(10) ENSEIGNEMENT,2021M2,2021-02-01,112.8,I4166,https://bds.hcp.ma/api/v1/indicators/I4166,2026-06-22 12:26:21.708000+00:00
Casablanca,(10) ENSEIGNEMENT,2021M3,2021-03-01,112.8,I4166,https://bds.hcp.ma/api/v1/indicators/I4166,2026-06-22 12:26:21.708000+00:00
Casablanca,(10) ENSEIGNEMENT,2021M4,2021-04-01,112.8,I4166,https://bds.hcp.ma/api/v1/indicators/I4166,2026-06-22 12:26:21.708000+00:00
Casablanca,(10) ENSEIGNEMENT,2021M5,2021-05-01,112.8,I4166,https://bds.hcp.ma/api/v1/indicators/I4166,2026-06-22 12:26:21.708000+00:00
Casablanca,(10) ENSEIGNEMENT,2021M6,2021-06-01,112.8,I4166,https://bds.hcp.ma/api/v1/indicators/I4166,2026-06-22 12:26:21.708000+00:00
Casablanca,(10) ENSEIGNEMENT,2021M7,2021-07-01,112.8,I4166,https://bds.hcp.ma/api/v1/indicators/I4166,2026-06-22 12:26:21.708000+00:00
Casablanca,(10) ENSEIGNEMENT,2021M8,2021-08-01,112.8,I4166,https://bds.hcp.ma/api/v1/indicators/I4166,2026-06-22 12:26:21.708000+00:00
Casablanca,(10) ENSEIGNEMENT,2021M9,2021-09-01,115.4,I4166,https://bds.hcp.ma/api/v1/indicators/I4166,2026-06-22 12:26:21.708000+00:00
Casablanca,(10) ENSEIGNEMENT,2021M10,2021-10-01,116,I4166,https://bds.hcp.ma/api/v1/indicators/I4166,2026-06-22 12:26:21.708000+00:00
Casablanca,(10) ENSEIGNEMENT,2021M11,2021-11-01,116,I4166,https://bds.hcp.ma/api/v1/indicators/I4166,2026-06-22 12:26:21.708000+00:00
Casablanca,(10) ENSEIGNEMENT,2021M12,2021-12-01,116,I4166,https://bds.hcp.ma/api/v1/indicators/I4166,2026-06-22 12:26:21.708000+00:00
Casablanca,(10) ENSEIGNEMENT,2022M1,2022-01-01,116,I4166,https://bds.hcp.ma/api/v1/indicators/I4166,2026-06-22 12:26:21.708000+00:00
Casablanca,(10) ENSEIGNEMENT,2022M2,2022-02-01,116,I4166,https://bds.hcp.ma/api/v1/indicators/I4166,2026-06-22 12:26:21.708000+00:00
Casablanca,(10) ENSEIGNEMENT,2022M3,2022-03-01,116,I4166,https://bds.hcp.ma/api/v1/indicators/I4166,2026-06-22 12:26:21.708000+00:00
Casablanca,(10) ENSEIGNEMENT,2022M4,2022-04-01,116,I4166,https://bds.hcp.ma/api/v1/indicators/I4166,2026-06-22 12:26:21.708000+00:00
Casablanca,(10) ENSEIGNEMENT,2022M5,2022-05-01,116,I4166,https://bds.hcp.ma/api/v1/indicators/I4166,2026-06-22 12:26:21.708000+00:00
Casablanca,(10) ENSEIGNEMENT,2022M6,2022-06-01,116,I4166,https://bds.hcp.ma/api/v1/indicators/I4166,2026-06-22 12:26:21.708000+00:00
Casablanca,(10) ENSEIGNEMENT,2022M7,2022-07-01,116,I4166,https://bds.hcp.ma/api/v1/indicators/I4166,2026-06-22 12:26:21.708000+00:00
Casablanca,(10) ENSEIGNEMENT,2022M8,2022-08-01,116,I4166,https://bds.hcp.ma/api/v1/indicators/I4166,2026-06-22 12:26:21.708000+00:00
Casablanca,(10) ENSEIGNEMENT,2022M9,2022-09-01,118.1,I4166,https://bds.hcp.ma/api/v1/indicators/I4166,2026-06-22 12:26:21.708000+00:00
Casablanca,(10) ENSEIGNEMENT,2022M10,2022-10-01,120.2,I4166,https://bds.hcp.ma/api/v1/indicators/I4166,2026-06-22 12:26:21.708000+00:00
Casablanca,(10) ENSEIGNEMENT,2022M11,2022-11-01,120.2,I4166,https://bds.hcp.ma/api/v1/indicators/I4166,2026-06-22 12:26:21.708000+00:00
Casablanca,(10) ENSEIGNEMENT,2022M12,2022-12-01,120.2,I4166,https://bds.hcp.ma/api/v1/indicators/I4166,2026-06-22 12:26:21.708000+00:00
Casablanca,(10) ENSEIGNEMENT,2023M1,2023-01-01,120.2,I4166,https://bds.hcp.ma/api/v1/indicators/I4166,2026-06-22 12:26:21.708000+00:00
Casablanca,(10) ENSEIGNEMENT,2023M2,2023-02-01,120.2,I4166,https://bds.hcp.ma/api/v1/indicators/I4166,2026-06-22 12:26:21.708000+00:00
Casablanca,(10) ENSEIGNEMENT,2023M3,2023-03-01,120.2,I4166,https://bds.hcp.ma/api/v1/indicators/I4166,2026-06-22 12:26:21.708000+00:00
Casablanca,(10) ENSEIGNEMENT,2023M4,2023-04-01,120.2,I4166,https://bds.hcp.ma/api/v1/indicators/I4166,2026-06-22 12:26:21.708000+00:00
Casablanca,(10) ENSEIGNEMENT,2023M5,2023-05-01,120.2,I4166,https://bds.hcp.ma/api/v1/indicators/I4166,2026-06-22 12:26:21.708000+00:00
Casablanca,(10) ENSEIGNEMENT,2023M6,2023-06-01,120.2,I4166,https://bds.hcp.ma/api/v1/indicators/I4166,2026-06-22 12:26:21.708000+00:00
Casablanca,(10) ENSEIGNEMENT,2023M7,2023-07-01,120.2,I4166,https://bds.hcp.ma/api/v1/indicators/I4166,2026-06-22 12:26:21.708000+00:00
Casablanca,(10) ENSEIGNEMENT,2023M8,2023-08-01,120.2,I4166,https://bds.hcp.ma/api/v1/indicators/I4166,2026-06-22 12:26:21.708000+00:00
Casablanca,(10) ENSEIGNEMENT,2023M9,2023-09-01,121.4,I4166,https://bds.hcp.ma/api/v1/indicators/I4166,2026-06-22 12:26:21.708000+00:00
Casablanca,(10) ENSEIGNEMENT,2023M10,2023-10-01,122.1,I4166,https://bds.hcp.ma/api/v1/indicators/I4166,2026-06-22 12:26:21.708000+00:00
Casablanca,(10) ENSEIGNEMENT,2023M11,2023-11-01,122.1,I4166,https://bds.hcp.ma/api/v1/indicators/I4166,2026-06-22 12:26:21.708000+00:00
Casablanca,(10) ENSEIGNEMENT,2023M12,2023-12-01,122.1,I4166,https://bds.hcp.ma/api/v1/indicators/I4166,2026-06-22 12:26:21.708000+00:00
Casablanca,(10) ENSEIGNEMENT,2024M1,2024-01-01,122.1,I4166,https://bds.hcp.ma/api/v1/indicators/I4166,2026-06-22 12:26:21.708000+00:00
Casablanca,(10) ENSEIGNEMENT,2024M2,2024-02-01,122.1,I4166,https://bds.hcp.ma/api/v1/indicators/I4166,2026-06-22 12:26:21.708000+00:00
Casablanca,(10) ENSEIGNEMENT,2024M3,2024-03-01,122.1,I4166,https://bds.hcp.ma/api/v1/indicators/I4166,2026-06-22 12:26:21.708000+00:00
Casablanca,(10) ENSEIGNEMENT,2024M4,2024-04-01,122.1,I4166,https://bds.hcp.ma/api/v1/indicators/I4166,2026-06-22 12:26:21.708000+00:00
Casablanca,(10) ENSEIGNEMENT,2024M5,2024-05-01,122.1,I4166,https://bds.hcp.ma/api/v1/indicators/I4166,2026-06-22 12:26:21.708000+00:00
Casablanca,(10) ENSEIGNEMENT,2024M6,2024-06-01,122.1,I4166,https://bds.hcp.ma/api/v1/indicators/I4166,2026-06-22 12:26:21.708000+00:00
Casablanca,(10) ENSEIGNEMENT,2024M7,2024-07-01,122.1,I4166,https://bds.hcp.ma/api/v1/indicators/I4166,2026-06-22 12:26:21.708000+00:00
Casablanca,(10) ENSEIGNEMENT,2024M8,2024-08-01,122.1,I4166,https://bds.hcp.ma/api/v1/indicators/I4166,2026-06-22 12:26:21.708000+00:00
Casablanca,(10) ENSEIGNEMENT,2024M9,2024-09-01,125.4,I4166,https://bds.hcp.ma/api/v1/indicators/I4166,2026-06-22 12:26:21.708000+00:00
Casablanca,(10) ENSEIGNEMENT,2024M10,2024-10-01,125.3,I4166,https://bds.hcp.ma/api/v1/indicators/I4166,2026-06-22 12:26:21.708000+00:00
Casablanca,(10) ENSEIGNEMENT,2024M11,2024-11-01,125.3,I4166,https://bds.hcp.ma/api/v1/indicators/I4166,2026-06-22 12:26:21.708000+00:00
Casablanca,(10) ENSEIGNEMENT,2024M12,2024-12-01,125.3,I4166,https://bds.hcp.ma/api/v1/indicators/I4166,2026-06-22 12:26:21.708000+00:00
Casablanca,(10) ENSEIGNEMENT,2025M1,2025-01-01,125.3,I4166,https://bds.hcp.ma/api/v1/indicators/I4166,2026-06-22 12:26:21.708000+00:00
Casablanca,(10) ENSEIGNEMENT,2025M2,2025-02-01,125.3,I4166,https://bds.hcp.ma/api/v1/indicators/I4166,2026-06-22 12:26:21.708000+00:00
Casablanca,(10) ENSEIGNEMENT,2025M3,2025-03-01,125.3,I4166,https://bds.hcp.ma/api/v1/indicators/I4166,2026-06-22 12:26:21.708000+00:00
Casablanca,(10) ENSEIGNEMENT,2025M4,2025-04-01,125.3,I4166,https://bds.hcp.ma/api/v1/indicators/I4166,2026-06-22 12:26:21.708000+00:00
Casablanca,(10) ENSEIGNEMENT,2025M5,2025-05-01,125.3,I4166,https://bds.hcp.ma/api/v1/indicators/I4166,2026-06-22 12:26:21.708000+00:00
Casablanca,(10) ENSEIGNEMENT,2025M6,2025-06-01,125.3,I4166,https://bds.hcp.ma/api/v1/indicators/I4166,2026-06-22 12:26:21.708000+00:00
Casablanca,(10) ENSEIGNEMENT,2025M7,2025-07-01,125.3,I4166,https://bds.hcp.ma/api/v1/indicators/I4166,2026-06-22 12:26:21.708000+00:00
Casablanca,(10) ENSEIGNEMENT,2025M8,2025-08-01,125.3,I4166,https://bds.hcp.ma/api/v1/indicators/I4166,2026-06-22 12:26:21.708000+00:00
Casablanca,(10) ENSEIGNEMENT,2025M9,2025-09-01,126.9,I4166,https://bds.hcp.ma/api/v1/indicators/I4166,2026-06-22 12:26:21.708000+00:00
Casablanca,(10) ENSEIGNEMENT,2025M10,2025-10-01,126.9,I4166,https://bds.hcp.ma/api/v1/indicators/I4166,2026-06-22 12:26:21.708000+00:00
Casablanca,(10) ENSEIGNEMENT,2025M11,2025-11-01,126.9,I4166,https://bds.hcp.ma/api/v1/indicators/I4166,2026-06-22 12:26:21.708000+00:00
Casablanca,(10) ENSEIGNEMENT,2025M12,2025-12-01,126.9,I4166,https://bds.hcp.ma/api/v1/indicators/I4166,2026-06-22 12:26:21.708000+00:00
Casablanca,(10) ENSEIGNEMENT,2026M1,2026-01-01,126.9,I4166,https://bds.hcp.ma/api/v1/indicators/I4166,2026-06-22 12:26:21.708000+00:00
Casablanca,(10) ENSEIGNEMENT,2026M2,2026-02-01,126.9,I4166,https://bds.hcp.ma/api/v1/indicators/I4166,2026-06-22 12:26:21.708000+00:00
Casablanca,(10) ENSEIGNEMENT,2026M3,2026-03-01,126.9,I4166,https://bds.hcp.ma/api/v1/indicators/I4166,2026-06-22 12:26:21.708000+00:00
Casablanca,(11) RESTAURANTS ET HÔTELS,2017M1,2017-01-01,99.7,I4166,https://bds.hcp.ma/api/v1/indicators/I4166,2026-06-22 12:26:21.708000+00:00
Casablanca,(11) RESTAURANTS ET HÔTELS,2017M2,2017-02-01,99.7,I4166,https://bds.hcp.ma/api/v1/indicators/I4166,2026-06-22 12:26:21.708000+00:00
Casablanca,(11) RESTAURANTS ET HÔTELS,2017M3,2017-03-01,99.7,I4166,https://bds.hcp.ma/api/v1/indicators/I4166,2026-06-22 12:26:21.708000+00:00
Casablanca,(11) RESTAURANTS ET HÔTELS,2017M4,2017-04-01,99.7,I4166,https://bds.hcp.ma/api/v1/indicators/I4166,2026-06-22 12:26:21.708000+00:00
Casablanca,(11) RESTAURANTS ET HÔTELS,2017M5,2017-05-01,99.7,I4166,https://bds.hcp.ma/api/v1/indicators/I4166,2026-06-22 12:26:21.708000+00:00
Casablanca,(11) RESTAURANTS ET HÔTELS,2017M6,2017-06-01,99.7,I4166,https://bds.hcp.ma/api/v1/indicators/I4166,2026-06-22 12:26:21.708000+00:00
Casablanca,(11) RESTAURANTS ET HÔTELS,2017M7,2017-07-01,99.7,I4166,https://bds.hcp.ma/api/v1/indicators/I4166,2026-06-22 12:26:21.708000+00:00
Casablanca,(11) RESTAURANTS ET HÔTELS,2017M8,2017-08-01,99.7,I4166,https://bds.hcp.ma/api/v1/indicators/I4166,2026-06-22 12:26:21.708000+00:00
Casablanca,(11) RESTAURANTS ET HÔTELS,2017M9,2017-09-01,100.5,I4166,https://bds.hcp.ma/api/v1/indicators/I4166,2026-06-22 12:26:21.708000+00:00
Casablanca,(11) RESTAURANTS ET HÔTELS,2017M10,2017-10-01,100.6,I4166,https://bds.hcp.ma/api/v1/indicators/I4166,2026-06-22 12:26:21.708000+00:00
Casablanca,(11) RESTAURANTS ET HÔTELS,2017M11,2017-11-01,100.6,I4166,https://bds.hcp.ma/api/v1/indicators/I4166,2026-06-22 12:26:21.708000+00:00
Casablanca,(11) RESTAURANTS ET HÔTELS,2017M12,2017-12-01,100.7,I4166,https://bds.hcp.ma/api/v1/indicators/I4166,2026-06-22 12:26:21.708000+00:00
Casablanca,(11) RESTAURANTS ET HÔTELS,2018M1,2018-01-01,100.7,I4166,https://bds.hcp.ma/api/v1/indicators/I4166,2026-06-22 12:26:21.708000+00:00
Casablanca,(11) RESTAURANTS ET HÔTELS,2018M2,2018-02-01,101.2,I4166,https://bds.hcp.ma/api/v1/indicators/I4166,2026-06-22 12:26:21.708000+00:00
Casablanca,(11) RESTAURANTS ET HÔTELS,2018M3,2018-03-01,101.2,I4166,https://bds.hcp.ma/api/v1/indicators/I4166,2026-06-22 12:26:21.708000+00:00
Casablanca,(11) RESTAURANTS ET HÔTELS,2018M4,2018-04-01,101.8,I4166,https://bds.hcp.ma/api/v1/indicators/I4166,2026-06-22 12:26:21.708000+00:00
Casablanca,(11) RESTAURANTS ET HÔTELS,2018M5,2018-05-01,101.8,I4166,https://bds.hcp.ma/api/v1/indicators/I4166,2026-06-22 12:26:21.708000+00:00
Casablanca,(11) RESTAURANTS ET HÔTELS,2018M6,2018-06-01,101.8,I4166,https://bds.hcp.ma/api/v1/indicators/I4166,2026-06-22 12:26:21.708000+00:00
Casablanca,(11) RESTAURANTS ET HÔTELS,2018M7,2018-07-01,102.2,I4166,https://bds.hcp.ma/api/v1/indicators/I4166,2026-06-22 12:26:21.708000+00:00
Casablanca,(11) RESTAURANTS ET HÔTELS,2018M8,2018-08-01,101.5,I4166,https://bds.hcp.ma/api/v1/indicators/I4166,2026-06-22 12:26:21.708000+00:00
Casablanca,(11) RESTAURANTS ET HÔTELS,2018M9,2018-09-01,101.5,I4166,https://bds.hcp.ma/api/v1/indicators/I4166,2026-06-22 12:26:21.708000+00:00
Casablanca,(11) RESTAURANTS ET HÔTELS,2018M10,2018-10-01,101.6,I4166,https://bds.hcp.ma/api/v1/indicators/I4166,2026-06-22 12:26:21.708000+00:00
Casablanca,(11) RESTAURANTS ET HÔTELS,2018M11,2018-11-01,101.6,I4166,https://bds.hcp.ma/api/v1/indicators/I4166,2026-06-22 12:26:21.708000+00:00
Casablanca,(11) RESTAURANTS ET HÔTELS,2018M12,2018-12-01,102,I4166,https://bds.hcp.ma/api/v1/indicators/I4166,2026-06-22 12:26:21.708000+00:00
Casablanca,(11) RESTAURANTS ET HÔTELS,2019M1,2019-01-01,102.2,I4166,https://bds.hcp.ma/api/v1/indicators/I4166,2026-06-22 12:26:21.708000+00:00
Casablanca,(11) RESTAURANTS ET HÔTELS,2019M2,2019-02-01,102.2,I4166,https://bds.hcp.ma/api/v1/indicators/I4166,2026-06-22 12:26:21.708000+00:00
Casablanca,(11) RESTAURANTS ET HÔTELS,2019M3,2019-03-01,102.2,I4166,https://bds.hcp.ma/api/v1/indicators/I4166,2026-06-22 12:26:21.708000+00:00
Casablanca,(11) RESTAURANTS ET HÔTELS,2019M4,2019-04-01,102.3,I4166,https://bds.hcp.ma/api/v1/indicators/I4166,2026-06-22 12:26:21.708000+00:00
Casablanca,(11) RESTAURANTS ET HÔTELS,2019M5,2019-05-01,102.3,I4166,https://bds.hcp.ma/api/v1/indicators/I4166,2026-06-22 12:26:21.708000+00:00
Casablanca,(11) RESTAURANTS ET HÔTELS,2019M6,2019-06-01,102.6,I4166,https://bds.hcp.ma/api/v1/indicators/I4166,2026-06-22 12:26:21.708000+00:00
Casablanca,(11) RESTAURANTS ET HÔTELS,2019M7,2019-07-01,102.9,I4166,https://bds.hcp.ma/api/v1/indicators/I4166,2026-06-22 12:26:21.708000+00:00
Casablanca,(11) RESTAURANTS ET HÔTELS,2019M8,2019-08-01,102.1,I4166,https://bds.hcp.ma/api/v1/indicators/I4166,2026-06-22 12:26:21.708000+00:00
Casablanca,(11) RESTAURANTS ET HÔTELS,2019M9,2019-09-01,102.4,I4166,https://bds.hcp.ma/api/v1/indicators/I4166,2026-06-22 12:26:21.708000+00:00
Casablanca,(11) RESTAURANTS ET HÔTELS,2019M10,2019-10-01,102.7,I4166,https://bds.hcp.ma/api/v1/indicators/I4166,2026-06-22 12:26:21.708000+00:00
Casablanca,(11) RESTAURANTS ET HÔTELS,2019M11,2019-11-01,103.9,I4166,https://bds.hcp.ma/api/v1/indicators/I4166,2026-06-22 12:26:21.708000+00:00
Casablanca,(11) RESTAURANTS ET HÔTELS,2019M12,2019-12-01,103.7,I4166,https://bds.hcp.ma/api/v1/indicators/I4166,2026-06-22 12:26:21.708000+00:00
Casablanca,(11) RESTAURANTS ET HÔTELS,2020M1,2020-01-01,103.7,I4166,https://bds.hcp.ma/api/v1/indicators/I4166,2026-06-22 12:26:21.708000+00:00
Casablanca,(11) RESTAURANTS ET HÔTELS,2020M2,2020-02-01,103.7,I4166,https://bds.hcp.ma/api/v1/indicators/I4166,2026-06-22 12:26:21.708000+00:00
Casablanca,(11) RESTAURANTS ET HÔTELS,2020M3,2020-03-01,103.7,I4166,https://bds.hcp.ma/api/v1/indicators/I4166,2026-06-22 12:26:21.708000+00:00
Casablanca,(11) RESTAURANTS ET HÔTELS,2020M4,2020-04-01,103.7,I4166,https://bds.hcp.ma/api/v1/indicators/I4166,2026-06-22 12:26:21.708000+00:00
Casablanca,(11) RESTAURANTS ET HÔTELS,2020M5,2020-05-01,103.7,I4166,https://bds.hcp.ma/api/v1/indicators/I4166,2026-06-22 12:26:21.708000+00:00
Casablanca,(11) RESTAURANTS ET HÔTELS,2020M6,2020-06-01,103.4,I4166,https://bds.hcp.ma/api/v1/indicators/I4166,2026-06-22 12:26:21.708000+00:00
Casablanca,(11) RESTAURANTS ET HÔTELS,2020M7,2020-07-01,103.4,I4166,https://bds.hcp.ma/api/v1/indicators/I4166,2026-06-22 12:26:21.708000+00:00
Casablanca,(11) RESTAURANTS ET HÔTELS,2020M8,2020-08-01,103,I4166,https://bds.hcp.ma/api/v1/indicators/I4166,2026-06-22 12:26:21.708000+00:00
Casablanca,(11) RESTAURANTS ET HÔTELS,2020M9,2020-09-01,103.9,I4166,https://bds.hcp.ma/api/v1/indicators/I4166,2026-06-22 12:26:21.708000+00:00
Casablanca,(11) RESTAURANTS ET HÔTELS,2020M10,2020-10-01,103.9,I4166,https://bds.hcp.ma/api/v1/indicators/I4166,2026-06-22 12:26:21.708000+00:00
Casablanca,(11) RESTAURANTS ET HÔTELS,2020M11,2020-11-01,105.1,I4166,https://bds.hcp.ma/api/v1/indicators/I4166,2026-06-22 12:26:21.708000+00:00
Casablanca,(11) RESTAURANTS ET HÔTELS,2020M12,2020-12-01,105,I4166,https://bds.hcp.ma/api/v1/indicators/I4166,2026-06-22 12:26:21.708000+00:00
Casablanca,(11) RESTAURANTS ET HÔTELS,2021M1,2021-01-01,105,I4166,https://bds.hcp.ma/api/v1/indicators/I4166,2026-06-22 12:26:21.708000+00:00
Casablanca,(11) RESTAURANTS ET HÔTELS,2021M2,2021-02-01,105.3,I4166,https://bds.hcp.ma/api/v1/indicators/I4166,2026-06-22 12:26:21.708000+00:00
Casablanca,(11) RESTAURANTS ET HÔTELS,2021M3,2021-03-01,105.3,I4166,https://bds.hcp.ma/api/v1/indicators/I4166,2026-06-22 12:26:21.708000+00:00
Casablanca,(11) RESTAURANTS ET HÔTELS,2021M4,2021-04-01,105.2,I4166,https://bds.hcp.ma/api/v1/indicators/I4166,2026-06-22 12:26:21.708000+00:00
Casablanca,(11) RESTAURANTS ET HÔTELS,2021M5,2021-05-01,105.2,I4166,https://bds.hcp.ma/api/v1/indicators/I4166,2026-06-22 12:26:21.708000+00:00
Casablanca,(11) RESTAURANTS ET HÔTELS,2021M6,2021-06-01,105.2,I4166,https://bds.hcp.ma/api/v1/indicators/I4166,2026-06-22 12:26:21.708000+00:00
Casablanca,(11) RESTAURANTS ET HÔTELS,2021M7,2021-07-01,105.2,I4166,https://bds.hcp.ma/api/v1/indicators/I4166,2026-06-22 12:26:21.708000+00:00
Casablanca,(11) RESTAURANTS ET HÔTELS,2021M8,2021-08-01,105.3,I4166,https://bds.hcp.ma/api/v1/indicators/I4166,2026-06-22 12:26:21.708000+00:00
Casablanca,(11) RESTAURANTS ET HÔTELS,2021M9,2021-09-01,105.3,I4166,https://bds.hcp.ma/api/v1/indicators/I4166,2026-06-22 12:26:21.708000+00:00
Casablanca,(11) RESTAURANTS ET HÔTELS,2021M10,2021-10-01,105.3,I4166,https://bds.hcp.ma/api/v1/indicators/I4166,2026-06-22 12:26:21.708000+00:00
Casablanca,(11) RESTAURANTS ET HÔTELS,2021M11,2021-11-01,105.3,I4166,https://bds.hcp.ma/api/v1/indicators/I4166,2026-06-22 12:26:21.708000+00:00
Casablanca,(11) RESTAURANTS ET HÔTELS,2021M12,2021-12-01,105.6,I4166,https://bds.hcp.ma/api/v1/indicators/I4166,2026-06-22 12:26:21.708000+00:00
Casablanca,(11) RESTAURANTS ET HÔTELS,2022M1,2022-01-01,105.6,I4166,https://bds.hcp.ma/api/v1/indicators/I4166,2026-06-22 12:26:21.708000+00:00
Casablanca,(11) RESTAURANTS ET HÔTELS,2022M2,2022-02-01,105.4,I4166,https://bds.hcp.ma/api/v1/indicators/I4166,2026-06-22 12:26:21.708000+00:00
Casablanca,(11) RESTAURANTS ET HÔTELS,2022M3,2022-03-01,105.4,I4166,https://bds.hcp.ma/api/v1/indicators/I4166,2026-06-22 12:26:21.708000+00:00
Casablanca,(11) RESTAURANTS ET HÔTELS,2022M4,2022-04-01,105.4,I4166,https://bds.hcp.ma/api/v1/indicators/I4166,2026-06-22 12:26:21.708000+00:00
Casablanca,(11) RESTAURANTS ET HÔTELS,2022M5,2022-05-01,105.5,I4166,https://bds.hcp.ma/api/v1/indicators/I4166,2026-06-22 12:26:21.708000+00:00
Casablanca,(11) RESTAURANTS ET HÔTELS,2022M6,2022-06-01,106,I4166,https://bds.hcp.ma/api/v1/indicators/I4166,2026-06-22 12:26:21.708000+00:00
Casablanca,(11) RESTAURANTS ET HÔTELS,2022M7,2022-07-01,106,I4166,https://bds.hcp.ma/api/v1/indicators/I4166,2026-06-22 12:26:21.708000+00:00
Casablanca,(11) RESTAURANTS ET HÔTELS,2022M8,2022-08-01,107.1,I4166,https://bds.hcp.ma/api/v1/indicators/I4166,2026-06-22 12:26:21.708000+00:00
Casablanca,(11) RESTAURANTS ET HÔTELS,2022M9,2022-09-01,108.2,I4166,https://bds.hcp.ma/api/v1/indicators/I4166,2026-06-22 12:26:21.708000+00:00
Casablanca,(11) RESTAURANTS ET HÔTELS,2022M10,2022-10-01,109.2,I4166,https://bds.hcp.ma/api/v1/indicators/I4166,2026-06-22 12:26:21.708000+00:00
Casablanca,(11) RESTAURANTS ET HÔTELS,2022M11,2022-11-01,109.5,I4166,https://bds.hcp.ma/api/v1/indicators/I4166,2026-06-22 12:26:21.708000+00:00
Casablanca,(11) RESTAURANTS ET HÔTELS,2022M12,2022-12-01,109.6,I4166,https://bds.hcp.ma/api/v1/indicators/I4166,2026-06-22 12:26:21.708000+00:00
Casablanca,(11) RESTAURANTS ET HÔTELS,2023M1,2023-01-01,109.7,I4166,https://bds.hcp.ma/api/v1/indicators/I4166,2026-06-22 12:26:21.708000+00:00
Casablanca,(11) RESTAURANTS ET HÔTELS,2023M2,2023-02-01,109.9,I4166,https://bds.hcp.ma/api/v1/indicators/I4166,2026-06-22 12:26:21.708000+00:00
Casablanca,(11) RESTAURANTS ET HÔTELS,2023M3,2023-03-01,109.9,I4166,https://bds.hcp.ma/api/v1/indicators/I4166,2026-06-22 12:26:21.708000+00:00
Casablanca,(11) RESTAURANTS ET HÔTELS,2023M4,2023-04-01,109.8,I4166,https://bds.hcp.ma/api/v1/indicators/I4166,2026-06-22 12:26:21.708000+00:00
Casablanca,(11) RESTAURANTS ET HÔTELS,2023M5,2023-05-01,111.1,I4166,https://bds.hcp.ma/api/v1/indicators/I4166,2026-06-22 12:26:21.708000+00:00
Casablanca,(11) RESTAURANTS ET HÔTELS,2023M6,2023-06-01,111.8,I4166,https://bds.hcp.ma/api/v1/indicators/I4166,2026-06-22 12:26:21.708000+00:00
Casablanca,(11) RESTAURANTS ET HÔTELS,2023M7,2023-07-01,112.4,I4166,https://bds.hcp.ma/api/v1/indicators/I4166,2026-06-22 12:26:21.708000+00:00
Casablanca,(11) RESTAURANTS ET HÔTELS,2023M8,2023-08-01,113.3,I4166,https://bds.hcp.ma/api/v1/indicators/I4166,2026-06-22 12:26:21.708000+00:00
Casablanca,(11) RESTAURANTS ET HÔTELS,2023M9,2023-09-01,113.3,I4166,https://bds.hcp.ma/api/v1/indicators/I4166,2026-06-22 12:26:21.708000+00:00
Casablanca,(11) RESTAURANTS ET HÔTELS,2023M10,2023-10-01,113.9,I4166,https://bds.hcp.ma/api/v1/indicators/I4166,2026-06-22 12:26:21.708000+00:00
Casablanca,(11) RESTAURANTS ET HÔTELS,2023M11,2023-11-01,113.9,I4166,https://bds.hcp.ma/api/v1/indicators/I4166,2026-06-22 12:26:21.708000+00:00
Casablanca,(11) RESTAURANTS ET HÔTELS,2023M12,2023-12-01,113.8,I4166,https://bds.hcp.ma/api/v1/indicators/I4166,2026-06-22 12:26:21.708000+00:00
Casablanca,(11) RESTAURANTS ET HÔTELS,2024M1,2024-01-01,114.6,I4166,https://bds.hcp.ma/api/v1/indicators/I4166,2026-06-22 12:26:21.708000+00:00
Casablanca,(11) RESTAURANTS ET HÔTELS,2024M2,2024-02-01,114.8,I4166,https://bds.hcp.ma/api/v1/indicators/I4166,2026-06-22 12:26:21.708000+00:00
Casablanca,(11) RESTAURANTS ET HÔTELS,2024M3,2024-03-01,114.8,I4166,https://bds.hcp.ma/api/v1/indicators/I4166,2026-06-22 12:26:21.708000+00:00
Casablanca,(11) RESTAURANTS ET HÔTELS,2024M4,2024-04-01,114.6,I4166,https://bds.hcp.ma/api/v1/indicators/I4166,2026-06-22 12:26:21.708000+00:00
Casablanca,(11) RESTAURANTS ET HÔTELS,2024M5,2024-05-01,116.2,I4166,https://bds.hcp.ma/api/v1/indicators/I4166,2026-06-22 12:26:21.708000+00:00
Casablanca,(11) RESTAURANTS ET HÔTELS,2024M6,2024-06-01,117.5,I4166,https://bds.hcp.ma/api/v1/indicators/I4166,2026-06-22 12:26:21.708000+00:00
Casablanca,(11) RESTAURANTS ET HÔTELS,2024M7,2024-07-01,117.6,I4166,https://bds.hcp.ma/api/v1/indicators/I4166,2026-06-22 12:26:21.708000+00:00
Casablanca,(11) RESTAURANTS ET HÔTELS,2024M8,2024-08-01,120.2,I4166,https://bds.hcp.ma/api/v1/indicators/I4166,2026-06-22 12:26:21.708000+00:00
Casablanca,(11) RESTAURANTS ET HÔTELS,2024M9,2024-09-01,120.2,I4166,https://bds.hcp.ma/api/v1/indicators/I4166,2026-06-22 12:26:21.708000+00:00
Casablanca,(11) RESTAURANTS ET HÔTELS,2024M10,2024-10-01,120.6,I4166,https://bds.hcp.ma/api/v1/indicators/I4166,2026-06-22 12:26:21.708000+00:00
Casablanca,(11) RESTAURANTS ET HÔTELS,2024M11,2024-11-01,120.6,I4166,https://bds.hcp.ma/api/v1/indicators/I4166,2026-06-22 12:26:21.708000+00:00
Casablanca,(11) RESTAURANTS ET HÔTELS,2024M12,2024-12-01,120.4,I4166,https://bds.hcp.ma/api/v1/indicators/I4166,2026-06-22 12:26:21.708000+00:00
Casablanca,(11) RESTAURANTS ET HÔTELS,2025M1,2025-01-01,120.7,I4166,https://bds.hcp.ma/api/v1/indicators/I4166,2026-06-22 12:26:21.708000+00:00
Casablanca,(11) RESTAURANTS ET HÔTELS,2025M2,2025-02-01,120.7,I4166,https://bds.hcp.ma/api/v1/indicators/I4166,2026-06-22 12:26:21.708000+00:00
Casablanca,(11) RESTAURANTS ET HÔTELS,2025M3,2025-03-01,120.7,I4166,https://bds.hcp.ma/api/v1/indicators/I4166,2026-06-22 12:26:21.708000+00:00
Casablanca,(11) RESTAURANTS ET HÔTELS,2025M4,2025-04-01,120.7,I4166,https://bds.hcp.ma/api/v1/indicators/I4166,2026-06-22 12:26:21.708000+00:00
Casablanca,(11) RESTAURANTS ET HÔTELS,2025M5,2025-05-01,121.4,I4166,https://bds.hcp.ma/api/v1/indicators/I4166,2026-06-22 12:26:21.708000+00:00
Casablanca,(11) RESTAURANTS ET HÔTELS,2025M6,2025-06-01,121.9,I4166,https://bds.hcp.ma/api/v1/indicators/I4166,2026-06-22 12:26:21.708000+00:00
Casablanca,(11) RESTAURANTS ET HÔTELS,2025M7,2025-07-01,121.9,I4166,https://bds.hcp.ma/api/v1/indicators/I4166,2026-06-22 12:26:21.708000+00:00
Casablanca,(11) RESTAURANTS ET HÔTELS,2025M8,2025-08-01,121.9,I4166,https://bds.hcp.ma/api/v1/indicators/I4166,2026-06-22 12:26:21.708000+00:00
Casablanca,(11) RESTAURANTS ET HÔTELS,2025M9,2025-09-01,121.9,I4166,https://bds.hcp.ma/api/v1/indicators/I4166,2026-06-22 12:26:21.708000+00:00
Casablanca,(11) RESTAURANTS ET HÔTELS,2025M10,2025-10-01,122.0,I4166,https://bds.hcp.ma/api/v1/indicators/I4166,2026-06-22 12:26:21.708000+00:00
Casablanca,(11) RESTAURANTS ET HÔTELS,2025M11,2025-11-01,122.0,I4166,https://bds.hcp.ma/api/v1/indicators/I4166,2026-06-22 12:26:21.708000+00:00
Casablanca,(11) RESTAURANTS ET HÔTELS,2025M12,2025-12-01,122.2,I4166,https://bds.hcp.ma/api/v1/indicators/I4166,2026-06-22 12:26:21.708000+00:00
Casablanca,(11) RESTAURANTS ET HÔTELS,2026M1,2026-01-01,122.2,I4166,https://bds.hcp.ma/api/v1/indicators/I4166,2026-06-22 12:26:21.708000+00:00
Casablanca,(11) RESTAURANTS ET HÔTELS,2026M2,2026-02-01,122.0,I4166,https://bds.hcp.ma/api/v1/indicators/I4166,2026-06-22 12:26:21.708000+00:00
Casablanca,(11) RESTAURANTS ET HÔTELS,2026M3,2026-03-01,122.0,I4166,https://bds.hcp.ma/api/v1/indicators/I4166,2026-06-22 12:26:21.708000+00:00
Casablanca,(12) BIENS ET SERVICES DIVERS,2017M1,2017-01-01,99.9,I4166,https://bds.hcp.ma/api/v1/indicators/I4166,2026-06-22 12:26:21.708000+00:00
Casablanca,(12) BIENS ET SERVICES DIVERS,2017M2,2017-02-01,99.9,I4166,https://bds.hcp.ma/api/v1/indicators/I4166,2026-06-22 12:26:21.708000+00:00
Casablanca,(12) BIENS ET SERVICES DIVERS,2017M3,2017-03-01,99.9,I4166,https://bds.hcp.ma/api/v1/indicators/I4166,2026-06-22 12:26:21.708000+00:00
Casablanca,(12) BIENS ET SERVICES DIVERS,2017M4,2017-04-01,100,I4166,https://bds.hcp.ma/api/v1/indicators/I4166,2026-06-22 12:26:21.708000+00:00
Casablanca,(12) BIENS ET SERVICES DIVERS,2017M5,2017-05-01,100,I4166,https://bds.hcp.ma/api/v1/indicators/I4166,2026-06-22 12:26:21.708000+00:00
Casablanca,(12) BIENS ET SERVICES DIVERS,2017M6,2017-06-01,100,I4166,https://bds.hcp.ma/api/v1/indicators/I4166,2026-06-22 12:26:21.708000+00:00
Casablanca,(12) BIENS ET SERVICES DIVERS,2017M7,2017-07-01,100.1,I4166,https://bds.hcp.ma/api/v1/indicators/I4166,2026-06-22 12:26:21.708000+00:00
Casablanca,(12) BIENS ET SERVICES DIVERS,2017M8,2017-08-01,99.9,I4166,https://bds.hcp.ma/api/v1/indicators/I4166,2026-06-22 12:26:21.708000+00:00
Casablanca,(12) BIENS ET SERVICES DIVERS,2017M9,2017-09-01,100.1,I4166,https://bds.hcp.ma/api/v1/indicators/I4166,2026-06-22 12:26:21.708000+00:00
Casablanca,(12) BIENS ET SERVICES DIVERS,2017M10,2017-10-01,100.1,I4166,https://bds.hcp.ma/api/v1/indicators/I4166,2026-06-22 12:26:21.708000+00:00
Casablanca,(12) BIENS ET SERVICES DIVERS,2017M11,2017-11-01,100,I4166,https://bds.hcp.ma/api/v1/indicators/I4166,2026-06-22 12:26:21.708000+00:00
Casablanca,(12) BIENS ET SERVICES DIVERS,2017M12,2017-12-01,100,I4166,https://bds.hcp.ma/api/v1/indicators/I4166,2026-06-22 12:26:21.708000+00:00
Casablanca,(12) BIENS ET SERVICES DIVERS,2018M1,2018-01-01,102.7,I4166,https://bds.hcp.ma/api/v1/indicators/I4166,2026-06-22 12:26:21.708000+00:00
Casablanca,(12) BIENS ET SERVICES DIVERS,2018M2,2018-02-01,102.7,I4166,https://bds.hcp.ma/api/v1/indicators/I4166,2026-06-22 12:26:21.708000+00:00
Casablanca,(12) BIENS ET SERVICES DIVERS,2018M3,2018-03-01,102.7,I4166,https://bds.hcp.ma/api/v1/indicators/I4166,2026-06-22 12:26:21.708000+00:00
Casablanca,(12) BIENS ET SERVICES DIVERS,2018M4,2018-04-01,102.9,I4166,https://bds.hcp.ma/api/v1/indicators/I4166,2026-06-22 12:26:21.708000+00:00
Casablanca,(12) BIENS ET SERVICES DIVERS,2018M5,2018-05-01,102.9,I4166,https://bds.hcp.ma/api/v1/indicators/I4166,2026-06-22 12:26:21.708000+00:00
Casablanca,(12) BIENS ET SERVICES DIVERS,2018M6,2018-06-01,102.7,I4166,https://bds.hcp.ma/api/v1/indicators/I4166,2026-06-22 12:26:21.708000+00:00
Casablanca,(12) BIENS ET SERVICES DIVERS,2018M7,2018-07-01,102.8,I4166,https://bds.hcp.ma/api/v1/indicators/I4166,2026-06-22 12:26:21.708000+00:00
Casablanca,(12) BIENS ET SERVICES DIVERS,2018M8,2018-08-01,102.9,I4166,https://bds.hcp.ma/api/v1/indicators/I4166,2026-06-22 12:26:21.708000+00:00
Casablanca,(12) BIENS ET SERVICES DIVERS,2018M9,2018-09-01,102.9,I4166,https://bds.hcp.ma/api/v1/indicators/I4166,2026-06-22 12:26:21.708000+00:00
Casablanca,(12) BIENS ET SERVICES DIVERS,2018M10,2018-10-01,102.8,I4166,https://bds.hcp.ma/api/v1/indicators/I4166,2026-06-22 12:26:21.708000+00:00
Casablanca,(12) BIENS ET SERVICES DIVERS,2018M11,2018-11-01,102.7,I4166,https://bds.hcp.ma/api/v1/indicators/I4166,2026-06-22 12:26:21.708000+00:00
Casablanca,(12) BIENS ET SERVICES DIVERS,2018M12,2018-12-01,102.9,I4166,https://bds.hcp.ma/api/v1/indicators/I4166,2026-06-22 12:26:21.708000+00:00
Casablanca,(12) BIENS ET SERVICES DIVERS,2019M1,2019-01-01,103.1,I4166,https://bds.hcp.ma/api/v1/indicators/I4166,2026-06-22 12:26:21.708000+00:00
Casablanca,(12) BIENS ET SERVICES DIVERS,2019M2,2019-02-01,103.2,I4166,https://bds.hcp.ma/api/v1/indicators/I4166,2026-06-22 12:26:21.708000+00:00
Casablanca,(12) BIENS ET SERVICES DIVERS,2019M3,2019-03-01,103.4,I4166,https://bds.hcp.ma/api/v1/indicators/I4166,2026-06-22 12:26:21.708000+00:00
Casablanca,(12) BIENS ET SERVICES DIVERS,2019M4,2019-04-01,103.2,I4166,https://bds.hcp.ma/api/v1/indicators/I4166,2026-06-22 12:26:21.708000+00:00
Casablanca,(12) BIENS ET SERVICES DIVERS,2019M5,2019-05-01,103.1,I4166,https://bds.hcp.ma/api/v1/indicators/I4166,2026-06-22 12:26:21.708000+00:00
Casablanca,(12) BIENS ET SERVICES DIVERS,2019M6,2019-06-01,103,I4166,https://bds.hcp.ma/api/v1/indicators/I4166,2026-06-22 12:26:21.708000+00:00
Casablanca,(12) BIENS ET SERVICES DIVERS,2019M7,2019-07-01,103,I4166,https://bds.hcp.ma/api/v1/indicators/I4166,2026-06-22 12:26:21.708000+00:00
Casablanca,(12) BIENS ET SERVICES DIVERS,2019M8,2019-08-01,103.3,I4166,https://bds.hcp.ma/api/v1/indicators/I4166,2026-06-22 12:26:21.708000+00:00
Casablanca,(12) BIENS ET SERVICES DIVERS,2019M9,2019-09-01,103.1,I4166,https://bds.hcp.ma/api/v1/indicators/I4166,2026-06-22 12:26:21.708000+00:00
Casablanca,(12) BIENS ET SERVICES DIVERS,2019M10,2019-10-01,102.9,I4166,https://bds.hcp.ma/api/v1/indicators/I4166,2026-06-22 12:26:21.708000+00:00
Casablanca,(12) BIENS ET SERVICES DIVERS,2019M11,2019-11-01,103.1,I4166,https://bds.hcp.ma/api/v1/indicators/I4166,2026-06-22 12:26:21.708000+00:00
Casablanca,(12) BIENS ET SERVICES DIVERS,2019M12,2019-12-01,103.1,I4166,https://bds.hcp.ma/api/v1/indicators/I4166,2026-06-22 12:26:21.708000+00:00
Casablanca,(12) BIENS ET SERVICES DIVERS,2020M1,2020-01-01,103.9,I4166,https://bds.hcp.ma/api/v1/indicators/I4166,2026-06-22 12:26:21.708000+00:00
Casablanca,(12) BIENS ET SERVICES DIVERS,2020M2,2020-02-01,103.8,I4166,https://bds.hcp.ma/api/v1/indicators/I4166,2026-06-22 12:26:21.708000+00:00
Casablanca,(12) BIENS ET SERVICES DIVERS,2020M3,2020-03-01,103.8,I4166,https://bds.hcp.ma/api/v1/indicators/I4166,2026-06-22 12:26:21.708000+00:00
Casablanca,(12) BIENS ET SERVICES DIVERS,2020M4,2020-04-01,104,I4166,https://bds.hcp.ma/api/v1/indicators/I4166,2026-06-22 12:26:21.708000+00:00
Casablanca,(12) BIENS ET SERVICES DIVERS,2020M5,2020-05-01,104,I4166,https://bds.hcp.ma/api/v1/indicators/I4166,2026-06-22 12:26:21.708000+00:00
Casablanca,(12) BIENS ET SERVICES DIVERS,2020M6,2020-06-01,104.1,I4166,https://bds.hcp.ma/api/v1/indicators/I4166,2026-06-22 12:26:21.708000+00:00
Casablanca,(12) BIENS ET SERVICES DIVERS,2020M7,2020-07-01,104.6,I4166,https://bds.hcp.ma/api/v1/indicators/I4166,2026-06-22 12:26:21.708000+00:00
Casablanca,(12) BIENS ET SERVICES DIVERS,2020M8,2020-08-01,104.8,I4166,https://bds.hcp.ma/api/v1/indicators/I4166,2026-06-22 12:26:21.708000+00:00
Casablanca,(12) BIENS ET SERVICES DIVERS,2020M9,2020-09-01,104.7,I4166,https://bds.hcp.ma/api/v1/indicators/I4166,2026-06-22 12:26:21.708000+00:00
Casablanca,(12) BIENS ET SERVICES DIVERS,2020M10,2020-10-01,104.6,I4166,https://bds.hcp.ma/api/v1/indicators/I4166,2026-06-22 12:26:21.708000+00:00
Casablanca,(12) BIENS ET SERVICES DIVERS,2020M11,2020-11-01,104.8,I4166,https://bds.hcp.ma/api/v1/indicators/I4166,2026-06-22 12:26:21.708000+00:00
Casablanca,(12) BIENS ET SERVICES DIVERS,2020M12,2020-12-01,104.5,I4166,https://bds.hcp.ma/api/v1/indicators/I4166,2026-06-22 12:26:21.708000+00:00
Casablanca,(12) BIENS ET SERVICES DIVERS,2021M1,2021-01-01,105,I4166,https://bds.hcp.ma/api/v1/indicators/I4166,2026-06-22 12:26:21.708000+00:00
Casablanca,(12) BIENS ET SERVICES DIVERS,2021M2,2021-02-01,105.1,I4166,https://bds.hcp.ma/api/v1/indicators/I4166,2026-06-22 12:26:21.708000+00:00
Casablanca,(12) BIENS ET SERVICES DIVERS,2021M3,2021-03-01,105,I4166,https://bds.hcp.ma/api/v1/indicators/I4166,2026-06-22 12:26:21.708000+00:00
Casablanca,(12) BIENS ET SERVICES DIVERS,2021M4,2021-04-01,106.9,I4166,https://bds.hcp.ma/api/v1/indicators/I4166,2026-06-22 12:26:21.708000+00:00
Casablanca,(12) BIENS ET SERVICES DIVERS,2021M5,2021-05-01,107.1,I4166,https://bds.hcp.ma/api/v1/indicators/I4166,2026-06-22 12:26:21.708000+00:00
Casablanca,(12) BIENS ET SERVICES DIVERS,2021M6,2021-06-01,106.9,I4166,https://bds.hcp.ma/api/v1/indicators/I4166,2026-06-22 12:26:21.708000+00:00
Casablanca,(12) BIENS ET SERVICES DIVERS,2021M7,2021-07-01,111.9,I4166,https://bds.hcp.ma/api/v1/indicators/I4166,2026-06-22 12:26:21.708000+00:00
Casablanca,(12) BIENS ET SERVICES DIVERS,2021M8,2021-08-01,111.9,I4166,https://bds.hcp.ma/api/v1/indicators/I4166,2026-06-22 12:26:21.708000+00:00
Casablanca,(12) BIENS ET SERVICES DIVERS,2021M9,2021-09-01,111.9,I4166,https://bds.hcp.ma/api/v1/indicators/I4166,2026-06-22 12:26:21.708000+00:00
Casablanca,(12) BIENS ET SERVICES DIVERS,2021M10,2021-10-01,115.1,I4166,https://bds.hcp.ma/api/v1/indicators/I4166,2026-06-22 12:26:21.708000+00:00
Casablanca,(12) BIENS ET SERVICES DIVERS,2021M11,2021-11-01,115.3,I4166,https://bds.hcp.ma/api/v1/indicators/I4166,2026-06-22 12:26:21.708000+00:00
Casablanca,(12) BIENS ET SERVICES DIVERS,2021M12,2021-12-01,115,I4166,https://bds.hcp.ma/api/v1/indicators/I4166,2026-06-22 12:26:21.708000+00:00
Casablanca,(12) BIENS ET SERVICES DIVERS,2022M1,2022-01-01,115.2,I4166,https://bds.hcp.ma/api/v1/indicators/I4166,2026-06-22 12:26:21.708000+00:00
Casablanca,(12) BIENS ET SERVICES DIVERS,2022M2,2022-02-01,115.4,I4166,https://bds.hcp.ma/api/v1/indicators/I4166,2026-06-22 12:26:21.708000+00:00
Casablanca,(12) BIENS ET SERVICES DIVERS,2022M3,2022-03-01,115.3,I4166,https://bds.hcp.ma/api/v1/indicators/I4166,2026-06-22 12:26:21.708000+00:00
Casablanca,(12) BIENS ET SERVICES DIVERS,2022M4,2022-04-01,115.6,I4166,https://bds.hcp.ma/api/v1/indicators/I4166,2026-06-22 12:26:21.708000+00:00
Casablanca,(12) BIENS ET SERVICES DIVERS,2022M5,2022-05-01,115.8,I4166,https://bds.hcp.ma/api/v1/indicators/I4166,2026-06-22 12:26:21.708000+00:00
Casablanca,(12) BIENS ET SERVICES DIVERS,2022M6,2022-06-01,115.6,I4166,https://bds.hcp.ma/api/v1/indicators/I4166,2026-06-22 12:26:21.708000+00:00
Casablanca,(12) BIENS ET SERVICES DIVERS,2022M7,2022-07-01,115.9,I4166,https://bds.hcp.ma/api/v1/indicators/I4166,2026-06-22 12:26:21.708000+00:00
Casablanca,(12) BIENS ET SERVICES DIVERS,2022M8,2022-08-01,115.8,I4166,https://bds.hcp.ma/api/v1/indicators/I4166,2026-06-22 12:26:21.708000+00:00
Casablanca,(12) BIENS ET SERVICES DIVERS,2022M9,2022-09-01,116.6,I4166,https://bds.hcp.ma/api/v1/indicators/I4166,2026-06-22 12:26:21.708000+00:00
Casablanca,(12) BIENS ET SERVICES DIVERS,2022M10,2022-10-01,116.5,I4166,https://bds.hcp.ma/api/v1/indicators/I4166,2026-06-22 12:26:21.708000+00:00
Casablanca,(12) BIENS ET SERVICES DIVERS,2022M11,2022-11-01,116.6,I4166,https://bds.hcp.ma/api/v1/indicators/I4166,2026-06-22 12:26:21.708000+00:00
Casablanca,(12) BIENS ET SERVICES DIVERS,2022M12,2022-12-01,116.6,I4166,https://bds.hcp.ma/api/v1/indicators/I4166,2026-06-22 12:26:21.708000+00:00
Casablanca,(12) BIENS ET SERVICES DIVERS,2023M1,2023-01-01,116.6,I4166,https://bds.hcp.ma/api/v1/indicators/I4166,2026-06-22 12:26:21.708000+00:00
Casablanca,(12) BIENS ET SERVICES DIVERS,2023M2,2023-02-01,116.8,I4166,https://bds.hcp.ma/api/v1/indicators/I4166,2026-06-22 12:26:21.708000+00:00
Casablanca,(12) BIENS ET SERVICES DIVERS,2023M3,2023-03-01,116.8,I4166,https://bds.hcp.ma/api/v1/indicators/I4166,2026-06-22 12:26:21.708000+00:00
Casablanca,(12) BIENS ET SERVICES DIVERS,2023M4,2023-04-01,116.9,I4166,https://bds.hcp.ma/api/v1/indicators/I4166,2026-06-22 12:26:21.708000+00:00
Casablanca,(12) BIENS ET SERVICES DIVERS,2023M5,2023-05-01,117,I4166,https://bds.hcp.ma/api/v1/indicators/I4166,2026-06-22 12:26:21.708000+00:00
Casablanca,(12) BIENS ET SERVICES DIVERS,2023M6,2023-06-01,117.2,I4166,https://bds.hcp.ma/api/v1/indicators/I4166,2026-06-22 12:26:21.708000+00:00
Casablanca,(12) BIENS ET SERVICES DIVERS,2023M7,2023-07-01,117.3,I4166,https://bds.hcp.ma/api/v1/indicators/I4166,2026-06-22 12:26:21.708000+00:00
Casablanca,(12) BIENS ET SERVICES DIVERS,2023M8,2023-08-01,117.3,I4166,https://bds.hcp.ma/api/v1/indicators/I4166,2026-06-22 12:26:21.708000+00:00
Casablanca,(12) BIENS ET SERVICES DIVERS,2023M9,2023-09-01,117.4,I4166,https://bds.hcp.ma/api/v1/indicators/I4166,2026-06-22 12:26:21.708000+00:00
Casablanca,(12) BIENS ET SERVICES DIVERS,2023M10,2023-10-01,117.4,I4166,https://bds.hcp.ma/api/v1/indicators/I4166,2026-06-22 12:26:21.708000+00:00
Casablanca,(12) BIENS ET SERVICES DIVERS,2023M11,2023-11-01,117.6,I4166,https://bds.hcp.ma/api/v1/indicators/I4166,2026-06-22 12:26:21.708000+00:00
Casablanca,(12) BIENS ET SERVICES DIVERS,2023M12,2023-12-01,117.6,I4166,https://bds.hcp.ma/api/v1/indicators/I4166,2026-06-22 12:26:21.708000+00:00
Casablanca,(12) BIENS ET SERVICES DIVERS,2024M1,2024-01-01,117.8,I4166,https://bds.hcp.ma/api/v1/indicators/I4166,2026-06-22 12:26:21.708000+00:00
Casablanca,(12) BIENS ET SERVICES DIVERS,2024M2,2024-02-01,117.9,I4166,https://bds.hcp.ma/api/v1/indicators/I4166,2026-06-22 12:26:21.708000+00:00
Casablanca,(12) BIENS ET SERVICES DIVERS,2024M3,2024-03-01,117.9,I4166,https://bds.hcp.ma/api/v1/indicators/I4166,2026-06-22 12:26:21.708000+00:00
Casablanca,(12) BIENS ET SERVICES DIVERS,2024M4,2024-04-01,118.3,I4166,https://bds.hcp.ma/api/v1/indicators/I4166,2026-06-22 12:26:21.708000+00:00
Casablanca,(12) BIENS ET SERVICES DIVERS,2024M5,2024-05-01,118.3,I4166,https://bds.hcp.ma/api/v1/indicators/I4166,2026-06-22 12:26:21.708000+00:00
Casablanca,(12) BIENS ET SERVICES DIVERS,2024M6,2024-06-01,118.7,I4166,https://bds.hcp.ma/api/v1/indicators/I4166,2026-06-22 12:26:21.708000+00:00
Casablanca,(12) BIENS ET SERVICES DIVERS,2024M7,2024-07-01,118.7,I4166,https://bds.hcp.ma/api/v1/indicators/I4166,2026-06-22 12:26:21.708000+00:00
Casablanca,(12) BIENS ET SERVICES DIVERS,2024M8,2024-08-01,118.7,I4166,https://bds.hcp.ma/api/v1/indicators/I4166,2026-06-22 12:26:21.708000+00:00
Casablanca,(12) BIENS ET SERVICES DIVERS,2024M9,2024-09-01,118.8,I4166,https://bds.hcp.ma/api/v1/indicators/I4166,2026-06-22 12:26:21.708000+00:00
Casablanca,(12) BIENS ET SERVICES DIVERS,2024M10,2024-10-01,119,I4166,https://bds.hcp.ma/api/v1/indicators/I4166,2026-06-22 12:26:21.708000+00:00
Casablanca,(12) BIENS ET SERVICES DIVERS,2024M11,2024-11-01,119.1,I4166,https://bds.hcp.ma/api/v1/indicators/I4166,2026-06-22 12:26:21.708000+00:00
Casablanca,(12) BIENS ET SERVICES DIVERS,2024M12,2024-12-01,119.3,I4166,https://bds.hcp.ma/api/v1/indicators/I4166,2026-06-22 12:26:21.708000+00:00
Casablanca,(12) BIENS ET SERVICES DIVERS,2025M1,2025-01-01,119.3,I4166,https://bds.hcp.ma/api/v1/indicators/I4166,2026-06-22 12:26:21.708000+00:00
Casablanca,(12) BIENS ET SERVICES DIVERS,2025M2,2025-02-01,119.3,I4166,https://bds.hcp.ma/api/v1/indicators/I4166,2026-06-22 12:26:21.708000+00:00
Casablanca,(12) BIENS ET SERVICES DIVERS,2025M3,2025-03-01,119.5,I4166,https://bds.hcp.ma/api/v1/indicators/I4166,2026-06-22 12:26:21.708000+00:00
Casablanca,(12) BIENS ET SERVICES DIVERS,2025M4,2025-04-01,119.8,I4166,https://bds.hcp.ma/api/v1/indicators/I4166,2026-06-22 12:26:21.708000+00:00
Casablanca,(12) BIENS ET SERVICES DIVERS,2025M5,2025-05-01,119.6,I4166,https://bds.hcp.ma/api/v1/indicators/I4166,2026-06-22 12:26:21.708000+00:00
Casablanca,(12) BIENS ET SERVICES DIVERS,2025M6,2025-06-01,119.9,I4166,https://bds.hcp.ma/api/v1/indicators/I4166,2026-06-22 12:26:21.708000+00:00
Casablanca,(12) BIENS ET SERVICES DIVERS,2025M7,2025-07-01,120.2,I4166,https://bds.hcp.ma/api/v1/indicators/I4166,2026-06-22 12:26:21.708000+00:00
Casablanca,(12) BIENS ET SERVICES DIVERS,2025M8,2025-08-01,120.3,I4166,https://bds.hcp.ma/api/v1/indicators/I4166,2026-06-22 12:26:21.708000+00:00
Casablanca,(12) BIENS ET SERVICES DIVERS,2025M9,2025-09-01,120.4,I4166,https://bds.hcp.ma/api/v1/indicators/I4166,2026-06-22 12:26:21.708000+00:00
Casablanca,(12) BIENS ET SERVICES DIVERS,2025M10,2025-10-01,120.3,I4166,https://bds.hcp.ma/api/v1/indicators/I4166,2026-06-22 12:26:21.708000+00:00
Casablanca,(12) BIENS ET SERVICES DIVERS,2025M11,2025-11-01,120.5,I4166,https://bds.hcp.ma/api/v1/indicators/I4166,2026-06-22 12:26:21.708000+00:00
Casablanca,(12) BIENS ET SERVICES DIVERS,2025M12,2025-12-01,120.6,I4166,https://bds.hcp.ma/api/v1/indicators/I4166,2026-06-22 12:26:21.708000+00:00
Casablanca,(12) BIENS ET SERVICES DIVERS,2026M1,2026-01-01,121.2,I4166,https://bds.hcp.ma/api/v1/indicators/I4166,2026-06-22 12:26:21.708000+00:00
Casablanca,(12) BIENS ET SERVICES DIVERS,2026M2,2026-02-01,121.7,I4166,https://bds.hcp.ma/api/v1/indicators/I4166,2026-06-22 12:26:21.708000+00:00
Casablanca,(12) BIENS ET SERVICES DIVERS,2026M3,2026-03-01,121.7,I4166,https://bds.hcp.ma/api/v1/indicators/I4166,2026-06-22 12:26:21.708000+00:00
Casablanca,(GR) GENERAL,2017M1,2017-01-01,99.6,I4166,https://bds.hcp.ma/api/v1/indicators/I4166,2026-06-22 12:26:21.708000+00:00
Casablanca,(GR) GENERAL,2017M2,2017-02-01,99.9,I4166,https://bds.hcp.ma/api/v1/indicators/I4166,2026-06-22 12:26:21.708000+00:00
Casablanca,(GR) GENERAL,2017M3,2017-03-01,99.5,I4166,https://bds.hcp.ma/api/v1/indicators/I4166,2026-06-22 12:26:21.708000+00:00
Casablanca,(GR) GENERAL,2017M4,2017-04-01,99.3,I4166,https://bds.hcp.ma/api/v1/indicators/I4166,2026-06-22 12:26:21.708000+00:00
Casablanca,(GR) GENERAL,2017M5,2017-05-01,99.6,I4166,https://bds.hcp.ma/api/v1/indicators/I4166,2026-06-22 12:26:21.708000+00:00
Casablanca,(GR) GENERAL,2017M6,2017-06-01,100.2,I4166,https://bds.hcp.ma/api/v1/indicators/I4166,2026-06-22 12:26:21.708000+00:00
Casablanca,(GR) GENERAL,2017M7,2017-07-01,99.5,I4166,https://bds.hcp.ma/api/v1/indicators/I4166,2026-06-22 12:26:21.708000+00:00
Casablanca,(GR) GENERAL,2017M8,2017-08-01,99.8,I4166,https://bds.hcp.ma/api/v1/indicators/I4166,2026-06-22 12:26:21.708000+00:00
Casablanca,(GR) GENERAL,2017M9,2017-09-01,100.6,I4166,https://bds.hcp.ma/api/v1/indicators/I4166,2026-06-22 12:26:21.708000+00:00
Casablanca,(GR) GENERAL,2017M10,2017-10-01,100.2,I4166,https://bds.hcp.ma/api/v1/indicators/I4166,2026-06-22 12:26:21.708000+00:00
Casablanca,(GR) GENERAL,2017M11,2017-11-01,100.8,I4166,https://bds.hcp.ma/api/v1/indicators/I4166,2026-06-22 12:26:21.708000+00:00
Casablanca,(GR) GENERAL,2017M12,2017-12-01,101,I4166,https://bds.hcp.ma/api/v1/indicators/I4166,2026-06-22 12:26:21.708000+00:00
Casablanca,(GR) GENERAL,2018M1,2018-01-01,101.4,I4166,https://bds.hcp.ma/api/v1/indicators/I4166,2026-06-22 12:26:21.708000+00:00
Casablanca,(GR) GENERAL,2018M2,2018-02-01,100.9,I4166,https://bds.hcp.ma/api/v1/indicators/I4166,2026-06-22 12:26:21.708000+00:00
Casablanca,(GR) GENERAL,2018M3,2018-03-01,100.9,I4166,https://bds.hcp.ma/api/v1/indicators/I4166,2026-06-22 12:26:21.708000+00:00
Casablanca,(GR) GENERAL,2018M4,2018-04-01,101.2,I4166,https://bds.hcp.ma/api/v1/indicators/I4166,2026-06-22 12:26:21.708000+00:00
Casablanca,(GR) GENERAL,2018M5,2018-05-01,102,I4166,https://bds.hcp.ma/api/v1/indicators/I4166,2026-06-22 12:26:21.708000+00:00
Casablanca,(GR) GENERAL,2018M6,2018-06-01,102.3,I4166,https://bds.hcp.ma/api/v1/indicators/I4166,2026-06-22 12:26:21.708000+00:00
Casablanca,(GR) GENERAL,2018M7,2018-07-01,101.5,I4166,https://bds.hcp.ma/api/v1/indicators/I4166,2026-06-22 12:26:21.708000+00:00
Casablanca,(GR) GENERAL,2018M8,2018-08-01,101.4,I4166,https://bds.hcp.ma/api/v1/indicators/I4166,2026-06-22 12:26:21.708000+00:00
Casablanca,(GR) GENERAL,2018M9,2018-09-01,102.1,I4166,https://bds.hcp.ma/api/v1/indicators/I4166,2026-06-22 12:26:21.708000+00:00
Casablanca,(GR) GENERAL,2018M10,2018-10-01,102.1,I4166,https://bds.hcp.ma/api/v1/indicators/I4166,2026-06-22 12:26:21.708000+00:00
Casablanca,(GR) GENERAL,2018M11,2018-11-01,102.8,I4166,https://bds.hcp.ma/api/v1/indicators/I4166,2026-06-22 12:26:21.708000+00:00
Casablanca,(GR) GENERAL,2018M12,2018-12-01,101.9,I4166,https://bds.hcp.ma/api/v1/indicators/I4166,2026-06-22 12:26:21.708000+00:00
Casablanca,(GR) GENERAL,2019M1,2019-01-01,101.3,I4166,https://bds.hcp.ma/api/v1/indicators/I4166,2026-06-22 12:26:21.708000+00:00
Casablanca,(GR) GENERAL,2019M2,2019-02-01,101.3,I4166,https://bds.hcp.ma/api/v1/indicators/I4166,2026-06-22 12:26:21.708000+00:00
Casablanca,(GR) GENERAL,2019M3,2019-03-01,101.1,I4166,https://bds.hcp.ma/api/v1/indicators/I4166,2026-06-22 12:26:21.708000+00:00
Casablanca,(GR) GENERAL,2019M4,2019-04-01,101.3,I4166,https://bds.hcp.ma/api/v1/indicators/I4166,2026-06-22 12:26:21.708000+00:00
Casablanca,(GR) GENERAL,2019M5,2019-05-01,102.5,I4166,https://bds.hcp.ma/api/v1/indicators/I4166,2026-06-22 12:26:21.708000+00:00
Casablanca,(GR) GENERAL,2019M6,2019-06-01,102.7,I4166,https://bds.hcp.ma/api/v1/indicators/I4166,2026-06-22 12:26:21.708000+00:00
Casablanca,(GR) GENERAL,2019M7,2019-07-01,102.2,I4166,https://bds.hcp.ma/api/v1/indicators/I4166,2026-06-22 12:26:21.708000+00:00
Casablanca,(GR) GENERAL,2019M8,2019-08-01,102.4,I4166,https://bds.hcp.ma/api/v1/indicators/I4166,2026-06-22 12:26:21.708000+00:00
Casablanca,(GR) GENERAL,2019M9,2019-09-01,102.3,I4166,https://bds.hcp.ma/api/v1/indicators/I4166,2026-06-22 12:26:21.708000+00:00
Casablanca,(GR) GENERAL,2019M10,2019-10-01,102.2,I4166,https://bds.hcp.ma/api/v1/indicators/I4166,2026-06-22 12:26:21.708000+00:00
Casablanca,(GR) GENERAL,2019M11,2019-11-01,102.7,I4166,https://bds.hcp.ma/api/v1/indicators/I4166,2026-06-22 12:26:21.708000+00:00
Casablanca,(GR) GENERAL,2019M12,2019-12-01,102.6,I4166,https://bds.hcp.ma/api/v1/indicators/I4166,2026-06-22 12:26:21.708000+00:00
Casablanca,(GR) GENERAL,2020M1,2020-01-01,102.5,I4166,https://bds.hcp.ma/api/v1/indicators/I4166,2026-06-22 12:26:21.708000+00:00
Casablanca,(GR) GENERAL,2020M2,2020-02-01,102.3,I4166,https://bds.hcp.ma/api/v1/indicators/I4166,2026-06-22 12:26:21.708000+00:00
Casablanca,(GR) GENERAL,2020M3,2020-03-01,102.4,I4166,https://bds.hcp.ma/api/v1/indicators/I4166,2026-06-22 12:26:21.708000+00:00
Casablanca,(GR) GENERAL,2020M4,2020-04-01,102.4,I4166,https://bds.hcp.ma/api/v1/indicators/I4166,2026-06-22 12:26:21.708000+00:00
Casablanca,(GR) GENERAL,2020M5,2020-05-01,102.2,I4166,https://bds.hcp.ma/api/v1/indicators/I4166,2026-06-22 12:26:21.708000+00:00
Casablanca,(GR) GENERAL,2020M6,2020-06-01,102,I4166,https://bds.hcp.ma/api/v1/indicators/I4166,2026-06-22 12:26:21.708000+00:00
Casablanca,(GR) GENERAL,2020M7,2020-07-01,101.7,I4166,https://bds.hcp.ma/api/v1/indicators/I4166,2026-06-22 12:26:21.708000+00:00
Casablanca,(GR) GENERAL,2020M8,2020-08-01,102.7,I4166,https://bds.hcp.ma/api/v1/indicators/I4166,2026-06-22 12:26:21.708000+00:00
Casablanca,(GR) GENERAL,2020M9,2020-09-01,102.9,I4166,https://bds.hcp.ma/api/v1/indicators/I4166,2026-06-22 12:26:21.708000+00:00
Casablanca,(GR) GENERAL,2020M10,2020-10-01,103.4,I4166,https://bds.hcp.ma/api/v1/indicators/I4166,2026-06-22 12:26:21.708000+00:00
Casablanca,(GR) GENERAL,2020M11,2020-11-01,103.1,I4166,https://bds.hcp.ma/api/v1/indicators/I4166,2026-06-22 12:26:21.708000+00:00
Casablanca,(GR) GENERAL,2020M12,2020-12-01,102.8,I4166,https://bds.hcp.ma/api/v1/indicators/I4166,2026-06-22 12:26:21.708000+00:00
Casablanca,(GR) GENERAL,2021M1,2021-01-01,103,I4166,https://bds.hcp.ma/api/v1/indicators/I4166,2026-06-22 12:26:21.708000+00:00
Casablanca,(GR) GENERAL,2021M2,2021-02-01,102.9,I4166,https://bds.hcp.ma/api/v1/indicators/I4166,2026-06-22 12:26:21.708000+00:00
Casablanca,(GR) GENERAL,2021M3,2021-03-01,102.9,I4166,https://bds.hcp.ma/api/v1/indicators/I4166,2026-06-22 12:26:21.708000+00:00
Casablanca,(GR) GENERAL,2021M4,2021-04-01,104,I4166,https://bds.hcp.ma/api/v1/indicators/I4166,2026-06-22 12:26:21.708000+00:00
Casablanca,(GR) GENERAL,2021M5,2021-05-01,104.3,I4166,https://bds.hcp.ma/api/v1/indicators/I4166,2026-06-22 12:26:21.708000+00:00
Casablanca,(GR) GENERAL,2021M6,2021-06-01,103.6,I4166,https://bds.hcp.ma/api/v1/indicators/I4166,2026-06-22 12:26:21.708000+00:00
Casablanca,(GR) GENERAL,2021M7,2021-07-01,104.3,I4166,https://bds.hcp.ma/api/v1/indicators/I4166,2026-06-22 12:26:21.708000+00:00
Casablanca,(GR) GENERAL,2021M8,2021-08-01,104.2,I4166,https://bds.hcp.ma/api/v1/indicators/I4166,2026-06-22 12:26:21.708000+00:00
Casablanca,(GR) GENERAL,2021M9,2021-09-01,104.9,I4166,https://bds.hcp.ma/api/v1/indicators/I4166,2026-06-22 12:26:21.708000+00:00
Casablanca,(GR) GENERAL,2021M10,2021-10-01,105.9,I4166,https://bds.hcp.ma/api/v1/indicators/I4166,2026-06-22 12:26:21.708000+00:00
Casablanca,(GR) GENERAL,2021M11,2021-11-01,106.3,I4166,https://bds.hcp.ma/api/v1/indicators/I4166,2026-06-22 12:26:21.708000+00:00
Casablanca,(GR) GENERAL,2021M12,2021-12-01,106.2,I4166,https://bds.hcp.ma/api/v1/indicators/I4166,2026-06-22 12:26:21.708000+00:00
Casablanca,(GR) GENERAL,2022M1,2022-01-01,106.7,I4166,https://bds.hcp.ma/api/v1/indicators/I4166,2026-06-22 12:26:21.708000+00:00
Casablanca,(GR) GENERAL,2022M2,2022-02-01,106.6,I4166,https://bds.hcp.ma/api/v1/indicators/I4166,2026-06-22 12:26:21.708000+00:00
Casablanca,(GR) GENERAL,2022M3,2022-03-01,108.4,I4166,https://bds.hcp.ma/api/v1/indicators/I4166,2026-06-22 12:26:21.708000+00:00
Casablanca,(GR) GENERAL,2022M4,2022-04-01,109.8,I4166,https://bds.hcp.ma/api/v1/indicators/I4166,2026-06-22 12:26:21.708000+00:00
Casablanca,(GR) GENERAL,2022M5,2022-05-01,110.4,I4166,https://bds.hcp.ma/api/v1/indicators/I4166,2026-06-22 12:26:21.708000+00:00
Casablanca,(GR) GENERAL,2022M6,2022-06-01,111.3,I4166,https://bds.hcp.ma/api/v1/indicators/I4166,2026-06-22 12:26:21.708000+00:00
Casablanca,(GR) GENERAL,2022M7,2022-07-01,111.9,I4166,https://bds.hcp.ma/api/v1/indicators/I4166,2026-06-22 12:26:21.708000+00:00
Casablanca,(GR) GENERAL,2022M8,2022-08-01,112.1,I4166,https://bds.hcp.ma/api/v1/indicators/I4166,2026-06-22 12:26:21.708000+00:00
Casablanca,(GR) GENERAL,2022M9,2022-09-01,113.3,I4166,https://bds.hcp.ma/api/v1/indicators/I4166,2026-06-22 12:26:21.708000+00:00
Casablanca,(GR) GENERAL,2022M10,2022-10-01,114.2,I4166,https://bds.hcp.ma/api/v1/indicators/I4166,2026-06-22 12:26:21.708000+00:00
Casablanca,(GR) GENERAL,2022M11,2022-11-01,114.7,I4166,https://bds.hcp.ma/api/v1/indicators/I4166,2026-06-22 12:26:21.708000+00:00
Casablanca,(GR) GENERAL,2022M12,2022-12-01,114.5,I4166,https://bds.hcp.ma/api/v1/indicators/I4166,2026-06-22 12:26:21.708000+00:00
Casablanca,(GR) GENERAL,2023M1,2023-01-01,114.5,I4166,https://bds.hcp.ma/api/v1/indicators/I4166,2026-06-22 12:26:21.708000+00:00
Casablanca,(GR) GENERAL,2023M2,2023-02-01,115.9,I4166,https://bds.hcp.ma/api/v1/indicators/I4166,2026-06-22 12:26:21.708000+00:00
Casablanca,(GR) GENERAL,2023M3,2023-03-01,115.6,I4166,https://bds.hcp.ma/api/v1/indicators/I4166,2026-06-22 12:26:21.708000+00:00
Casablanca,(GR) GENERAL,2023M4,2023-04-01,117.2,I4166,https://bds.hcp.ma/api/v1/indicators/I4166,2026-06-22 12:26:21.708000+00:00
Casablanca,(GR) GENERAL,2023M5,2023-05-01,116.7,I4166,https://bds.hcp.ma/api/v1/indicators/I4166,2026-06-22 12:26:21.708000+00:00
Casablanca,(GR) GENERAL,2023M6,2023-06-01,115.9,I4166,https://bds.hcp.ma/api/v1/indicators/I4166,2026-06-22 12:26:21.708000+00:00
Casablanca,(GR) GENERAL,2023M7,2023-07-01,116.2,I4166,https://bds.hcp.ma/api/v1/indicators/I4166,2026-06-22 12:26:21.708000+00:00
Casablanca,(GR) GENERAL,2023M8,2023-08-01,116.5,I4166,https://bds.hcp.ma/api/v1/indicators/I4166,2026-06-22 12:26:21.708000+00:00
Casablanca,(GR) GENERAL,2023M9,2023-09-01,117.9,I4166,https://bds.hcp.ma/api/v1/indicators/I4166,2026-06-22 12:26:21.708000+00:00
Casablanca,(GR) GENERAL,2023M10,2023-10-01,118,I4166,https://bds.hcp.ma/api/v1/indicators/I4166,2026-06-22 12:26:21.708000+00:00
Casablanca,(GR) GENERAL,2023M11,2023-11-01,117.5,I4166,https://bds.hcp.ma/api/v1/indicators/I4166,2026-06-22 12:26:21.708000+00:00
Casablanca,(GR) GENERAL,2023M12,2023-12-01,117.7,I4166,https://bds.hcp.ma/api/v1/indicators/I4166,2026-06-22 12:26:21.708000+00:00
Casablanca,(GR) GENERAL,2024M1,2024-01-01,116.8,I4166,https://bds.hcp.ma/api/v1/indicators/I4166,2026-06-22 12:26:21.708000+00:00
Casablanca,(GR) GENERAL,2024M2,2024-02-01,116.4,I4166,https://bds.hcp.ma/api/v1/indicators/I4166,2026-06-22 12:26:21.708000+00:00
Casablanca,(GR) GENERAL,2024M3,2024-03-01,116.8,I4166,https://bds.hcp.ma/api/v1/indicators/I4166,2026-06-22 12:26:21.708000+00:00
Casablanca,(GR) GENERAL,2024M4,2024-04-01,117.4,I4166,https://bds.hcp.ma/api/v1/indicators/I4166,2026-06-22 12:26:21.708000+00:00
Casablanca,(GR) GENERAL,2024M5,2024-05-01,117.3,I4166,https://bds.hcp.ma/api/v1/indicators/I4166,2026-06-22 12:26:21.708000+00:00
Casablanca,(GR) GENERAL,2024M6,2024-06-01,117.5,I4166,https://bds.hcp.ma/api/v1/indicators/I4166,2026-06-22 12:26:21.708000+00:00
Casablanca,(GR) GENERAL,2024M7,2024-07-01,117.4,I4166,https://bds.hcp.ma/api/v1/indicators/I4166,2026-06-22 12:26:21.708000+00:00
Casablanca,(GR) GENERAL,2024M8,2024-08-01,118.1,I4166,https://bds.hcp.ma/api/v1/indicators/I4166,2026-06-22 12:26:21.708000+00:00
Casablanca,(GR) GENERAL,2024M9,2024-09-01,118.3,I4166,https://bds.hcp.ma/api/v1/indicators/I4166,2026-06-22 12:26:21.708000+00:00
Casablanca,(GR) GENERAL,2024M10,2024-10-01,118.3,I4166,https://bds.hcp.ma/api/v1/indicators/I4166,2026-06-22 12:26:21.708000+00:00
Casablanca,(GR) GENERAL,2024M11,2024-11-01,118.2,I4166,https://bds.hcp.ma/api/v1/indicators/I4166,2026-06-22 12:26:21.708000+00:00
Casablanca,(GR) GENERAL,2024M12,2024-12-01,117.9,I4166,https://bds.hcp.ma/api/v1/indicators/I4166,2026-06-22 12:26:21.708000+00:00
Casablanca,(GR) GENERAL,2025M1,2025-01-01,118.5,I4166,https://bds.hcp.ma/api/v1/indicators/I4166,2026-06-22 12:26:21.708000+00:00
Casablanca,(GR) GENERAL,2025M2,2025-02-01,119.2,I4166,https://bds.hcp.ma/api/v1/indicators/I4166,2026-06-22 12:26:21.708000+00:00
Casablanca,(GR) GENERAL,2025M3,2025-03-01,118.9,I4166,https://bds.hcp.ma/api/v1/indicators/I4166,2026-06-22 12:26:21.708000+00:00
Casablanca,(GR) GENERAL,2025M4,2025-04-01,118.2,I4166,https://bds.hcp.ma/api/v1/indicators/I4166,2026-06-22 12:26:21.708000+00:00
Casablanca,(GR) GENERAL,2025M5,2025-05-01,117.8,I4166,https://bds.hcp.ma/api/v1/indicators/I4166,2026-06-22 12:26:21.708000+00:00
Casablanca,(GR) GENERAL,2025M6,2025-06-01,118.3,I4166,https://bds.hcp.ma/api/v1/indicators/I4166,2026-06-22 12:26:21.708000+00:00
Casablanca,(GR) GENERAL,2025M7,2025-07-01,118.2,I4166,https://bds.hcp.ma/api/v1/indicators/I4166,2026-06-22 12:26:21.708000+00:00
Casablanca,(GR) GENERAL,2025M8,2025-08-01,118.4,I4166,https://bds.hcp.ma/api/v1/indicators/I4166,2026-06-22 12:26:21.708000+00:00
Casablanca,(GR) GENERAL,2025M9,2025-09-01,118.9,I4166,https://bds.hcp.ma/api/v1/indicators/I4166,2026-06-22 12:26:21.708000+00:00
Casablanca,(GR) GENERAL,2025M10,2025-10-01,118.2,I4166,https://bds.hcp.ma/api/v1/indicators/I4166,2026-06-22 12:26:21.708000+00:00
Casablanca,(GR) GENERAL,2025M11,2025-11-01,117.5,I4166,https://bds.hcp.ma/api/v1/indicators/I4166,2026-06-22 12:26:21.708000+00:00
Casablanca,(GR) GENERAL,2025M12,2025-12-01,117.7,I4166,https://bds.hcp.ma/api/v1/indicators/I4166,2026-06-22 12:26:21.708000+00:00
Casablanca,(GR) GENERAL,2026M1,2026-01-01,118.1,I4166,https://bds.hcp.ma/api/v1/indicators/I4166,2026-06-22 12:26:21.708000+00:00
Casablanca,(GR) GENERAL,2026M2,2026-02-01,118.4,I4166,https://bds.hcp.ma/api/v1/indicators/I4166,2026-06-22 12:26:21.708000+00:00
Casablanca,(GR) GENERAL,2026M3,2026-03-01,119.6,I4166,https://bds.hcp.ma/api/v1/indicators/I4166,2026-06-22 12:26:21.708000+00:00
National,(01) PRODUITS ALIMENTAIRES ET BOISSONS NON ALCOOLISÉES,2017M1,2017-01-01,98.6,I4166,https://bds.hcp.ma/api/v1/indicators/I4166,2026-06-22 12:26:21.708000+00:00
National,(01) PRODUITS ALIMENTAIRES ET BOISSONS NON ALCOOLISÉES,2017M2,2017-02-01,98.8,I4166,https://bds.hcp.ma/api/v1/indicators/I4166,2026-06-22 12:26:21.708000+00:00
National,(01) PRODUITS ALIMENTAIRES ET BOISSONS NON ALCOOLISÉES,2017M3,2017-03-01,98.1,I4166,https://bds.hcp.ma/api/v1/indicators/I4166,2026-06-22 12:26:21.708000+00:00
National,(01) PRODUITS ALIMENTAIRES ET BOISSONS NON ALCOOLISÉES,2017M4,2017-04-01,98.4,I4166,https://bds.hcp.ma/api/v1/indicators/I4166,2026-06-22 12:26:21.708000+00:00
National,(01) PRODUITS ALIMENTAIRES ET BOISSONS NON ALCOOLISÉES,2017M5,2017-05-01,99.5,I4166,https://bds.hcp.ma/api/v1/indicators/I4166,2026-06-22 12:26:21.708000+00:00
National,(01) PRODUITS ALIMENTAIRES ET BOISSONS NON ALCOOLISÉES,2017M6,2017-06-01,100.5,I4166,https://bds.hcp.ma/api/v1/indicators/I4166,2026-06-22 12:26:21.708000+00:00
National,(01) PRODUITS ALIMENTAIRES ET BOISSONS NON ALCOOLISÉES,2017M7,2017-07-01,99.3,I4166,https://bds.hcp.ma/api/v1/indicators/I4166,2026-06-22 12:26:21.708000+00:00
National,(01) PRODUITS ALIMENTAIRES ET BOISSONS NON ALCOOLISÉES,2017M8,2017-08-01,99.7,I4166,https://bds.hcp.ma/api/v1/indicators/I4166,2026-06-22 12:26:21.708000+00:00
National,(01) PRODUITS ALIMENTAIRES ET BOISSONS NON ALCOOLISÉES,2017M9,2017-09-01,101.4,I4166,https://bds.hcp.ma/api/v1/indicators/I4166,2026-06-22 12:26:21.708000+00:00
National,(01) PRODUITS ALIMENTAIRES ET BOISSONS NON ALCOOLISÉES,2017M10,2017-10-01,101,I4166,https://bds.hcp.ma/api/v1/indicators/I4166,2026-06-22 12:26:21.708000+00:00
National,(01) PRODUITS ALIMENTAIRES ET BOISSONS NON ALCOOLISÉES,2017M11,2017-11-01,102.1,I4166,https://bds.hcp.ma/api/v1/indicators/I4166,2026-06-22 12:26:21.708000+00:00
National,(01) PRODUITS ALIMENTAIRES ET BOISSONS NON ALCOOLISÉES,2017M12,2017-12-01,102.7,I4166,https://bds.hcp.ma/api/v1/indicators/I4166,2026-06-22 12:26:21.708000+00:00
National,(01) PRODUITS ALIMENTAIRES ET BOISSONS NON ALCOOLISÉES,2018M1,2018-01-01,102.3,I4166,https://bds.hcp.ma/api/v1/indicators/I4166,2026-06-22 12:26:21.708000+00:00
National,(01) PRODUITS ALIMENTAIRES ET BOISSONS NON ALCOOLISÉES,2018M2,2018-02-01,101.1,I4166,https://bds.hcp.ma/api/v1/indicators/I4166,2026-06-22 12:26:21.708000+00:00
National,(01) PRODUITS ALIMENTAIRES ET BOISSONS NON ALCOOLISÉES,2018M3,2018-03-01,101.5,I4166,https://bds.hcp.ma/api/v1/indicators/I4166,2026-06-22 12:26:21.708000+00:00
National,(01) PRODUITS ALIMENTAIRES ET BOISSONS NON ALCOOLISÉES,2018M4,2018-04-01,102.4,I4166,https://bds.hcp.ma/api/v1/indicators/I4166,2026-06-22 12:26:21.708000+00:00
National,(01) PRODUITS ALIMENTAIRES ET BOISSONS NON ALCOOLISÉES,2018M5,2018-05-01,103.7,I4166,https://bds.hcp.ma/api/v1/indicators/I4166,2026-06-22 12:26:21.708000+00:00
National,(01) PRODUITS ALIMENTAIRES ET BOISSONS NON ALCOOLISÉES,2018M6,2018-06-01,104.2,I4166,https://bds.hcp.ma/api/v1/indicators/I4166,2026-06-22 12:26:21.708000+00:00
National,(01) PRODUITS ALIMENTAIRES ET BOISSONS NON ALCOOLISÉES,2018M7,2018-07-01,101.6,I4166,https://bds.hcp.ma/api/v1/indicators/I4166,2026-06-22 12:26:21.708000+00:00
National,(01) PRODUITS ALIMENTAIRES ET BOISSONS NON ALCOOLISÉES,2018M8,2018-08-01,101.7,I4166,https://bds.hcp.ma/api/v1/indicators/I4166,2026-06-22 12:26:21.708000+00:00
National,(01) PRODUITS ALIMENTAIRES ET BOISSONS NON ALCOOLISÉES,2018M9,2018-09-01,101.9,I4166,https://bds.hcp.ma/api/v1/indicators/I4166,2026-06-22 12:26:21.708000+00:00
National,(01) PRODUITS ALIMENTAIRES ET BOISSONS NON ALCOOLISÉES,2018M10,2018-10-01,100.8,I4166,https://bds.hcp.ma/api/v1/indicators/I4166,2026-06-22 12:26:21.708000+00:00
National,(01) PRODUITS ALIMENTAIRES ET BOISSONS NON ALCOOLISÉES,2018M11,2018-11-01,102.1,I4166,https://bds.hcp.ma/api/v1/indicators/I4166,2026-06-22 12:26:21.708000+00:00
National,(01) PRODUITS ALIMENTAIRES ET BOISSONS NON ALCOOLISÉES,2018M12,2018-12-01,100.9,I4166,https://bds.hcp.ma/api/v1/indicators/I4166,2026-06-22 12:26:21.708000+00:00
National,(01) PRODUITS ALIMENTAIRES ET BOISSONS NON ALCOOLISÉES,2019M1,2019-01-01,99.5,I4166,https://bds.hcp.ma/api/v1/indicators/I4166,2026-06-22 12:26:21.708000+00:00
National,(01) PRODUITS ALIMENTAIRES ET BOISSONS NON ALCOOLISÉES,2019M2,2019-02-01,99.2,I4166,https://bds.hcp.ma/api/v1/indicators/I4166,2026-06-22 12:26:21.708000+00:00
National,(01) PRODUITS ALIMENTAIRES ET BOISSONS NON ALCOOLISÉES,2019M3,2019-03-01,98.8,I4166,https://bds.hcp.ma/api/v1/indicators/I4166,2026-06-22 12:26:21.708000+00:00
National,(01) PRODUITS ALIMENTAIRES ET BOISSONS NON ALCOOLISÉES,2019M4,2019-04-01,100,I4166,https://bds.hcp.ma/api/v1/indicators/I4166,2026-06-22 12:26:21.708000+00:00
National,(01) PRODUITS ALIMENTAIRES ET BOISSONS NON ALCOOLISÉES,2019M5,2019-05-01,102.2,I4166,https://bds.hcp.ma/api/v1/indicators/I4166,2026-06-22 12:26:21.708000+00:00
National,(01) PRODUITS ALIMENTAIRES ET BOISSONS NON ALCOOLISÉES,2019M6,2019-06-01,102.6,I4166,https://bds.hcp.ma/api/v1/indicators/I4166,2026-06-22 12:26:21.708000+00:00
National,(01) PRODUITS ALIMENTAIRES ET BOISSONS NON ALCOOLISÉES,2019M7,2019-07-01,100.3,I4166,https://bds.hcp.ma/api/v1/indicators/I4166,2026-06-22 12:26:21.708000+00:00
National,(01) PRODUITS ALIMENTAIRES ET BOISSONS NON ALCOOLISÉES,2019M8,2019-08-01,101.2,I4166,https://bds.hcp.ma/api/v1/indicators/I4166,2026-06-22 12:26:21.708000+00:00
National,(01) PRODUITS ALIMENTAIRES ET BOISSONS NON ALCOOLISÉES,2019M9,2019-09-01,100.2,I4166,https://bds.hcp.ma/api/v1/indicators/I4166,2026-06-22 12:26:21.708000+00:00
National,(01) PRODUITS ALIMENTAIRES ET BOISSONS NON ALCOOLISÉES,2019M10,2019-10-01,100.6,I4166,https://bds.hcp.ma/api/v1/indicators/I4166,2026-06-22 12:26:21.708000+00:00
National,(01) PRODUITS ALIMENTAIRES ET BOISSONS NON ALCOOLISÉES,2019M11,2019-11-01,101.4,I4166,https://bds.hcp.ma/api/v1/indicators/I4166,2026-06-22 12:26:21.708000+00:00
National,(01) PRODUITS ALIMENTAIRES ET BOISSONS NON ALCOOLISÉES,2019M12,2019-12-01,101.5,I4166,https://bds.hcp.ma/api/v1/indicators/I4166,2026-06-22 12:26:21.708000+00:00
National,(01) PRODUITS ALIMENTAIRES ET BOISSONS NON ALCOOLISÉES,2020M1,2020-01-01,100.8,I4166,https://bds.hcp.ma/api/v1/indicators/I4166,2026-06-22 12:26:21.708000+00:00
National,(01) PRODUITS ALIMENTAIRES ET BOISSONS NON ALCOOLISÉES,2020M2,2020-02-01,100.6,I4166,https://bds.hcp.ma/api/v1/indicators/I4166,2026-06-22 12:26:21.708000+00:00
National,(01) PRODUITS ALIMENTAIRES ET BOISSONS NON ALCOOLISÉES,2020M3,2020-03-01,102.1,I4166,https://bds.hcp.ma/api/v1/indicators/I4166,2026-06-22 12:26:21.708000+00:00
National,(01) PRODUITS ALIMENTAIRES ET BOISSONS NON ALCOOLISÉES,2020M4,2020-04-01,102.9,I4166,https://bds.hcp.ma/api/v1/indicators/I4166,2026-06-22 12:26:21.708000+00:00
National,(01) PRODUITS ALIMENTAIRES ET BOISSONS NON ALCOOLISÉES,2020M5,2020-05-01,102.3,I4166,https://bds.hcp.ma/api/v1/indicators/I4166,2026-06-22 12:26:21.708000+00:00
National,(01) PRODUITS ALIMENTAIRES ET BOISSONS NON ALCOOLISÉES,2020M6,2020-06-01,100.8,I4166,https://bds.hcp.ma/api/v1/indicators/I4166,2026-06-22 12:26:21.708000+00:00
National,(01) PRODUITS ALIMENTAIRES ET BOISSONS NON ALCOOLISÉES,2020M7,2020-07-01,99.2,I4166,https://bds.hcp.ma/api/v1/indicators/I4166,2026-06-22 12:26:21.708000+00:00
National,(01) PRODUITS ALIMENTAIRES ET BOISSONS NON ALCOOLISÉES,2020M8,2020-08-01,102.6,I4166,https://bds.hcp.ma/api/v1/indicators/I4166,2026-06-22 12:26:21.708000+00:00
National,(01) PRODUITS ALIMENTAIRES ET BOISSONS NON ALCOOLISÉES,2020M9,2020-09-01,103.1,I4166,https://bds.hcp.ma/api/v1/indicators/I4166,2026-06-22 12:26:21.708000+00:00
National,(01) PRODUITS ALIMENTAIRES ET BOISSONS NON ALCOOLISÉES,2020M10,2020-10-01,103.3,I4166,https://bds.hcp.ma/api/v1/indicators/I4166,2026-06-22 12:26:21.708000+00:00
National,(01) PRODUITS ALIMENTAIRES ET BOISSONS NON ALCOOLISÉES,2020M11,2020-11-01,101.3,I4166,https://bds.hcp.ma/api/v1/indicators/I4166,2026-06-22 12:26:21.708000+00:00
National,(01) PRODUITS ALIMENTAIRES ET BOISSONS NON ALCOOLISÉES,2020M12,2020-12-01,99.8,I4166,https://bds.hcp.ma/api/v1/indicators/I4166,2026-06-22 12:26:21.708000+00:00
National,(01) PRODUITS ALIMENTAIRES ET BOISSONS NON ALCOOLISÉES,2021M1,2021-01-01,99.8,I4166,https://bds.hcp.ma/api/v1/indicators/I4166,2026-06-22 12:26:21.708000+00:00
National,(01) PRODUITS ALIMENTAIRES ET BOISSONS NON ALCOOLISÉES,2021M2,2021-02-01,99.6,I4166,https://bds.hcp.ma/api/v1/indicators/I4166,2026-06-22 12:26:21.708000+00:00
National,(01) PRODUITS ALIMENTAIRES ET BOISSONS NON ALCOOLISÉES,2021M3,2021-03-01,100,I4166,https://bds.hcp.ma/api/v1/indicators/I4166,2026-06-22 12:26:21.708000+00:00
National,(01) PRODUITS ALIMENTAIRES ET BOISSONS NON ALCOOLISÉES,2021M4,2021-04-01,103,I4166,https://bds.hcp.ma/api/v1/indicators/I4166,2026-06-22 12:26:21.708000+00:00
National,(01) PRODUITS ALIMENTAIRES ET BOISSONS NON ALCOOLISÉES,2021M5,2021-05-01,103.6,I4166,https://bds.hcp.ma/api/v1/indicators/I4166,2026-06-22 12:26:21.708000+00:00
National,(01) PRODUITS ALIMENTAIRES ET BOISSONS NON ALCOOLISÉES,2021M6,2021-06-01,101.4,I4166,https://bds.hcp.ma/api/v1/indicators/I4166,2026-06-22 12:26:21.708000+00:00
National,(01) PRODUITS ALIMENTAIRES ET BOISSONS NON ALCOOLISÉES,2021M7,2021-07-01,101.9,I4166,https://bds.hcp.ma/api/v1/indicators/I4166,2026-06-22 12:26:21.708000+00:00
National,(01) PRODUITS ALIMENTAIRES ET BOISSONS NON ALCOOLISÉES,2021M8,2021-08-01,101.5,I4166,https://bds.hcp.ma/api/v1/indicators/I4166,2026-06-22 12:26:21.708000+00:00
National,(01) PRODUITS ALIMENTAIRES ET BOISSONS NON ALCOOLISÉES,2021M9,2021-09-01,102.8,I4166,https://bds.hcp.ma/api/v1/indicators/I4166,2026-06-22 12:26:21.708000+00:00
National,(01) PRODUITS ALIMENTAIRES ET BOISSONS NON ALCOOLISÉES,2021M10,2021-10-01,104.3,I4166,https://bds.hcp.ma/api/v1/indicators/I4166,2026-06-22 12:26:21.708000+00:00
National,(01) PRODUITS ALIMENTAIRES ET BOISSONS NON ALCOOLISÉES,2021M11,2021-11-01,104.2,I4166,https://bds.hcp.ma/api/v1/indicators/I4166,2026-06-22 12:26:21.708000+00:00
National,(01) PRODUITS ALIMENTAIRES ET BOISSONS NON ALCOOLISÉES,2021M12,2021-12-01,104.3,I4166,https://bds.hcp.ma/api/v1/indicators/I4166,2026-06-22 12:26:21.708000+00:00
National,(01) PRODUITS ALIMENTAIRES ET BOISSONS NON ALCOOLISÉES,2022M1,2022-01-01,104,I4166,https://bds.hcp.ma/api/v1/indicators/I4166,2026-06-22 12:26:21.708000+00:00
National,(01) PRODUITS ALIMENTAIRES ET BOISSONS NON ALCOOLISÉES,2022M2,2022-02-01,105.1,I4166,https://bds.hcp.ma/api/v1/indicators/I4166,2026-06-22 12:26:21.708000+00:00
National,(01) PRODUITS ALIMENTAIRES ET BOISSONS NON ALCOOLISÉES,2022M3,2022-03-01,109.4,I4166,https://bds.hcp.ma/api/v1/indicators/I4166,2026-06-22 12:26:21.708000+00:00
National,(01) PRODUITS ALIMENTAIRES ET BOISSONS NON ALCOOLISÉES,2022M4,2022-04-01,112.7,I4166,https://bds.hcp.ma/api/v1/indicators/I4166,2026-06-22 12:26:21.708000+00:00
National,(01) PRODUITS ALIMENTAIRES ET BOISSONS NON ALCOOLISÉES,2022M5,2022-05-01,112.5,I4166,https://bds.hcp.ma/api/v1/indicators/I4166,2026-06-22 12:26:21.708000+00:00
National,(01) PRODUITS ALIMENTAIRES ET BOISSONS NON ALCOOLISÉES,2022M6,2022-06-01,112.6,I4166,https://bds.hcp.ma/api/v1/indicators/I4166,2026-06-22 12:26:21.708000+00:00
National,(01) PRODUITS ALIMENTAIRES ET BOISSONS NON ALCOOLISÉES,2022M7,2022-07-01,114.5,I4166,https://bds.hcp.ma/api/v1/indicators/I4166,2026-06-22 12:26:21.708000+00:00
National,(01) PRODUITS ALIMENTAIRES ET BOISSONS NON ALCOOLISÉES,2022M8,2022-08-01,116.3,I4166,https://bds.hcp.ma/api/v1/indicators/I4166,2026-06-22 12:26:21.708000+00:00
National,(01) PRODUITS ALIMENTAIRES ET BOISSONS NON ALCOOLISÉES,2022M9,2022-09-01,118.3,I4166,https://bds.hcp.ma/api/v1/indicators/I4166,2026-06-22 12:26:21.708000+00:00
National,(01) PRODUITS ALIMENTAIRES ET BOISSONS NON ALCOOLISÉES,2022M10,2022-10-01,119.2,I4166,https://bds.hcp.ma/api/v1/indicators/I4166,2026-06-22 12:26:21.708000+00:00
National,(01) PRODUITS ALIMENTAIRES ET BOISSONS NON ALCOOLISÉES,2022M11,2022-11-01,119.7,I4166,https://bds.hcp.ma/api/v1/indicators/I4166,2026-06-22 12:26:21.708000+00:00
National,(01) PRODUITS ALIMENTAIRES ET BOISSONS NON ALCOOLISÉES,2022M12,2022-12-01,120.5,I4166,https://bds.hcp.ma/api/v1/indicators/I4166,2026-06-22 12:26:21.708000+00:00
National,(01) PRODUITS ALIMENTAIRES ET BOISSONS NON ALCOOLISÉES,2023M1,2023-01-01,122.1,I4166,https://bds.hcp.ma/api/v1/indicators/I4166,2026-06-22 12:26:21.708000+00:00
National,(01) PRODUITS ALIMENTAIRES ET BOISSONS NON ALCOOLISÉES,2023M2,2023-02-01,127,I4166,https://bds.hcp.ma/api/v1/indicators/I4166,2026-06-22 12:26:21.708000+00:00
National,(01) PRODUITS ALIMENTAIRES ET BOISSONS NON ALCOOLISÉES,2023M3,2023-03-01,127.4,I4166,https://bds.hcp.ma/api/v1/indicators/I4166,2026-06-22 12:26:21.708000+00:00
National,(01) PRODUITS ALIMENTAIRES ET BOISSONS NON ALCOOLISÉES,2023M4,2023-04-01,131.7,I4166,https://bds.hcp.ma/api/v1/indicators/I4166,2026-06-22 12:26:21.708000+00:00
National,(01) PRODUITS ALIMENTAIRES ET BOISSONS NON ALCOOLISÉES,2023M5,2023-05-01,130.6,I4166,https://bds.hcp.ma/api/v1/indicators/I4166,2026-06-22 12:26:21.708000+00:00
National,(01) PRODUITS ALIMENTAIRES ET BOISSONS NON ALCOOLISÉES,2023M6,2023-06-01,127.4,I4166,https://bds.hcp.ma/api/v1/indicators/I4166,2026-06-22 12:26:21.708000+00:00
National,(01) PRODUITS ALIMENTAIRES ET BOISSONS NON ALCOOLISÉES,2023M7,2023-07-01,128.3,I4166,https://bds.hcp.ma/api/v1/indicators/I4166,2026-06-22 12:26:21.708000+00:00
National,(01) PRODUITS ALIMENTAIRES ET BOISSONS NON ALCOOLISÉES,2023M8,2023-08-01,128.6,I4166,https://bds.hcp.ma/api/v1/indicators/I4166,2026-06-22 12:26:21.708000+00:00
National,(01) PRODUITS ALIMENTAIRES ET BOISSONS NON ALCOOLISÉES,2023M9,2023-09-01,130.3,I4166,https://bds.hcp.ma/api/v1/indicators/I4166,2026-06-22 12:26:21.708000+00:00
National,(01) PRODUITS ALIMENTAIRES ET BOISSONS NON ALCOOLISÉES,2023M10,2023-10-01,129.9,I4166,https://bds.hcp.ma/api/v1/indicators/I4166,2026-06-22 12:26:21.708000+00:00
National,(01) PRODUITS ALIMENTAIRES ET BOISSONS NON ALCOOLISÉES,2023M11,2023-11-01,128.9,I4166,https://bds.hcp.ma/api/v1/indicators/I4166,2026-06-22 12:26:21.708000+00:00
National,(01) PRODUITS ALIMENTAIRES ET BOISSONS NON ALCOOLISÉES,2023M12,2023-12-01,128.7,I4166,https://bds.hcp.ma/api/v1/indicators/I4166,2026-06-22 12:26:21.708000+00:00
National,(01) PRODUITS ALIMENTAIRES ET BOISSONS NON ALCOOLISÉES,2024M1,2024-01-01,127.3,I4166,https://bds.hcp.ma/api/v1/indicators/I4166,2026-06-22 12:26:21.708000+00:00
National,(01) PRODUITS ALIMENTAIRES ET BOISSONS NON ALCOOLISÉES,2024M2,2024-02-01,126.4,I4166,https://bds.hcp.ma/api/v1/indicators/I4166,2026-06-22 12:26:21.708000+00:00
National,(01) PRODUITS ALIMENTAIRES ET BOISSONS NON ALCOOLISÉES,2024M3,2024-03-01,128.5,I4166,https://bds.hcp.ma/api/v1/indicators/I4166,2026-06-22 12:26:21.708000+00:00
National,(01) PRODUITS ALIMENTAIRES ET BOISSONS NON ALCOOLISÉES,2024M4,2024-04-01,129.8,I4166,https://bds.hcp.ma/api/v1/indicators/I4166,2026-06-22 12:26:21.708000+00:00
National,(01) PRODUITS ALIMENTAIRES ET BOISSONS NON ALCOOLISÉES,2024M5,2024-05-01,128.9,I4166,https://bds.hcp.ma/api/v1/indicators/I4166,2026-06-22 12:26:21.708000+00:00
National,(01) PRODUITS ALIMENTAIRES ET BOISSONS NON ALCOOLISÉES,2024M6,2024-06-01,129.5,I4166,https://bds.hcp.ma/api/v1/indicators/I4166,2026-06-22 12:26:21.708000+00:00
National,(01) PRODUITS ALIMENTAIRES ET BOISSONS NON ALCOOLISÉES,2024M7,2024-07-01,128.7,I4166,https://bds.hcp.ma/api/v1/indicators/I4166,2026-06-22 12:26:21.708000+00:00
National,(01) PRODUITS ALIMENTAIRES ET BOISSONS NON ALCOOLISÉES,2024M8,2024-08-01,131.1,I4166,https://bds.hcp.ma/api/v1/indicators/I4166,2026-06-22 12:26:21.708000+00:00
National,(01) PRODUITS ALIMENTAIRES ET BOISSONS NON ALCOOLISÉES,2024M9,2024-09-01,131,I4166,https://bds.hcp.ma/api/v1/indicators/I4166,2026-06-22 12:26:21.708000+00:00
National,(01) PRODUITS ALIMENTAIRES ET BOISSONS NON ALCOOLISÉES,2024M10,2024-10-01,130.3,I4166,https://bds.hcp.ma/api/v1/indicators/I4166,2026-06-22 12:26:21.708000+00:00
National,(01) PRODUITS ALIMENTAIRES ET BOISSONS NON ALCOOLISÉES,2024M11,2024-11-01,129.8,I4166,https://bds.hcp.ma/api/v1/indicators/I4166,2026-06-22 12:26:21.708000+00:00
National,(01) PRODUITS ALIMENTAIRES ET BOISSONS NON ALCOOLISÉES,2024M12,2024-12-01,129.5,I4166,https://bds.hcp.ma/api/v1/indicators/I4166,2026-06-22 12:26:21.708000+00:00
National,(01) PRODUITS ALIMENTAIRES ET BOISSONS NON ALCOOLISÉES,2025M1,2025-01-01,131.6,I4166,https://bds.hcp.ma/api/v1/indicators/I4166,2026-06-22 12:26:21.708000+00:00
National,(01) PRODUITS ALIMENTAIRES ET BOISSONS NON ALCOOLISÉES,2025M2,2025-02-01,132.4,I4166,https://bds.hcp.ma/api/v1/indicators/I4166,2026-06-22 12:26:21.708000+00:00
National,(01) PRODUITS ALIMENTAIRES ET BOISSONS NON ALCOOLISÉES,2025M3,2025-03-01,131.4,I4166,https://bds.hcp.ma/api/v1/indicators/I4166,2026-06-22 12:26:21.708000+00:00
National,(01) PRODUITS ALIMENTAIRES ET BOISSONS NON ALCOOLISÉES,2025M4,2025-04-01,130.5,I4166,https://bds.hcp.ma/api/v1/indicators/I4166,2026-06-22 12:26:21.708000+00:00
National,(01) PRODUITS ALIMENTAIRES ET BOISSONS NON ALCOOLISÉES,2025M5,2025-05-01,129.4,I4166,https://bds.hcp.ma/api/v1/indicators/I4166,2026-06-22 12:26:21.708000+00:00
National,(01) PRODUITS ALIMENTAIRES ET BOISSONS NON ALCOOLISÉES,2025M6,2025-06-01,130.5,I4166,https://bds.hcp.ma/api/v1/indicators/I4166,2026-06-22 12:26:21.708000+00:00
National,(01) PRODUITS ALIMENTAIRES ET BOISSONS NON ALCOOLISÉES,2025M7,2025-07-01,129.8,I4166,https://bds.hcp.ma/api/v1/indicators/I4166,2026-06-22 12:26:21.708000+00:00
National,(01) PRODUITS ALIMENTAIRES ET BOISSONS NON ALCOOLISÉES,2025M8,2025-08-01,131.3,I4166,https://bds.hcp.ma/api/v1/indicators/I4166,2026-06-22 12:26:21.708000+00:00
National,(01) PRODUITS ALIMENTAIRES ET BOISSONS NON ALCOOLISÉES,2025M9,2025-09-01,131.5,I4166,https://bds.hcp.ma/api/v1/indicators/I4166,2026-06-22 12:26:21.708000+00:00
National,(01) PRODUITS ALIMENTAIRES ET BOISSONS NON ALCOOLISÉES,2025M10,2025-10-01,129.7,I4166,https://bds.hcp.ma/api/v1/indicators/I4166,2026-06-22 12:26:21.708000+00:00
National,(01) PRODUITS ALIMENTAIRES ET BOISSONS NON ALCOOLISÉES,2025M11,2025-11-01,127.9,I4166,https://bds.hcp.ma/api/v1/indicators/I4166,2026-06-22 12:26:21.708000+00:00
National,(01) PRODUITS ALIMENTAIRES ET BOISSONS NON ALCOOLISÉES,2025M12,2025-12-01,127.5,I4166,https://bds.hcp.ma/api/v1/indicators/I4166,2026-06-22 12:26:21.708000+00:00
National,(01) PRODUITS ALIMENTAIRES ET BOISSONS NON ALCOOLISÉES,2026M1,2026-01-01,128.4,I4166,https://bds.hcp.ma/api/v1/indicators/I4166,2026-06-22 12:26:21.708000+00:00
National,(01) PRODUITS ALIMENTAIRES ET BOISSONS NON ALCOOLISÉES,2026M2,2026-02-01,129.5,I4166,https://bds.hcp.ma/api/v1/indicators/I4166,2026-06-22 12:26:21.708000+00:00
National,(01) PRODUITS ALIMENTAIRES ET BOISSONS NON ALCOOLISÉES,2026M3,2026-03-01,132.0,I4166,https://bds.hcp.ma/api/v1/indicators/I4166,2026-06-22 12:26:21.708000+00:00
National,"(02) BOISSONS ALCOOLISÉES, TABAC ET STUPÉFIANTS",2017M1,2017-01-01,100,I4166,https://bds.hcp.ma/api/v1/indicators/I4166,2026-06-22 12:26:21.708000+00:00
National,"(02) BOISSONS ALCOOLISÉES, TABAC ET STUPÉFIANTS",2017M2,2017-02-01,100,I4166,https://bds.hcp.ma/api/v1/indicators/I4166,2026-06-22 12:26:21.708000+00:00
National,"(02) BOISSONS ALCOOLISÉES, TABAC ET STUPÉFIANTS",2017M3,2017-03-01,100,I4166,https://bds.hcp.ma/api/v1/indicators/I4166,2026-06-22 12:26:21.708000+00:00
National,"(02) BOISSONS ALCOOLISÉES, TABAC ET STUPÉFIANTS",2017M4,2017-04-01,100,I4166,https://bds.hcp.ma/api/v1/indicators/I4166,2026-06-22 12:26:21.708000+00:00
National,"(02) BOISSONS ALCOOLISÉES, TABAC ET STUPÉFIANTS",2017M5,2017-05-01,100,I4166,https://bds.hcp.ma/api/v1/indicators/I4166,2026-06-22 12:26:21.708000+00:00
National,"(02) BOISSONS ALCOOLISÉES, TABAC ET STUPÉFIANTS",2017M6,2017-06-01,100,I4166,https://bds.hcp.ma/api/v1/indicators/I4166,2026-06-22 12:26:21.708000+00:00
National,"(02) BOISSONS ALCOOLISÉES, TABAC ET STUPÉFIANTS",2017M7,2017-07-01,100,I4166,https://bds.hcp.ma/api/v1/indicators/I4166,2026-06-22 12:26:21.708000+00:00
National,"(02) BOISSONS ALCOOLISÉES, TABAC ET STUPÉFIANTS",2017M8,2017-08-01,99.9,I4166,https://bds.hcp.ma/api/v1/indicators/I4166,2026-06-22 12:26:21.708000+00:00
National,"(02) BOISSONS ALCOOLISÉES, TABAC ET STUPÉFIANTS",2017M9,2017-09-01,99.9,I4166,https://bds.hcp.ma/api/v1/indicators/I4166,2026-06-22 12:26:21.708000+00:00
National,"(02) BOISSONS ALCOOLISÉES, TABAC ET STUPÉFIANTS",2017M10,2017-10-01,100,I4166,https://bds.hcp.ma/api/v1/indicators/I4166,2026-06-22 12:26:21.708000+00:00
National,"(02) BOISSONS ALCOOLISÉES, TABAC ET STUPÉFIANTS",2017M11,2017-11-01,100,I4166,https://bds.hcp.ma/api/v1/indicators/I4166,2026-06-22 12:26:21.708000+00:00
National,"(02) BOISSONS ALCOOLISÉES, TABAC ET STUPÉFIANTS",2017M12,2017-12-01,100,I4166,https://bds.hcp.ma/api/v1/indicators/I4166,2026-06-22 12:26:21.708000+00:00
National,"(02) BOISSONS ALCOOLISÉES, TABAC ET STUPÉFIANTS",2018M1,2018-01-01,108.5,I4166,https://bds.hcp.ma/api/v1/indicators/I4166,2026-06-22 12:26:21.708000+00:00
National,"(02) BOISSONS ALCOOLISÉES, TABAC ET STUPÉFIANTS",2018M2,2018-02-01,108.4,I4166,https://bds.hcp.ma/api/v1/indicators/I4166,2026-06-22 12:26:21.708000+00:00
National,"(02) BOISSONS ALCOOLISÉES, TABAC ET STUPÉFIANTS",2018M3,2018-03-01,108.5,I4166,https://bds.hcp.ma/api/v1/indicators/I4166,2026-06-22 12:26:21.708000+00:00
National,"(02) BOISSONS ALCOOLISÉES, TABAC ET STUPÉFIANTS",2018M4,2018-04-01,108.4,I4166,https://bds.hcp.ma/api/v1/indicators/I4166,2026-06-22 12:26:21.708000+00:00
National,"(02) BOISSONS ALCOOLISÉES, TABAC ET STUPÉFIANTS",2018M5,2018-05-01,108.4,I4166,https://bds.hcp.ma/api/v1/indicators/I4166,2026-06-22 12:26:21.708000+00:00
National,"(02) BOISSONS ALCOOLISÉES, TABAC ET STUPÉFIANTS",2018M6,2018-06-01,108.4,I4166,https://bds.hcp.ma/api/v1/indicators/I4166,2026-06-22 12:26:21.708000+00:00
National,"(02) BOISSONS ALCOOLISÉES, TABAC ET STUPÉFIANTS",2018M7,2018-07-01,108.4,I4166,https://bds.hcp.ma/api/v1/indicators/I4166,2026-06-22 12:26:21.708000+00:00
National,"(02) BOISSONS ALCOOLISÉES, TABAC ET STUPÉFIANTS",2018M8,2018-08-01,108.4,I4166,https://bds.hcp.ma/api/v1/indicators/I4166,2026-06-22 12:26:21.708000+00:00
National,"(02) BOISSONS ALCOOLISÉES, TABAC ET STUPÉFIANTS",2018M9,2018-09-01,108.4,I4166,https://bds.hcp.ma/api/v1/indicators/I4166,2026-06-22 12:26:21.708000+00:00
National,"(02) BOISSONS ALCOOLISÉES, TABAC ET STUPÉFIANTS",2018M10,2018-10-01,108.4,I4166,https://bds.hcp.ma/api/v1/indicators/I4166,2026-06-22 12:26:21.708000+00:00
National,"(02) BOISSONS ALCOOLISÉES, TABAC ET STUPÉFIANTS",2018M11,2018-11-01,108.4,I4166,https://bds.hcp.ma/api/v1/indicators/I4166,2026-06-22 12:26:21.708000+00:00
National,"(02) BOISSONS ALCOOLISÉES, TABAC ET STUPÉFIANTS",2018M12,2018-12-01,108.4,I4166,https://bds.hcp.ma/api/v1/indicators/I4166,2026-06-22 12:26:21.708000+00:00
National,"(02) BOISSONS ALCOOLISÉES, TABAC ET STUPÉFIANTS",2019M1,2019-01-01,120.2,I4166,https://bds.hcp.ma/api/v1/indicators/I4166,2026-06-22 12:26:21.708000+00:00
National,"(02) BOISSONS ALCOOLISÉES, TABAC ET STUPÉFIANTS",2019M2,2019-02-01,120.2,I4166,https://bds.hcp.ma/api/v1/indicators/I4166,2026-06-22 12:26:21.708000+00:00
National,"(02) BOISSONS ALCOOLISÉES, TABAC ET STUPÉFIANTS",2019M3,2019-03-01,120.3,I4166,https://bds.hcp.ma/api/v1/indicators/I4166,2026-06-22 12:26:21.708000+00:00
National,"(02) BOISSONS ALCOOLISÉES, TABAC ET STUPÉFIANTS",2019M4,2019-04-01,120.2,I4166,https://bds.hcp.ma/api/v1/indicators/I4166,2026-06-22 12:26:21.708000+00:00
National,"(02) BOISSONS ALCOOLISÉES, TABAC ET STUPÉFIANTS",2019M5,2019-05-01,120.2,I4166,https://bds.hcp.ma/api/v1/indicators/I4166,2026-06-22 12:26:21.708000+00:00
National,"(02) BOISSONS ALCOOLISÉES, TABAC ET STUPÉFIANTS",2019M6,2019-06-01,120.2,I4166,https://bds.hcp.ma/api/v1/indicators/I4166,2026-06-22 12:26:21.708000+00:00
National,"(02) BOISSONS ALCOOLISÉES, TABAC ET STUPÉFIANTS",2019M7,2019-07-01,120.2,I4166,https://bds.hcp.ma/api/v1/indicators/I4166,2026-06-22 12:26:21.708000+00:00
National,"(02) BOISSONS ALCOOLISÉES, TABAC ET STUPÉFIANTS",2019M8,2019-08-01,120.2,I4166,https://bds.hcp.ma/api/v1/indicators/I4166,2026-06-22 12:26:21.708000+00:00
National,"(02) BOISSONS ALCOOLISÉES, TABAC ET STUPÉFIANTS",2019M9,2019-09-01,120.2,I4166,https://bds.hcp.ma/api/v1/indicators/I4166,2026-06-22 12:26:21.708000+00:00
National,"(02) BOISSONS ALCOOLISÉES, TABAC ET STUPÉFIANTS",2019M10,2019-10-01,120.2,I4166,https://bds.hcp.ma/api/v1/indicators/I4166,2026-06-22 12:26:21.708000+00:00
National,"(02) BOISSONS ALCOOLISÉES, TABAC ET STUPÉFIANTS",2019M11,2019-11-01,120.2,I4166,https://bds.hcp.ma/api/v1/indicators/I4166,2026-06-22 12:26:21.708000+00:00
National,"(02) BOISSONS ALCOOLISÉES, TABAC ET STUPÉFIANTS",2019M12,2019-12-01,120.1,I4166,https://bds.hcp.ma/api/v1/indicators/I4166,2026-06-22 12:26:21.708000+00:00
National,"(02) BOISSONS ALCOOLISÉES, TABAC ET STUPÉFIANTS",2020M1,2020-01-01,120.1,I4166,https://bds.hcp.ma/api/v1/indicators/I4166,2026-06-22 12:26:21.708000+00:00
National,"(02) BOISSONS ALCOOLISÉES, TABAC ET STUPÉFIANTS",2020M2,2020-02-01,120.1,I4166,https://bds.hcp.ma/api/v1/indicators/I4166,2026-06-22 12:26:21.708000+00:00
National,"(02) BOISSONS ALCOOLISÉES, TABAC ET STUPÉFIANTS",2020M3,2020-03-01,120.2,I4166,https://bds.hcp.ma/api/v1/indicators/I4166,2026-06-22 12:26:21.708000+00:00
National,"(02) BOISSONS ALCOOLISÉES, TABAC ET STUPÉFIANTS",2020M4,2020-04-01,120.2,I4166,https://bds.hcp.ma/api/v1/indicators/I4166,2026-06-22 12:26:21.708000+00:00
National,"(02) BOISSONS ALCOOLISÉES, TABAC ET STUPÉFIANTS",2020M5,2020-05-01,120.2,I4166,https://bds.hcp.ma/api/v1/indicators/I4166,2026-06-22 12:26:21.708000+00:00
National,"(02) BOISSONS ALCOOLISÉES, TABAC ET STUPÉFIANTS",2020M6,2020-06-01,120.2,I4166,https://bds.hcp.ma/api/v1/indicators/I4166,2026-06-22 12:26:21.708000+00:00
National,"(02) BOISSONS ALCOOLISÉES, TABAC ET STUPÉFIANTS",2020M7,2020-07-01,120.2,I4166,https://bds.hcp.ma/api/v1/indicators/I4166,2026-06-22 12:26:21.708000+00:00
National,"(02) BOISSONS ALCOOLISÉES, TABAC ET STUPÉFIANTS",2020M8,2020-08-01,122.6,I4166,https://bds.hcp.ma/api/v1/indicators/I4166,2026-06-22 12:26:21.708000+00:00
National,"(02) BOISSONS ALCOOLISÉES, TABAC ET STUPÉFIANTS",2020M9,2020-09-01,122.6,I4166,https://bds.hcp.ma/api/v1/indicators/I4166,2026-06-22 12:26:21.708000+00:00
National,"(02) BOISSONS ALCOOLISÉES, TABAC ET STUPÉFIANTS",2020M10,2020-10-01,122.6,I4166,https://bds.hcp.ma/api/v1/indicators/I4166,2026-06-22 12:26:21.708000+00:00
National,"(02) BOISSONS ALCOOLISÉES, TABAC ET STUPÉFIANTS",2020M11,2020-11-01,122.6,I4166,https://bds.hcp.ma/api/v1/indicators/I4166,2026-06-22 12:26:21.708000+00:00
National,"(02) BOISSONS ALCOOLISÉES, TABAC ET STUPÉFIANTS",2020M12,2020-12-01,122.6,I4166,https://bds.hcp.ma/api/v1/indicators/I4166,2026-06-22 12:26:21.708000+00:00
National,"(02) BOISSONS ALCOOLISÉES, TABAC ET STUPÉFIANTS",2021M1,2021-01-01,125.4,I4166,https://bds.hcp.ma/api/v1/indicators/I4166,2026-06-22 12:26:21.708000+00:00
National,"(02) BOISSONS ALCOOLISÉES, TABAC ET STUPÉFIANTS",2021M2,2021-02-01,125.4,I4166,https://bds.hcp.ma/api/v1/indicators/I4166,2026-06-22 12:26:21.708000+00:00
National,"(02) BOISSONS ALCOOLISÉES, TABAC ET STUPÉFIANTS",2021M3,2021-03-01,125.4,I4166,https://bds.hcp.ma/api/v1/indicators/I4166,2026-06-22 12:26:21.708000+00:00
National,"(02) BOISSONS ALCOOLISÉES, TABAC ET STUPÉFIANTS",2021M4,2021-04-01,125.4,I4166,https://bds.hcp.ma/api/v1/indicators/I4166,2026-06-22 12:26:21.708000+00:00
National,"(02) BOISSONS ALCOOLISÉES, TABAC ET STUPÉFIANTS",2021M5,2021-05-01,125.4,I4166,https://bds.hcp.ma/api/v1/indicators/I4166,2026-06-22 12:26:21.708000+00:00
National,"(02) BOISSONS ALCOOLISÉES, TABAC ET STUPÉFIANTS",2021M6,2021-06-01,125.5,I4166,https://bds.hcp.ma/api/v1/indicators/I4166,2026-06-22 12:26:21.708000+00:00
National,"(02) BOISSONS ALCOOLISÉES, TABAC ET STUPÉFIANTS",2021M7,2021-07-01,125.5,I4166,https://bds.hcp.ma/api/v1/indicators/I4166,2026-06-22 12:26:21.708000+00:00
National,"(02) BOISSONS ALCOOLISÉES, TABAC ET STUPÉFIANTS",2021M8,2021-08-01,125.5,I4166,https://bds.hcp.ma/api/v1/indicators/I4166,2026-06-22 12:26:21.708000+00:00
National,"(02) BOISSONS ALCOOLISÉES, TABAC ET STUPÉFIANTS",2021M9,2021-09-01,125.5,I4166,https://bds.hcp.ma/api/v1/indicators/I4166,2026-06-22 12:26:21.708000+00:00
National,"(02) BOISSONS ALCOOLISÉES, TABAC ET STUPÉFIANTS",2021M10,2021-10-01,125.5,I4166,https://bds.hcp.ma/api/v1/indicators/I4166,2026-06-22 12:26:21.708000+00:00
National,"(02) BOISSONS ALCOOLISÉES, TABAC ET STUPÉFIANTS",2021M11,2021-11-01,125.5,I4166,https://bds.hcp.ma/api/v1/indicators/I4166,2026-06-22 12:26:21.708000+00:00
National,"(02) BOISSONS ALCOOLISÉES, TABAC ET STUPÉFIANTS",2021M12,2021-12-01,125.5,I4166,https://bds.hcp.ma/api/v1/indicators/I4166,2026-06-22 12:26:21.708000+00:00
National,"(02) BOISSONS ALCOOLISÉES, TABAC ET STUPÉFIANTS",2022M1,2022-01-01,129.7,I4166,https://bds.hcp.ma/api/v1/indicators/I4166,2026-06-22 12:26:21.708000+00:00
National,"(02) BOISSONS ALCOOLISÉES, TABAC ET STUPÉFIANTS",2022M2,2022-02-01,129.7,I4166,https://bds.hcp.ma/api/v1/indicators/I4166,2026-06-22 12:26:21.708000+00:00
National,"(02) BOISSONS ALCOOLISÉES, TABAC ET STUPÉFIANTS",2022M3,2022-03-01,129.8,I4166,https://bds.hcp.ma/api/v1/indicators/I4166,2026-06-22 12:26:21.708000+00:00
National,"(02) BOISSONS ALCOOLISÉES, TABAC ET STUPÉFIANTS",2022M4,2022-04-01,129.8,I4166,https://bds.hcp.ma/api/v1/indicators/I4166,2026-06-22 12:26:21.708000+00:00
National,"(02) BOISSONS ALCOOLISÉES, TABAC ET STUPÉFIANTS",2022M5,2022-05-01,129.8,I4166,https://bds.hcp.ma/api/v1/indicators/I4166,2026-06-22 12:26:21.708000+00:00
National,"(02) BOISSONS ALCOOLISÉES, TABAC ET STUPÉFIANTS",2022M6,2022-06-01,129.8,I4166,https://bds.hcp.ma/api/v1/indicators/I4166,2026-06-22 12:26:21.708000+00:00
National,"(02) BOISSONS ALCOOLISÉES, TABAC ET STUPÉFIANTS",2022M7,2022-07-01,129.8,I4166,https://bds.hcp.ma/api/v1/indicators/I4166,2026-06-22 12:26:21.708000+00:00
National,"(02) BOISSONS ALCOOLISÉES, TABAC ET STUPÉFIANTS",2022M8,2022-08-01,129.8,I4166,https://bds.hcp.ma/api/v1/indicators/I4166,2026-06-22 12:26:21.708000+00:00
National,"(02) BOISSONS ALCOOLISÉES, TABAC ET STUPÉFIANTS",2022M9,2022-09-01,129.8,I4166,https://bds.hcp.ma/api/v1/indicators/I4166,2026-06-22 12:26:21.708000+00:00
National,"(02) BOISSONS ALCOOLISÉES, TABAC ET STUPÉFIANTS",2022M10,2022-10-01,129.8,I4166,https://bds.hcp.ma/api/v1/indicators/I4166,2026-06-22 12:26:21.708000+00:00
National,"(02) BOISSONS ALCOOLISÉES, TABAC ET STUPÉFIANTS",2022M11,2022-11-01,129.8,I4166,https://bds.hcp.ma/api/v1/indicators/I4166,2026-06-22 12:26:21.708000+00:00
National,"(02) BOISSONS ALCOOLISÉES, TABAC ET STUPÉFIANTS",2022M12,2022-12-01,129.8,I4166,https://bds.hcp.ma/api/v1/indicators/I4166,2026-06-22 12:26:21.708000+00:00
National,"(02) BOISSONS ALCOOLISÉES, TABAC ET STUPÉFIANTS",2023M1,2023-01-01,136.7,I4166,https://bds.hcp.ma/api/v1/indicators/I4166,2026-06-22 12:26:21.708000+00:00
National,"(02) BOISSONS ALCOOLISÉES, TABAC ET STUPÉFIANTS",2023M2,2023-02-01,136.7,I4166,https://bds.hcp.ma/api/v1/indicators/I4166,2026-06-22 12:26:21.708000+00:00
National,"(02) BOISSONS ALCOOLISÉES, TABAC ET STUPÉFIANTS",2023M3,2023-03-01,136.7,I4166,https://bds.hcp.ma/api/v1/indicators/I4166,2026-06-22 12:26:21.708000+00:00
National,"(02) BOISSONS ALCOOLISÉES, TABAC ET STUPÉFIANTS",2023M4,2023-04-01,136.7,I4166,https://bds.hcp.ma/api/v1/indicators/I4166,2026-06-22 12:26:21.708000+00:00
National,"(02) BOISSONS ALCOOLISÉES, TABAC ET STUPÉFIANTS",2023M5,2023-05-01,136.7,I4166,https://bds.hcp.ma/api/v1/indicators/I4166,2026-06-22 12:26:21.708000+00:00
National,"(02) BOISSONS ALCOOLISÉES, TABAC ET STUPÉFIANTS",2023M6,2023-06-01,136.8,I4166,https://bds.hcp.ma/api/v1/indicators/I4166,2026-06-22 12:26:21.708000+00:00
National,"(02) BOISSONS ALCOOLISÉES, TABAC ET STUPÉFIANTS",2023M7,2023-07-01,136.8,I4166,https://bds.hcp.ma/api/v1/indicators/I4166,2026-06-22 12:26:21.708000+00:00
National,"(02) BOISSONS ALCOOLISÉES, TABAC ET STUPÉFIANTS",2023M8,2023-08-01,136.8,I4166,https://bds.hcp.ma/api/v1/indicators/I4166,2026-06-22 12:26:21.708000+00:00
National,"(02) BOISSONS ALCOOLISÉES, TABAC ET STUPÉFIANTS",2023M9,2023-09-01,136.8,I4166,https://bds.hcp.ma/api/v1/indicators/I4166,2026-06-22 12:26:21.708000+00:00
National,"(02) BOISSONS ALCOOLISÉES, TABAC ET STUPÉFIANTS",2023M10,2023-10-01,136.8,I4166,https://bds.hcp.ma/api/v1/indicators/I4166,2026-06-22 12:26:21.708000+00:00
National,"(02) BOISSONS ALCOOLISÉES, TABAC ET STUPÉFIANTS",2023M11,2023-11-01,136.8,I4166,https://bds.hcp.ma/api/v1/indicators/I4166,2026-06-22 12:26:21.708000+00:00
National,"(02) BOISSONS ALCOOLISÉES, TABAC ET STUPÉFIANTS",2023M12,2023-12-01,136.8,I4166,https://bds.hcp.ma/api/v1/indicators/I4166,2026-06-22 12:26:21.708000+00:00
National,"(02) BOISSONS ALCOOLISÉES, TABAC ET STUPÉFIANTS",2024M1,2024-01-01,139.8,I4166,https://bds.hcp.ma/api/v1/indicators/I4166,2026-06-22 12:26:21.708000+00:00
National,"(02) BOISSONS ALCOOLISÉES, TABAC ET STUPÉFIANTS",2024M2,2024-02-01,139.9,I4166,https://bds.hcp.ma/api/v1/indicators/I4166,2026-06-22 12:26:21.708000+00:00
National,"(02) BOISSONS ALCOOLISÉES, TABAC ET STUPÉFIANTS",2024M3,2024-03-01,139.9,I4166,https://bds.hcp.ma/api/v1/indicators/I4166,2026-06-22 12:26:21.708000+00:00
National,"(02) BOISSONS ALCOOLISÉES, TABAC ET STUPÉFIANTS",2024M4,2024-04-01,139.9,I4166,https://bds.hcp.ma/api/v1/indicators/I4166,2026-06-22 12:26:21.708000+00:00
National,"(02) BOISSONS ALCOOLISÉES, TABAC ET STUPÉFIANTS",2024M5,2024-05-01,140,I4166,https://bds.hcp.ma/api/v1/indicators/I4166,2026-06-22 12:26:21.708000+00:00
National,"(02) BOISSONS ALCOOLISÉES, TABAC ET STUPÉFIANTS",2024M6,2024-06-01,140.1,I4166,https://bds.hcp.ma/api/v1/indicators/I4166,2026-06-22 12:26:21.708000+00:00
National,"(02) BOISSONS ALCOOLISÉES, TABAC ET STUPÉFIANTS",2024M7,2024-07-01,140.1,I4166,https://bds.hcp.ma/api/v1/indicators/I4166,2026-06-22 12:26:21.708000+00:00
National,"(02) BOISSONS ALCOOLISÉES, TABAC ET STUPÉFIANTS",2024M8,2024-08-01,140.1,I4166,https://bds.hcp.ma/api/v1/indicators/I4166,2026-06-22 12:26:21.708000+00:00
National,"(02) BOISSONS ALCOOLISÉES, TABAC ET STUPÉFIANTS",2024M9,2024-09-01,140.2,I4166,https://bds.hcp.ma/api/v1/indicators/I4166,2026-06-22 12:26:21.708000+00:00
National,"(02) BOISSONS ALCOOLISÉES, TABAC ET STUPÉFIANTS",2024M10,2024-10-01,140.2,I4166,https://bds.hcp.ma/api/v1/indicators/I4166,2026-06-22 12:26:21.708000+00:00
National,"(02) BOISSONS ALCOOLISÉES, TABAC ET STUPÉFIANTS",2024M11,2024-11-01,140.2,I4166,https://bds.hcp.ma/api/v1/indicators/I4166,2026-06-22 12:26:21.708000+00:00
National,"(02) BOISSONS ALCOOLISÉES, TABAC ET STUPÉFIANTS",2024M12,2024-12-01,140.1,I4166,https://bds.hcp.ma/api/v1/indicators/I4166,2026-06-22 12:26:21.708000+00:00
National,"(02) BOISSONS ALCOOLISÉES, TABAC ET STUPÉFIANTS",2025M1,2025-01-01,144.0,I4166,https://bds.hcp.ma/api/v1/indicators/I4166,2026-06-22 12:26:21.708000+00:00
National,"(02) BOISSONS ALCOOLISÉES, TABAC ET STUPÉFIANTS",2025M2,2025-02-01,144.0,I4166,https://bds.hcp.ma/api/v1/indicators/I4166,2026-06-22 12:26:21.708000+00:00
National,"(02) BOISSONS ALCOOLISÉES, TABAC ET STUPÉFIANTS",2025M3,2025-03-01,144.0,I4166,https://bds.hcp.ma/api/v1/indicators/I4166,2026-06-22 12:26:21.708000+00:00
National,"(02) BOISSONS ALCOOLISÉES, TABAC ET STUPÉFIANTS",2025M4,2025-04-01,145.0,I4166,https://bds.hcp.ma/api/v1/indicators/I4166,2026-06-22 12:26:21.708000+00:00
National,"(02) BOISSONS ALCOOLISÉES, TABAC ET STUPÉFIANTS",2025M5,2025-05-01,144.9,I4166,https://bds.hcp.ma/api/v1/indicators/I4166,2026-06-22 12:26:21.708000+00:00
National,"(02) BOISSONS ALCOOLISÉES, TABAC ET STUPÉFIANTS",2025M6,2025-06-01,144.9,I4166,https://bds.hcp.ma/api/v1/indicators/I4166,2026-06-22 12:26:21.708000+00:00
National,"(02) BOISSONS ALCOOLISÉES, TABAC ET STUPÉFIANTS",2025M7,2025-07-01,145.0,I4166,https://bds.hcp.ma/api/v1/indicators/I4166,2026-06-22 12:26:21.708000+00:00
National,"(02) BOISSONS ALCOOLISÉES, TABAC ET STUPÉFIANTS",2025M8,2025-08-01,145.0,I4166,https://bds.hcp.ma/api/v1/indicators/I4166,2026-06-22 12:26:21.708000+00:00
National,"(02) BOISSONS ALCOOLISÉES, TABAC ET STUPÉFIANTS",2025M9,2025-09-01,144.9,I4166,https://bds.hcp.ma/api/v1/indicators/I4166,2026-06-22 12:26:21.708000+00:00
National,"(02) BOISSONS ALCOOLISÉES, TABAC ET STUPÉFIANTS",2025M10,2025-10-01,145.0,I4166,https://bds.hcp.ma/api/v1/indicators/I4166,2026-06-22 12:26:21.708000+00:00
National,"(02) BOISSONS ALCOOLISÉES, TABAC ET STUPÉFIANTS",2025M11,2025-11-01,145.0,I4166,https://bds.hcp.ma/api/v1/indicators/I4166,2026-06-22 12:26:21.708000+00:00
National,"(02) BOISSONS ALCOOLISÉES, TABAC ET STUPÉFIANTS",2025M12,2025-12-01,145.0,I4166,https://bds.hcp.ma/api/v1/indicators/I4166,2026-06-22 12:26:21.708000+00:00
National,"(02) BOISSONS ALCOOLISÉES, TABAC ET STUPÉFIANTS",2026M1,2026-01-01,149.3,I4166,https://bds.hcp.ma/api/v1/indicators/I4166,2026-06-22 12:26:21.708000+00:00
National,"(02) BOISSONS ALCOOLISÉES, TABAC ET STUPÉFIANTS",2026M2,2026-02-01,149.3,I4166,https://bds.hcp.ma/api/v1/indicators/I4166,2026-06-22 12:26:21.708000+00:00
National,"(02) BOISSONS ALCOOLISÉES, TABAC ET STUPÉFIANTS",2026M3,2026-03-01,149.3,I4166,https://bds.hcp.ma/api/v1/indicators/I4166,2026-06-22 12:26:21.708000+00:00
National,(03) ARTICLES D'HABILLEMENT ET CHAUSSURES,2017M1,2017-01-01,99.8,I4166,https://bds.hcp.ma/api/v1/indicators/I4166,2026-06-22 12:26:21.708000+00:00
National,(03) ARTICLES D'HABILLEMENT ET CHAUSSURES,2017M2,2017-02-01,99.8,I4166,https://bds.hcp.ma/api/v1/indicators/I4166,2026-06-22 12:26:21.708000+00:00
National,(03) ARTICLES D'HABILLEMENT ET CHAUSSURES,2017M3,2017-03-01,99.8,I4166,https://bds.hcp.ma/api/v1/indicators/I4166,2026-06-22 12:26:21.708000+00:00
National,(03) ARTICLES D'HABILLEMENT ET CHAUSSURES,2017M4,2017-04-01,99.8,I4166,https://bds.hcp.ma/api/v1/indicators/I4166,2026-06-22 12:26:21.708000+00:00
National,(03) ARTICLES D'HABILLEMENT ET CHAUSSURES,2017M5,2017-05-01,99.6,I4166,https://bds.hcp.ma/api/v1/indicators/I4166,2026-06-22 12:26:21.708000+00:00
National,(03) ARTICLES D'HABILLEMENT ET CHAUSSURES,2017M6,2017-06-01,99.8,I4166,https://bds.hcp.ma/api/v1/indicators/I4166,2026-06-22 12:26:21.708000+00:00
National,(03) ARTICLES D'HABILLEMENT ET CHAUSSURES,2017M7,2017-07-01,99.9,I4166,https://bds.hcp.ma/api/v1/indicators/I4166,2026-06-22 12:26:21.708000+00:00
National,(03) ARTICLES D'HABILLEMENT ET CHAUSSURES,2017M8,2017-08-01,99.7,I4166,https://bds.hcp.ma/api/v1/indicators/I4166,2026-06-22 12:26:21.708000+00:00
National,(03) ARTICLES D'HABILLEMENT ET CHAUSSURES,2017M9,2017-09-01,100.2,I4166,https://bds.hcp.ma/api/v1/indicators/I4166,2026-06-22 12:26:21.708000+00:00
National,(03) ARTICLES D'HABILLEMENT ET CHAUSSURES,2017M10,2017-10-01,100.4,I4166,https://bds.hcp.ma/api/v1/indicators/I4166,2026-06-22 12:26:21.708000+00:00
National,(03) ARTICLES D'HABILLEMENT ET CHAUSSURES,2017M11,2017-11-01,100.7,I4166,https://bds.hcp.ma/api/v1/indicators/I4166,2026-06-22 12:26:21.708000+00:00
National,(03) ARTICLES D'HABILLEMENT ET CHAUSSURES,2017M12,2017-12-01,100.7,I4166,https://bds.hcp.ma/api/v1/indicators/I4166,2026-06-22 12:26:21.708000+00:00
National,(03) ARTICLES D'HABILLEMENT ET CHAUSSURES,2018M1,2018-01-01,100.7,I4166,https://bds.hcp.ma/api/v1/indicators/I4166,2026-06-22 12:26:21.708000+00:00
National,(03) ARTICLES D'HABILLEMENT ET CHAUSSURES,2018M2,2018-02-01,100,I4166,https://bds.hcp.ma/api/v1/indicators/I4166,2026-06-22 12:26:21.708000+00:00
National,(03) ARTICLES D'HABILLEMENT ET CHAUSSURES,2018M3,2018-03-01,100.3,I4166,https://bds.hcp.ma/api/v1/indicators/I4166,2026-06-22 12:26:21.708000+00:00
National,(03) ARTICLES D'HABILLEMENT ET CHAUSSURES,2018M4,2018-04-01,100.1,I4166,https://bds.hcp.ma/api/v1/indicators/I4166,2026-06-22 12:26:21.708000+00:00
National,(03) ARTICLES D'HABILLEMENT ET CHAUSSURES,2018M5,2018-05-01,100.5,I4166,https://bds.hcp.ma/api/v1/indicators/I4166,2026-06-22 12:26:21.708000+00:00
National,(03) ARTICLES D'HABILLEMENT ET CHAUSSURES,2018M6,2018-06-01,101.5,I4166,https://bds.hcp.ma/api/v1/indicators/I4166,2026-06-22 12:26:21.708000+00:00
National,(03) ARTICLES D'HABILLEMENT ET CHAUSSURES,2018M7,2018-07-01,101.3,I4166,https://bds.hcp.ma/api/v1/indicators/I4166,2026-06-22 12:26:21.708000+00:00
National,(03) ARTICLES D'HABILLEMENT ET CHAUSSURES,2018M8,2018-08-01,101.5,I4166,https://bds.hcp.ma/api/v1/indicators/I4166,2026-06-22 12:26:21.708000+00:00
National,(03) ARTICLES D'HABILLEMENT ET CHAUSSURES,2018M9,2018-09-01,101.7,I4166,https://bds.hcp.ma/api/v1/indicators/I4166,2026-06-22 12:26:21.708000+00:00
National,(03) ARTICLES D'HABILLEMENT ET CHAUSSURES,2018M10,2018-10-01,102.1,I4166,https://bds.hcp.ma/api/v1/indicators/I4166,2026-06-22 12:26:21.708000+00:00
National,(03) ARTICLES D'HABILLEMENT ET CHAUSSURES,2018M11,2018-11-01,102.2,I4166,https://bds.hcp.ma/api/v1/indicators/I4166,2026-06-22 12:26:21.708000+00:00
National,(03) ARTICLES D'HABILLEMENT ET CHAUSSURES,2018M12,2018-12-01,102.3,I4166,https://bds.hcp.ma/api/v1/indicators/I4166,2026-06-22 12:26:21.708000+00:00
National,(03) ARTICLES D'HABILLEMENT ET CHAUSSURES,2019M1,2019-01-01,102.3,I4166,https://bds.hcp.ma/api/v1/indicators/I4166,2026-06-22 12:26:21.708000+00:00
National,(03) ARTICLES D'HABILLEMENT ET CHAUSSURES,2019M2,2019-02-01,102.1,I4166,https://bds.hcp.ma/api/v1/indicators/I4166,2026-06-22 12:26:21.708000+00:00
National,(03) ARTICLES D'HABILLEMENT ET CHAUSSURES,2019M3,2019-03-01,101.9,I4166,https://bds.hcp.ma/api/v1/indicators/I4166,2026-06-22 12:26:21.708000+00:00
National,(03) ARTICLES D'HABILLEMENT ET CHAUSSURES,2019M4,2019-04-01,101.7,I4166,https://bds.hcp.ma/api/v1/indicators/I4166,2026-06-22 12:26:21.708000+00:00
National,(03) ARTICLES D'HABILLEMENT ET CHAUSSURES,2019M5,2019-05-01,102.2,I4166,https://bds.hcp.ma/api/v1/indicators/I4166,2026-06-22 12:26:21.708000+00:00
National,(03) ARTICLES D'HABILLEMENT ET CHAUSSURES,2019M6,2019-06-01,102,I4166,https://bds.hcp.ma/api/v1/indicators/I4166,2026-06-22 12:26:21.708000+00:00
National,(03) ARTICLES D'HABILLEMENT ET CHAUSSURES,2019M7,2019-07-01,102,I4166,https://bds.hcp.ma/api/v1/indicators/I4166,2026-06-22 12:26:21.708000+00:00
National,(03) ARTICLES D'HABILLEMENT ET CHAUSSURES,2019M8,2019-08-01,102.1,I4166,https://bds.hcp.ma/api/v1/indicators/I4166,2026-06-22 12:26:21.708000+00:00
National,(03) ARTICLES D'HABILLEMENT ET CHAUSSURES,2019M9,2019-09-01,102.7,I4166,https://bds.hcp.ma/api/v1/indicators/I4166,2026-06-22 12:26:21.708000+00:00
National,(03) ARTICLES D'HABILLEMENT ET CHAUSSURES,2019M10,2019-10-01,103.3,I4166,https://bds.hcp.ma/api/v1/indicators/I4166,2026-06-22 12:26:21.708000+00:00
National,(03) ARTICLES D'HABILLEMENT ET CHAUSSURES,2019M11,2019-11-01,103.4,I4166,https://bds.hcp.ma/api/v1/indicators/I4166,2026-06-22 12:26:21.708000+00:00
National,(03) ARTICLES D'HABILLEMENT ET CHAUSSURES,2019M12,2019-12-01,103.3,I4166,https://bds.hcp.ma/api/v1/indicators/I4166,2026-06-22 12:26:21.708000+00:00
National,(03) ARTICLES D'HABILLEMENT ET CHAUSSURES,2020M1,2020-01-01,103.3,I4166,https://bds.hcp.ma/api/v1/indicators/I4166,2026-06-22 12:26:21.708000+00:00
National,(03) ARTICLES D'HABILLEMENT ET CHAUSSURES,2020M2,2020-02-01,102.9,I4166,https://bds.hcp.ma/api/v1/indicators/I4166,2026-06-22 12:26:21.708000+00:00
National,(03) ARTICLES D'HABILLEMENT ET CHAUSSURES,2020M3,2020-03-01,102.6,I4166,https://bds.hcp.ma/api/v1/indicators/I4166,2026-06-22 12:26:21.708000+00:00
National,(03) ARTICLES D'HABILLEMENT ET CHAUSSURES,2020M4,2020-04-01,102.6,I4166,https://bds.hcp.ma/api/v1/indicators/I4166,2026-06-22 12:26:21.708000+00:00
National,(03) ARTICLES D'HABILLEMENT ET CHAUSSURES,2020M5,2020-05-01,102.7,I4166,https://bds.hcp.ma/api/v1/indicators/I4166,2026-06-22 12:26:21.708000+00:00
National,(03) ARTICLES D'HABILLEMENT ET CHAUSSURES,2020M6,2020-06-01,102.4,I4166,https://bds.hcp.ma/api/v1/indicators/I4166,2026-06-22 12:26:21.708000+00:00
National,(03) ARTICLES D'HABILLEMENT ET CHAUSSURES,2020M7,2020-07-01,102.3,I4166,https://bds.hcp.ma/api/v1/indicators/I4166,2026-06-22 12:26:21.708000+00:00
National,(03) ARTICLES D'HABILLEMENT ET CHAUSSURES,2020M8,2020-08-01,102.1,I4166,https://bds.hcp.ma/api/v1/indicators/I4166,2026-06-22 12:26:21.708000+00:00
National,(03) ARTICLES D'HABILLEMENT ET CHAUSSURES,2020M9,2020-09-01,102.4,I4166,https://bds.hcp.ma/api/v1/indicators/I4166,2026-06-22 12:26:21.708000+00:00
National,(03) ARTICLES D'HABILLEMENT ET CHAUSSURES,2020M10,2020-10-01,102.7,I4166,https://bds.hcp.ma/api/v1/indicators/I4166,2026-06-22 12:26:21.708000+00:00
National,(03) ARTICLES D'HABILLEMENT ET CHAUSSURES,2020M11,2020-11-01,103.1,I4166,https://bds.hcp.ma/api/v1/indicators/I4166,2026-06-22 12:26:21.708000+00:00
National,(03) ARTICLES D'HABILLEMENT ET CHAUSSURES,2020M12,2020-12-01,103.6,I4166,https://bds.hcp.ma/api/v1/indicators/I4166,2026-06-22 12:26:21.708000+00:00
National,(03) ARTICLES D'HABILLEMENT ET CHAUSSURES,2021M1,2021-01-01,103.7,I4166,https://bds.hcp.ma/api/v1/indicators/I4166,2026-06-22 12:26:21.708000+00:00
National,(03) ARTICLES D'HABILLEMENT ET CHAUSSURES,2021M2,2021-02-01,103.6,I4166,https://bds.hcp.ma/api/v1/indicators/I4166,2026-06-22 12:26:21.708000+00:00
National,(03) ARTICLES D'HABILLEMENT ET CHAUSSURES,2021M3,2021-03-01,103.6,I4166,https://bds.hcp.ma/api/v1/indicators/I4166,2026-06-22 12:26:21.708000+00:00
National,(03) ARTICLES D'HABILLEMENT ET CHAUSSURES,2021M4,2021-04-01,104.2,I4166,https://bds.hcp.ma/api/v1/indicators/I4166,2026-06-22 12:26:21.708000+00:00
National,(03) ARTICLES D'HABILLEMENT ET CHAUSSURES,2021M5,2021-05-01,104.6,I4166,https://bds.hcp.ma/api/v1/indicators/I4166,2026-06-22 12:26:21.708000+00:00
National,(03) ARTICLES D'HABILLEMENT ET CHAUSSURES,2021M6,2021-06-01,104.5,I4166,https://bds.hcp.ma/api/v1/indicators/I4166,2026-06-22 12:26:21.708000+00:00
National,(03) ARTICLES D'HABILLEMENT ET CHAUSSURES,2021M7,2021-07-01,104.4,I4166,https://bds.hcp.ma/api/v1/indicators/I4166,2026-06-22 12:26:21.708000+00:00
National,(03) ARTICLES D'HABILLEMENT ET CHAUSSURES,2021M8,2021-08-01,104.5,I4166,https://bds.hcp.ma/api/v1/indicators/I4166,2026-06-22 12:26:21.708000+00:00
National,(03) ARTICLES D'HABILLEMENT ET CHAUSSURES,2021M9,2021-09-01,105,I4166,https://bds.hcp.ma/api/v1/indicators/I4166,2026-06-22 12:26:21.708000+00:00
National,(03) ARTICLES D'HABILLEMENT ET CHAUSSURES,2021M10,2021-10-01,105.8,I4166,https://bds.hcp.ma/api/v1/indicators/I4166,2026-06-22 12:26:21.708000+00:00
National,(03) ARTICLES D'HABILLEMENT ET CHAUSSURES,2021M11,2021-11-01,106.3,I4166,https://bds.hcp.ma/api/v1/indicators/I4166,2026-06-22 12:26:21.708000+00:00
National,(03) ARTICLES D'HABILLEMENT ET CHAUSSURES,2021M12,2021-12-01,106.7,I4166,https://bds.hcp.ma/api/v1/indicators/I4166,2026-06-22 12:26:21.708000+00:00
National,(03) ARTICLES D'HABILLEMENT ET CHAUSSURES,2022M1,2022-01-01,106.9,I4166,https://bds.hcp.ma/api/v1/indicators/I4166,2026-06-22 12:26:21.708000+00:00
National,(03) ARTICLES D'HABILLEMENT ET CHAUSSURES,2022M2,2022-02-01,106.9,I4166,https://bds.hcp.ma/api/v1/indicators/I4166,2026-06-22 12:26:21.708000+00:00
National,(03) ARTICLES D'HABILLEMENT ET CHAUSSURES,2022M3,2022-03-01,107.4,I4166,https://bds.hcp.ma/api/v1/indicators/I4166,2026-06-22 12:26:21.708000+00:00
National,(03) ARTICLES D'HABILLEMENT ET CHAUSSURES,2022M4,2022-04-01,109.1,I4166,https://bds.hcp.ma/api/v1/indicators/I4166,2026-06-22 12:26:21.708000+00:00
National,(03) ARTICLES D'HABILLEMENT ET CHAUSSURES,2022M5,2022-05-01,109.6,I4166,https://bds.hcp.ma/api/v1/indicators/I4166,2026-06-22 12:26:21.708000+00:00
National,(03) ARTICLES D'HABILLEMENT ET CHAUSSURES,2022M6,2022-06-01,109.8,I4166,https://bds.hcp.ma/api/v1/indicators/I4166,2026-06-22 12:26:21.708000+00:00
National,(03) ARTICLES D'HABILLEMENT ET CHAUSSURES,2022M7,2022-07-01,110,I4166,https://bds.hcp.ma/api/v1/indicators/I4166,2026-06-22 12:26:21.708000+00:00
National,(03) ARTICLES D'HABILLEMENT ET CHAUSSURES,2022M8,2022-08-01,110.6,I4166,https://bds.hcp.ma/api/v1/indicators/I4166,2026-06-22 12:26:21.708000+00:00
National,(03) ARTICLES D'HABILLEMENT ET CHAUSSURES,2022M9,2022-09-01,111,I4166,https://bds.hcp.ma/api/v1/indicators/I4166,2026-06-22 12:26:21.708000+00:00
National,(03) ARTICLES D'HABILLEMENT ET CHAUSSURES,2022M10,2022-10-01,111.3,I4166,https://bds.hcp.ma/api/v1/indicators/I4166,2026-06-22 12:26:21.708000+00:00
National,(03) ARTICLES D'HABILLEMENT ET CHAUSSURES,2022M11,2022-11-01,111.7,I4166,https://bds.hcp.ma/api/v1/indicators/I4166,2026-06-22 12:26:21.708000+00:00
National,(03) ARTICLES D'HABILLEMENT ET CHAUSSURES,2022M12,2022-12-01,112.1,I4166,https://bds.hcp.ma/api/v1/indicators/I4166,2026-06-22 12:26:21.708000+00:00
National,(03) ARTICLES D'HABILLEMENT ET CHAUSSURES,2023M1,2023-01-01,112.3,I4166,https://bds.hcp.ma/api/v1/indicators/I4166,2026-06-22 12:26:21.708000+00:00
National,(03) ARTICLES D'HABILLEMENT ET CHAUSSURES,2023M2,2023-02-01,112.3,I4166,https://bds.hcp.ma/api/v1/indicators/I4166,2026-06-22 12:26:21.708000+00:00
National,(03) ARTICLES D'HABILLEMENT ET CHAUSSURES,2023M3,2023-03-01,112.7,I4166,https://bds.hcp.ma/api/v1/indicators/I4166,2026-06-22 12:26:21.708000+00:00
National,(03) ARTICLES D'HABILLEMENT ET CHAUSSURES,2023M4,2023-04-01,113.9,I4166,https://bds.hcp.ma/api/v1/indicators/I4166,2026-06-22 12:26:21.708000+00:00
National,(03) ARTICLES D'HABILLEMENT ET CHAUSSURES,2023M5,2023-05-01,113.8,I4166,https://bds.hcp.ma/api/v1/indicators/I4166,2026-06-22 12:26:21.708000+00:00
National,(03) ARTICLES D'HABILLEMENT ET CHAUSSURES,2023M6,2023-06-01,113.8,I4166,https://bds.hcp.ma/api/v1/indicators/I4166,2026-06-22 12:26:21.708000+00:00
National,(03) ARTICLES D'HABILLEMENT ET CHAUSSURES,2023M7,2023-07-01,114,I4166,https://bds.hcp.ma/api/v1/indicators/I4166,2026-06-22 12:26:21.708000+00:00
National,(03) ARTICLES D'HABILLEMENT ET CHAUSSURES,2023M8,2023-08-01,113.9,I4166,https://bds.hcp.ma/api/v1/indicators/I4166,2026-06-22 12:26:21.708000+00:00
National,(03) ARTICLES D'HABILLEMENT ET CHAUSSURES,2023M9,2023-09-01,114.2,I4166,https://bds.hcp.ma/api/v1/indicators/I4166,2026-06-22 12:26:21.708000+00:00
National,(03) ARTICLES D'HABILLEMENT ET CHAUSSURES,2023M10,2023-10-01,114.4,I4166,https://bds.hcp.ma/api/v1/indicators/I4166,2026-06-22 12:26:21.708000+00:00
National,(03) ARTICLES D'HABILLEMENT ET CHAUSSURES,2023M11,2023-11-01,114.7,I4166,https://bds.hcp.ma/api/v1/indicators/I4166,2026-06-22 12:26:21.708000+00:00
National,(03) ARTICLES D'HABILLEMENT ET CHAUSSURES,2023M12,2023-12-01,115,I4166,https://bds.hcp.ma/api/v1/indicators/I4166,2026-06-22 12:26:21.708000+00:00
National,(03) ARTICLES D'HABILLEMENT ET CHAUSSURES,2024M1,2024-01-01,115.4,I4166,https://bds.hcp.ma/api/v1/indicators/I4166,2026-06-22 12:26:21.708000+00:00
National,(03) ARTICLES D'HABILLEMENT ET CHAUSSURES,2024M2,2024-02-01,115.2,I4166,https://bds.hcp.ma/api/v1/indicators/I4166,2026-06-22 12:26:21.708000+00:00
National,(03) ARTICLES D'HABILLEMENT ET CHAUSSURES,2024M3,2024-03-01,115.7,I4166,https://bds.hcp.ma/api/v1/indicators/I4166,2026-06-22 12:26:21.708000+00:00
National,(03) ARTICLES D'HABILLEMENT ET CHAUSSURES,2024M4,2024-04-01,116.1,I4166,https://bds.hcp.ma/api/v1/indicators/I4166,2026-06-22 12:26:21.708000+00:00
National,(03) ARTICLES D'HABILLEMENT ET CHAUSSURES,2024M5,2024-05-01,116.1,I4166,https://bds.hcp.ma/api/v1/indicators/I4166,2026-06-22 12:26:21.708000+00:00
National,(03) ARTICLES D'HABILLEMENT ET CHAUSSURES,2024M6,2024-06-01,116.2,I4166,https://bds.hcp.ma/api/v1/indicators/I4166,2026-06-22 12:26:21.708000+00:00
National,(03) ARTICLES D'HABILLEMENT ET CHAUSSURES,2024M7,2024-07-01,116.1,I4166,https://bds.hcp.ma/api/v1/indicators/I4166,2026-06-22 12:26:21.708000+00:00
National,(03) ARTICLES D'HABILLEMENT ET CHAUSSURES,2024M8,2024-08-01,116.1,I4166,https://bds.hcp.ma/api/v1/indicators/I4166,2026-06-22 12:26:21.708000+00:00
National,(03) ARTICLES D'HABILLEMENT ET CHAUSSURES,2024M9,2024-09-01,116.5,I4166,https://bds.hcp.ma/api/v1/indicators/I4166,2026-06-22 12:26:21.708000+00:00
National,(03) ARTICLES D'HABILLEMENT ET CHAUSSURES,2024M10,2024-10-01,116.7,I4166,https://bds.hcp.ma/api/v1/indicators/I4166,2026-06-22 12:26:21.708000+00:00
National,(03) ARTICLES D'HABILLEMENT ET CHAUSSURES,2024M11,2024-11-01,116.6,I4166,https://bds.hcp.ma/api/v1/indicators/I4166,2026-06-22 12:26:21.708000+00:00
National,(03) ARTICLES D'HABILLEMENT ET CHAUSSURES,2024M12,2024-12-01,116.5,I4166,https://bds.hcp.ma/api/v1/indicators/I4166,2026-06-22 12:26:21.708000+00:00
National,(03) ARTICLES D'HABILLEMENT ET CHAUSSURES,2025M1,2025-01-01,116.4,I4166,https://bds.hcp.ma/api/v1/indicators/I4166,2026-06-22 12:26:21.708000+00:00
National,(03) ARTICLES D'HABILLEMENT ET CHAUSSURES,2025M2,2025-02-01,116.5,I4166,https://bds.hcp.ma/api/v1/indicators/I4166,2026-06-22 12:26:21.708000+00:00
National,(03) ARTICLES D'HABILLEMENT ET CHAUSSURES,2025M3,2025-03-01,116.9,I4166,https://bds.hcp.ma/api/v1/indicators/I4166,2026-06-22 12:26:21.708000+00:00
National,(03) ARTICLES D'HABILLEMENT ET CHAUSSURES,2025M4,2025-04-01,117.0,I4166,https://bds.hcp.ma/api/v1/indicators/I4166,2026-06-22 12:26:21.708000+00:00
National,(03) ARTICLES D'HABILLEMENT ET CHAUSSURES,2025M5,2025-05-01,116.9,I4166,https://bds.hcp.ma/api/v1/indicators/I4166,2026-06-22 12:26:21.708000+00:00
National,(03) ARTICLES D'HABILLEMENT ET CHAUSSURES,2025M6,2025-06-01,117.0,I4166,https://bds.hcp.ma/api/v1/indicators/I4166,2026-06-22 12:26:21.708000+00:00
National,(03) ARTICLES D'HABILLEMENT ET CHAUSSURES,2025M7,2025-07-01,116.9,I4166,https://bds.hcp.ma/api/v1/indicators/I4166,2026-06-22 12:26:21.708000+00:00
National,(03) ARTICLES D'HABILLEMENT ET CHAUSSURES,2025M8,2025-08-01,117.1,I4166,https://bds.hcp.ma/api/v1/indicators/I4166,2026-06-22 12:26:21.708000+00:00
National,(03) ARTICLES D'HABILLEMENT ET CHAUSSURES,2025M9,2025-09-01,117.6,I4166,https://bds.hcp.ma/api/v1/indicators/I4166,2026-06-22 12:26:21.708000+00:00
National,(03) ARTICLES D'HABILLEMENT ET CHAUSSURES,2025M10,2025-10-01,117.6,I4166,https://bds.hcp.ma/api/v1/indicators/I4166,2026-06-22 12:26:21.708000+00:00
National,(03) ARTICLES D'HABILLEMENT ET CHAUSSURES,2025M11,2025-11-01,117.4,I4166,https://bds.hcp.ma/api/v1/indicators/I4166,2026-06-22 12:26:21.708000+00:00
National,(03) ARTICLES D'HABILLEMENT ET CHAUSSURES,2025M12,2025-12-01,117.5,I4166,https://bds.hcp.ma/api/v1/indicators/I4166,2026-06-22 12:26:21.708000+00:00
National,(03) ARTICLES D'HABILLEMENT ET CHAUSSURES,2026M1,2026-01-01,117.5,I4166,https://bds.hcp.ma/api/v1/indicators/I4166,2026-06-22 12:26:21.708000+00:00
National,(03) ARTICLES D'HABILLEMENT ET CHAUSSURES,2026M2,2026-02-01,117.5,I4166,https://bds.hcp.ma/api/v1/indicators/I4166,2026-06-22 12:26:21.708000+00:00
National,(03) ARTICLES D'HABILLEMENT ET CHAUSSURES,2026M3,2026-03-01,118.1,I4166,https://bds.hcp.ma/api/v1/indicators/I4166,2026-06-22 12:26:21.708000+00:00
National,"(04) LOGEMENT, EAU, GAZ, ELECTRICITE ET AUTRES COMBUSTIBLES",2017M1,2017-01-01,99.9,I4166,https://bds.hcp.ma/api/v1/indicators/I4166,2026-06-22 12:26:21.708000+00:00
National,"(04) LOGEMENT, EAU, GAZ, ELECTRICITE ET AUTRES COMBUSTIBLES",2017M2,2017-02-01,99.9,I4166,https://bds.hcp.ma/api/v1/indicators/I4166,2026-06-22 12:26:21.708000+00:00
National,"(04) LOGEMENT, EAU, GAZ, ELECTRICITE ET AUTRES COMBUSTIBLES",2017M3,2017-03-01,99.9,I4166,https://bds.hcp.ma/api/v1/indicators/I4166,2026-06-22 12:26:21.708000+00:00
National,"(04) LOGEMENT, EAU, GAZ, ELECTRICITE ET AUTRES COMBUSTIBLES",2017M4,2017-04-01,99.9,I4166,https://bds.hcp.ma/api/v1/indicators/I4166,2026-06-22 12:26:21.708000+00:00
National,"(04) LOGEMENT, EAU, GAZ, ELECTRICITE ET AUTRES COMBUSTIBLES",2017M5,2017-05-01,99.9,I4166,https://bds.hcp.ma/api/v1/indicators/I4166,2026-06-22 12:26:21.708000+00:00
National,"(04) LOGEMENT, EAU, GAZ, ELECTRICITE ET AUTRES COMBUSTIBLES",2017M6,2017-06-01,99.9,I4166,https://bds.hcp.ma/api/v1/indicators/I4166,2026-06-22 12:26:21.708000+00:00
National,"(04) LOGEMENT, EAU, GAZ, ELECTRICITE ET AUTRES COMBUSTIBLES",2017M7,2017-07-01,99.9,I4166,https://bds.hcp.ma/api/v1/indicators/I4166,2026-06-22 12:26:21.708000+00:00
National,"(04) LOGEMENT, EAU, GAZ, ELECTRICITE ET AUTRES COMBUSTIBLES",2017M8,2017-08-01,100,I4166,https://bds.hcp.ma/api/v1/indicators/I4166,2026-06-22 12:26:21.708000+00:00
National,"(04) LOGEMENT, EAU, GAZ, ELECTRICITE ET AUTRES COMBUSTIBLES",2017M9,2017-09-01,100.1,I4166,https://bds.hcp.ma/api/v1/indicators/I4166,2026-06-22 12:26:21.708000+00:00
National,"(04) LOGEMENT, EAU, GAZ, ELECTRICITE ET AUTRES COMBUSTIBLES",2017M10,2017-10-01,100.2,I4166,https://bds.hcp.ma/api/v1/indicators/I4166,2026-06-22 12:26:21.708000+00:00
National,"(04) LOGEMENT, EAU, GAZ, ELECTRICITE ET AUTRES COMBUSTIBLES",2017M11,2017-11-01,100.2,I4166,https://bds.hcp.ma/api/v1/indicators/I4166,2026-06-22 12:26:21.708000+00:00
National,"(04) LOGEMENT, EAU, GAZ, ELECTRICITE ET AUTRES COMBUSTIBLES",2017M12,2017-12-01,100.2,I4166,https://bds.hcp.ma/api/v1/indicators/I4166,2026-06-22 12:26:21.708000+00:00
National,"(04) LOGEMENT, EAU, GAZ, ELECTRICITE ET AUTRES COMBUSTIBLES",2018M1,2018-01-01,100.2,I4166,https://bds.hcp.ma/api/v1/indicators/I4166,2026-06-22 12:26:21.708000+00:00
National,"(04) LOGEMENT, EAU, GAZ, ELECTRICITE ET AUTRES COMBUSTIBLES",2018M2,2018-02-01,100.2,I4166,https://bds.hcp.ma/api/v1/indicators/I4166,2026-06-22 12:26:21.708000+00:00
National,"(04) LOGEMENT, EAU, GAZ, ELECTRICITE ET AUTRES COMBUSTIBLES",2018M3,2018-03-01,100.3,I4166,https://bds.hcp.ma/api/v1/indicators/I4166,2026-06-22 12:26:21.708000+00:00
National,"(04) LOGEMENT, EAU, GAZ, ELECTRICITE ET AUTRES COMBUSTIBLES",2018M4,2018-04-01,100.3,I4166,https://bds.hcp.ma/api/v1/indicators/I4166,2026-06-22 12:26:21.708000+00:00
National,"(04) LOGEMENT, EAU, GAZ, ELECTRICITE ET AUTRES COMBUSTIBLES",2018M5,2018-05-01,100.4,I4166,https://bds.hcp.ma/api/v1/indicators/I4166,2026-06-22 12:26:21.708000+00:00
National,"(04) LOGEMENT, EAU, GAZ, ELECTRICITE ET AUTRES COMBUSTIBLES",2018M6,2018-06-01,100.4,I4166,https://bds.hcp.ma/api/v1/indicators/I4166,2026-06-22 12:26:21.708000+00:00
National,"(04) LOGEMENT, EAU, GAZ, ELECTRICITE ET AUTRES COMBUSTIBLES",2018M7,2018-07-01,100.5,I4166,https://bds.hcp.ma/api/v1/indicators/I4166,2026-06-22 12:26:21.708000+00:00
National,"(04) LOGEMENT, EAU, GAZ, ELECTRICITE ET AUTRES COMBUSTIBLES",2018M8,2018-08-01,100.6,I4166,https://bds.hcp.ma/api/v1/indicators/I4166,2026-06-22 12:26:21.708000+00:00
National,"(04) LOGEMENT, EAU, GAZ, ELECTRICITE ET AUTRES COMBUSTIBLES",2018M9,2018-09-01,100.7,I4166,https://bds.hcp.ma/api/v1/indicators/I4166,2026-06-22 12:26:21.708000+00:00
National,"(04) LOGEMENT, EAU, GAZ, ELECTRICITE ET AUTRES COMBUSTIBLES",2018M10,2018-10-01,100.8,I4166,https://bds.hcp.ma/api/v1/indicators/I4166,2026-06-22 12:26:21.708000+00:00
National,"(04) LOGEMENT, EAU, GAZ, ELECTRICITE ET AUTRES COMBUSTIBLES",2018M11,2018-11-01,100.8,I4166,https://bds.hcp.ma/api/v1/indicators/I4166,2026-06-22 12:26:21.708000+00:00
National,"(04) LOGEMENT, EAU, GAZ, ELECTRICITE ET AUTRES COMBUSTIBLES",2018M12,2018-12-01,100.8,I4166,https://bds.hcp.ma/api/v1/indicators/I4166,2026-06-22 12:26:21.708000+00:00
National,"(04) LOGEMENT, EAU, GAZ, ELECTRICITE ET AUTRES COMBUSTIBLES",2019M1,2019-01-01,100.8,I4166,https://bds.hcp.ma/api/v1/indicators/I4166,2026-06-22 12:26:21.708000+00:00
National,"(04) LOGEMENT, EAU, GAZ, ELECTRICITE ET AUTRES COMBUSTIBLES",2019M2,2019-02-01,100.9,I4166,https://bds.hcp.ma/api/v1/indicators/I4166,2026-06-22 12:26:21.708000+00:00
National,"(04) LOGEMENT, EAU, GAZ, ELECTRICITE ET AUTRES COMBUSTIBLES",2019M3,2019-03-01,100.9,I4166,https://bds.hcp.ma/api/v1/indicators/I4166,2026-06-22 12:26:21.708000+00:00
National,"(04) LOGEMENT, EAU, GAZ, ELECTRICITE ET AUTRES COMBUSTIBLES",2019M4,2019-04-01,101,I4166,https://bds.hcp.ma/api/v1/indicators/I4166,2026-06-22 12:26:21.708000+00:00
National,"(04) LOGEMENT, EAU, GAZ, ELECTRICITE ET AUTRES COMBUSTIBLES",2019M5,2019-05-01,101,I4166,https://bds.hcp.ma/api/v1/indicators/I4166,2026-06-22 12:26:21.708000+00:00
National,"(04) LOGEMENT, EAU, GAZ, ELECTRICITE ET AUTRES COMBUSTIBLES",2019M6,2019-06-01,101,I4166,https://bds.hcp.ma/api/v1/indicators/I4166,2026-06-22 12:26:21.708000+00:00
National,"(04) LOGEMENT, EAU, GAZ, ELECTRICITE ET AUTRES COMBUSTIBLES",2019M7,2019-07-01,101.2,I4166,https://bds.hcp.ma/api/v1/indicators/I4166,2026-06-22 12:26:21.708000+00:00
National,"(04) LOGEMENT, EAU, GAZ, ELECTRICITE ET AUTRES COMBUSTIBLES",2019M8,2019-08-01,101.4,I4166,https://bds.hcp.ma/api/v1/indicators/I4166,2026-06-22 12:26:21.708000+00:00
National,"(04) LOGEMENT, EAU, GAZ, ELECTRICITE ET AUTRES COMBUSTIBLES",2019M9,2019-09-01,101.4,I4166,https://bds.hcp.ma/api/v1/indicators/I4166,2026-06-22 12:26:21.708000+00:00
National,"(04) LOGEMENT, EAU, GAZ, ELECTRICITE ET AUTRES COMBUSTIBLES",2019M10,2019-10-01,101.4,I4166,https://bds.hcp.ma/api/v1/indicators/I4166,2026-06-22 12:26:21.708000+00:00
National,"(04) LOGEMENT, EAU, GAZ, ELECTRICITE ET AUTRES COMBUSTIBLES",2019M11,2019-11-01,101.5,I4166,https://bds.hcp.ma/api/v1/indicators/I4166,2026-06-22 12:26:21.708000+00:00
National,"(04) LOGEMENT, EAU, GAZ, ELECTRICITE ET AUTRES COMBUSTIBLES",2019M12,2019-12-01,101.4,I4166,https://bds.hcp.ma/api/v1/indicators/I4166,2026-06-22 12:26:21.708000+00:00
National,"(04) LOGEMENT, EAU, GAZ, ELECTRICITE ET AUTRES COMBUSTIBLES",2020M1,2020-01-01,101.4,I4166,https://bds.hcp.ma/api/v1/indicators/I4166,2026-06-22 12:26:21.708000+00:00
National,"(04) LOGEMENT, EAU, GAZ, ELECTRICITE ET AUTRES COMBUSTIBLES",2020M2,2020-02-01,101.5,I4166,https://bds.hcp.ma/api/v1/indicators/I4166,2026-06-22 12:26:21.708000+00:00
National,"(04) LOGEMENT, EAU, GAZ, ELECTRICITE ET AUTRES COMBUSTIBLES",2020M3,2020-03-01,101.5,I4166,https://bds.hcp.ma/api/v1/indicators/I4166,2026-06-22 12:26:21.708000+00:00
National,"(04) LOGEMENT, EAU, GAZ, ELECTRICITE ET AUTRES COMBUSTIBLES",2020M4,2020-04-01,101.5,I4166,https://bds.hcp.ma/api/v1/indicators/I4166,2026-06-22 12:26:21.708000+00:00
National,"(04) LOGEMENT, EAU, GAZ, ELECTRICITE ET AUTRES COMBUSTIBLES",2020M5,2020-05-01,101.7,I4166,https://bds.hcp.ma/api/v1/indicators/I4166,2026-06-22 12:26:21.708000+00:00
National,"(04) LOGEMENT, EAU, GAZ, ELECTRICITE ET AUTRES COMBUSTIBLES",2020M6,2020-06-01,101.8,I4166,https://bds.hcp.ma/api/v1/indicators/I4166,2026-06-22 12:26:21.708000+00:00
National,"(04) LOGEMENT, EAU, GAZ, ELECTRICITE ET AUTRES COMBUSTIBLES",2020M7,2020-07-01,101.9,I4166,https://bds.hcp.ma/api/v1/indicators/I4166,2026-06-22 12:26:21.708000+00:00
National,"(04) LOGEMENT, EAU, GAZ, ELECTRICITE ET AUTRES COMBUSTIBLES",2020M8,2020-08-01,101.9,I4166,https://bds.hcp.ma/api/v1/indicators/I4166,2026-06-22 12:26:21.708000+00:00
National,"(04) LOGEMENT, EAU, GAZ, ELECTRICITE ET AUTRES COMBUSTIBLES",2020M9,2020-09-01,101.9,I4166,https://bds.hcp.ma/api/v1/indicators/I4166,2026-06-22 12:26:21.708000+00:00
National,"(04) LOGEMENT, EAU, GAZ, ELECTRICITE ET AUTRES COMBUSTIBLES",2020M10,2020-10-01,102,I4166,https://bds.hcp.ma/api/v1/indicators/I4166,2026-06-22 12:26:21.708000+00:00
National,"(04) LOGEMENT, EAU, GAZ, ELECTRICITE ET AUTRES COMBUSTIBLES",2020M11,2020-11-01,102,I4166,https://bds.hcp.ma/api/v1/indicators/I4166,2026-06-22 12:26:21.708000+00:00
National,"(04) LOGEMENT, EAU, GAZ, ELECTRICITE ET AUTRES COMBUSTIBLES",2020M12,2020-12-01,102,I4166,https://bds.hcp.ma/api/v1/indicators/I4166,2026-06-22 12:26:21.708000+00:00
National,"(04) LOGEMENT, EAU, GAZ, ELECTRICITE ET AUTRES COMBUSTIBLES",2021M1,2021-01-01,102,I4166,https://bds.hcp.ma/api/v1/indicators/I4166,2026-06-22 12:26:21.708000+00:00
National,"(04) LOGEMENT, EAU, GAZ, ELECTRICITE ET AUTRES COMBUSTIBLES",2021M2,2021-02-01,102,I4166,https://bds.hcp.ma/api/v1/indicators/I4166,2026-06-22 12:26:21.708000+00:00
National,"(04) LOGEMENT, EAU, GAZ, ELECTRICITE ET AUTRES COMBUSTIBLES",2021M3,2021-03-01,102.2,I4166,https://bds.hcp.ma/api/v1/indicators/I4166,2026-06-22 12:26:21.708000+00:00
National,"(04) LOGEMENT, EAU, GAZ, ELECTRICITE ET AUTRES COMBUSTIBLES",2021M4,2021-04-01,102.2,I4166,https://bds.hcp.ma/api/v1/indicators/I4166,2026-06-22 12:26:21.708000+00:00
National,"(04) LOGEMENT, EAU, GAZ, ELECTRICITE ET AUTRES COMBUSTIBLES",2021M5,2021-05-01,102.5,I4166,https://bds.hcp.ma/api/v1/indicators/I4166,2026-06-22 12:26:21.708000+00:00
National,"(04) LOGEMENT, EAU, GAZ, ELECTRICITE ET AUTRES COMBUSTIBLES",2021M6,2021-06-01,102.6,I4166,https://bds.hcp.ma/api/v1/indicators/I4166,2026-06-22 12:26:21.708000+00:00
National,"(04) LOGEMENT, EAU, GAZ, ELECTRICITE ET AUTRES COMBUSTIBLES",2021M7,2021-07-01,102.7,I4166,https://bds.hcp.ma/api/v1/indicators/I4166,2026-06-22 12:26:21.708000+00:00
National,"(04) LOGEMENT, EAU, GAZ, ELECTRICITE ET AUTRES COMBUSTIBLES",2021M8,2021-08-01,102.8,I4166,https://bds.hcp.ma/api/v1/indicators/I4166,2026-06-22 12:26:21.708000+00:00
National,"(04) LOGEMENT, EAU, GAZ, ELECTRICITE ET AUTRES COMBUSTIBLES",2021M9,2021-09-01,102.8,I4166,https://bds.hcp.ma/api/v1/indicators/I4166,2026-06-22 12:26:21.708000+00:00
National,"(04) LOGEMENT, EAU, GAZ, ELECTRICITE ET AUTRES COMBUSTIBLES",2021M10,2021-10-01,102.9,I4166,https://bds.hcp.ma/api/v1/indicators/I4166,2026-06-22 12:26:21.708000+00:00
National,"(04) LOGEMENT, EAU, GAZ, ELECTRICITE ET AUTRES COMBUSTIBLES",2021M11,2021-11-01,102.9,I4166,https://bds.hcp.ma/api/v1/indicators/I4166,2026-06-22 12:26:21.708000+00:00
National,"(04) LOGEMENT, EAU, GAZ, ELECTRICITE ET AUTRES COMBUSTIBLES",2021M12,2021-12-01,103,I4166,https://bds.hcp.ma/api/v1/indicators/I4166,2026-06-22 12:26:21.708000+00:00
National,"(04) LOGEMENT, EAU, GAZ, ELECTRICITE ET AUTRES COMBUSTIBLES",2022M1,2022-01-01,103.1,I4166,https://bds.hcp.ma/api/v1/indicators/I4166,2026-06-22 12:26:21.708000+00:00
National,"(04) LOGEMENT, EAU, GAZ, ELECTRICITE ET AUTRES COMBUSTIBLES",2022M2,2022-02-01,103.2,I4166,https://bds.hcp.ma/api/v1/indicators/I4166,2026-06-22 12:26:21.708000+00:00
National,"(04) LOGEMENT, EAU, GAZ, ELECTRICITE ET AUTRES COMBUSTIBLES",2022M3,2022-03-01,103.3,I4166,https://bds.hcp.ma/api/v1/indicators/I4166,2026-06-22 12:26:21.708000+00:00
National,"(04) LOGEMENT, EAU, GAZ, ELECTRICITE ET AUTRES COMBUSTIBLES",2022M4,2022-04-01,103.3,I4166,https://bds.hcp.ma/api/v1/indicators/I4166,2026-06-22 12:26:21.708000+00:00
National,"(04) LOGEMENT, EAU, GAZ, ELECTRICITE ET AUTRES COMBUSTIBLES",2022M5,2022-05-01,103.4,I4166,https://bds.hcp.ma/api/v1/indicators/I4166,2026-06-22 12:26:21.708000+00:00
National,"(04) LOGEMENT, EAU, GAZ, ELECTRICITE ET AUTRES COMBUSTIBLES",2022M6,2022-06-01,103.6,I4166,https://bds.hcp.ma/api/v1/indicators/I4166,2026-06-22 12:26:21.708000+00:00
National,"(04) LOGEMENT, EAU, GAZ, ELECTRICITE ET AUTRES COMBUSTIBLES",2022M7,2022-07-01,103.7,I4166,https://bds.hcp.ma/api/v1/indicators/I4166,2026-06-22 12:26:21.708000+00:00
National,"(04) LOGEMENT, EAU, GAZ, ELECTRICITE ET AUTRES COMBUSTIBLES",2022M8,2022-08-01,103.8,I4166,https://bds.hcp.ma/api/v1/indicators/I4166,2026-06-22 12:26:21.708000+00:00
National,"(04) LOGEMENT, EAU, GAZ, ELECTRICITE ET AUTRES COMBUSTIBLES",2022M9,2022-09-01,103.9,I4166,https://bds.hcp.ma/api/v1/indicators/I4166,2026-06-22 12:26:21.708000+00:00
National,"(04) LOGEMENT, EAU, GAZ, ELECTRICITE ET AUTRES COMBUSTIBLES",2022M10,2022-10-01,104,I4166,https://bds.hcp.ma/api/v1/indicators/I4166,2026-06-22 12:26:21.708000+00:00
National,"(04) LOGEMENT, EAU, GAZ, ELECTRICITE ET AUTRES COMBUSTIBLES",2022M11,2022-11-01,104.1,I4166,https://bds.hcp.ma/api/v1/indicators/I4166,2026-06-22 12:26:21.708000+00:00
National,"(04) LOGEMENT, EAU, GAZ, ELECTRICITE ET AUTRES COMBUSTIBLES",2022M12,2022-12-01,104.2,I4166,https://bds.hcp.ma/api/v1/indicators/I4166,2026-06-22 12:26:21.708000+00:00
National,"(04) LOGEMENT, EAU, GAZ, ELECTRICITE ET AUTRES COMBUSTIBLES",2023M1,2023-01-01,104.2,I4166,https://bds.hcp.ma/api/v1/indicators/I4166,2026-06-22 12:26:21.708000+00:00
National,"(04) LOGEMENT, EAU, GAZ, ELECTRICITE ET AUTRES COMBUSTIBLES",2023M2,2023-02-01,104.3,I4166,https://bds.hcp.ma/api/v1/indicators/I4166,2026-06-22 12:26:21.708000+00:00
National,"(04) LOGEMENT, EAU, GAZ, ELECTRICITE ET AUTRES COMBUSTIBLES",2023M3,2023-03-01,104.4,I4166,https://bds.hcp.ma/api/v1/indicators/I4166,2026-06-22 12:26:21.708000+00:00
National,"(04) LOGEMENT, EAU, GAZ, ELECTRICITE ET AUTRES COMBUSTIBLES",2023M4,2023-04-01,104.4,I4166,https://bds.hcp.ma/api/v1/indicators/I4166,2026-06-22 12:26:21.708000+00:00
National,"(04) LOGEMENT, EAU, GAZ, ELECTRICITE ET AUTRES COMBUSTIBLES",2023M5,2023-05-01,104.5,I4166,https://bds.hcp.ma/api/v1/indicators/I4166,2026-06-22 12:26:21.708000+00:00
National,"(04) LOGEMENT, EAU, GAZ, ELECTRICITE ET AUTRES COMBUSTIBLES",2023M6,2023-06-01,104.7,I4166,https://bds.hcp.ma/api/v1/indicators/I4166,2026-06-22 12:26:21.708000+00:00
National,"(04) LOGEMENT, EAU, GAZ, ELECTRICITE ET AUTRES COMBUSTIBLES",2023M7,2023-07-01,104.7,I4166,https://bds.hcp.ma/api/v1/indicators/I4166,2026-06-22 12:26:21.708000+00:00
National,"(04) LOGEMENT, EAU, GAZ, ELECTRICITE ET AUTRES COMBUSTIBLES",2023M8,2023-08-01,104.8,I4166,https://bds.hcp.ma/api/v1/indicators/I4166,2026-06-22 12:26:21.708000+00:00
National,"(04) LOGEMENT, EAU, GAZ, ELECTRICITE ET AUTRES COMBUSTIBLES",2023M9,2023-09-01,104.9,I4166,https://bds.hcp.ma/api/v1/indicators/I4166,2026-06-22 12:26:21.708000+00:00
National,"(04) LOGEMENT, EAU, GAZ, ELECTRICITE ET AUTRES COMBUSTIBLES",2023M10,2023-10-01,104.9,I4166,https://bds.hcp.ma/api/v1/indicators/I4166,2026-06-22 12:26:21.708000+00:00
National,"(04) LOGEMENT, EAU, GAZ, ELECTRICITE ET AUTRES COMBUSTIBLES",2023M11,2023-11-01,105,I4166,https://bds.hcp.ma/api/v1/indicators/I4166,2026-06-22 12:26:21.708000+00:00
National,"(04) LOGEMENT, EAU, GAZ, ELECTRICITE ET AUTRES COMBUSTIBLES",2023M12,2023-12-01,105.1,I4166,https://bds.hcp.ma/api/v1/indicators/I4166,2026-06-22 12:26:21.708000+00:00
National,"(04) LOGEMENT, EAU, GAZ, ELECTRICITE ET AUTRES COMBUSTIBLES",2024M1,2024-01-01,105.1,I4166,https://bds.hcp.ma/api/v1/indicators/I4166,2026-06-22 12:26:21.708000+00:00
National,"(04) LOGEMENT, EAU, GAZ, ELECTRICITE ET AUTRES COMBUSTIBLES",2024M2,2024-02-01,105.2,I4166,https://bds.hcp.ma/api/v1/indicators/I4166,2026-06-22 12:26:21.708000+00:00
National,"(04) LOGEMENT, EAU, GAZ, ELECTRICITE ET AUTRES COMBUSTIBLES",2024M3,2024-03-01,105.2,I4166,https://bds.hcp.ma/api/v1/indicators/I4166,2026-06-22 12:26:21.708000+00:00
National,"(04) LOGEMENT, EAU, GAZ, ELECTRICITE ET AUTRES COMBUSTIBLES",2024M4,2024-04-01,105.3,I4166,https://bds.hcp.ma/api/v1/indicators/I4166,2026-06-22 12:26:21.708000+00:00
National,"(04) LOGEMENT, EAU, GAZ, ELECTRICITE ET AUTRES COMBUSTIBLES",2024M5,2024-05-01,107,I4166,https://bds.hcp.ma/api/v1/indicators/I4166,2026-06-22 12:26:21.708000+00:00
National,"(04) LOGEMENT, EAU, GAZ, ELECTRICITE ET AUTRES COMBUSTIBLES",2024M6,2024-06-01,108.6,I4166,https://bds.hcp.ma/api/v1/indicators/I4166,2026-06-22 12:26:21.708000+00:00
National,"(04) LOGEMENT, EAU, GAZ, ELECTRICITE ET AUTRES COMBUSTIBLES",2024M7,2024-07-01,108.7,I4166,https://bds.hcp.ma/api/v1/indicators/I4166,2026-06-22 12:26:21.708000+00:00
National,"(04) LOGEMENT, EAU, GAZ, ELECTRICITE ET AUTRES COMBUSTIBLES",2024M8,2024-08-01,108.7,I4166,https://bds.hcp.ma/api/v1/indicators/I4166,2026-06-22 12:26:21.708000+00:00
National,"(04) LOGEMENT, EAU, GAZ, ELECTRICITE ET AUTRES COMBUSTIBLES",2024M9,2024-09-01,108.7,I4166,https://bds.hcp.ma/api/v1/indicators/I4166,2026-06-22 12:26:21.708000+00:00
National,"(04) LOGEMENT, EAU, GAZ, ELECTRICITE ET AUTRES COMBUSTIBLES",2024M10,2024-10-01,108.7,I4166,https://bds.hcp.ma/api/v1/indicators/I4166,2026-06-22 12:26:21.708000+00:00
National,"(04) LOGEMENT, EAU, GAZ, ELECTRICITE ET AUTRES COMBUSTIBLES",2024M11,2024-11-01,108.8,I4166,https://bds.hcp.ma/api/v1/indicators/I4166,2026-06-22 12:26:21.708000+00:00
National,"(04) LOGEMENT, EAU, GAZ, ELECTRICITE ET AUTRES COMBUSTIBLES",2024M12,2024-12-01,108.9,I4166,https://bds.hcp.ma/api/v1/indicators/I4166,2026-06-22 12:26:21.708000+00:00
National,"(04) LOGEMENT, EAU, GAZ, ELECTRICITE ET AUTRES COMBUSTIBLES",2025M1,2025-01-01,108.9,I4166,https://bds.hcp.ma/api/v1/indicators/I4166,2026-06-22 12:26:21.708000+00:00
National,"(04) LOGEMENT, EAU, GAZ, ELECTRICITE ET AUTRES COMBUSTIBLES",2025M2,2025-02-01,108.9,I4166,https://bds.hcp.ma/api/v1/indicators/I4166,2026-06-22 12:26:21.708000+00:00
National,"(04) LOGEMENT, EAU, GAZ, ELECTRICITE ET AUTRES COMBUSTIBLES",2025M3,2025-03-01,109.1,I4166,https://bds.hcp.ma/api/v1/indicators/I4166,2026-06-22 12:26:21.708000+00:00
National,"(04) LOGEMENT, EAU, GAZ, ELECTRICITE ET AUTRES COMBUSTIBLES",2025M4,2025-04-01,109.2,I4166,https://bds.hcp.ma/api/v1/indicators/I4166,2026-06-22 12:26:21.708000+00:00
National,"(04) LOGEMENT, EAU, GAZ, ELECTRICITE ET AUTRES COMBUSTIBLES",2025M5,2025-05-01,109.3,I4166,https://bds.hcp.ma/api/v1/indicators/I4166,2026-06-22 12:26:21.708000+00:00
National,"(04) LOGEMENT, EAU, GAZ, ELECTRICITE ET AUTRES COMBUSTIBLES",2025M6,2025-06-01,109.3,I4166,https://bds.hcp.ma/api/v1/indicators/I4166,2026-06-22 12:26:21.708000+00:00
National,"(04) LOGEMENT, EAU, GAZ, ELECTRICITE ET AUTRES COMBUSTIBLES",2025M7,2025-07-01,109.3,I4166,https://bds.hcp.ma/api/v1/indicators/I4166,2026-06-22 12:26:21.708000+00:00
National,"(04) LOGEMENT, EAU, GAZ, ELECTRICITE ET AUTRES COMBUSTIBLES",2025M8,2025-08-01,109.4,I4166,https://bds.hcp.ma/api/v1/indicators/I4166,2026-06-22 12:26:21.708000+00:00
National,"(04) LOGEMENT, EAU, GAZ, ELECTRICITE ET AUTRES COMBUSTIBLES",2025M9,2025-09-01,109.4,I4166,https://bds.hcp.ma/api/v1/indicators/I4166,2026-06-22 12:26:21.708000+00:00
National,"(04) LOGEMENT, EAU, GAZ, ELECTRICITE ET AUTRES COMBUSTIBLES",2025M10,2025-10-01,109.5,I4166,https://bds.hcp.ma/api/v1/indicators/I4166,2026-06-22 12:26:21.708000+00:00
National,"(04) LOGEMENT, EAU, GAZ, ELECTRICITE ET AUTRES COMBUSTIBLES",2025M11,2025-11-01,109.5,I4166,https://bds.hcp.ma/api/v1/indicators/I4166,2026-06-22 12:26:21.708000+00:00
National,"(04) LOGEMENT, EAU, GAZ, ELECTRICITE ET AUTRES COMBUSTIBLES",2025M12,2025-12-01,109.6,I4166,https://bds.hcp.ma/api/v1/indicators/I4166,2026-06-22 12:26:21.708000+00:00
National,"(04) LOGEMENT, EAU, GAZ, ELECTRICITE ET AUTRES COMBUSTIBLES",2026M1,2026-01-01,109.6,I4166,https://bds.hcp.ma/api/v1/indicators/I4166,2026-06-22 12:26:21.708000+00:00
National,"(04) LOGEMENT, EAU, GAZ, ELECTRICITE ET AUTRES COMBUSTIBLES",2026M2,2026-02-01,109.6,I4166,https://bds.hcp.ma/api/v1/indicators/I4166,2026-06-22 12:26:21.708000+00:00
National,"(04) LOGEMENT, EAU, GAZ, ELECTRICITE ET AUTRES COMBUSTIBLES",2026M3,2026-03-01,109.8,I4166,https://bds.hcp.ma/api/v1/indicators/I4166,2026-06-22 12:26:21.708000+00:00
National,"(05) MEUBLES, ARTICLES DE MENAGE ET ENTRETIEN COURANT DU FOYER",2017M1,2017-01-01,100,I4166,https://bds.hcp.ma/api/v1/indicators/I4166,2026-06-22 12:26:21.708000+00:00
National,"(05) MEUBLES, ARTICLES DE MENAGE ET ENTRETIEN COURANT DU FOYER",2017M2,2017-02-01,100,I4166,https://bds.hcp.ma/api/v1/indicators/I4166,2026-06-22 12:26:21.708000+00:00
National,"(05) MEUBLES, ARTICLES DE MENAGE ET ENTRETIEN COURANT DU FOYER",2017M3,2017-03-01,100,I4166,https://bds.hcp.ma/api/v1/indicators/I4166,2026-06-22 12:26:21.708000+00:00
National,"(05) MEUBLES, ARTICLES DE MENAGE ET ENTRETIEN COURANT DU FOYER",2017M4,2017-04-01,99.9,I4166,https://bds.hcp.ma/api/v1/indicators/I4166,2026-06-22 12:26:21.708000+00:00
National,"(05) MEUBLES, ARTICLES DE MENAGE ET ENTRETIEN COURANT DU FOYER",2017M5,2017-05-01,99.9,I4166,https://bds.hcp.ma/api/v1/indicators/I4166,2026-06-22 12:26:21.708000+00:00
National,"(05) MEUBLES, ARTICLES DE MENAGE ET ENTRETIEN COURANT DU FOYER",2017M6,2017-06-01,99.9,I4166,https://bds.hcp.ma/api/v1/indicators/I4166,2026-06-22 12:26:21.708000+00:00
National,"(05) MEUBLES, ARTICLES DE MENAGE ET ENTRETIEN COURANT DU FOYER",2017M7,2017-07-01,99.9,I4166,https://bds.hcp.ma/api/v1/indicators/I4166,2026-06-22 12:26:21.708000+00:00
National,"(05) MEUBLES, ARTICLES DE MENAGE ET ENTRETIEN COURANT DU FOYER",2017M8,2017-08-01,100.1,I4166,https://bds.hcp.ma/api/v1/indicators/I4166,2026-06-22 12:26:21.708000+00:00
National,"(05) MEUBLES, ARTICLES DE MENAGE ET ENTRETIEN COURANT DU FOYER",2017M9,2017-09-01,100,I4166,https://bds.hcp.ma/api/v1/indicators/I4166,2026-06-22 12:26:21.708000+00:00
National,"(05) MEUBLES, ARTICLES DE MENAGE ET ENTRETIEN COURANT DU FOYER",2017M10,2017-10-01,100.1,I4166,https://bds.hcp.ma/api/v1/indicators/I4166,2026-06-22 12:26:21.708000+00:00
National,"(05) MEUBLES, ARTICLES DE MENAGE ET ENTRETIEN COURANT DU FOYER",2017M11,2017-11-01,100.1,I4166,https://bds.hcp.ma/api/v1/indicators/I4166,2026-06-22 12:26:21.708000+00:00
National,"(05) MEUBLES, ARTICLES DE MENAGE ET ENTRETIEN COURANT DU FOYER",2017M12,2017-12-01,100.2,I4166,https://bds.hcp.ma/api/v1/indicators/I4166,2026-06-22 12:26:21.708000+00:00
National,"(05) MEUBLES, ARTICLES DE MENAGE ET ENTRETIEN COURANT DU FOYER",2018M1,2018-01-01,100.1,I4166,https://bds.hcp.ma/api/v1/indicators/I4166,2026-06-22 12:26:21.708000+00:00
National,"(05) MEUBLES, ARTICLES DE MENAGE ET ENTRETIEN COURANT DU FOYER",2018M2,2018-02-01,100,I4166,https://bds.hcp.ma/api/v1/indicators/I4166,2026-06-22 12:26:21.708000+00:00
National,"(05) MEUBLES, ARTICLES DE MENAGE ET ENTRETIEN COURANT DU FOYER",2018M3,2018-03-01,100,I4166,https://bds.hcp.ma/api/v1/indicators/I4166,2026-06-22 12:26:21.708000+00:00
National,"(05) MEUBLES, ARTICLES DE MENAGE ET ENTRETIEN COURANT DU FOYER",2018M4,2018-04-01,100.2,I4166,https://bds.hcp.ma/api/v1/indicators/I4166,2026-06-22 12:26:21.708000+00:00
National,"(05) MEUBLES, ARTICLES DE MENAGE ET ENTRETIEN COURANT DU FOYER",2018M5,2018-05-01,100.2,I4166,https://bds.hcp.ma/api/v1/indicators/I4166,2026-06-22 12:26:21.708000+00:00
National,"(05) MEUBLES, ARTICLES DE MENAGE ET ENTRETIEN COURANT DU FOYER",2018M6,2018-06-01,100.2,I4166,https://bds.hcp.ma/api/v1/indicators/I4166,2026-06-22 12:26:21.708000+00:00
National,"(05) MEUBLES, ARTICLES DE MENAGE ET ENTRETIEN COURANT DU FOYER",2018M7,2018-07-01,100.3,I4166,https://bds.hcp.ma/api/v1/indicators/I4166,2026-06-22 12:26:21.708000+00:00
National,"(05) MEUBLES, ARTICLES DE MENAGE ET ENTRETIEN COURANT DU FOYER",2018M8,2018-08-01,100.1,I4166,https://bds.hcp.ma/api/v1/indicators/I4166,2026-06-22 12:26:21.708000+00:00
National,"(05) MEUBLES, ARTICLES DE MENAGE ET ENTRETIEN COURANT DU FOYER",2018M9,2018-09-01,100.3,I4166,https://bds.hcp.ma/api/v1/indicators/I4166,2026-06-22 12:26:21.708000+00:00
National,"(05) MEUBLES, ARTICLES DE MENAGE ET ENTRETIEN COURANT DU FOYER",2018M10,2018-10-01,100.4,I4166,https://bds.hcp.ma/api/v1/indicators/I4166,2026-06-22 12:26:21.708000+00:00
National,"(05) MEUBLES, ARTICLES DE MENAGE ET ENTRETIEN COURANT DU FOYER",2018M11,2018-11-01,100.5,I4166,https://bds.hcp.ma/api/v1/indicators/I4166,2026-06-22 12:26:21.708000+00:00
National,"(05) MEUBLES, ARTICLES DE MENAGE ET ENTRETIEN COURANT DU FOYER",2018M12,2018-12-01,100.5,I4166,https://bds.hcp.ma/api/v1/indicators/I4166,2026-06-22 12:26:21.708000+00:00
National,"(05) MEUBLES, ARTICLES DE MENAGE ET ENTRETIEN COURANT DU FOYER",2019M1,2019-01-01,100.5,I4166,https://bds.hcp.ma/api/v1/indicators/I4166,2026-06-22 12:26:21.708000+00:00
National,"(05) MEUBLES, ARTICLES DE MENAGE ET ENTRETIEN COURANT DU FOYER",2019M2,2019-02-01,100.6,I4166,https://bds.hcp.ma/api/v1/indicators/I4166,2026-06-22 12:26:21.708000+00:00
National,"(05) MEUBLES, ARTICLES DE MENAGE ET ENTRETIEN COURANT DU FOYER",2019M3,2019-03-01,100.7,I4166,https://bds.hcp.ma/api/v1/indicators/I4166,2026-06-22 12:26:21.708000+00:00
National,"(05) MEUBLES, ARTICLES DE MENAGE ET ENTRETIEN COURANT DU FOYER",2019M4,2019-04-01,100.6,I4166,https://bds.hcp.ma/api/v1/indicators/I4166,2026-06-22 12:26:21.708000+00:00
National,"(05) MEUBLES, ARTICLES DE MENAGE ET ENTRETIEN COURANT DU FOYER",2019M5,2019-05-01,100.6,I4166,https://bds.hcp.ma/api/v1/indicators/I4166,2026-06-22 12:26:21.708000+00:00
National,"(05) MEUBLES, ARTICLES DE MENAGE ET ENTRETIEN COURANT DU FOYER",2019M6,2019-06-01,100.7,I4166,https://bds.hcp.ma/api/v1/indicators/I4166,2026-06-22 12:26:21.708000+00:00
National,"(05) MEUBLES, ARTICLES DE MENAGE ET ENTRETIEN COURANT DU FOYER",2019M7,2019-07-01,100.7,I4166,https://bds.hcp.ma/api/v1/indicators/I4166,2026-06-22 12:26:21.708000+00:00
National,"(05) MEUBLES, ARTICLES DE MENAGE ET ENTRETIEN COURANT DU FOYER",2019M8,2019-08-01,100.7,I4166,https://bds.hcp.ma/api/v1/indicators/I4166,2026-06-22 12:26:21.708000+00:00
National,"(05) MEUBLES, ARTICLES DE MENAGE ET ENTRETIEN COURANT DU FOYER",2019M9,2019-09-01,100.7,I4166,https://bds.hcp.ma/api/v1/indicators/I4166,2026-06-22 12:26:21.708000+00:00
National,"(05) MEUBLES, ARTICLES DE MENAGE ET ENTRETIEN COURANT DU FOYER",2019M10,2019-10-01,100.5,I4166,https://bds.hcp.ma/api/v1/indicators/I4166,2026-06-22 12:26:21.708000+00:00
National,"(05) MEUBLES, ARTICLES DE MENAGE ET ENTRETIEN COURANT DU FOYER",2019M11,2019-11-01,100.6,I4166,https://bds.hcp.ma/api/v1/indicators/I4166,2026-06-22 12:26:21.708000+00:00
National,"(05) MEUBLES, ARTICLES DE MENAGE ET ENTRETIEN COURANT DU FOYER",2019M12,2019-12-01,100.6,I4166,https://bds.hcp.ma/api/v1/indicators/I4166,2026-06-22 12:26:21.708000+00:00
National,"(05) MEUBLES, ARTICLES DE MENAGE ET ENTRETIEN COURANT DU FOYER",2020M1,2020-01-01,100.5,I4166,https://bds.hcp.ma/api/v1/indicators/I4166,2026-06-22 12:26:21.708000+00:00
National,"(05) MEUBLES, ARTICLES DE MENAGE ET ENTRETIEN COURANT DU FOYER",2020M2,2020-02-01,100.5,I4166,https://bds.hcp.ma/api/v1/indicators/I4166,2026-06-22 12:26:21.708000+00:00
National,"(05) MEUBLES, ARTICLES DE MENAGE ET ENTRETIEN COURANT DU FOYER",2020M3,2020-03-01,100.7,I4166,https://bds.hcp.ma/api/v1/indicators/I4166,2026-06-22 12:26:21.708000+00:00
National,"(05) MEUBLES, ARTICLES DE MENAGE ET ENTRETIEN COURANT DU FOYER",2020M4,2020-04-01,100.7,I4166,https://bds.hcp.ma/api/v1/indicators/I4166,2026-06-22 12:26:21.708000+00:00
National,"(05) MEUBLES, ARTICLES DE MENAGE ET ENTRETIEN COURANT DU FOYER",2020M5,2020-05-01,100.8,I4166,https://bds.hcp.ma/api/v1/indicators/I4166,2026-06-22 12:26:21.708000+00:00
National,"(05) MEUBLES, ARTICLES DE MENAGE ET ENTRETIEN COURANT DU FOYER",2020M6,2020-06-01,100.8,I4166,https://bds.hcp.ma/api/v1/indicators/I4166,2026-06-22 12:26:21.708000+00:00
National,"(05) MEUBLES, ARTICLES DE MENAGE ET ENTRETIEN COURANT DU FOYER",2020M7,2020-07-01,100.8,I4166,https://bds.hcp.ma/api/v1/indicators/I4166,2026-06-22 12:26:21.708000+00:00
National,"(05) MEUBLES, ARTICLES DE MENAGE ET ENTRETIEN COURANT DU FOYER",2020M8,2020-08-01,100.8,I4166,https://bds.hcp.ma/api/v1/indicators/I4166,2026-06-22 12:26:21.708000+00:00
National,"(05) MEUBLES, ARTICLES DE MENAGE ET ENTRETIEN COURANT DU FOYER",2020M9,2020-09-01,100.9,I4166,https://bds.hcp.ma/api/v1/indicators/I4166,2026-06-22 12:26:21.708000+00:00
National,"(05) MEUBLES, ARTICLES DE MENAGE ET ENTRETIEN COURANT DU FOYER",2020M10,2020-10-01,101,I4166,https://bds.hcp.ma/api/v1/indicators/I4166,2026-06-22 12:26:21.708000+00:00
National,"(05) MEUBLES, ARTICLES DE MENAGE ET ENTRETIEN COURANT DU FOYER",2020M11,2020-11-01,101.1,I4166,https://bds.hcp.ma/api/v1/indicators/I4166,2026-06-22 12:26:21.708000+00:00
National,"(05) MEUBLES, ARTICLES DE MENAGE ET ENTRETIEN COURANT DU FOYER",2020M12,2020-12-01,101,I4166,https://bds.hcp.ma/api/v1/indicators/I4166,2026-06-22 12:26:21.708000+00:00
National,"(05) MEUBLES, ARTICLES DE MENAGE ET ENTRETIEN COURANT DU FOYER",2021M1,2021-01-01,101,I4166,https://bds.hcp.ma/api/v1/indicators/I4166,2026-06-22 12:26:21.708000+00:00
National,"(05) MEUBLES, ARTICLES DE MENAGE ET ENTRETIEN COURANT DU FOYER",2021M2,2021-02-01,101,I4166,https://bds.hcp.ma/api/v1/indicators/I4166,2026-06-22 12:26:21.708000+00:00
National,"(05) MEUBLES, ARTICLES DE MENAGE ET ENTRETIEN COURANT DU FOYER",2021M3,2021-03-01,101.2,I4166,https://bds.hcp.ma/api/v1/indicators/I4166,2026-06-22 12:26:21.708000+00:00
National,"(05) MEUBLES, ARTICLES DE MENAGE ET ENTRETIEN COURANT DU FOYER",2021M4,2021-04-01,101.4,I4166,https://bds.hcp.ma/api/v1/indicators/I4166,2026-06-22 12:26:21.708000+00:00
National,"(05) MEUBLES, ARTICLES DE MENAGE ET ENTRETIEN COURANT DU FOYER",2021M5,2021-05-01,101.6,I4166,https://bds.hcp.ma/api/v1/indicators/I4166,2026-06-22 12:26:21.708000+00:00
National,"(05) MEUBLES, ARTICLES DE MENAGE ET ENTRETIEN COURANT DU FOYER",2021M6,2021-06-01,101.7,I4166,https://bds.hcp.ma/api/v1/indicators/I4166,2026-06-22 12:26:21.708000+00:00
National,"(05) MEUBLES, ARTICLES DE MENAGE ET ENTRETIEN COURANT DU FOYER",2021M7,2021-07-01,101.9,I4166,https://bds.hcp.ma/api/v1/indicators/I4166,2026-06-22 12:26:21.708000+00:00
National,"(05) MEUBLES, ARTICLES DE MENAGE ET ENTRETIEN COURANT DU FOYER",2021M8,2021-08-01,102,I4166,https://bds.hcp.ma/api/v1/indicators/I4166,2026-06-22 12:26:21.708000+00:00
National,"(05) MEUBLES, ARTICLES DE MENAGE ET ENTRETIEN COURANT DU FOYER",2021M9,2021-09-01,102.3,I4166,https://bds.hcp.ma/api/v1/indicators/I4166,2026-06-22 12:26:21.708000+00:00
National,"(05) MEUBLES, ARTICLES DE MENAGE ET ENTRETIEN COURANT DU FOYER",2021M10,2021-10-01,102.5,I4166,https://bds.hcp.ma/api/v1/indicators/I4166,2026-06-22 12:26:21.708000+00:00
National,"(05) MEUBLES, ARTICLES DE MENAGE ET ENTRETIEN COURANT DU FOYER",2021M11,2021-11-01,103.1,I4166,https://bds.hcp.ma/api/v1/indicators/I4166,2026-06-22 12:26:21.708000+00:00
National,"(05) MEUBLES, ARTICLES DE MENAGE ET ENTRETIEN COURANT DU FOYER",2021M12,2021-12-01,103.4,I4166,https://bds.hcp.ma/api/v1/indicators/I4166,2026-06-22 12:26:21.708000+00:00
National,"(05) MEUBLES, ARTICLES DE MENAGE ET ENTRETIEN COURANT DU FOYER",2022M1,2022-01-01,103.7,I4166,https://bds.hcp.ma/api/v1/indicators/I4166,2026-06-22 12:26:21.708000+00:00
National,"(05) MEUBLES, ARTICLES DE MENAGE ET ENTRETIEN COURANT DU FOYER",2022M2,2022-02-01,104.1,I4166,https://bds.hcp.ma/api/v1/indicators/I4166,2026-06-22 12:26:21.708000+00:00
National,"(05) MEUBLES, ARTICLES DE MENAGE ET ENTRETIEN COURANT DU FOYER",2022M3,2022-03-01,104.5,I4166,https://bds.hcp.ma/api/v1/indicators/I4166,2026-06-22 12:26:21.708000+00:00
National,"(05) MEUBLES, ARTICLES DE MENAGE ET ENTRETIEN COURANT DU FOYER",2022M4,2022-04-01,104.8,I4166,https://bds.hcp.ma/api/v1/indicators/I4166,2026-06-22 12:26:21.708000+00:00
National,"(05) MEUBLES, ARTICLES DE MENAGE ET ENTRETIEN COURANT DU FOYER",2022M5,2022-05-01,106.6,I4166,https://bds.hcp.ma/api/v1/indicators/I4166,2026-06-22 12:26:21.708000+00:00
National,"(05) MEUBLES, ARTICLES DE MENAGE ET ENTRETIEN COURANT DU FOYER",2022M6,2022-06-01,107.5,I4166,https://bds.hcp.ma/api/v1/indicators/I4166,2026-06-22 12:26:21.708000+00:00
National,"(05) MEUBLES, ARTICLES DE MENAGE ET ENTRETIEN COURANT DU FOYER",2022M7,2022-07-01,108,I4166,https://bds.hcp.ma/api/v1/indicators/I4166,2026-06-22 12:26:21.708000+00:00
National,"(05) MEUBLES, ARTICLES DE MENAGE ET ENTRETIEN COURANT DU FOYER",2022M8,2022-08-01,108.3,I4166,https://bds.hcp.ma/api/v1/indicators/I4166,2026-06-22 12:26:21.708000+00:00
National,"(05) MEUBLES, ARTICLES DE MENAGE ET ENTRETIEN COURANT DU FOYER",2022M9,2022-09-01,108.8,I4166,https://bds.hcp.ma/api/v1/indicators/I4166,2026-06-22 12:26:21.708000+00:00
National,"(05) MEUBLES, ARTICLES DE MENAGE ET ENTRETIEN COURANT DU FOYER",2022M10,2022-10-01,109.4,I4166,https://bds.hcp.ma/api/v1/indicators/I4166,2026-06-22 12:26:21.708000+00:00
National,"(05) MEUBLES, ARTICLES DE MENAGE ET ENTRETIEN COURANT DU FOYER",2022M11,2022-11-01,109.7,I4166,https://bds.hcp.ma/api/v1/indicators/I4166,2026-06-22 12:26:21.708000+00:00
National,"(05) MEUBLES, ARTICLES DE MENAGE ET ENTRETIEN COURANT DU FOYER",2022M12,2022-12-01,109.9,I4166,https://bds.hcp.ma/api/v1/indicators/I4166,2026-06-22 12:26:21.708000+00:00
National,"(05) MEUBLES, ARTICLES DE MENAGE ET ENTRETIEN COURANT DU FOYER",2023M1,2023-01-01,110.1,I4166,https://bds.hcp.ma/api/v1/indicators/I4166,2026-06-22 12:26:21.708000+00:00
National,"(05) MEUBLES, ARTICLES DE MENAGE ET ENTRETIEN COURANT DU FOYER",2023M2,2023-02-01,110.5,I4166,https://bds.hcp.ma/api/v1/indicators/I4166,2026-06-22 12:26:21.708000+00:00
National,"(05) MEUBLES, ARTICLES DE MENAGE ET ENTRETIEN COURANT DU FOYER",2023M3,2023-03-01,110.6,I4166,https://bds.hcp.ma/api/v1/indicators/I4166,2026-06-22 12:26:21.708000+00:00
National,"(05) MEUBLES, ARTICLES DE MENAGE ET ENTRETIEN COURANT DU FOYER",2023M4,2023-04-01,110.7,I4166,https://bds.hcp.ma/api/v1/indicators/I4166,2026-06-22 12:26:21.708000+00:00
National,"(05) MEUBLES, ARTICLES DE MENAGE ET ENTRETIEN COURANT DU FOYER",2023M5,2023-05-01,110.9,I4166,https://bds.hcp.ma/api/v1/indicators/I4166,2026-06-22 12:26:21.708000+00:00
National,"(05) MEUBLES, ARTICLES DE MENAGE ET ENTRETIEN COURANT DU FOYER",2023M6,2023-06-01,111.3,I4166,https://bds.hcp.ma/api/v1/indicators/I4166,2026-06-22 12:26:21.708000+00:00
National,"(05) MEUBLES, ARTICLES DE MENAGE ET ENTRETIEN COURANT DU FOYER",2023M7,2023-07-01,111.4,I4166,https://bds.hcp.ma/api/v1/indicators/I4166,2026-06-22 12:26:21.708000+00:00
National,"(05) MEUBLES, ARTICLES DE MENAGE ET ENTRETIEN COURANT DU FOYER",2023M8,2023-08-01,111.5,I4166,https://bds.hcp.ma/api/v1/indicators/I4166,2026-06-22 12:26:21.708000+00:00
National,"(05) MEUBLES, ARTICLES DE MENAGE ET ENTRETIEN COURANT DU FOYER",2023M9,2023-09-01,111.7,I4166,https://bds.hcp.ma/api/v1/indicators/I4166,2026-06-22 12:26:21.708000+00:00
National,"(05) MEUBLES, ARTICLES DE MENAGE ET ENTRETIEN COURANT DU FOYER",2023M10,2023-10-01,111.9,I4166,https://bds.hcp.ma/api/v1/indicators/I4166,2026-06-22 12:26:21.708000+00:00
National,"(05) MEUBLES, ARTICLES DE MENAGE ET ENTRETIEN COURANT DU FOYER",2023M11,2023-11-01,112,I4166,https://bds.hcp.ma/api/v1/indicators/I4166,2026-06-22 12:26:21.708000+00:00
National,"(05) MEUBLES, ARTICLES DE MENAGE ET ENTRETIEN COURANT DU FOYER",2023M12,2023-12-01,112.1,I4166,https://bds.hcp.ma/api/v1/indicators/I4166,2026-06-22 12:26:21.708000+00:00
National,"(05) MEUBLES, ARTICLES DE MENAGE ET ENTRETIEN COURANT DU FOYER",2024M1,2024-01-01,112,I4166,https://bds.hcp.ma/api/v1/indicators/I4166,2026-06-22 12:26:21.708000+00:00
National,"(05) MEUBLES, ARTICLES DE MENAGE ET ENTRETIEN COURANT DU FOYER",2024M2,2024-02-01,112,I4166,https://bds.hcp.ma/api/v1/indicators/I4166,2026-06-22 12:26:21.708000+00:00
National,"(05) MEUBLES, ARTICLES DE MENAGE ET ENTRETIEN COURANT DU FOYER",2024M3,2024-03-01,112.1,I4166,https://bds.hcp.ma/api/v1/indicators/I4166,2026-06-22 12:26:21.708000+00:00
National,"(05) MEUBLES, ARTICLES DE MENAGE ET ENTRETIEN COURANT DU FOYER",2024M4,2024-04-01,112.2,I4166,https://bds.hcp.ma/api/v1/indicators/I4166,2026-06-22 12:26:21.708000+00:00
National,"(05) MEUBLES, ARTICLES DE MENAGE ET ENTRETIEN COURANT DU FOYER",2024M5,2024-05-01,112.1,I4166,https://bds.hcp.ma/api/v1/indicators/I4166,2026-06-22 12:26:21.708000+00:00
National,"(05) MEUBLES, ARTICLES DE MENAGE ET ENTRETIEN COURANT DU FOYER",2024M6,2024-06-01,112.1,I4166,https://bds.hcp.ma/api/v1/indicators/I4166,2026-06-22 12:26:21.708000+00:00
National,"(05) MEUBLES, ARTICLES DE MENAGE ET ENTRETIEN COURANT DU FOYER",2024M7,2024-07-01,112.1,I4166,https://bds.hcp.ma/api/v1/indicators/I4166,2026-06-22 12:26:21.708000+00:00
National,"(05) MEUBLES, ARTICLES DE MENAGE ET ENTRETIEN COURANT DU FOYER",2024M8,2024-08-01,112.2,I4166,https://bds.hcp.ma/api/v1/indicators/I4166,2026-06-22 12:26:21.708000+00:00
National,"(05) MEUBLES, ARTICLES DE MENAGE ET ENTRETIEN COURANT DU FOYER",2024M9,2024-09-01,112.2,I4166,https://bds.hcp.ma/api/v1/indicators/I4166,2026-06-22 12:26:21.708000+00:00
National,"(05) MEUBLES, ARTICLES DE MENAGE ET ENTRETIEN COURANT DU FOYER",2024M10,2024-10-01,112.3,I4166,https://bds.hcp.ma/api/v1/indicators/I4166,2026-06-22 12:26:21.708000+00:00
National,"(05) MEUBLES, ARTICLES DE MENAGE ET ENTRETIEN COURANT DU FOYER",2024M11,2024-11-01,112.3,I4166,https://bds.hcp.ma/api/v1/indicators/I4166,2026-06-22 12:26:21.708000+00:00
National,"(05) MEUBLES, ARTICLES DE MENAGE ET ENTRETIEN COURANT DU FOYER",2024M12,2024-12-01,112.4,I4166,https://bds.hcp.ma/api/v1/indicators/I4166,2026-06-22 12:26:21.708000+00:00
National,"(05) MEUBLES, ARTICLES DE MENAGE ET ENTRETIEN COURANT DU FOYER",2025M1,2025-01-01,112.3,I4166,https://bds.hcp.ma/api/v1/indicators/I4166,2026-06-22 12:26:21.708000+00:00
National,"(05) MEUBLES, ARTICLES DE MENAGE ET ENTRETIEN COURANT DU FOYER",2025M2,2025-02-01,112.5,I4166,https://bds.hcp.ma/api/v1/indicators/I4166,2026-06-22 12:26:21.708000+00:00
National,"(05) MEUBLES, ARTICLES DE MENAGE ET ENTRETIEN COURANT DU FOYER",2025M3,2025-03-01,112.6,I4166,https://bds.hcp.ma/api/v1/indicators/I4166,2026-06-22 12:26:21.708000+00:00
National,"(05) MEUBLES, ARTICLES DE MENAGE ET ENTRETIEN COURANT DU FOYER",2025M4,2025-04-01,112.7,I4166,https://bds.hcp.ma/api/v1/indicators/I4166,2026-06-22 12:26:21.708000+00:00
National,"(05) MEUBLES, ARTICLES DE MENAGE ET ENTRETIEN COURANT DU FOYER",2025M5,2025-05-01,112.6,I4166,https://bds.hcp.ma/api/v1/indicators/I4166,2026-06-22 12:26:21.708000+00:00
National,"(05) MEUBLES, ARTICLES DE MENAGE ET ENTRETIEN COURANT DU FOYER",2025M6,2025-06-01,112.6,I4166,https://bds.hcp.ma/api/v1/indicators/I4166,2026-06-22 12:26:21.708000+00:00
National,"(05) MEUBLES, ARTICLES DE MENAGE ET ENTRETIEN COURANT DU FOYER",2025M7,2025-07-01,113.0,I4166,https://bds.hcp.ma/api/v1/indicators/I4166,2026-06-22 12:26:21.708000+00:00
National,"(05) MEUBLES, ARTICLES DE MENAGE ET ENTRETIEN COURANT DU FOYER",2025M8,2025-08-01,112.9,I4166,https://bds.hcp.ma/api/v1/indicators/I4166,2026-06-22 12:26:21.708000+00:00
National,"(05) MEUBLES, ARTICLES DE MENAGE ET ENTRETIEN COURANT DU FOYER",2025M9,2025-09-01,113.1,I4166,https://bds.hcp.ma/api/v1/indicators/I4166,2026-06-22 12:26:21.708000+00:00
National,"(05) MEUBLES, ARTICLES DE MENAGE ET ENTRETIEN COURANT DU FOYER",2025M10,2025-10-01,113.0,I4166,https://bds.hcp.ma/api/v1/indicators/I4166,2026-06-22 12:26:21.708000+00:00
National,"(05) MEUBLES, ARTICLES DE MENAGE ET ENTRETIEN COURANT DU FOYER",2025M11,2025-11-01,113.1,I4166,https://bds.hcp.ma/api/v1/indicators/I4166,2026-06-22 12:26:21.708000+00:00
National,"(05) MEUBLES, ARTICLES DE MENAGE ET ENTRETIEN COURANT DU FOYER",2025M12,2025-12-01,113.2,I4166,https://bds.hcp.ma/api/v1/indicators/I4166,2026-06-22 12:26:21.708000+00:00
National,"(05) MEUBLES, ARTICLES DE MENAGE ET ENTRETIEN COURANT DU FOYER",2026M1,2026-01-01,113.2,I4166,https://bds.hcp.ma/api/v1/indicators/I4166,2026-06-22 12:26:21.708000+00:00
National,"(05) MEUBLES, ARTICLES DE MENAGE ET ENTRETIEN COURANT DU FOYER",2026M2,2026-02-01,113.2,I4166,https://bds.hcp.ma/api/v1/indicators/I4166,2026-06-22 12:26:21.708000+00:00
National,"(05) MEUBLES, ARTICLES DE MENAGE ET ENTRETIEN COURANT DU FOYER",2026M3,2026-03-01,113.3,I4166,https://bds.hcp.ma/api/v1/indicators/I4166,2026-06-22 12:26:21.708000+00:00
National,(06) SANTÉ,2017M1,2017-01-01,99.7,I4166,https://bds.hcp.ma/api/v1/indicators/I4166,2026-06-22 12:26:21.708000+00:00
National,(06) SANTÉ,2017M2,2017-02-01,99.7,I4166,https://bds.hcp.ma/api/v1/indicators/I4166,2026-06-22 12:26:21.708000+00:00
National,(06) SANTÉ,2017M3,2017-03-01,99.9,I4166,https://bds.hcp.ma/api/v1/indicators/I4166,2026-06-22 12:26:21.708000+00:00
National,(06) SANTÉ,2017M4,2017-04-01,100.1,I4166,https://bds.hcp.ma/api/v1/indicators/I4166,2026-06-22 12:26:21.708000+00:00
National,(06) SANTÉ,2017M5,2017-05-01,100.1,I4166,https://bds.hcp.ma/api/v1/indicators/I4166,2026-06-22 12:26:21.708000+00:00
National,(06) SANTÉ,2017M6,2017-06-01,100.1,I4166,https://bds.hcp.ma/api/v1/indicators/I4166,2026-06-22 12:26:21.708000+00:00
National,(06) SANTÉ,2017M7,2017-07-01,100,I4166,https://bds.hcp.ma/api/v1/indicators/I4166,2026-06-22 12:26:21.708000+00:00
National,(06) SANTÉ,2017M8,2017-08-01,100,I4166,https://bds.hcp.ma/api/v1/indicators/I4166,2026-06-22 12:26:21.708000+00:00
National,(06) SANTÉ,2017M9,2017-09-01,100,I4166,https://bds.hcp.ma/api/v1/indicators/I4166,2026-06-22 12:26:21.708000+00:00
National,(06) SANTÉ,2017M10,2017-10-01,100.1,I4166,https://bds.hcp.ma/api/v1/indicators/I4166,2026-06-22 12:26:21.708000+00:00
National,(06) SANTÉ,2017M11,2017-11-01,100.1,I4166,https://bds.hcp.ma/api/v1/indicators/I4166,2026-06-22 12:26:21.708000+00:00
National,(06) SANTÉ,2017M12,2017-12-01,100.1,I4166,https://bds.hcp.ma/api/v1/indicators/I4166,2026-06-22 12:26:21.708000+00:00
National,(06) SANTÉ,2018M1,2018-01-01,100.2,I4166,https://bds.hcp.ma/api/v1/indicators/I4166,2026-06-22 12:26:21.708000+00:00
National,(06) SANTÉ,2018M2,2018-02-01,100.2,I4166,https://bds.hcp.ma/api/v1/indicators/I4166,2026-06-22 12:26:21.708000+00:00
National,(06) SANTÉ,2018M3,2018-03-01,100.3,I4166,https://bds.hcp.ma/api/v1/indicators/I4166,2026-06-22 12:26:21.708000+00:00
National,(06) SANTÉ,2018M4,2018-04-01,100.3,I4166,https://bds.hcp.ma/api/v1/indicators/I4166,2026-06-22 12:26:21.708000+00:00
National,(06) SANTÉ,2018M5,2018-05-01,100.2,I4166,https://bds.hcp.ma/api/v1/indicators/I4166,2026-06-22 12:26:21.708000+00:00
National,(06) SANTÉ,2018M6,2018-06-01,100.1,I4166,https://bds.hcp.ma/api/v1/indicators/I4166,2026-06-22 12:26:21.708000+00:00
National,(06) SANTÉ,2018M7,2018-07-01,100.1,I4166,https://bds.hcp.ma/api/v1/indicators/I4166,2026-06-22 12:26:21.708000+00:00
National,(06) SANTÉ,2018M8,2018-08-01,99.9,I4166,https://bds.hcp.ma/api/v1/indicators/I4166,2026-06-22 12:26:21.708000+00:00
National,(06) SANTÉ,2018M9,2018-09-01,100,I4166,https://bds.hcp.ma/api/v1/indicators/I4166,2026-06-22 12:26:21.708000+00:00
National,(06) SANTÉ,2018M10,2018-10-01,100.2,I4166,https://bds.hcp.ma/api/v1/indicators/I4166,2026-06-22 12:26:21.708000+00:00
National,(06) SANTÉ,2018M11,2018-11-01,100.3,I4166,https://bds.hcp.ma/api/v1/indicators/I4166,2026-06-22 12:26:21.708000+00:00
National,(06) SANTÉ,2018M12,2018-12-01,100.4,I4166,https://bds.hcp.ma/api/v1/indicators/I4166,2026-06-22 12:26:21.708000+00:00
National,(06) SANTÉ,2019M1,2019-01-01,100.4,I4166,https://bds.hcp.ma/api/v1/indicators/I4166,2026-06-22 12:26:21.708000+00:00
National,(06) SANTÉ,2019M2,2019-02-01,100.4,I4166,https://bds.hcp.ma/api/v1/indicators/I4166,2026-06-22 12:26:21.708000+00:00
National,(06) SANTÉ,2019M3,2019-03-01,100.4,I4166,https://bds.hcp.ma/api/v1/indicators/I4166,2026-06-22 12:26:21.708000+00:00
National,(06) SANTÉ,2019M4,2019-04-01,100.5,I4166,https://bds.hcp.ma/api/v1/indicators/I4166,2026-06-22 12:26:21.708000+00:00
National,(06) SANTÉ,2019M5,2019-05-01,100.5,I4166,https://bds.hcp.ma/api/v1/indicators/I4166,2026-06-22 12:26:21.708000+00:00
National,(06) SANTÉ,2019M6,2019-06-01,100.8,I4166,https://bds.hcp.ma/api/v1/indicators/I4166,2026-06-22 12:26:21.708000+00:00
National,(06) SANTÉ,2019M7,2019-07-01,100.7,I4166,https://bds.hcp.ma/api/v1/indicators/I4166,2026-06-22 12:26:21.708000+00:00
National,(06) SANTÉ,2019M8,2019-08-01,100.8,I4166,https://bds.hcp.ma/api/v1/indicators/I4166,2026-06-22 12:26:21.708000+00:00
National,(06) SANTÉ,2019M9,2019-09-01,100.9,I4166,https://bds.hcp.ma/api/v1/indicators/I4166,2026-06-22 12:26:21.708000+00:00
National,(06) SANTÉ,2019M10,2019-10-01,100.9,I4166,https://bds.hcp.ma/api/v1/indicators/I4166,2026-06-22 12:26:21.708000+00:00
National,(06) SANTÉ,2019M11,2019-11-01,101.1,I4166,https://bds.hcp.ma/api/v1/indicators/I4166,2026-06-22 12:26:21.708000+00:00
National,(06) SANTÉ,2019M12,2019-12-01,101.2,I4166,https://bds.hcp.ma/api/v1/indicators/I4166,2026-06-22 12:26:21.708000+00:00
National,(06) SANTÉ,2020M1,2020-01-01,101.1,I4166,https://bds.hcp.ma/api/v1/indicators/I4166,2026-06-22 12:26:21.708000+00:00
National,(06) SANTÉ,2020M2,2020-02-01,101.7,I4166,https://bds.hcp.ma/api/v1/indicators/I4166,2026-06-22 12:26:21.708000+00:00
National,(06) SANTÉ,2020M3,2020-03-01,101.8,I4166,https://bds.hcp.ma/api/v1/indicators/I4166,2026-06-22 12:26:21.708000+00:00
National,(06) SANTÉ,2020M4,2020-04-01,101.7,I4166,https://bds.hcp.ma/api/v1/indicators/I4166,2026-06-22 12:26:21.708000+00:00
National,(06) SANTÉ,2020M5,2020-05-01,101.7,I4166,https://bds.hcp.ma/api/v1/indicators/I4166,2026-06-22 12:26:21.708000+00:00
National,(06) SANTÉ,2020M6,2020-06-01,101.5,I4166,https://bds.hcp.ma/api/v1/indicators/I4166,2026-06-22 12:26:21.708000+00:00
National,(06) SANTÉ,2020M7,2020-07-01,101.6,I4166,https://bds.hcp.ma/api/v1/indicators/I4166,2026-06-22 12:26:21.708000+00:00
National,(06) SANTÉ,2020M8,2020-08-01,101.7,I4166,https://bds.hcp.ma/api/v1/indicators/I4166,2026-06-22 12:26:21.708000+00:00
National,(06) SANTÉ,2020M9,2020-09-01,101.6,I4166,https://bds.hcp.ma/api/v1/indicators/I4166,2026-06-22 12:26:21.708000+00:00
National,(06) SANTÉ,2020M10,2020-10-01,101.6,I4166,https://bds.hcp.ma/api/v1/indicators/I4166,2026-06-22 12:26:21.708000+00:00
National,(06) SANTÉ,2020M11,2020-11-01,101.7,I4166,https://bds.hcp.ma/api/v1/indicators/I4166,2026-06-22 12:26:21.708000+00:00
National,(06) SANTÉ,2020M12,2020-12-01,101.7,I4166,https://bds.hcp.ma/api/v1/indicators/I4166,2026-06-22 12:26:21.708000+00:00
National,(06) SANTÉ,2021M1,2021-01-01,101.7,I4166,https://bds.hcp.ma/api/v1/indicators/I4166,2026-06-22 12:26:21.708000+00:00
National,(06) SANTÉ,2021M2,2021-02-01,101.6,I4166,https://bds.hcp.ma/api/v1/indicators/I4166,2026-06-22 12:26:21.708000+00:00
National,(06) SANTÉ,2021M3,2021-03-01,101.8,I4166,https://bds.hcp.ma/api/v1/indicators/I4166,2026-06-22 12:26:21.708000+00:00
National,(06) SANTÉ,2021M4,2021-04-01,101.8,I4166,https://bds.hcp.ma/api/v1/indicators/I4166,2026-06-22 12:26:21.708000+00:00
National,(06) SANTÉ,2021M5,2021-05-01,101.8,I4166,https://bds.hcp.ma/api/v1/indicators/I4166,2026-06-22 12:26:21.708000+00:00
National,(06) SANTÉ,2021M6,2021-06-01,101.7,I4166,https://bds.hcp.ma/api/v1/indicators/I4166,2026-06-22 12:26:21.708000+00:00
National,(06) SANTÉ,2021M7,2021-07-01,101.7,I4166,https://bds.hcp.ma/api/v1/indicators/I4166,2026-06-22 12:26:21.708000+00:00
National,(06) SANTÉ,2021M8,2021-08-01,101.8,I4166,https://bds.hcp.ma/api/v1/indicators/I4166,2026-06-22 12:26:21.708000+00:00
National,(06) SANTÉ,2021M9,2021-09-01,101.8,I4166,https://bds.hcp.ma/api/v1/indicators/I4166,2026-06-22 12:26:21.708000+00:00
National,(06) SANTÉ,2021M10,2021-10-01,101.8,I4166,https://bds.hcp.ma/api/v1/indicators/I4166,2026-06-22 12:26:21.708000+00:00
National,(06) SANTÉ,2021M11,2021-11-01,101.8,I4166,https://bds.hcp.ma/api/v1/indicators/I4166,2026-06-22 12:26:21.708000+00:00
National,(06) SANTÉ,2021M12,2021-12-01,101.7,I4166,https://bds.hcp.ma/api/v1/indicators/I4166,2026-06-22 12:26:21.708000+00:00
National,(06) SANTÉ,2022M1,2022-01-01,101.7,I4166,https://bds.hcp.ma/api/v1/indicators/I4166,2026-06-22 12:26:21.708000+00:00
National,(06) SANTÉ,2022M2,2022-02-01,101.7,I4166,https://bds.hcp.ma/api/v1/indicators/I4166,2026-06-22 12:26:21.708000+00:00
National,(06) SANTÉ,2022M3,2022-03-01,101.8,I4166,https://bds.hcp.ma/api/v1/indicators/I4166,2026-06-22 12:26:21.708000+00:00
National,(06) SANTÉ,2022M4,2022-04-01,101.8,I4166,https://bds.hcp.ma/api/v1/indicators/I4166,2026-06-22 12:26:21.708000+00:00
National,(06) SANTÉ,2022M5,2022-05-01,101.9,I4166,https://bds.hcp.ma/api/v1/indicators/I4166,2026-06-22 12:26:21.708000+00:00
National,(06) SANTÉ,2022M6,2022-06-01,101.9,I4166,https://bds.hcp.ma/api/v1/indicators/I4166,2026-06-22 12:26:21.708000+00:00
National,(06) SANTÉ,2022M7,2022-07-01,101.9,I4166,https://bds.hcp.ma/api/v1/indicators/I4166,2026-06-22 12:26:21.708000+00:00
National,(06) SANTÉ,2022M8,2022-08-01,101.9,I4166,https://bds.hcp.ma/api/v1/indicators/I4166,2026-06-22 12:26:21.708000+00:00
National,(06) SANTÉ,2022M9,2022-09-01,101.9,I4166,https://bds.hcp.ma/api/v1/indicators/I4166,2026-06-22 12:26:21.708000+00:00
National,(06) SANTÉ,2022M10,2022-10-01,101.9,I4166,https://bds.hcp.ma/api/v1/indicators/I4166,2026-06-22 12:26:21.708000+00:00
National,(06) SANTÉ,2022M11,2022-11-01,101.9,I4166,https://bds.hcp.ma/api/v1/indicators/I4166,2026-06-22 12:26:21.708000+00:00
National,(06) SANTÉ,2022M12,2022-12-01,102,I4166,https://bds.hcp.ma/api/v1/indicators/I4166,2026-06-22 12:26:21.708000+00:00
National,(06) SANTÉ,2023M1,2023-01-01,102.1,I4166,https://bds.hcp.ma/api/v1/indicators/I4166,2026-06-22 12:26:21.708000+00:00
National,(06) SANTÉ,2023M2,2023-02-01,102.1,I4166,https://bds.hcp.ma/api/v1/indicators/I4166,2026-06-22 12:26:21.708000+00:00
National,(06) SANTÉ,2023M3,2023-03-01,102.2,I4166,https://bds.hcp.ma/api/v1/indicators/I4166,2026-06-22 12:26:21.708000+00:00
National,(06) SANTÉ,2023M4,2023-04-01,102.3,I4166,https://bds.hcp.ma/api/v1/indicators/I4166,2026-06-22 12:26:21.708000+00:00
National,(06) SANTÉ,2023M5,2023-05-01,102.4,I4166,https://bds.hcp.ma/api/v1/indicators/I4166,2026-06-22 12:26:21.708000+00:00
National,(06) SANTÉ,2023M6,2023-06-01,102.4,I4166,https://bds.hcp.ma/api/v1/indicators/I4166,2026-06-22 12:26:21.708000+00:00
National,(06) SANTÉ,2023M7,2023-07-01,102.4,I4166,https://bds.hcp.ma/api/v1/indicators/I4166,2026-06-22 12:26:21.708000+00:00
National,(06) SANTÉ,2023M8,2023-08-01,102.6,I4166,https://bds.hcp.ma/api/v1/indicators/I4166,2026-06-22 12:26:21.708000+00:00
National,(06) SANTÉ,2023M9,2023-09-01,102.6,I4166,https://bds.hcp.ma/api/v1/indicators/I4166,2026-06-22 12:26:21.708000+00:00
National,(06) SANTÉ,2023M10,2023-10-01,102.6,I4166,https://bds.hcp.ma/api/v1/indicators/I4166,2026-06-22 12:26:21.708000+00:00
National,(06) SANTÉ,2023M11,2023-11-01,102.6,I4166,https://bds.hcp.ma/api/v1/indicators/I4166,2026-06-22 12:26:21.708000+00:00
National,(06) SANTÉ,2023M12,2023-12-01,102.7,I4166,https://bds.hcp.ma/api/v1/indicators/I4166,2026-06-22 12:26:21.708000+00:00
National,(06) SANTÉ,2024M1,2024-01-01,100.9,I4166,https://bds.hcp.ma/api/v1/indicators/I4166,2026-06-22 12:26:21.708000+00:00
National,(06) SANTÉ,2024M2,2024-02-01,101,I4166,https://bds.hcp.ma/api/v1/indicators/I4166,2026-06-22 12:26:21.708000+00:00
National,(06) SANTÉ,2024M3,2024-03-01,101,I4166,https://bds.hcp.ma/api/v1/indicators/I4166,2026-06-22 12:26:21.708000+00:00
National,(06) SANTÉ,2024M4,2024-04-01,101.1,I4166,https://bds.hcp.ma/api/v1/indicators/I4166,2026-06-22 12:26:21.708000+00:00
National,(06) SANTÉ,2024M5,2024-05-01,101.2,I4166,https://bds.hcp.ma/api/v1/indicators/I4166,2026-06-22 12:26:21.708000+00:00
National,(06) SANTÉ,2024M6,2024-06-01,101.2,I4166,https://bds.hcp.ma/api/v1/indicators/I4166,2026-06-22 12:26:21.708000+00:00
National,(06) SANTÉ,2024M7,2024-07-01,101.2,I4166,https://bds.hcp.ma/api/v1/indicators/I4166,2026-06-22 12:26:21.708000+00:00
National,(06) SANTÉ,2024M8,2024-08-01,101.2,I4166,https://bds.hcp.ma/api/v1/indicators/I4166,2026-06-22 12:26:21.708000+00:00
National,(06) SANTÉ,2024M9,2024-09-01,101.2,I4166,https://bds.hcp.ma/api/v1/indicators/I4166,2026-06-22 12:26:21.708000+00:00
National,(06) SANTÉ,2024M10,2024-10-01,101.2,I4166,https://bds.hcp.ma/api/v1/indicators/I4166,2026-06-22 12:26:21.708000+00:00
National,(06) SANTÉ,2024M11,2024-11-01,101.3,I4166,https://bds.hcp.ma/api/v1/indicators/I4166,2026-06-22 12:26:21.708000+00:00
National,(06) SANTÉ,2024M12,2024-12-01,101.2,I4166,https://bds.hcp.ma/api/v1/indicators/I4166,2026-06-22 12:26:21.708000+00:00
National,(06) SANTÉ,2025M1,2025-01-01,101.2,I4166,https://bds.hcp.ma/api/v1/indicators/I4166,2026-06-22 12:26:21.708000+00:00
National,(06) SANTÉ,2025M2,2025-02-01,101.4,I4166,https://bds.hcp.ma/api/v1/indicators/I4166,2026-06-22 12:26:21.708000+00:00
National,(06) SANTÉ,2025M3,2025-03-01,101.4,I4166,https://bds.hcp.ma/api/v1/indicators/I4166,2026-06-22 12:26:21.708000+00:00
National,(06) SANTÉ,2025M4,2025-04-01,101.4,I4166,https://bds.hcp.ma/api/v1/indicators/I4166,2026-06-22 12:26:21.708000+00:00
National,(06) SANTÉ,2025M5,2025-05-01,101.4,I4166,https://bds.hcp.ma/api/v1/indicators/I4166,2026-06-22 12:26:21.708000+00:00
National,(06) SANTÉ,2025M6,2025-06-01,101.4,I4166,https://bds.hcp.ma/api/v1/indicators/I4166,2026-06-22 12:26:21.708000+00:00
National,(06) SANTÉ,2025M7,2025-07-01,101.4,I4166,https://bds.hcp.ma/api/v1/indicators/I4166,2026-06-22 12:26:21.708000+00:00
National,(06) SANTÉ,2025M8,2025-08-01,101.4,I4166,https://bds.hcp.ma/api/v1/indicators/I4166,2026-06-22 12:26:21.708000+00:00
National,(06) SANTÉ,2025M9,2025-09-01,101.4,I4166,https://bds.hcp.ma/api/v1/indicators/I4166,2026-06-22 12:26:21.708000+00:00
National,(06) SANTÉ,2025M10,2025-10-01,101.5,I4166,https://bds.hcp.ma/api/v1/indicators/I4166,2026-06-22 12:26:21.708000+00:00
National,(06) SANTÉ,2025M11,2025-11-01,101.5,I4166,https://bds.hcp.ma/api/v1/indicators/I4166,2026-06-22 12:26:21.708000+00:00
National,(06) SANTÉ,2025M12,2025-12-01,101.5,I4166,https://bds.hcp.ma/api/v1/indicators/I4166,2026-06-22 12:26:21.708000+00:00
National,(06) SANTÉ,2026M1,2026-01-01,101.5,I4166,https://bds.hcp.ma/api/v1/indicators/I4166,2026-06-22 12:26:21.708000+00:00
National,(06) SANTÉ,2026M2,2026-02-01,101.5,I4166,https://bds.hcp.ma/api/v1/indicators/I4166,2026-06-22 12:26:21.708000+00:00
National,(06) SANTÉ,2026M3,2026-03-01,101.5,I4166,https://bds.hcp.ma/api/v1/indicators/I4166,2026-06-22 12:26:21.708000+00:00
National,(07) TRANSPORTS,2017M1,2017-01-01,100.2,I4166,https://bds.hcp.ma/api/v1/indicators/I4166,2026-06-22 12:26:21.708000+00:00
National,(07) TRANSPORTS,2017M2,2017-02-01,100.3,I4166,https://bds.hcp.ma/api/v1/indicators/I4166,2026-06-22 12:26:21.708000+00:00
National,(07) TRANSPORTS,2017M3,2017-03-01,100.4,I4166,https://bds.hcp.ma/api/v1/indicators/I4166,2026-06-22 12:26:21.708000+00:00
National,(07) TRANSPORTS,2017M4,2017-04-01,99.8,I4166,https://bds.hcp.ma/api/v1/indicators/I4166,2026-06-22 12:26:21.708000+00:00
National,(07) TRANSPORTS,2017M5,2017-05-01,99.6,I4166,https://bds.hcp.ma/api/v1/indicators/I4166,2026-06-22 12:26:21.708000+00:00
National,(07) TRANSPORTS,2017M6,2017-06-01,99.3,I4166,https://bds.hcp.ma/api/v1/indicators/I4166,2026-06-22 12:26:21.708000+00:00
National,(07) TRANSPORTS,2017M7,2017-07-01,98.7,I4166,https://bds.hcp.ma/api/v1/indicators/I4166,2026-06-22 12:26:21.708000+00:00
National,(07) TRANSPORTS,2017M8,2017-08-01,99.4,I4166,https://bds.hcp.ma/api/v1/indicators/I4166,2026-06-22 12:26:21.708000+00:00
National,(07) TRANSPORTS,2017M9,2017-09-01,99.9,I4166,https://bds.hcp.ma/api/v1/indicators/I4166,2026-06-22 12:26:21.708000+00:00
National,(07) TRANSPORTS,2017M10,2017-10-01,100.4,I4166,https://bds.hcp.ma/api/v1/indicators/I4166,2026-06-22 12:26:21.708000+00:00
National,(07) TRANSPORTS,2017M11,2017-11-01,100.9,I4166,https://bds.hcp.ma/api/v1/indicators/I4166,2026-06-22 12:26:21.708000+00:00
National,(07) TRANSPORTS,2017M12,2017-12-01,101.1,I4166,https://bds.hcp.ma/api/v1/indicators/I4166,2026-06-22 12:26:21.708000+00:00
National,(07) TRANSPORTS,2018M1,2018-01-01,101.3,I4166,https://bds.hcp.ma/api/v1/indicators/I4166,2026-06-22 12:26:21.708000+00:00
National,(07) TRANSPORTS,2018M2,2018-02-01,101.5,I4166,https://bds.hcp.ma/api/v1/indicators/I4166,2026-06-22 12:26:21.708000+00:00
National,(07) TRANSPORTS,2018M3,2018-03-01,100.8,I4166,https://bds.hcp.ma/api/v1/indicators/I4166,2026-06-22 12:26:21.708000+00:00
National,(07) TRANSPORTS,2018M4,2018-04-01,101.6,I4166,https://bds.hcp.ma/api/v1/indicators/I4166,2026-06-22 12:26:21.708000+00:00
National,(07) TRANSPORTS,2018M5,2018-05-01,102,I4166,https://bds.hcp.ma/api/v1/indicators/I4166,2026-06-22 12:26:21.708000+00:00
National,(07) TRANSPORTS,2018M6,2018-06-01,102.8,I4166,https://bds.hcp.ma/api/v1/indicators/I4166,2026-06-22 12:26:21.708000+00:00
National,(07) TRANSPORTS,2018M7,2018-07-01,102.7,I4166,https://bds.hcp.ma/api/v1/indicators/I4166,2026-06-22 12:26:21.708000+00:00
National,(07) TRANSPORTS,2018M8,2018-08-01,102.7,I4166,https://bds.hcp.ma/api/v1/indicators/I4166,2026-06-22 12:26:21.708000+00:00
National,(07) TRANSPORTS,2018M9,2018-09-01,103.3,I4166,https://bds.hcp.ma/api/v1/indicators/I4166,2026-06-22 12:26:21.708000+00:00
National,(07) TRANSPORTS,2018M10,2018-10-01,103.6,I4166,https://bds.hcp.ma/api/v1/indicators/I4166,2026-06-22 12:26:21.708000+00:00
National,(07) TRANSPORTS,2018M11,2018-11-01,103.2,I4166,https://bds.hcp.ma/api/v1/indicators/I4166,2026-06-22 12:26:21.708000+00:00
National,(07) TRANSPORTS,2018M12,2018-12-01,100.7,I4166,https://bds.hcp.ma/api/v1/indicators/I4166,2026-06-22 12:26:21.708000+00:00
National,(07) TRANSPORTS,2019M1,2019-01-01,99.3,I4166,https://bds.hcp.ma/api/v1/indicators/I4166,2026-06-22 12:26:21.708000+00:00
National,(07) TRANSPORTS,2019M2,2019-02-01,100.2,I4166,https://bds.hcp.ma/api/v1/indicators/I4166,2026-06-22 12:26:21.708000+00:00
National,(07) TRANSPORTS,2019M3,2019-03-01,101.5,I4166,https://bds.hcp.ma/api/v1/indicators/I4166,2026-06-22 12:26:21.708000+00:00
National,(07) TRANSPORTS,2019M4,2019-04-01,102.5,I4166,https://bds.hcp.ma/api/v1/indicators/I4166,2026-06-22 12:26:21.708000+00:00
National,(07) TRANSPORTS,2019M5,2019-05-01,103.4,I4166,https://bds.hcp.ma/api/v1/indicators/I4166,2026-06-22 12:26:21.708000+00:00
National,(07) TRANSPORTS,2019M6,2019-06-01,103.3,I4166,https://bds.hcp.ma/api/v1/indicators/I4166,2026-06-22 12:26:21.708000+00:00
National,(07) TRANSPORTS,2019M7,2019-07-01,103.1,I4166,https://bds.hcp.ma/api/v1/indicators/I4166,2026-06-22 12:26:21.708000+00:00
National,(07) TRANSPORTS,2019M8,2019-08-01,103.3,I4166,https://bds.hcp.ma/api/v1/indicators/I4166,2026-06-22 12:26:21.708000+00:00
National,(07) TRANSPORTS,2019M9,2019-09-01,102.8,I4166,https://bds.hcp.ma/api/v1/indicators/I4166,2026-06-22 12:26:21.708000+00:00
National,(07) TRANSPORTS,2019M10,2019-10-01,103.3,I4166,https://bds.hcp.ma/api/v1/indicators/I4166,2026-06-22 12:26:21.708000+00:00
National,(07) TRANSPORTS,2019M11,2019-11-01,103,I4166,https://bds.hcp.ma/api/v1/indicators/I4166,2026-06-22 12:26:21.708000+00:00
National,(07) TRANSPORTS,2019M12,2019-12-01,102.8,I4166,https://bds.hcp.ma/api/v1/indicators/I4166,2026-06-22 12:26:21.708000+00:00
National,(07) TRANSPORTS,2020M1,2020-01-01,103.2,I4166,https://bds.hcp.ma/api/v1/indicators/I4166,2026-06-22 12:26:21.708000+00:00
National,(07) TRANSPORTS,2020M2,2020-02-01,102.1,I4166,https://bds.hcp.ma/api/v1/indicators/I4166,2026-06-22 12:26:21.708000+00:00
National,(07) TRANSPORTS,2020M3,2020-03-01,100.3,I4166,https://bds.hcp.ma/api/v1/indicators/I4166,2026-06-22 12:26:21.708000+00:00
National,(07) TRANSPORTS,2020M4,2020-04-01,96,I4166,https://bds.hcp.ma/api/v1/indicators/I4166,2026-06-22 12:26:21.708000+00:00
National,(07) TRANSPORTS,2020M5,2020-05-01,95.9,I4166,https://bds.hcp.ma/api/v1/indicators/I4166,2026-06-22 12:26:21.708000+00:00
National,(07) TRANSPORTS,2020M6,2020-06-01,98.4,I4166,https://bds.hcp.ma/api/v1/indicators/I4166,2026-06-22 12:26:21.708000+00:00
National,(07) TRANSPORTS,2020M7,2020-07-01,101.4,I4166,https://bds.hcp.ma/api/v1/indicators/I4166,2026-06-22 12:26:21.708000+00:00
National,(07) TRANSPORTS,2020M8,2020-08-01,102,I4166,https://bds.hcp.ma/api/v1/indicators/I4166,2026-06-22 12:26:21.708000+00:00
National,(07) TRANSPORTS,2020M9,2020-09-01,102.6,I4166,https://bds.hcp.ma/api/v1/indicators/I4166,2026-06-22 12:26:21.708000+00:00
National,(07) TRANSPORTS,2020M10,2020-10-01,102.2,I4166,https://bds.hcp.ma/api/v1/indicators/I4166,2026-06-22 12:26:21.708000+00:00
National,(07) TRANSPORTS,2020M11,2020-11-01,102.3,I4166,https://bds.hcp.ma/api/v1/indicators/I4166,2026-06-22 12:26:21.708000+00:00
National,(07) TRANSPORTS,2020M12,2020-12-01,103.1,I4166,https://bds.hcp.ma/api/v1/indicators/I4166,2026-06-22 12:26:21.708000+00:00
National,(07) TRANSPORTS,2021M1,2021-01-01,103.8,I4166,https://bds.hcp.ma/api/v1/indicators/I4166,2026-06-22 12:26:21.708000+00:00
National,(07) TRANSPORTS,2021M2,2021-02-01,104.7,I4166,https://bds.hcp.ma/api/v1/indicators/I4166,2026-06-22 12:26:21.708000+00:00
National,(07) TRANSPORTS,2021M3,2021-03-01,105.3,I4166,https://bds.hcp.ma/api/v1/indicators/I4166,2026-06-22 12:26:21.708000+00:00
National,(07) TRANSPORTS,2021M4,2021-04-01,105.1,I4166,https://bds.hcp.ma/api/v1/indicators/I4166,2026-06-22 12:26:21.708000+00:00
National,(07) TRANSPORTS,2021M5,2021-05-01,105,I4166,https://bds.hcp.ma/api/v1/indicators/I4166,2026-06-22 12:26:21.708000+00:00
National,(07) TRANSPORTS,2021M6,2021-06-01,105.4,I4166,https://bds.hcp.ma/api/v1/indicators/I4166,2026-06-22 12:26:21.708000+00:00
National,(07) TRANSPORTS,2021M7,2021-07-01,106.7,I4166,https://bds.hcp.ma/api/v1/indicators/I4166,2026-06-22 12:26:21.708000+00:00
National,(07) TRANSPORTS,2021M8,2021-08-01,108.2,I4166,https://bds.hcp.ma/api/v1/indicators/I4166,2026-06-22 12:26:21.708000+00:00
National,(07) TRANSPORTS,2021M9,2021-09-01,108.5,I4166,https://bds.hcp.ma/api/v1/indicators/I4166,2026-06-22 12:26:21.708000+00:00
National,(07) TRANSPORTS,2021M10,2021-10-01,108.5,I4166,https://bds.hcp.ma/api/v1/indicators/I4166,2026-06-22 12:26:21.708000+00:00
National,(07) TRANSPORTS,2021M11,2021-11-01,109.6,I4166,https://bds.hcp.ma/api/v1/indicators/I4166,2026-06-22 12:26:21.708000+00:00
National,(07) TRANSPORTS,2021M12,2021-12-01,109.5,I4166,https://bds.hcp.ma/api/v1/indicators/I4166,2026-06-22 12:26:21.708000+00:00
National,(07) TRANSPORTS,2022M1,2022-01-01,109.9,I4166,https://bds.hcp.ma/api/v1/indicators/I4166,2026-06-22 12:26:21.708000+00:00
National,(07) TRANSPORTS,2022M2,2022-02-01,111,I4166,https://bds.hcp.ma/api/v1/indicators/I4166,2026-06-22 12:26:21.708000+00:00
National,(07) TRANSPORTS,2022M3,2022-03-01,113.3,I4166,https://bds.hcp.ma/api/v1/indicators/I4166,2026-06-22 12:26:21.708000+00:00
National,(07) TRANSPORTS,2022M4,2022-04-01,118.1,I4166,https://bds.hcp.ma/api/v1/indicators/I4166,2026-06-22 12:26:21.708000+00:00
National,(07) TRANSPORTS,2022M5,2022-05-01,119.7,I4166,https://bds.hcp.ma/api/v1/indicators/I4166,2026-06-22 12:26:21.708000+00:00
National,(07) TRANSPORTS,2022M6,2022-06-01,124,I4166,https://bds.hcp.ma/api/v1/indicators/I4166,2026-06-22 12:26:21.708000+00:00
National,(07) TRANSPORTS,2022M7,2022-07-01,126.2,I4166,https://bds.hcp.ma/api/v1/indicators/I4166,2026-06-22 12:26:21.708000+00:00
National,(07) TRANSPORTS,2022M8,2022-08-01,122,I4166,https://bds.hcp.ma/api/v1/indicators/I4166,2026-06-22 12:26:21.708000+00:00
National,(07) TRANSPORTS,2022M9,2022-09-01,122.5,I4166,https://bds.hcp.ma/api/v1/indicators/I4166,2026-06-22 12:26:21.708000+00:00
National,(07) TRANSPORTS,2022M10,2022-10-01,122.2,I4166,https://bds.hcp.ma/api/v1/indicators/I4166,2026-06-22 12:26:21.708000+00:00
National,(07) TRANSPORTS,2022M11,2022-11-01,125.2,I4166,https://bds.hcp.ma/api/v1/indicators/I4166,2026-06-22 12:26:21.708000+00:00
National,(07) TRANSPORTS,2022M12,2022-12-01,122.1,I4166,https://bds.hcp.ma/api/v1/indicators/I4166,2026-06-22 12:26:21.708000+00:00
National,(07) TRANSPORTS,2023M1,2023-01-01,120.5,I4166,https://bds.hcp.ma/api/v1/indicators/I4166,2026-06-22 12:26:21.708000+00:00
National,(07) TRANSPORTS,2023M2,2023-02-01,120.2,I4166,https://bds.hcp.ma/api/v1/indicators/I4166,2026-06-22 12:26:21.708000+00:00
National,(07) TRANSPORTS,2023M3,2023-03-01,119.1,I4166,https://bds.hcp.ma/api/v1/indicators/I4166,2026-06-22 12:26:21.708000+00:00
National,(07) TRANSPORTS,2023M4,2023-04-01,118,I4166,https://bds.hcp.ma/api/v1/indicators/I4166,2026-06-22 12:26:21.708000+00:00
National,(07) TRANSPORTS,2023M5,2023-05-01,117.1,I4166,https://bds.hcp.ma/api/v1/indicators/I4166,2026-06-22 12:26:21.708000+00:00
National,(07) TRANSPORTS,2023M6,2023-06-01,117.1,I4166,https://bds.hcp.ma/api/v1/indicators/I4166,2026-06-22 12:26:21.708000+00:00
National,(07) TRANSPORTS,2023M7,2023-07-01,117.4,I4166,https://bds.hcp.ma/api/v1/indicators/I4166,2026-06-22 12:26:21.708000+00:00
National,(07) TRANSPORTS,2023M8,2023-08-01,119.8,I4166,https://bds.hcp.ma/api/v1/indicators/I4166,2026-06-22 12:26:21.708000+00:00
National,(07) TRANSPORTS,2023M9,2023-09-01,121.9,I4166,https://bds.hcp.ma/api/v1/indicators/I4166,2026-06-22 12:26:21.708000+00:00
National,(07) TRANSPORTS,2023M10,2023-10-01,122.5,I4166,https://bds.hcp.ma/api/v1/indicators/I4166,2026-06-22 12:26:21.708000+00:00
National,(07) TRANSPORTS,2023M11,2023-11-01,122.2,I4166,https://bds.hcp.ma/api/v1/indicators/I4166,2026-06-22 12:26:21.708000+00:00
National,(07) TRANSPORTS,2023M12,2023-12-01,121.3,I4166,https://bds.hcp.ma/api/v1/indicators/I4166,2026-06-22 12:26:21.708000+00:00
National,(07) TRANSPORTS,2024M1,2024-01-01,120.5,I4166,https://bds.hcp.ma/api/v1/indicators/I4166,2026-06-22 12:26:21.708000+00:00
National,(07) TRANSPORTS,2024M2,2024-02-01,120.3,I4166,https://bds.hcp.ma/api/v1/indicators/I4166,2026-06-22 12:26:21.708000+00:00
National,(07) TRANSPORTS,2024M3,2024-03-01,120.4,I4166,https://bds.hcp.ma/api/v1/indicators/I4166,2026-06-22 12:26:21.708000+00:00
National,(07) TRANSPORTS,2024M4,2024-04-01,121.2,I4166,https://bds.hcp.ma/api/v1/indicators/I4166,2026-06-22 12:26:21.708000+00:00
National,(07) TRANSPORTS,2024M5,2024-05-01,120.6,I4166,https://bds.hcp.ma/api/v1/indicators/I4166,2026-06-22 12:26:21.708000+00:00
National,(07) TRANSPORTS,2024M6,2024-06-01,119.8,I4166,https://bds.hcp.ma/api/v1/indicators/I4166,2026-06-22 12:26:21.708000+00:00
National,(07) TRANSPORTS,2024M7,2024-07-01,120.4,I4166,https://bds.hcp.ma/api/v1/indicators/I4166,2026-06-22 12:26:21.708000+00:00
National,(07) TRANSPORTS,2024M8,2024-08-01,120.1,I4166,https://bds.hcp.ma/api/v1/indicators/I4166,2026-06-22 12:26:21.708000+00:00
National,(07) TRANSPORTS,2024M9,2024-09-01,119,I4166,https://bds.hcp.ma/api/v1/indicators/I4166,2026-06-22 12:26:21.708000+00:00
National,(07) TRANSPORTS,2024M10,2024-10-01,118.1,I4166,https://bds.hcp.ma/api/v1/indicators/I4166,2026-06-22 12:26:21.708000+00:00
National,(07) TRANSPORTS,2024M11,2024-11-01,117.6,I4166,https://bds.hcp.ma/api/v1/indicators/I4166,2026-06-22 12:26:21.708000+00:00
National,(07) TRANSPORTS,2024M12,2024-12-01,117.4,I4166,https://bds.hcp.ma/api/v1/indicators/I4166,2026-06-22 12:26:21.708000+00:00
National,(07) TRANSPORTS,2025M1,2025-01-01,117.3,I4166,https://bds.hcp.ma/api/v1/indicators/I4166,2026-06-22 12:26:21.708000+00:00
National,(07) TRANSPORTS,2025M2,2025-02-01,118.2,I4166,https://bds.hcp.ma/api/v1/indicators/I4166,2026-06-22 12:26:21.708000+00:00
National,(07) TRANSPORTS,2025M3,2025-03-01,117.5,I4166,https://bds.hcp.ma/api/v1/indicators/I4166,2026-06-22 12:26:21.708000+00:00
National,(07) TRANSPORTS,2025M4,2025-04-01,116.3,I4166,https://bds.hcp.ma/api/v1/indicators/I4166,2026-06-22 12:26:21.708000+00:00
National,(07) TRANSPORTS,2025M5,2025-05-01,115.4,I4166,https://bds.hcp.ma/api/v1/indicators/I4166,2026-06-22 12:26:21.708000+00:00
National,(07) TRANSPORTS,2025M6,2025-06-01,115.7,I4166,https://bds.hcp.ma/api/v1/indicators/I4166,2026-06-22 12:26:21.708000+00:00
National,(07) TRANSPORTS,2025M7,2025-07-01,116.9,I4166,https://bds.hcp.ma/api/v1/indicators/I4166,2026-06-22 12:26:21.708000+00:00
National,(07) TRANSPORTS,2025M8,2025-08-01,117.2,I4166,https://bds.hcp.ma/api/v1/indicators/I4166,2026-06-22 12:26:21.708000+00:00
National,(07) TRANSPORTS,2025M9,2025-09-01,116.1,I4166,https://bds.hcp.ma/api/v1/indicators/I4166,2026-06-22 12:26:21.708000+00:00
National,(07) TRANSPORTS,2025M10,2025-10-01,115.9,I4166,https://bds.hcp.ma/api/v1/indicators/I4166,2026-06-22 12:26:21.708000+00:00
National,(07) TRANSPORTS,2025M11,2025-11-01,115.8,I4166,https://bds.hcp.ma/api/v1/indicators/I4166,2026-06-22 12:26:21.708000+00:00
National,(07) TRANSPORTS,2025M12,2025-12-01,115.7,I4166,https://bds.hcp.ma/api/v1/indicators/I4166,2026-06-22 12:26:21.708000+00:00
National,(07) TRANSPORTS,2026M1,2026-01-01,113.9,I4166,https://bds.hcp.ma/api/v1/indicators/I4166,2026-06-22 12:26:21.708000+00:00
National,(07) TRANSPORTS,2026M2,2026-02-01,115.0,I4166,https://bds.hcp.ma/api/v1/indicators/I4166,2026-06-22 12:26:21.708000+00:00
National,(07) TRANSPORTS,2026M3,2026-03-01,118.4,I4166,https://bds.hcp.ma/api/v1/indicators/I4166,2026-06-22 12:26:21.708000+00:00
National,(08) COMMUNICATIONS,2017M1,2017-01-01,100.1,I4166,https://bds.hcp.ma/api/v1/indicators/I4166,2026-06-22 12:26:21.708000+00:00
National,(08) COMMUNICATIONS,2017M2,2017-02-01,100.1,I4166,https://bds.hcp.ma/api/v1/indicators/I4166,2026-06-22 12:26:21.708000+00:00
National,(08) COMMUNICATIONS,2017M3,2017-03-01,100.1,I4166,https://bds.hcp.ma/api/v1/indicators/I4166,2026-06-22 12:26:21.708000+00:00
National,(08) COMMUNICATIONS,2017M4,2017-04-01,100,I4166,https://bds.hcp.ma/api/v1/indicators/I4166,2026-06-22 12:26:21.708000+00:00
National,(08) COMMUNICATIONS,2017M5,2017-05-01,100,I4166,https://bds.hcp.ma/api/v1/indicators/I4166,2026-06-22 12:26:21.708000+00:00
National,(08) COMMUNICATIONS,2017M6,2017-06-01,100,I4166,https://bds.hcp.ma/api/v1/indicators/I4166,2026-06-22 12:26:21.708000+00:00
National,(08) COMMUNICATIONS,2017M7,2017-07-01,100,I4166,https://bds.hcp.ma/api/v1/indicators/I4166,2026-06-22 12:26:21.708000+00:00
National,(08) COMMUNICATIONS,2017M8,2017-08-01,100,I4166,https://bds.hcp.ma/api/v1/indicators/I4166,2026-06-22 12:26:21.708000+00:00
National,(08) COMMUNICATIONS,2017M9,2017-09-01,99.9,I4166,https://bds.hcp.ma/api/v1/indicators/I4166,2026-06-22 12:26:21.708000+00:00
National,(08) COMMUNICATIONS,2017M10,2017-10-01,99.9,I4166,https://bds.hcp.ma/api/v1/indicators/I4166,2026-06-22 12:26:21.708000+00:00
National,(08) COMMUNICATIONS,2017M11,2017-11-01,99.9,I4166,https://bds.hcp.ma/api/v1/indicators/I4166,2026-06-22 12:26:21.708000+00:00
National,(08) COMMUNICATIONS,2017M12,2017-12-01,99.9,I4166,https://bds.hcp.ma/api/v1/indicators/I4166,2026-06-22 12:26:21.708000+00:00
National,(08) COMMUNICATIONS,2018M1,2018-01-01,99.9,I4166,https://bds.hcp.ma/api/v1/indicators/I4166,2026-06-22 12:26:21.708000+00:00
National,(08) COMMUNICATIONS,2018M2,2018-02-01,99.9,I4166,https://bds.hcp.ma/api/v1/indicators/I4166,2026-06-22 12:26:21.708000+00:00
National,(08) COMMUNICATIONS,2018M3,2018-03-01,99.9,I4166,https://bds.hcp.ma/api/v1/indicators/I4166,2026-06-22 12:26:21.708000+00:00
National,(08) COMMUNICATIONS,2018M4,2018-04-01,99.9,I4166,https://bds.hcp.ma/api/v1/indicators/I4166,2026-06-22 12:26:21.708000+00:00
National,(08) COMMUNICATIONS,2018M5,2018-05-01,99.8,I4166,https://bds.hcp.ma/api/v1/indicators/I4166,2026-06-22 12:26:21.708000+00:00
National,(08) COMMUNICATIONS,2018M6,2018-06-01,99.8,I4166,https://bds.hcp.ma/api/v1/indicators/I4166,2026-06-22 12:26:21.708000+00:00
National,(08) COMMUNICATIONS,2018M7,2018-07-01,99.8,I4166,https://bds.hcp.ma/api/v1/indicators/I4166,2026-06-22 12:26:21.708000+00:00
National,(08) COMMUNICATIONS,2018M8,2018-08-01,99.7,I4166,https://bds.hcp.ma/api/v1/indicators/I4166,2026-06-22 12:26:21.708000+00:00
National,(08) COMMUNICATIONS,2018M9,2018-09-01,99.7,I4166,https://bds.hcp.ma/api/v1/indicators/I4166,2026-06-22 12:26:21.708000+00:00
National,(08) COMMUNICATIONS,2018M10,2018-10-01,104.5,I4166,https://bds.hcp.ma/api/v1/indicators/I4166,2026-06-22 12:26:21.708000+00:00
National,(08) COMMUNICATIONS,2018M11,2018-11-01,104.5,I4166,https://bds.hcp.ma/api/v1/indicators/I4166,2026-06-22 12:26:21.708000+00:00
National,(08) COMMUNICATIONS,2018M12,2018-12-01,104.5,I4166,https://bds.hcp.ma/api/v1/indicators/I4166,2026-06-22 12:26:21.708000+00:00
National,(08) COMMUNICATIONS,2019M1,2019-01-01,104.5,I4166,https://bds.hcp.ma/api/v1/indicators/I4166,2026-06-22 12:26:21.708000+00:00
National,(08) COMMUNICATIONS,2019M2,2019-02-01,104.4,I4166,https://bds.hcp.ma/api/v1/indicators/I4166,2026-06-22 12:26:21.708000+00:00
National,(08) COMMUNICATIONS,2019M3,2019-03-01,104.4,I4166,https://bds.hcp.ma/api/v1/indicators/I4166,2026-06-22 12:26:21.708000+00:00
National,(08) COMMUNICATIONS,2019M4,2019-04-01,104.4,I4166,https://bds.hcp.ma/api/v1/indicators/I4166,2026-06-22 12:26:21.708000+00:00
National,(08) COMMUNICATIONS,2019M5,2019-05-01,104.3,I4166,https://bds.hcp.ma/api/v1/indicators/I4166,2026-06-22 12:26:21.708000+00:00
National,(08) COMMUNICATIONS,2019M6,2019-06-01,104.3,I4166,https://bds.hcp.ma/api/v1/indicators/I4166,2026-06-22 12:26:21.708000+00:00
National,(08) COMMUNICATIONS,2019M7,2019-07-01,104.3,I4166,https://bds.hcp.ma/api/v1/indicators/I4166,2026-06-22 12:26:21.708000+00:00
National,(08) COMMUNICATIONS,2019M8,2019-08-01,104.3,I4166,https://bds.hcp.ma/api/v1/indicators/I4166,2026-06-22 12:26:21.708000+00:00
National,(08) COMMUNICATIONS,2019M9,2019-09-01,104.2,I4166,https://bds.hcp.ma/api/v1/indicators/I4166,2026-06-22 12:26:21.708000+00:00
National,(08) COMMUNICATIONS,2019M10,2019-10-01,104.1,I4166,https://bds.hcp.ma/api/v1/indicators/I4166,2026-06-22 12:26:21.708000+00:00
National,(08) COMMUNICATIONS,2019M11,2019-11-01,104,I4166,https://bds.hcp.ma/api/v1/indicators/I4166,2026-06-22 12:26:21.708000+00:00
National,(08) COMMUNICATIONS,2019M12,2019-12-01,104,I4166,https://bds.hcp.ma/api/v1/indicators/I4166,2026-06-22 12:26:21.708000+00:00
National,(08) COMMUNICATIONS,2020M1,2020-01-01,103.9,I4166,https://bds.hcp.ma/api/v1/indicators/I4166,2026-06-22 12:26:21.708000+00:00
National,(08) COMMUNICATIONS,2020M2,2020-02-01,103.9,I4166,https://bds.hcp.ma/api/v1/indicators/I4166,2026-06-22 12:26:21.708000+00:00
National,(08) COMMUNICATIONS,2020M3,2020-03-01,103.9,I4166,https://bds.hcp.ma/api/v1/indicators/I4166,2026-06-22 12:26:21.708000+00:00
National,(08) COMMUNICATIONS,2020M4,2020-04-01,103.9,I4166,https://bds.hcp.ma/api/v1/indicators/I4166,2026-06-22 12:26:21.708000+00:00
National,(08) COMMUNICATIONS,2020M5,2020-05-01,103.9,I4166,https://bds.hcp.ma/api/v1/indicators/I4166,2026-06-22 12:26:21.708000+00:00
National,(08) COMMUNICATIONS,2020M6,2020-06-01,103.9,I4166,https://bds.hcp.ma/api/v1/indicators/I4166,2026-06-22 12:26:21.708000+00:00
National,(08) COMMUNICATIONS,2020M7,2020-07-01,103.9,I4166,https://bds.hcp.ma/api/v1/indicators/I4166,2026-06-22 12:26:21.708000+00:00
National,(08) COMMUNICATIONS,2020M8,2020-08-01,104,I4166,https://bds.hcp.ma/api/v1/indicators/I4166,2026-06-22 12:26:21.708000+00:00
National,(08) COMMUNICATIONS,2020M9,2020-09-01,104,I4166,https://bds.hcp.ma/api/v1/indicators/I4166,2026-06-22 12:26:21.708000+00:00
National,(08) COMMUNICATIONS,2020M10,2020-10-01,104,I4166,https://bds.hcp.ma/api/v1/indicators/I4166,2026-06-22 12:26:21.708000+00:00
National,(08) COMMUNICATIONS,2020M11,2020-11-01,103.9,I4166,https://bds.hcp.ma/api/v1/indicators/I4166,2026-06-22 12:26:21.708000+00:00
National,(08) COMMUNICATIONS,2020M12,2020-12-01,103.9,I4166,https://bds.hcp.ma/api/v1/indicators/I4166,2026-06-22 12:26:21.708000+00:00
National,(08) COMMUNICATIONS,2021M1,2021-01-01,103.9,I4166,https://bds.hcp.ma/api/v1/indicators/I4166,2026-06-22 12:26:21.708000+00:00
National,(08) COMMUNICATIONS,2021M2,2021-02-01,103.8,I4166,https://bds.hcp.ma/api/v1/indicators/I4166,2026-06-22 12:26:21.708000+00:00
National,(08) COMMUNICATIONS,2021M3,2021-03-01,103.8,I4166,https://bds.hcp.ma/api/v1/indicators/I4166,2026-06-22 12:26:21.708000+00:00
National,(08) COMMUNICATIONS,2021M4,2021-04-01,103.8,I4166,https://bds.hcp.ma/api/v1/indicators/I4166,2026-06-22 12:26:21.708000+00:00
National,(08) COMMUNICATIONS,2021M5,2021-05-01,103.7,I4166,https://bds.hcp.ma/api/v1/indicators/I4166,2026-06-22 12:26:21.708000+00:00
National,(08) COMMUNICATIONS,2021M6,2021-06-01,103.6,I4166,https://bds.hcp.ma/api/v1/indicators/I4166,2026-06-22 12:26:21.708000+00:00
National,(08) COMMUNICATIONS,2021M7,2021-07-01,103.6,I4166,https://bds.hcp.ma/api/v1/indicators/I4166,2026-06-22 12:26:21.708000+00:00
National,(08) COMMUNICATIONS,2021M8,2021-08-01,103.6,I4166,https://bds.hcp.ma/api/v1/indicators/I4166,2026-06-22 12:26:21.708000+00:00
National,(08) COMMUNICATIONS,2021M9,2021-09-01,103.6,I4166,https://bds.hcp.ma/api/v1/indicators/I4166,2026-06-22 12:26:21.708000+00:00
National,(08) COMMUNICATIONS,2021M10,2021-10-01,103.6,I4166,https://bds.hcp.ma/api/v1/indicators/I4166,2026-06-22 12:26:21.708000+00:00
National,(08) COMMUNICATIONS,2021M11,2021-11-01,103.6,I4166,https://bds.hcp.ma/api/v1/indicators/I4166,2026-06-22 12:26:21.708000+00:00
National,(08) COMMUNICATIONS,2021M12,2021-12-01,103.7,I4166,https://bds.hcp.ma/api/v1/indicators/I4166,2026-06-22 12:26:21.708000+00:00
National,(08) COMMUNICATIONS,2022M1,2022-01-01,103.7,I4166,https://bds.hcp.ma/api/v1/indicators/I4166,2026-06-22 12:26:21.708000+00:00
National,(08) COMMUNICATIONS,2022M2,2022-02-01,103.8,I4166,https://bds.hcp.ma/api/v1/indicators/I4166,2026-06-22 12:26:21.708000+00:00
National,(08) COMMUNICATIONS,2022M3,2022-03-01,103.8,I4166,https://bds.hcp.ma/api/v1/indicators/I4166,2026-06-22 12:26:21.708000+00:00
National,(08) COMMUNICATIONS,2022M4,2022-04-01,103.9,I4166,https://bds.hcp.ma/api/v1/indicators/I4166,2026-06-22 12:26:21.708000+00:00
National,(08) COMMUNICATIONS,2022M5,2022-05-01,103.8,I4166,https://bds.hcp.ma/api/v1/indicators/I4166,2026-06-22 12:26:21.708000+00:00
National,(08) COMMUNICATIONS,2022M6,2022-06-01,104,I4166,https://bds.hcp.ma/api/v1/indicators/I4166,2026-06-22 12:26:21.708000+00:00
National,(08) COMMUNICATIONS,2022M7,2022-07-01,104,I4166,https://bds.hcp.ma/api/v1/indicators/I4166,2026-06-22 12:26:21.708000+00:00
National,(08) COMMUNICATIONS,2022M8,2022-08-01,104.2,I4166,https://bds.hcp.ma/api/v1/indicators/I4166,2026-06-22 12:26:21.708000+00:00
National,(08) COMMUNICATIONS,2022M9,2022-09-01,104.2,I4166,https://bds.hcp.ma/api/v1/indicators/I4166,2026-06-22 12:26:21.708000+00:00
National,(08) COMMUNICATIONS,2022M10,2022-10-01,104.3,I4166,https://bds.hcp.ma/api/v1/indicators/I4166,2026-06-22 12:26:21.708000+00:00
National,(08) COMMUNICATIONS,2022M11,2022-11-01,104.3,I4166,https://bds.hcp.ma/api/v1/indicators/I4166,2026-06-22 12:26:21.708000+00:00
National,(08) COMMUNICATIONS,2022M12,2022-12-01,104.3,I4166,https://bds.hcp.ma/api/v1/indicators/I4166,2026-06-22 12:26:21.708000+00:00
National,(08) COMMUNICATIONS,2023M1,2023-01-01,104.3,I4166,https://bds.hcp.ma/api/v1/indicators/I4166,2026-06-22 12:26:21.708000+00:00
National,(08) COMMUNICATIONS,2023M2,2023-02-01,104.3,I4166,https://bds.hcp.ma/api/v1/indicators/I4166,2026-06-22 12:26:21.708000+00:00
National,(08) COMMUNICATIONS,2023M3,2023-03-01,104.3,I4166,https://bds.hcp.ma/api/v1/indicators/I4166,2026-06-22 12:26:21.708000+00:00
National,(08) COMMUNICATIONS,2023M4,2023-04-01,104.3,I4166,https://bds.hcp.ma/api/v1/indicators/I4166,2026-06-22 12:26:21.708000+00:00
National,(08) COMMUNICATIONS,2023M5,2023-05-01,104.3,I4166,https://bds.hcp.ma/api/v1/indicators/I4166,2026-06-22 12:26:21.708000+00:00
National,(08) COMMUNICATIONS,2023M6,2023-06-01,104.2,I4166,https://bds.hcp.ma/api/v1/indicators/I4166,2026-06-22 12:26:21.708000+00:00
National,(08) COMMUNICATIONS,2023M7,2023-07-01,104.2,I4166,https://bds.hcp.ma/api/v1/indicators/I4166,2026-06-22 12:26:21.708000+00:00
National,(08) COMMUNICATIONS,2023M8,2023-08-01,104.2,I4166,https://bds.hcp.ma/api/v1/indicators/I4166,2026-06-22 12:26:21.708000+00:00
National,(08) COMMUNICATIONS,2023M9,2023-09-01,104.2,I4166,https://bds.hcp.ma/api/v1/indicators/I4166,2026-06-22 12:26:21.708000+00:00
National,(08) COMMUNICATIONS,2023M10,2023-10-01,104.2,I4166,https://bds.hcp.ma/api/v1/indicators/I4166,2026-06-22 12:26:21.708000+00:00
National,(08) COMMUNICATIONS,2023M11,2023-11-01,104.2,I4166,https://bds.hcp.ma/api/v1/indicators/I4166,2026-06-22 12:26:21.708000+00:00
National,(08) COMMUNICATIONS,2023M12,2023-12-01,104.1,I4166,https://bds.hcp.ma/api/v1/indicators/I4166,2026-06-22 12:26:21.708000+00:00
National,(08) COMMUNICATIONS,2024M1,2024-01-01,104.1,I4166,https://bds.hcp.ma/api/v1/indicators/I4166,2026-06-22 12:26:21.708000+00:00
National,(08) COMMUNICATIONS,2024M2,2024-02-01,104.1,I4166,https://bds.hcp.ma/api/v1/indicators/I4166,2026-06-22 12:26:21.708000+00:00
National,(08) COMMUNICATIONS,2024M3,2024-03-01,104.1,I4166,https://bds.hcp.ma/api/v1/indicators/I4166,2026-06-22 12:26:21.708000+00:00
National,(08) COMMUNICATIONS,2024M4,2024-04-01,104.1,I4166,https://bds.hcp.ma/api/v1/indicators/I4166,2026-06-22 12:26:21.708000+00:00
National,(08) COMMUNICATIONS,2024M5,2024-05-01,104,I4166,https://bds.hcp.ma/api/v1/indicators/I4166,2026-06-22 12:26:21.708000+00:00
National,(08) COMMUNICATIONS,2024M6,2024-06-01,104.1,I4166,https://bds.hcp.ma/api/v1/indicators/I4166,2026-06-22 12:26:21.708000+00:00
National,(08) COMMUNICATIONS,2024M7,2024-07-01,104.1,I4166,https://bds.hcp.ma/api/v1/indicators/I4166,2026-06-22 12:26:21.708000+00:00
National,(08) COMMUNICATIONS,2024M8,2024-08-01,104.1,I4166,https://bds.hcp.ma/api/v1/indicators/I4166,2026-06-22 12:26:21.708000+00:00
National,(08) COMMUNICATIONS,2024M9,2024-09-01,104,I4166,https://bds.hcp.ma/api/v1/indicators/I4166,2026-06-22 12:26:21.708000+00:00
National,(08) COMMUNICATIONS,2024M10,2024-10-01,104,I4166,https://bds.hcp.ma/api/v1/indicators/I4166,2026-06-22 12:26:21.708000+00:00
National,(08) COMMUNICATIONS,2024M11,2024-11-01,104.1,I4166,https://bds.hcp.ma/api/v1/indicators/I4166,2026-06-22 12:26:21.708000+00:00
National,(08) COMMUNICATIONS,2024M12,2024-12-01,104.2,I4166,https://bds.hcp.ma/api/v1/indicators/I4166,2026-06-22 12:26:21.708000+00:00
National,(08) COMMUNICATIONS,2025M1,2025-01-01,104.1,I4166,https://bds.hcp.ma/api/v1/indicators/I4166,2026-06-22 12:26:21.708000+00:00
National,(08) COMMUNICATIONS,2025M2,2025-02-01,104.1,I4166,https://bds.hcp.ma/api/v1/indicators/I4166,2026-06-22 12:26:21.708000+00:00
National,(08) COMMUNICATIONS,2025M3,2025-03-01,104.0,I4166,https://bds.hcp.ma/api/v1/indicators/I4166,2026-06-22 12:26:21.708000+00:00
National,(08) COMMUNICATIONS,2025M4,2025-04-01,104.0,I4166,https://bds.hcp.ma/api/v1/indicators/I4166,2026-06-22 12:26:21.708000+00:00
National,(08) COMMUNICATIONS,2025M5,2025-05-01,103.9,I4166,https://bds.hcp.ma/api/v1/indicators/I4166,2026-06-22 12:26:21.708000+00:00
National,(08) COMMUNICATIONS,2025M6,2025-06-01,103.9,I4166,https://bds.hcp.ma/api/v1/indicators/I4166,2026-06-22 12:26:21.708000+00:00
National,(08) COMMUNICATIONS,2025M7,2025-07-01,103.9,I4166,https://bds.hcp.ma/api/v1/indicators/I4166,2026-06-22 12:26:21.708000+00:00
National,(08) COMMUNICATIONS,2025M8,2025-08-01,103.9,I4166,https://bds.hcp.ma/api/v1/indicators/I4166,2026-06-22 12:26:21.708000+00:00
National,(08) COMMUNICATIONS,2025M9,2025-09-01,103.8,I4166,https://bds.hcp.ma/api/v1/indicators/I4166,2026-06-22 12:26:21.708000+00:00
National,(08) COMMUNICATIONS,2025M10,2025-10-01,103.8,I4166,https://bds.hcp.ma/api/v1/indicators/I4166,2026-06-22 12:26:21.708000+00:00
National,(08) COMMUNICATIONS,2025M11,2025-11-01,103.8,I4166,https://bds.hcp.ma/api/v1/indicators/I4166,2026-06-22 12:26:21.708000+00:00
National,(08) COMMUNICATIONS,2025M12,2025-12-01,103.8,I4166,https://bds.hcp.ma/api/v1/indicators/I4166,2026-06-22 12:26:21.708000+00:00
National,(08) COMMUNICATIONS,2026M1,2026-01-01,103.7,I4166,https://bds.hcp.ma/api/v1/indicators/I4166,2026-06-22 12:26:21.708000+00:00
National,(08) COMMUNICATIONS,2026M2,2026-02-01,103.7,I4166,https://bds.hcp.ma/api/v1/indicators/I4166,2026-06-22 12:26:21.708000+00:00
National,(08) COMMUNICATIONS,2026M3,2026-03-01,103.7,I4166,https://bds.hcp.ma/api/v1/indicators/I4166,2026-06-22 12:26:21.708000+00:00
National,(09) LOISIRS ET CULTURE,2017M1,2017-01-01,99.8,I4166,https://bds.hcp.ma/api/v1/indicators/I4166,2026-06-22 12:26:21.708000+00:00
National,(09) LOISIRS ET CULTURE,2017M2,2017-02-01,100,I4166,https://bds.hcp.ma/api/v1/indicators/I4166,2026-06-22 12:26:21.708000+00:00
National,(09) LOISIRS ET CULTURE,2017M3,2017-03-01,100,I4166,https://bds.hcp.ma/api/v1/indicators/I4166,2026-06-22 12:26:21.708000+00:00
National,(09) LOISIRS ET CULTURE,2017M4,2017-04-01,100.2,I4166,https://bds.hcp.ma/api/v1/indicators/I4166,2026-06-22 12:26:21.708000+00:00
National,(09) LOISIRS ET CULTURE,2017M5,2017-05-01,100.1,I4166,https://bds.hcp.ma/api/v1/indicators/I4166,2026-06-22 12:26:21.708000+00:00
National,(09) LOISIRS ET CULTURE,2017M6,2017-06-01,100.1,I4166,https://bds.hcp.ma/api/v1/indicators/I4166,2026-06-22 12:26:21.708000+00:00
National,(09) LOISIRS ET CULTURE,2017M7,2017-07-01,100,I4166,https://bds.hcp.ma/api/v1/indicators/I4166,2026-06-22 12:26:21.708000+00:00
National,(09) LOISIRS ET CULTURE,2017M8,2017-08-01,100,I4166,https://bds.hcp.ma/api/v1/indicators/I4166,2026-06-22 12:26:21.708000+00:00
National,(09) LOISIRS ET CULTURE,2017M9,2017-09-01,100,I4166,https://bds.hcp.ma/api/v1/indicators/I4166,2026-06-22 12:26:21.708000+00:00
National,(09) LOISIRS ET CULTURE,2017M10,2017-10-01,100,I4166,https://bds.hcp.ma/api/v1/indicators/I4166,2026-06-22 12:26:21.708000+00:00
National,(09) LOISIRS ET CULTURE,2017M11,2017-11-01,99.9,I4166,https://bds.hcp.ma/api/v1/indicators/I4166,2026-06-22 12:26:21.708000+00:00
National,(09) LOISIRS ET CULTURE,2017M12,2017-12-01,100,I4166,https://bds.hcp.ma/api/v1/indicators/I4166,2026-06-22 12:26:21.708000+00:00
National,(09) LOISIRS ET CULTURE,2018M1,2018-01-01,99.9,I4166,https://bds.hcp.ma/api/v1/indicators/I4166,2026-06-22 12:26:21.708000+00:00
National,(09) LOISIRS ET CULTURE,2018M2,2018-02-01,100,I4166,https://bds.hcp.ma/api/v1/indicators/I4166,2026-06-22 12:26:21.708000+00:00
National,(09) LOISIRS ET CULTURE,2018M3,2018-03-01,100,I4166,https://bds.hcp.ma/api/v1/indicators/I4166,2026-06-22 12:26:21.708000+00:00
National,(09) LOISIRS ET CULTURE,2018M4,2018-04-01,100.3,I4166,https://bds.hcp.ma/api/v1/indicators/I4166,2026-06-22 12:26:21.708000+00:00
National,(09) LOISIRS ET CULTURE,2018M5,2018-05-01,100.2,I4166,https://bds.hcp.ma/api/v1/indicators/I4166,2026-06-22 12:26:21.708000+00:00
National,(09) LOISIRS ET CULTURE,2018M6,2018-06-01,100,I4166,https://bds.hcp.ma/api/v1/indicators/I4166,2026-06-22 12:26:21.708000+00:00
National,(09) LOISIRS ET CULTURE,2018M7,2018-07-01,99.9,I4166,https://bds.hcp.ma/api/v1/indicators/I4166,2026-06-22 12:26:21.708000+00:00
National,(09) LOISIRS ET CULTURE,2018M8,2018-08-01,100,I4166,https://bds.hcp.ma/api/v1/indicators/I4166,2026-06-22 12:26:21.708000+00:00
National,(09) LOISIRS ET CULTURE,2018M9,2018-09-01,100.1,I4166,https://bds.hcp.ma/api/v1/indicators/I4166,2026-06-22 12:26:21.708000+00:00
National,(09) LOISIRS ET CULTURE,2018M10,2018-10-01,100.1,I4166,https://bds.hcp.ma/api/v1/indicators/I4166,2026-06-22 12:26:21.708000+00:00
National,(09) LOISIRS ET CULTURE,2018M11,2018-11-01,100.1,I4166,https://bds.hcp.ma/api/v1/indicators/I4166,2026-06-22 12:26:21.708000+00:00
National,(09) LOISIRS ET CULTURE,2018M12,2018-12-01,100,I4166,https://bds.hcp.ma/api/v1/indicators/I4166,2026-06-22 12:26:21.708000+00:00
National,(09) LOISIRS ET CULTURE,2019M1,2019-01-01,100.2,I4166,https://bds.hcp.ma/api/v1/indicators/I4166,2026-06-22 12:26:21.708000+00:00
National,(09) LOISIRS ET CULTURE,2019M2,2019-02-01,100.5,I4166,https://bds.hcp.ma/api/v1/indicators/I4166,2026-06-22 12:26:21.708000+00:00
National,(09) LOISIRS ET CULTURE,2019M3,2019-03-01,100.6,I4166,https://bds.hcp.ma/api/v1/indicators/I4166,2026-06-22 12:26:21.708000+00:00
National,(09) LOISIRS ET CULTURE,2019M4,2019-04-01,100.5,I4166,https://bds.hcp.ma/api/v1/indicators/I4166,2026-06-22 12:26:21.708000+00:00
National,(09) LOISIRS ET CULTURE,2019M5,2019-05-01,100.4,I4166,https://bds.hcp.ma/api/v1/indicators/I4166,2026-06-22 12:26:21.708000+00:00
National,(09) LOISIRS ET CULTURE,2019M6,2019-06-01,100.3,I4166,https://bds.hcp.ma/api/v1/indicators/I4166,2026-06-22 12:26:21.708000+00:00
National,(09) LOISIRS ET CULTURE,2019M7,2019-07-01,100.3,I4166,https://bds.hcp.ma/api/v1/indicators/I4166,2026-06-22 12:26:21.708000+00:00
National,(09) LOISIRS ET CULTURE,2019M8,2019-08-01,100.2,I4166,https://bds.hcp.ma/api/v1/indicators/I4166,2026-06-22 12:26:21.708000+00:00
National,(09) LOISIRS ET CULTURE,2019M9,2019-09-01,100.3,I4166,https://bds.hcp.ma/api/v1/indicators/I4166,2026-06-22 12:26:21.708000+00:00
National,(09) LOISIRS ET CULTURE,2019M10,2019-10-01,100.4,I4166,https://bds.hcp.ma/api/v1/indicators/I4166,2026-06-22 12:26:21.708000+00:00
National,(09) LOISIRS ET CULTURE,2019M11,2019-11-01,100.2,I4166,https://bds.hcp.ma/api/v1/indicators/I4166,2026-06-22 12:26:21.708000+00:00
National,(09) LOISIRS ET CULTURE,2019M12,2019-12-01,100,I4166,https://bds.hcp.ma/api/v1/indicators/I4166,2026-06-22 12:26:21.708000+00:00
National,(09) LOISIRS ET CULTURE,2020M1,2020-01-01,99.9,I4166,https://bds.hcp.ma/api/v1/indicators/I4166,2026-06-22 12:26:21.708000+00:00
National,(09) LOISIRS ET CULTURE,2020M2,2020-02-01,99.7,I4166,https://bds.hcp.ma/api/v1/indicators/I4166,2026-06-22 12:26:21.708000+00:00
National,(09) LOISIRS ET CULTURE,2020M3,2020-03-01,99.6,I4166,https://bds.hcp.ma/api/v1/indicators/I4166,2026-06-22 12:26:21.708000+00:00
National,(09) LOISIRS ET CULTURE,2020M4,2020-04-01,99.6,I4166,https://bds.hcp.ma/api/v1/indicators/I4166,2026-06-22 12:26:21.708000+00:00
National,(09) LOISIRS ET CULTURE,2020M5,2020-05-01,99.3,I4166,https://bds.hcp.ma/api/v1/indicators/I4166,2026-06-22 12:26:21.708000+00:00
National,(09) LOISIRS ET CULTURE,2020M6,2020-06-01,99.3,I4166,https://bds.hcp.ma/api/v1/indicators/I4166,2026-06-22 12:26:21.708000+00:00
National,(09) LOISIRS ET CULTURE,2020M7,2020-07-01,99.2,I4166,https://bds.hcp.ma/api/v1/indicators/I4166,2026-06-22 12:26:21.708000+00:00
National,(09) LOISIRS ET CULTURE,2020M8,2020-08-01,99.1,I4166,https://bds.hcp.ma/api/v1/indicators/I4166,2026-06-22 12:26:21.708000+00:00
National,(09) LOISIRS ET CULTURE,2020M9,2020-09-01,99.2,I4166,https://bds.hcp.ma/api/v1/indicators/I4166,2026-06-22 12:26:21.708000+00:00
National,(09) LOISIRS ET CULTURE,2020M10,2020-10-01,99.2,I4166,https://bds.hcp.ma/api/v1/indicators/I4166,2026-06-22 12:26:21.708000+00:00
National,(09) LOISIRS ET CULTURE,2020M11,2020-11-01,99.3,I4166,https://bds.hcp.ma/api/v1/indicators/I4166,2026-06-22 12:26:21.708000+00:00
National,(09) LOISIRS ET CULTURE,2020M12,2020-12-01,99.1,I4166,https://bds.hcp.ma/api/v1/indicators/I4166,2026-06-22 12:26:21.708000+00:00
National,(09) LOISIRS ET CULTURE,2021M1,2021-01-01,99.5,I4166,https://bds.hcp.ma/api/v1/indicators/I4166,2026-06-22 12:26:21.708000+00:00
National,(09) LOISIRS ET CULTURE,2021M2,2021-02-01,99.6,I4166,https://bds.hcp.ma/api/v1/indicators/I4166,2026-06-22 12:26:21.708000+00:00
National,(09) LOISIRS ET CULTURE,2021M3,2021-03-01,99.7,I4166,https://bds.hcp.ma/api/v1/indicators/I4166,2026-06-22 12:26:21.708000+00:00
National,(09) LOISIRS ET CULTURE,2021M4,2021-04-01,99.8,I4166,https://bds.hcp.ma/api/v1/indicators/I4166,2026-06-22 12:26:21.708000+00:00
National,(09) LOISIRS ET CULTURE,2021M5,2021-05-01,100,I4166,https://bds.hcp.ma/api/v1/indicators/I4166,2026-06-22 12:26:21.708000+00:00
National,(09) LOISIRS ET CULTURE,2021M6,2021-06-01,100,I4166,https://bds.hcp.ma/api/v1/indicators/I4166,2026-06-22 12:26:21.708000+00:00
National,(09) LOISIRS ET CULTURE,2021M7,2021-07-01,100,I4166,https://bds.hcp.ma/api/v1/indicators/I4166,2026-06-22 12:26:21.708000+00:00
National,(09) LOISIRS ET CULTURE,2021M8,2021-08-01,100.1,I4166,https://bds.hcp.ma/api/v1/indicators/I4166,2026-06-22 12:26:21.708000+00:00
National,(09) LOISIRS ET CULTURE,2021M9,2021-09-01,100.3,I4166,https://bds.hcp.ma/api/v1/indicators/I4166,2026-06-22 12:26:21.708000+00:00
National,(09) LOISIRS ET CULTURE,2021M10,2021-10-01,100.7,I4166,https://bds.hcp.ma/api/v1/indicators/I4166,2026-06-22 12:26:21.708000+00:00
National,(09) LOISIRS ET CULTURE,2021M11,2021-11-01,100.9,I4166,https://bds.hcp.ma/api/v1/indicators/I4166,2026-06-22 12:26:21.708000+00:00
National,(09) LOISIRS ET CULTURE,2021M12,2021-12-01,101.5,I4166,https://bds.hcp.ma/api/v1/indicators/I4166,2026-06-22 12:26:21.708000+00:00
National,(09) LOISIRS ET CULTURE,2022M1,2022-01-01,101.5,I4166,https://bds.hcp.ma/api/v1/indicators/I4166,2026-06-22 12:26:21.708000+00:00
National,(09) LOISIRS ET CULTURE,2022M2,2022-02-01,101.6,I4166,https://bds.hcp.ma/api/v1/indicators/I4166,2026-06-22 12:26:21.708000+00:00
National,(09) LOISIRS ET CULTURE,2022M3,2022-03-01,101.6,I4166,https://bds.hcp.ma/api/v1/indicators/I4166,2026-06-22 12:26:21.708000+00:00
National,(09) LOISIRS ET CULTURE,2022M4,2022-04-01,101.7,I4166,https://bds.hcp.ma/api/v1/indicators/I4166,2026-06-22 12:26:21.708000+00:00
National,(09) LOISIRS ET CULTURE,2022M5,2022-05-01,104.6,I4166,https://bds.hcp.ma/api/v1/indicators/I4166,2026-06-22 12:26:21.708000+00:00
National,(09) LOISIRS ET CULTURE,2022M6,2022-06-01,105.3,I4166,https://bds.hcp.ma/api/v1/indicators/I4166,2026-06-22 12:26:21.708000+00:00
National,(09) LOISIRS ET CULTURE,2022M7,2022-07-01,105.4,I4166,https://bds.hcp.ma/api/v1/indicators/I4166,2026-06-22 12:26:21.708000+00:00
National,(09) LOISIRS ET CULTURE,2022M8,2022-08-01,105.6,I4166,https://bds.hcp.ma/api/v1/indicators/I4166,2026-06-22 12:26:21.708000+00:00
National,(09) LOISIRS ET CULTURE,2022M9,2022-09-01,106,I4166,https://bds.hcp.ma/api/v1/indicators/I4166,2026-06-22 12:26:21.708000+00:00
National,(09) LOISIRS ET CULTURE,2022M10,2022-10-01,106.2,I4166,https://bds.hcp.ma/api/v1/indicators/I4166,2026-06-22 12:26:21.708000+00:00
National,(09) LOISIRS ET CULTURE,2022M11,2022-11-01,106.1,I4166,https://bds.hcp.ma/api/v1/indicators/I4166,2026-06-22 12:26:21.708000+00:00
National,(09) LOISIRS ET CULTURE,2022M12,2022-12-01,106,I4166,https://bds.hcp.ma/api/v1/indicators/I4166,2026-06-22 12:26:21.708000+00:00
National,(09) LOISIRS ET CULTURE,2023M1,2023-01-01,105.9,I4166,https://bds.hcp.ma/api/v1/indicators/I4166,2026-06-22 12:26:21.708000+00:00
National,(09) LOISIRS ET CULTURE,2023M2,2023-02-01,106,I4166,https://bds.hcp.ma/api/v1/indicators/I4166,2026-06-22 12:26:21.708000+00:00
National,(09) LOISIRS ET CULTURE,2023M3,2023-03-01,106.1,I4166,https://bds.hcp.ma/api/v1/indicators/I4166,2026-06-22 12:26:21.708000+00:00
National,(09) LOISIRS ET CULTURE,2023M4,2023-04-01,106.1,I4166,https://bds.hcp.ma/api/v1/indicators/I4166,2026-06-22 12:26:21.708000+00:00
National,(09) LOISIRS ET CULTURE,2023M5,2023-05-01,105.8,I4166,https://bds.hcp.ma/api/v1/indicators/I4166,2026-06-22 12:26:21.708000+00:00
National,(09) LOISIRS ET CULTURE,2023M6,2023-06-01,105.7,I4166,https://bds.hcp.ma/api/v1/indicators/I4166,2026-06-22 12:26:21.708000+00:00
National,(09) LOISIRS ET CULTURE,2023M7,2023-07-01,105.7,I4166,https://bds.hcp.ma/api/v1/indicators/I4166,2026-06-22 12:26:21.708000+00:00
National,(09) LOISIRS ET CULTURE,2023M8,2023-08-01,105.6,I4166,https://bds.hcp.ma/api/v1/indicators/I4166,2026-06-22 12:26:21.708000+00:00
National,(09) LOISIRS ET CULTURE,2023M9,2023-09-01,105.5,I4166,https://bds.hcp.ma/api/v1/indicators/I4166,2026-06-22 12:26:21.708000+00:00
National,(09) LOISIRS ET CULTURE,2023M10,2023-10-01,105.6,I4166,https://bds.hcp.ma/api/v1/indicators/I4166,2026-06-22 12:26:21.708000+00:00
National,(09) LOISIRS ET CULTURE,2023M11,2023-11-01,105.4,I4166,https://bds.hcp.ma/api/v1/indicators/I4166,2026-06-22 12:26:21.708000+00:00
National,(09) LOISIRS ET CULTURE,2023M12,2023-12-01,105.1,I4166,https://bds.hcp.ma/api/v1/indicators/I4166,2026-06-22 12:26:21.708000+00:00
National,(09) LOISIRS ET CULTURE,2024M1,2024-01-01,105.1,I4166,https://bds.hcp.ma/api/v1/indicators/I4166,2026-06-22 12:26:21.708000+00:00
National,(09) LOISIRS ET CULTURE,2024M2,2024-02-01,105.3,I4166,https://bds.hcp.ma/api/v1/indicators/I4166,2026-06-22 12:26:21.708000+00:00
National,(09) LOISIRS ET CULTURE,2024M3,2024-03-01,105.6,I4166,https://bds.hcp.ma/api/v1/indicators/I4166,2026-06-22 12:26:21.708000+00:00
National,(09) LOISIRS ET CULTURE,2024M4,2024-04-01,105.8,I4166,https://bds.hcp.ma/api/v1/indicators/I4166,2026-06-22 12:26:21.708000+00:00
National,(09) LOISIRS ET CULTURE,2024M5,2024-05-01,105.7,I4166,https://bds.hcp.ma/api/v1/indicators/I4166,2026-06-22 12:26:21.708000+00:00
National,(09) LOISIRS ET CULTURE,2024M6,2024-06-01,105.6,I4166,https://bds.hcp.ma/api/v1/indicators/I4166,2026-06-22 12:26:21.708000+00:00
National,(09) LOISIRS ET CULTURE,2024M7,2024-07-01,105.6,I4166,https://bds.hcp.ma/api/v1/indicators/I4166,2026-06-22 12:26:21.708000+00:00
National,(09) LOISIRS ET CULTURE,2024M8,2024-08-01,105.6,I4166,https://bds.hcp.ma/api/v1/indicators/I4166,2026-06-22 12:26:21.708000+00:00
National,(09) LOISIRS ET CULTURE,2024M9,2024-09-01,105.4,I4166,https://bds.hcp.ma/api/v1/indicators/I4166,2026-06-22 12:26:21.708000+00:00
National,(09) LOISIRS ET CULTURE,2024M10,2024-10-01,105.4,I4166,https://bds.hcp.ma/api/v1/indicators/I4166,2026-06-22 12:26:21.708000+00:00
National,(09) LOISIRS ET CULTURE,2024M11,2024-11-01,105.5,I4166,https://bds.hcp.ma/api/v1/indicators/I4166,2026-06-22 12:26:21.708000+00:00
National,(09) LOISIRS ET CULTURE,2024M12,2024-12-01,105.4,I4166,https://bds.hcp.ma/api/v1/indicators/I4166,2026-06-22 12:26:21.708000+00:00
National,(09) LOISIRS ET CULTURE,2025M1,2025-01-01,105.3,I4166,https://bds.hcp.ma/api/v1/indicators/I4166,2026-06-22 12:26:21.708000+00:00
National,(09) LOISIRS ET CULTURE,2025M2,2025-02-01,105.2,I4166,https://bds.hcp.ma/api/v1/indicators/I4166,2026-06-22 12:26:21.708000+00:00
National,(09) LOISIRS ET CULTURE,2025M3,2025-03-01,105.1,I4166,https://bds.hcp.ma/api/v1/indicators/I4166,2026-06-22 12:26:21.708000+00:00
National,(09) LOISIRS ET CULTURE,2025M4,2025-04-01,104.9,I4166,https://bds.hcp.ma/api/v1/indicators/I4166,2026-06-22 12:26:21.708000+00:00
National,(09) LOISIRS ET CULTURE,2025M5,2025-05-01,105.0,I4166,https://bds.hcp.ma/api/v1/indicators/I4166,2026-06-22 12:26:21.708000+00:00
National,(09) LOISIRS ET CULTURE,2025M6,2025-06-01,105.0,I4166,https://bds.hcp.ma/api/v1/indicators/I4166,2026-06-22 12:26:21.708000+00:00
National,(09) LOISIRS ET CULTURE,2025M7,2025-07-01,104.8,I4166,https://bds.hcp.ma/api/v1/indicators/I4166,2026-06-22 12:26:21.708000+00:00
National,(09) LOISIRS ET CULTURE,2025M8,2025-08-01,104.8,I4166,https://bds.hcp.ma/api/v1/indicators/I4166,2026-06-22 12:26:21.708000+00:00
National,(09) LOISIRS ET CULTURE,2025M9,2025-09-01,104.9,I4166,https://bds.hcp.ma/api/v1/indicators/I4166,2026-06-22 12:26:21.708000+00:00
National,(09) LOISIRS ET CULTURE,2025M10,2025-10-01,105.0,I4166,https://bds.hcp.ma/api/v1/indicators/I4166,2026-06-22 12:26:21.708000+00:00
National,(09) LOISIRS ET CULTURE,2025M11,2025-11-01,104.9,I4166,https://bds.hcp.ma/api/v1/indicators/I4166,2026-06-22 12:26:21.708000+00:00
National,(09) LOISIRS ET CULTURE,2025M12,2025-12-01,104.9,I4166,https://bds.hcp.ma/api/v1/indicators/I4166,2026-06-22 12:26:21.708000+00:00
National,(09) LOISIRS ET CULTURE,2026M1,2026-01-01,104.9,I4166,https://bds.hcp.ma/api/v1/indicators/I4166,2026-06-22 12:26:21.708000+00:00
National,(09) LOISIRS ET CULTURE,2026M2,2026-02-01,105.0,I4166,https://bds.hcp.ma/api/v1/indicators/I4166,2026-06-22 12:26:21.708000+00:00
National,(09) LOISIRS ET CULTURE,2026M3,2026-03-01,104.7,I4166,https://bds.hcp.ma/api/v1/indicators/I4166,2026-06-22 12:26:21.708000+00:00
National,(10) ENSEIGNEMENT,2017M1,2017-01-01,99.7,I4166,https://bds.hcp.ma/api/v1/indicators/I4166,2026-06-22 12:26:21.708000+00:00
National,(10) ENSEIGNEMENT,2017M2,2017-02-01,99.8,I4166,https://bds.hcp.ma/api/v1/indicators/I4166,2026-06-22 12:26:21.708000+00:00
National,(10) ENSEIGNEMENT,2017M3,2017-03-01,99.8,I4166,https://bds.hcp.ma/api/v1/indicators/I4166,2026-06-22 12:26:21.708000+00:00
National,(10) ENSEIGNEMENT,2017M4,2017-04-01,99.4,I4166,https://bds.hcp.ma/api/v1/indicators/I4166,2026-06-22 12:26:21.708000+00:00
National,(10) ENSEIGNEMENT,2017M5,2017-05-01,99.5,I4166,https://bds.hcp.ma/api/v1/indicators/I4166,2026-06-22 12:26:21.708000+00:00
National,(10) ENSEIGNEMENT,2017M6,2017-06-01,99.5,I4166,https://bds.hcp.ma/api/v1/indicators/I4166,2026-06-22 12:26:21.708000+00:00
National,(10) ENSEIGNEMENT,2017M7,2017-07-01,99.5,I4166,https://bds.hcp.ma/api/v1/indicators/I4166,2026-06-22 12:26:21.708000+00:00
National,(10) ENSEIGNEMENT,2017M8,2017-08-01,99.5,I4166,https://bds.hcp.ma/api/v1/indicators/I4166,2026-06-22 12:26:21.708000+00:00
National,(10) ENSEIGNEMENT,2017M9,2017-09-01,100.8,I4166,https://bds.hcp.ma/api/v1/indicators/I4166,2026-06-22 12:26:21.708000+00:00
National,(10) ENSEIGNEMENT,2017M10,2017-10-01,100.9,I4166,https://bds.hcp.ma/api/v1/indicators/I4166,2026-06-22 12:26:21.708000+00:00
National,(10) ENSEIGNEMENT,2017M11,2017-11-01,100.9,I4166,https://bds.hcp.ma/api/v1/indicators/I4166,2026-06-22 12:26:21.708000+00:00
National,(10) ENSEIGNEMENT,2017M12,2017-12-01,100.9,I4166,https://bds.hcp.ma/api/v1/indicators/I4166,2026-06-22 12:26:21.708000+00:00
National,(10) ENSEIGNEMENT,2018M1,2018-01-01,101.3,I4166,https://bds.hcp.ma/api/v1/indicators/I4166,2026-06-22 12:26:21.708000+00:00
National,(10) ENSEIGNEMENT,2018M2,2018-02-01,101.3,I4166,https://bds.hcp.ma/api/v1/indicators/I4166,2026-06-22 12:26:21.708000+00:00
National,(10) ENSEIGNEMENT,2018M3,2018-03-01,101.3,I4166,https://bds.hcp.ma/api/v1/indicators/I4166,2026-06-22 12:26:21.708000+00:00
National,(10) ENSEIGNEMENT,2018M4,2018-04-01,101.3,I4166,https://bds.hcp.ma/api/v1/indicators/I4166,2026-06-22 12:26:21.708000+00:00
National,(10) ENSEIGNEMENT,2018M5,2018-05-01,101.3,I4166,https://bds.hcp.ma/api/v1/indicators/I4166,2026-06-22 12:26:21.708000+00:00
National,(10) ENSEIGNEMENT,2018M6,2018-06-01,101.6,I4166,https://bds.hcp.ma/api/v1/indicators/I4166,2026-06-22 12:26:21.708000+00:00
National,(10) ENSEIGNEMENT,2018M7,2018-07-01,101.6,I4166,https://bds.hcp.ma/api/v1/indicators/I4166,2026-06-22 12:26:21.708000+00:00
National,(10) ENSEIGNEMENT,2018M8,2018-08-01,101.6,I4166,https://bds.hcp.ma/api/v1/indicators/I4166,2026-06-22 12:26:21.708000+00:00
National,(10) ENSEIGNEMENT,2018M9,2018-09-01,104.7,I4166,https://bds.hcp.ma/api/v1/indicators/I4166,2026-06-22 12:26:21.708000+00:00
National,(10) ENSEIGNEMENT,2018M10,2018-10-01,105,I4166,https://bds.hcp.ma/api/v1/indicators/I4166,2026-06-22 12:26:21.708000+00:00
National,(10) ENSEIGNEMENT,2018M11,2018-11-01,105.2,I4166,https://bds.hcp.ma/api/v1/indicators/I4166,2026-06-22 12:26:21.708000+00:00
National,(10) ENSEIGNEMENT,2018M12,2018-12-01,105.2,I4166,https://bds.hcp.ma/api/v1/indicators/I4166,2026-06-22 12:26:21.708000+00:00
National,(10) ENSEIGNEMENT,2019M1,2019-01-01,105.2,I4166,https://bds.hcp.ma/api/v1/indicators/I4166,2026-06-22 12:26:21.708000+00:00
National,(10) ENSEIGNEMENT,2019M2,2019-02-01,105.2,I4166,https://bds.hcp.ma/api/v1/indicators/I4166,2026-06-22 12:26:21.708000+00:00
National,(10) ENSEIGNEMENT,2019M3,2019-03-01,105.1,I4166,https://bds.hcp.ma/api/v1/indicators/I4166,2026-06-22 12:26:21.708000+00:00
National,(10) ENSEIGNEMENT,2019M4,2019-04-01,105.1,I4166,https://bds.hcp.ma/api/v1/indicators/I4166,2026-06-22 12:26:21.708000+00:00
National,(10) ENSEIGNEMENT,2019M5,2019-05-01,105.1,I4166,https://bds.hcp.ma/api/v1/indicators/I4166,2026-06-22 12:26:21.708000+00:00
National,(10) ENSEIGNEMENT,2019M6,2019-06-01,105.1,I4166,https://bds.hcp.ma/api/v1/indicators/I4166,2026-06-22 12:26:21.708000+00:00
National,(10) ENSEIGNEMENT,2019M7,2019-07-01,105.1,I4166,https://bds.hcp.ma/api/v1/indicators/I4166,2026-06-22 12:26:21.708000+00:00
National,(10) ENSEIGNEMENT,2019M8,2019-08-01,105.1,I4166,https://bds.hcp.ma/api/v1/indicators/I4166,2026-06-22 12:26:21.708000+00:00
National,(10) ENSEIGNEMENT,2019M9,2019-09-01,108.4,I4166,https://bds.hcp.ma/api/v1/indicators/I4166,2026-06-22 12:26:21.708000+00:00
National,(10) ENSEIGNEMENT,2019M10,2019-10-01,108.4,I4166,https://bds.hcp.ma/api/v1/indicators/I4166,2026-06-22 12:26:21.708000+00:00
National,(10) ENSEIGNEMENT,2019M11,2019-11-01,108.4,I4166,https://bds.hcp.ma/api/v1/indicators/I4166,2026-06-22 12:26:21.708000+00:00
National,(10) ENSEIGNEMENT,2019M12,2019-12-01,108.5,I4166,https://bds.hcp.ma/api/v1/indicators/I4166,2026-06-22 12:26:21.708000+00:00
National,(10) ENSEIGNEMENT,2020M1,2020-01-01,108.5,I4166,https://bds.hcp.ma/api/v1/indicators/I4166,2026-06-22 12:26:21.708000+00:00
National,(10) ENSEIGNEMENT,2020M2,2020-02-01,108.5,I4166,https://bds.hcp.ma/api/v1/indicators/I4166,2026-06-22 12:26:21.708000+00:00
National,(10) ENSEIGNEMENT,2020M3,2020-03-01,108.5,I4166,https://bds.hcp.ma/api/v1/indicators/I4166,2026-06-22 12:26:21.708000+00:00
National,(10) ENSEIGNEMENT,2020M4,2020-04-01,108.5,I4166,https://bds.hcp.ma/api/v1/indicators/I4166,2026-06-22 12:26:21.708000+00:00
National,(10) ENSEIGNEMENT,2020M5,2020-05-01,108.5,I4166,https://bds.hcp.ma/api/v1/indicators/I4166,2026-06-22 12:26:21.708000+00:00
National,(10) ENSEIGNEMENT,2020M6,2020-06-01,108.4,I4166,https://bds.hcp.ma/api/v1/indicators/I4166,2026-06-22 12:26:21.708000+00:00
National,(10) ENSEIGNEMENT,2020M7,2020-07-01,108.4,I4166,https://bds.hcp.ma/api/v1/indicators/I4166,2026-06-22 12:26:21.708000+00:00
National,(10) ENSEIGNEMENT,2020M8,2020-08-01,108.4,I4166,https://bds.hcp.ma/api/v1/indicators/I4166,2026-06-22 12:26:21.708000+00:00
National,(10) ENSEIGNEMENT,2020M9,2020-09-01,110,I4166,https://bds.hcp.ma/api/v1/indicators/I4166,2026-06-22 12:26:21.708000+00:00
National,(10) ENSEIGNEMENT,2020M10,2020-10-01,110.3,I4166,https://bds.hcp.ma/api/v1/indicators/I4166,2026-06-22 12:26:21.708000+00:00
National,(10) ENSEIGNEMENT,2020M11,2020-11-01,110.3,I4166,https://bds.hcp.ma/api/v1/indicators/I4166,2026-06-22 12:26:21.708000+00:00
National,(10) ENSEIGNEMENT,2020M12,2020-12-01,110.3,I4166,https://bds.hcp.ma/api/v1/indicators/I4166,2026-06-22 12:26:21.708000+00:00
National,(10) ENSEIGNEMENT,2021M1,2021-01-01,110.3,I4166,https://bds.hcp.ma/api/v1/indicators/I4166,2026-06-22 12:26:21.708000+00:00
National,(10) ENSEIGNEMENT,2021M2,2021-02-01,110.3,I4166,https://bds.hcp.ma/api/v1/indicators/I4166,2026-06-22 12:26:21.708000+00:00
National,(10) ENSEIGNEMENT,2021M3,2021-03-01,110.3,I4166,https://bds.hcp.ma/api/v1/indicators/I4166,2026-06-22 12:26:21.708000+00:00
National,(10) ENSEIGNEMENT,2021M4,2021-04-01,110.3,I4166,https://bds.hcp.ma/api/v1/indicators/I4166,2026-06-22 12:26:21.708000+00:00
National,(10) ENSEIGNEMENT,2021M5,2021-05-01,110.3,I4166,https://bds.hcp.ma/api/v1/indicators/I4166,2026-06-22 12:26:21.708000+00:00
National,(10) ENSEIGNEMENT,2021M6,2021-06-01,110.3,I4166,https://bds.hcp.ma/api/v1/indicators/I4166,2026-06-22 12:26:21.708000+00:00
National,(10) ENSEIGNEMENT,2021M7,2021-07-01,110.3,I4166,https://bds.hcp.ma/api/v1/indicators/I4166,2026-06-22 12:26:21.708000+00:00
National,(10) ENSEIGNEMENT,2021M8,2021-08-01,110.3,I4166,https://bds.hcp.ma/api/v1/indicators/I4166,2026-06-22 12:26:21.708000+00:00
National,(10) ENSEIGNEMENT,2021M9,2021-09-01,111.4,I4166,https://bds.hcp.ma/api/v1/indicators/I4166,2026-06-22 12:26:21.708000+00:00
National,(10) ENSEIGNEMENT,2021M10,2021-10-01,111.8,I4166,https://bds.hcp.ma/api/v1/indicators/I4166,2026-06-22 12:26:21.708000+00:00
National,(10) ENSEIGNEMENT,2021M11,2021-11-01,111.7,I4166,https://bds.hcp.ma/api/v1/indicators/I4166,2026-06-22 12:26:21.708000+00:00
National,(10) ENSEIGNEMENT,2021M12,2021-12-01,111.7,I4166,https://bds.hcp.ma/api/v1/indicators/I4166,2026-06-22 12:26:21.708000+00:00
National,(10) ENSEIGNEMENT,2022M1,2022-01-01,111.7,I4166,https://bds.hcp.ma/api/v1/indicators/I4166,2026-06-22 12:26:21.708000+00:00
National,(10) ENSEIGNEMENT,2022M2,2022-02-01,111.7,I4166,https://bds.hcp.ma/api/v1/indicators/I4166,2026-06-22 12:26:21.708000+00:00
National,(10) ENSEIGNEMENT,2022M3,2022-03-01,111.7,I4166,https://bds.hcp.ma/api/v1/indicators/I4166,2026-06-22 12:26:21.708000+00:00
National,(10) ENSEIGNEMENT,2022M4,2022-04-01,111.7,I4166,https://bds.hcp.ma/api/v1/indicators/I4166,2026-06-22 12:26:21.708000+00:00
National,(10) ENSEIGNEMENT,2022M5,2022-05-01,111.7,I4166,https://bds.hcp.ma/api/v1/indicators/I4166,2026-06-22 12:26:21.708000+00:00
National,(10) ENSEIGNEMENT,2022M6,2022-06-01,111.7,I4166,https://bds.hcp.ma/api/v1/indicators/I4166,2026-06-22 12:26:21.708000+00:00
National,(10) ENSEIGNEMENT,2022M7,2022-07-01,111.7,I4166,https://bds.hcp.ma/api/v1/indicators/I4166,2026-06-22 12:26:21.708000+00:00
National,(10) ENSEIGNEMENT,2022M8,2022-08-01,111.7,I4166,https://bds.hcp.ma/api/v1/indicators/I4166,2026-06-22 12:26:21.708000+00:00
National,(10) ENSEIGNEMENT,2022M9,2022-09-01,115.3,I4166,https://bds.hcp.ma/api/v1/indicators/I4166,2026-06-22 12:26:21.708000+00:00
National,(10) ENSEIGNEMENT,2022M10,2022-10-01,116.5,I4166,https://bds.hcp.ma/api/v1/indicators/I4166,2026-06-22 12:26:21.708000+00:00
National,(10) ENSEIGNEMENT,2022M11,2022-11-01,116.7,I4166,https://bds.hcp.ma/api/v1/indicators/I4166,2026-06-22 12:26:21.708000+00:00
National,(10) ENSEIGNEMENT,2022M12,2022-12-01,116.7,I4166,https://bds.hcp.ma/api/v1/indicators/I4166,2026-06-22 12:26:21.708000+00:00
National,(10) ENSEIGNEMENT,2023M1,2023-01-01,116.7,I4166,https://bds.hcp.ma/api/v1/indicators/I4166,2026-06-22 12:26:21.708000+00:00
National,(10) ENSEIGNEMENT,2023M2,2023-02-01,116.7,I4166,https://bds.hcp.ma/api/v1/indicators/I4166,2026-06-22 12:26:21.708000+00:00
National,(10) ENSEIGNEMENT,2023M3,2023-03-01,116.7,I4166,https://bds.hcp.ma/api/v1/indicators/I4166,2026-06-22 12:26:21.708000+00:00
National,(10) ENSEIGNEMENT,2023M4,2023-04-01,116.7,I4166,https://bds.hcp.ma/api/v1/indicators/I4166,2026-06-22 12:26:21.708000+00:00
National,(10) ENSEIGNEMENT,2023M5,2023-05-01,116.7,I4166,https://bds.hcp.ma/api/v1/indicators/I4166,2026-06-22 12:26:21.708000+00:00
National,(10) ENSEIGNEMENT,2023M6,2023-06-01,116.7,I4166,https://bds.hcp.ma/api/v1/indicators/I4166,2026-06-22 12:26:21.708000+00:00
National,(10) ENSEIGNEMENT,2023M7,2023-07-01,116.7,I4166,https://bds.hcp.ma/api/v1/indicators/I4166,2026-06-22 12:26:21.708000+00:00
National,(10) ENSEIGNEMENT,2023M8,2023-08-01,116.7,I4166,https://bds.hcp.ma/api/v1/indicators/I4166,2026-06-22 12:26:21.708000+00:00
National,(10) ENSEIGNEMENT,2023M9,2023-09-01,118.6,I4166,https://bds.hcp.ma/api/v1/indicators/I4166,2026-06-22 12:26:21.708000+00:00
National,(10) ENSEIGNEMENT,2023M10,2023-10-01,119.1,I4166,https://bds.hcp.ma/api/v1/indicators/I4166,2026-06-22 12:26:21.708000+00:00
National,(10) ENSEIGNEMENT,2023M11,2023-11-01,119.1,I4166,https://bds.hcp.ma/api/v1/indicators/I4166,2026-06-22 12:26:21.708000+00:00
National,(10) ENSEIGNEMENT,2023M12,2023-12-01,119.1,I4166,https://bds.hcp.ma/api/v1/indicators/I4166,2026-06-22 12:26:21.708000+00:00
National,(10) ENSEIGNEMENT,2024M1,2024-01-01,119.1,I4166,https://bds.hcp.ma/api/v1/indicators/I4166,2026-06-22 12:26:21.708000+00:00
National,(10) ENSEIGNEMENT,2024M2,2024-02-01,119.1,I4166,https://bds.hcp.ma/api/v1/indicators/I4166,2026-06-22 12:26:21.708000+00:00
National,(10) ENSEIGNEMENT,2024M3,2024-03-01,119.1,I4166,https://bds.hcp.ma/api/v1/indicators/I4166,2026-06-22 12:26:21.708000+00:00
National,(10) ENSEIGNEMENT,2024M4,2024-04-01,119.1,I4166,https://bds.hcp.ma/api/v1/indicators/I4166,2026-06-22 12:26:21.708000+00:00
National,(10) ENSEIGNEMENT,2024M5,2024-05-01,119.1,I4166,https://bds.hcp.ma/api/v1/indicators/I4166,2026-06-22 12:26:21.708000+00:00
National,(10) ENSEIGNEMENT,2024M6,2024-06-01,119.1,I4166,https://bds.hcp.ma/api/v1/indicators/I4166,2026-06-22 12:26:21.708000+00:00
National,(10) ENSEIGNEMENT,2024M7,2024-07-01,119.1,I4166,https://bds.hcp.ma/api/v1/indicators/I4166,2026-06-22 12:26:21.708000+00:00
National,(10) ENSEIGNEMENT,2024M8,2024-08-01,119.1,I4166,https://bds.hcp.ma/api/v1/indicators/I4166,2026-06-22 12:26:21.708000+00:00
National,(10) ENSEIGNEMENT,2024M9,2024-09-01,121.7,I4166,https://bds.hcp.ma/api/v1/indicators/I4166,2026-06-22 12:26:21.708000+00:00
National,(10) ENSEIGNEMENT,2024M10,2024-10-01,121.8,I4166,https://bds.hcp.ma/api/v1/indicators/I4166,2026-06-22 12:26:21.708000+00:00
National,(10) ENSEIGNEMENT,2024M11,2024-11-01,121.8,I4166,https://bds.hcp.ma/api/v1/indicators/I4166,2026-06-22 12:26:21.708000+00:00
National,(10) ENSEIGNEMENT,2024M12,2024-12-01,121.8,I4166,https://bds.hcp.ma/api/v1/indicators/I4166,2026-06-22 12:26:21.708000+00:00
National,(10) ENSEIGNEMENT,2025M1,2025-01-01,121.8,I4166,https://bds.hcp.ma/api/v1/indicators/I4166,2026-06-22 12:26:21.708000+00:00
National,(10) ENSEIGNEMENT,2025M2,2025-02-01,121.8,I4166,https://bds.hcp.ma/api/v1/indicators/I4166,2026-06-22 12:26:21.708000+00:00
National,(10) ENSEIGNEMENT,2025M3,2025-03-01,121.8,I4166,https://bds.hcp.ma/api/v1/indicators/I4166,2026-06-22 12:26:21.708000+00:00
National,(10) ENSEIGNEMENT,2025M4,2025-04-01,121.8,I4166,https://bds.hcp.ma/api/v1/indicators/I4166,2026-06-22 12:26:21.708000+00:00
National,(10) ENSEIGNEMENT,2025M5,2025-05-01,121.8,I4166,https://bds.hcp.ma/api/v1/indicators/I4166,2026-06-22 12:26:21.708000+00:00
National,(10) ENSEIGNEMENT,2025M6,2025-06-01,121.8,I4166,https://bds.hcp.ma/api/v1/indicators/I4166,2026-06-22 12:26:21.708000+00:00
National,(10) ENSEIGNEMENT,2025M7,2025-07-01,121.8,I4166,https://bds.hcp.ma/api/v1/indicators/I4166,2026-06-22 12:26:21.708000+00:00
National,(10) ENSEIGNEMENT,2025M8,2025-08-01,121.8,I4166,https://bds.hcp.ma/api/v1/indicators/I4166,2026-06-22 12:26:21.708000+00:00
National,(10) ENSEIGNEMENT,2025M9,2025-09-01,124.3,I4166,https://bds.hcp.ma/api/v1/indicators/I4166,2026-06-22 12:26:21.708000+00:00
National,(10) ENSEIGNEMENT,2025M10,2025-10-01,124.4,I4166,https://bds.hcp.ma/api/v1/indicators/I4166,2026-06-22 12:26:21.708000+00:00
National,(10) ENSEIGNEMENT,2025M11,2025-11-01,124.4,I4166,https://bds.hcp.ma/api/v1/indicators/I4166,2026-06-22 12:26:21.708000+00:00
National,(10) ENSEIGNEMENT,2025M12,2025-12-01,124.4,I4166,https://bds.hcp.ma/api/v1/indicators/I4166,2026-06-22 12:26:21.708000+00:00
National,(10) ENSEIGNEMENT,2026M1,2026-01-01,124.4,I4166,https://bds.hcp.ma/api/v1/indicators/I4166,2026-06-22 12:26:21.708000+00:00
National,(10) ENSEIGNEMENT,2026M2,2026-02-01,124.4,I4166,https://bds.hcp.ma/api/v1/indicators/I4166,2026-06-22 12:26:21.708000+00:00
National,(10) ENSEIGNEMENT,2026M3,2026-03-01,124.4,I4166,https://bds.hcp.ma/api/v1/indicators/I4166,2026-06-22 12:26:21.708000+00:00
National,(11) RESTAURANTS ET HÔTELS,2017M1,2017-01-01,99.7,I4166,https://bds.hcp.ma/api/v1/indicators/I4166,2026-06-22 12:26:21.708000+00:00
National,(11) RESTAURANTS ET HÔTELS,2017M2,2017-02-01,99.9,I4166,https://bds.hcp.ma/api/v1/indicators/I4166,2026-06-22 12:26:21.708000+00:00
National,(11) RESTAURANTS ET HÔTELS,2017M3,2017-03-01,99.9,I4166,https://bds.hcp.ma/api/v1/indicators/I4166,2026-06-22 12:26:21.708000+00:00
National,(11) RESTAURANTS ET HÔTELS,2017M4,2017-04-01,99.8,I4166,https://bds.hcp.ma/api/v1/indicators/I4166,2026-06-22 12:26:21.708000+00:00
National,(11) RESTAURANTS ET HÔTELS,2017M5,2017-05-01,99.8,I4166,https://bds.hcp.ma/api/v1/indicators/I4166,2026-06-22 12:26:21.708000+00:00
National,(11) RESTAURANTS ET HÔTELS,2017M6,2017-06-01,99.9,I4166,https://bds.hcp.ma/api/v1/indicators/I4166,2026-06-22 12:26:21.708000+00:00
National,(11) RESTAURANTS ET HÔTELS,2017M7,2017-07-01,100,I4166,https://bds.hcp.ma/api/v1/indicators/I4166,2026-06-22 12:26:21.708000+00:00
National,(11) RESTAURANTS ET HÔTELS,2017M8,2017-08-01,100,I4166,https://bds.hcp.ma/api/v1/indicators/I4166,2026-06-22 12:26:21.708000+00:00
National,(11) RESTAURANTS ET HÔTELS,2017M9,2017-09-01,100.2,I4166,https://bds.hcp.ma/api/v1/indicators/I4166,2026-06-22 12:26:21.708000+00:00
National,(11) RESTAURANTS ET HÔTELS,2017M10,2017-10-01,100.2,I4166,https://bds.hcp.ma/api/v1/indicators/I4166,2026-06-22 12:26:21.708000+00:00
National,(11) RESTAURANTS ET HÔTELS,2017M11,2017-11-01,100.3,I4166,https://bds.hcp.ma/api/v1/indicators/I4166,2026-06-22 12:26:21.708000+00:00
National,(11) RESTAURANTS ET HÔTELS,2017M12,2017-12-01,100.3,I4166,https://bds.hcp.ma/api/v1/indicators/I4166,2026-06-22 12:26:21.708000+00:00
National,(11) RESTAURANTS ET HÔTELS,2018M1,2018-01-01,100.4,I4166,https://bds.hcp.ma/api/v1/indicators/I4166,2026-06-22 12:26:21.708000+00:00
National,(11) RESTAURANTS ET HÔTELS,2018M2,2018-02-01,100.5,I4166,https://bds.hcp.ma/api/v1/indicators/I4166,2026-06-22 12:26:21.708000+00:00
National,(11) RESTAURANTS ET HÔTELS,2018M3,2018-03-01,100.4,I4166,https://bds.hcp.ma/api/v1/indicators/I4166,2026-06-22 12:26:21.708000+00:00
National,(11) RESTAURANTS ET HÔTELS,2018M4,2018-04-01,100.7,I4166,https://bds.hcp.ma/api/v1/indicators/I4166,2026-06-22 12:26:21.708000+00:00
National,(11) RESTAURANTS ET HÔTELS,2018M5,2018-05-01,100.9,I4166,https://bds.hcp.ma/api/v1/indicators/I4166,2026-06-22 12:26:21.708000+00:00
National,(11) RESTAURANTS ET HÔTELS,2018M6,2018-06-01,101.1,I4166,https://bds.hcp.ma/api/v1/indicators/I4166,2026-06-22 12:26:21.708000+00:00
National,(11) RESTAURANTS ET HÔTELS,2018M7,2018-07-01,101.7,I4166,https://bds.hcp.ma/api/v1/indicators/I4166,2026-06-22 12:26:21.708000+00:00
National,(11) RESTAURANTS ET HÔTELS,2018M8,2018-08-01,101.5,I4166,https://bds.hcp.ma/api/v1/indicators/I4166,2026-06-22 12:26:21.708000+00:00
National,(11) RESTAURANTS ET HÔTELS,2018M9,2018-09-01,101.5,I4166,https://bds.hcp.ma/api/v1/indicators/I4166,2026-06-22 12:26:21.708000+00:00
National,(11) RESTAURANTS ET HÔTELS,2018M10,2018-10-01,101.4,I4166,https://bds.hcp.ma/api/v1/indicators/I4166,2026-06-22 12:26:21.708000+00:00
National,(11) RESTAURANTS ET HÔTELS,2018M11,2018-11-01,101.5,I4166,https://bds.hcp.ma/api/v1/indicators/I4166,2026-06-22 12:26:21.708000+00:00
National,(11) RESTAURANTS ET HÔTELS,2018M12,2018-12-01,101.6,I4166,https://bds.hcp.ma/api/v1/indicators/I4166,2026-06-22 12:26:21.708000+00:00
National,(11) RESTAURANTS ET HÔTELS,2019M1,2019-01-01,101.7,I4166,https://bds.hcp.ma/api/v1/indicators/I4166,2026-06-22 12:26:21.708000+00:00
National,(11) RESTAURANTS ET HÔTELS,2019M2,2019-02-01,101.8,I4166,https://bds.hcp.ma/api/v1/indicators/I4166,2026-06-22 12:26:21.708000+00:00
National,(11) RESTAURANTS ET HÔTELS,2019M3,2019-03-01,101.8,I4166,https://bds.hcp.ma/api/v1/indicators/I4166,2026-06-22 12:26:21.708000+00:00
National,(11) RESTAURANTS ET HÔTELS,2019M4,2019-04-01,102,I4166,https://bds.hcp.ma/api/v1/indicators/I4166,2026-06-22 12:26:21.708000+00:00
National,(11) RESTAURANTS ET HÔTELS,2019M5,2019-05-01,102,I4166,https://bds.hcp.ma/api/v1/indicators/I4166,2026-06-22 12:26:21.708000+00:00
National,(11) RESTAURANTS ET HÔTELS,2019M6,2019-06-01,102.3,I4166,https://bds.hcp.ma/api/v1/indicators/I4166,2026-06-22 12:26:21.708000+00:00
National,(11) RESTAURANTS ET HÔTELS,2019M7,2019-07-01,102.8,I4166,https://bds.hcp.ma/api/v1/indicators/I4166,2026-06-22 12:26:21.708000+00:00
National,(11) RESTAURANTS ET HÔTELS,2019M8,2019-08-01,103,I4166,https://bds.hcp.ma/api/v1/indicators/I4166,2026-06-22 12:26:21.708000+00:00
National,(11) RESTAURANTS ET HÔTELS,2019M9,2019-09-01,103.1,I4166,https://bds.hcp.ma/api/v1/indicators/I4166,2026-06-22 12:26:21.708000+00:00
National,(11) RESTAURANTS ET HÔTELS,2019M10,2019-10-01,103.1,I4166,https://bds.hcp.ma/api/v1/indicators/I4166,2026-06-22 12:26:21.708000+00:00
National,(11) RESTAURANTS ET HÔTELS,2019M11,2019-11-01,103.3,I4166,https://bds.hcp.ma/api/v1/indicators/I4166,2026-06-22 12:26:21.708000+00:00
National,(11) RESTAURANTS ET HÔTELS,2019M12,2019-12-01,103.4,I4166,https://bds.hcp.ma/api/v1/indicators/I4166,2026-06-22 12:26:21.708000+00:00
National,(11) RESTAURANTS ET HÔTELS,2020M1,2020-01-01,103.4,I4166,https://bds.hcp.ma/api/v1/indicators/I4166,2026-06-22 12:26:21.708000+00:00
National,(11) RESTAURANTS ET HÔTELS,2020M2,2020-02-01,103.3,I4166,https://bds.hcp.ma/api/v1/indicators/I4166,2026-06-22 12:26:21.708000+00:00
National,(11) RESTAURANTS ET HÔTELS,2020M3,2020-03-01,103.3,I4166,https://bds.hcp.ma/api/v1/indicators/I4166,2026-06-22 12:26:21.708000+00:00
National,(11) RESTAURANTS ET HÔTELS,2020M4,2020-04-01,103.3,I4166,https://bds.hcp.ma/api/v1/indicators/I4166,2026-06-22 12:26:21.708000+00:00
National,(11) RESTAURANTS ET HÔTELS,2020M5,2020-05-01,103.2,I4166,https://bds.hcp.ma/api/v1/indicators/I4166,2026-06-22 12:26:21.708000+00:00
National,(11) RESTAURANTS ET HÔTELS,2020M6,2020-06-01,103.3,I4166,https://bds.hcp.ma/api/v1/indicators/I4166,2026-06-22 12:26:21.708000+00:00
National,(11) RESTAURANTS ET HÔTELS,2020M7,2020-07-01,103.5,I4166,https://bds.hcp.ma/api/v1/indicators/I4166,2026-06-22 12:26:21.708000+00:00
National,(11) RESTAURANTS ET HÔTELS,2020M8,2020-08-01,103.6,I4166,https://bds.hcp.ma/api/v1/indicators/I4166,2026-06-22 12:26:21.708000+00:00
National,(11) RESTAURANTS ET HÔTELS,2020M9,2020-09-01,103.7,I4166,https://bds.hcp.ma/api/v1/indicators/I4166,2026-06-22 12:26:21.708000+00:00
National,(11) RESTAURANTS ET HÔTELS,2020M10,2020-10-01,103.9,I4166,https://bds.hcp.ma/api/v1/indicators/I4166,2026-06-22 12:26:21.708000+00:00
National,(11) RESTAURANTS ET HÔTELS,2020M11,2020-11-01,104.1,I4166,https://bds.hcp.ma/api/v1/indicators/I4166,2026-06-22 12:26:21.708000+00:00
National,(11) RESTAURANTS ET HÔTELS,2020M12,2020-12-01,104.1,I4166,https://bds.hcp.ma/api/v1/indicators/I4166,2026-06-22 12:26:21.708000+00:00
National,(11) RESTAURANTS ET HÔTELS,2021M1,2021-01-01,104,I4166,https://bds.hcp.ma/api/v1/indicators/I4166,2026-06-22 12:26:21.708000+00:00
National,(11) RESTAURANTS ET HÔTELS,2021M2,2021-02-01,104.1,I4166,https://bds.hcp.ma/api/v1/indicators/I4166,2026-06-22 12:26:21.708000+00:00
National,(11) RESTAURANTS ET HÔTELS,2021M3,2021-03-01,104.2,I4166,https://bds.hcp.ma/api/v1/indicators/I4166,2026-06-22 12:26:21.708000+00:00
National,(11) RESTAURANTS ET HÔTELS,2021M4,2021-04-01,104.2,I4166,https://bds.hcp.ma/api/v1/indicators/I4166,2026-06-22 12:26:21.708000+00:00
National,(11) RESTAURANTS ET HÔTELS,2021M5,2021-05-01,104.3,I4166,https://bds.hcp.ma/api/v1/indicators/I4166,2026-06-22 12:26:21.708000+00:00
National,(11) RESTAURANTS ET HÔTELS,2021M6,2021-06-01,104.4,I4166,https://bds.hcp.ma/api/v1/indicators/I4166,2026-06-22 12:26:21.708000+00:00
National,(11) RESTAURANTS ET HÔTELS,2021M7,2021-07-01,104.8,I4166,https://bds.hcp.ma/api/v1/indicators/I4166,2026-06-22 12:26:21.708000+00:00
National,(11) RESTAURANTS ET HÔTELS,2021M8,2021-08-01,104.9,I4166,https://bds.hcp.ma/api/v1/indicators/I4166,2026-06-22 12:26:21.708000+00:00
National,(11) RESTAURANTS ET HÔTELS,2021M9,2021-09-01,104.9,I4166,https://bds.hcp.ma/api/v1/indicators/I4166,2026-06-22 12:26:21.708000+00:00
National,(11) RESTAURANTS ET HÔTELS,2021M10,2021-10-01,104.9,I4166,https://bds.hcp.ma/api/v1/indicators/I4166,2026-06-22 12:26:21.708000+00:00
National,(11) RESTAURANTS ET HÔTELS,2021M11,2021-11-01,105.1,I4166,https://bds.hcp.ma/api/v1/indicators/I4166,2026-06-22 12:26:21.708000+00:00
National,(11) RESTAURANTS ET HÔTELS,2021M12,2021-12-01,105.1,I4166,https://bds.hcp.ma/api/v1/indicators/I4166,2026-06-22 12:26:21.708000+00:00
National,(11) RESTAURANTS ET HÔTELS,2022M1,2022-01-01,105.6,I4166,https://bds.hcp.ma/api/v1/indicators/I4166,2026-06-22 12:26:21.708000+00:00
National,(11) RESTAURANTS ET HÔTELS,2022M2,2022-02-01,105.4,I4166,https://bds.hcp.ma/api/v1/indicators/I4166,2026-06-22 12:26:21.708000+00:00
National,(11) RESTAURANTS ET HÔTELS,2022M3,2022-03-01,105.4,I4166,https://bds.hcp.ma/api/v1/indicators/I4166,2026-06-22 12:26:21.708000+00:00
National,(11) RESTAURANTS ET HÔTELS,2022M4,2022-04-01,105.2,I4166,https://bds.hcp.ma/api/v1/indicators/I4166,2026-06-22 12:26:21.708000+00:00
National,(11) RESTAURANTS ET HÔTELS,2022M5,2022-05-01,105.5,I4166,https://bds.hcp.ma/api/v1/indicators/I4166,2026-06-22 12:26:21.708000+00:00
National,(11) RESTAURANTS ET HÔTELS,2022M6,2022-06-01,107,I4166,https://bds.hcp.ma/api/v1/indicators/I4166,2026-06-22 12:26:21.708000+00:00
National,(11) RESTAURANTS ET HÔTELS,2022M7,2022-07-01,108,I4166,https://bds.hcp.ma/api/v1/indicators/I4166,2026-06-22 12:26:21.708000+00:00
National,(11) RESTAURANTS ET HÔTELS,2022M8,2022-08-01,108.7,I4166,https://bds.hcp.ma/api/v1/indicators/I4166,2026-06-22 12:26:21.708000+00:00
National,(11) RESTAURANTS ET HÔTELS,2022M9,2022-09-01,109.2,I4166,https://bds.hcp.ma/api/v1/indicators/I4166,2026-06-22 12:26:21.708000+00:00
National,(11) RESTAURANTS ET HÔTELS,2022M10,2022-10-01,109.7,I4166,https://bds.hcp.ma/api/v1/indicators/I4166,2026-06-22 12:26:21.708000+00:00
National,(11) RESTAURANTS ET HÔTELS,2022M11,2022-11-01,109.9,I4166,https://bds.hcp.ma/api/v1/indicators/I4166,2026-06-22 12:26:21.708000+00:00
National,(11) RESTAURANTS ET HÔTELS,2022M12,2022-12-01,110.5,I4166,https://bds.hcp.ma/api/v1/indicators/I4166,2026-06-22 12:26:21.708000+00:00
National,(11) RESTAURANTS ET HÔTELS,2023M1,2023-01-01,110.9,I4166,https://bds.hcp.ma/api/v1/indicators/I4166,2026-06-22 12:26:21.708000+00:00
National,(11) RESTAURANTS ET HÔTELS,2023M2,2023-02-01,111.8,I4166,https://bds.hcp.ma/api/v1/indicators/I4166,2026-06-22 12:26:21.708000+00:00
National,(11) RESTAURANTS ET HÔTELS,2023M3,2023-03-01,111.9,I4166,https://bds.hcp.ma/api/v1/indicators/I4166,2026-06-22 12:26:21.708000+00:00
National,(11) RESTAURANTS ET HÔTELS,2023M4,2023-04-01,112.3,I4166,https://bds.hcp.ma/api/v1/indicators/I4166,2026-06-22 12:26:21.708000+00:00
National,(11) RESTAURANTS ET HÔTELS,2023M5,2023-05-01,112.8,I4166,https://bds.hcp.ma/api/v1/indicators/I4166,2026-06-22 12:26:21.708000+00:00
National,(11) RESTAURANTS ET HÔTELS,2023M6,2023-06-01,113.4,I4166,https://bds.hcp.ma/api/v1/indicators/I4166,2026-06-22 12:26:21.708000+00:00
National,(11) RESTAURANTS ET HÔTELS,2023M7,2023-07-01,114.3,I4166,https://bds.hcp.ma/api/v1/indicators/I4166,2026-06-22 12:26:21.708000+00:00
National,(11) RESTAURANTS ET HÔTELS,2023M8,2023-08-01,115.1,I4166,https://bds.hcp.ma/api/v1/indicators/I4166,2026-06-22 12:26:21.708000+00:00
National,(11) RESTAURANTS ET HÔTELS,2023M9,2023-09-01,115.1,I4166,https://bds.hcp.ma/api/v1/indicators/I4166,2026-06-22 12:26:21.708000+00:00
National,(11) RESTAURANTS ET HÔTELS,2023M10,2023-10-01,115.1,I4166,https://bds.hcp.ma/api/v1/indicators/I4166,2026-06-22 12:26:21.708000+00:00
National,(11) RESTAURANTS ET HÔTELS,2023M11,2023-11-01,115.2,I4166,https://bds.hcp.ma/api/v1/indicators/I4166,2026-06-22 12:26:21.708000+00:00
National,(11) RESTAURANTS ET HÔTELS,2023M12,2023-12-01,115.1,I4166,https://bds.hcp.ma/api/v1/indicators/I4166,2026-06-22 12:26:21.708000+00:00
National,(11) RESTAURANTS ET HÔTELS,2024M1,2024-01-01,115.7,I4166,https://bds.hcp.ma/api/v1/indicators/I4166,2026-06-22 12:26:21.708000+00:00
National,(11) RESTAURANTS ET HÔTELS,2024M2,2024-02-01,115.7,I4166,https://bds.hcp.ma/api/v1/indicators/I4166,2026-06-22 12:26:21.708000+00:00
National,(11) RESTAURANTS ET HÔTELS,2024M3,2024-03-01,115.6,I4166,https://bds.hcp.ma/api/v1/indicators/I4166,2026-06-22 12:26:21.708000+00:00
National,(11) RESTAURANTS ET HÔTELS,2024M4,2024-04-01,115.6,I4166,https://bds.hcp.ma/api/v1/indicators/I4166,2026-06-22 12:26:21.708000+00:00
National,(11) RESTAURANTS ET HÔTELS,2024M5,2024-05-01,116.4,I4166,https://bds.hcp.ma/api/v1/indicators/I4166,2026-06-22 12:26:21.708000+00:00
National,(11) RESTAURANTS ET HÔTELS,2024M6,2024-06-01,117,I4166,https://bds.hcp.ma/api/v1/indicators/I4166,2026-06-22 12:26:21.708000+00:00
National,(11) RESTAURANTS ET HÔTELS,2024M7,2024-07-01,117.8,I4166,https://bds.hcp.ma/api/v1/indicators/I4166,2026-06-22 12:26:21.708000+00:00
National,(11) RESTAURANTS ET HÔTELS,2024M8,2024-08-01,119.1,I4166,https://bds.hcp.ma/api/v1/indicators/I4166,2026-06-22 12:26:21.708000+00:00
National,(11) RESTAURANTS ET HÔTELS,2024M9,2024-09-01,119.1,I4166,https://bds.hcp.ma/api/v1/indicators/I4166,2026-06-22 12:26:21.708000+00:00
National,(11) RESTAURANTS ET HÔTELS,2024M10,2024-10-01,119.3,I4166,https://bds.hcp.ma/api/v1/indicators/I4166,2026-06-22 12:26:21.708000+00:00
National,(11) RESTAURANTS ET HÔTELS,2024M11,2024-11-01,119.2,I4166,https://bds.hcp.ma/api/v1/indicators/I4166,2026-06-22 12:26:21.708000+00:00
National,(11) RESTAURANTS ET HÔTELS,2024M12,2024-12-01,119.5,I4166,https://bds.hcp.ma/api/v1/indicators/I4166,2026-06-22 12:26:21.708000+00:00
National,(11) RESTAURANTS ET HÔTELS,2025M1,2025-01-01,119.8,I4166,https://bds.hcp.ma/api/v1/indicators/I4166,2026-06-22 12:26:21.708000+00:00
National,(11) RESTAURANTS ET HÔTELS,2025M2,2025-02-01,120.0,I4166,https://bds.hcp.ma/api/v1/indicators/I4166,2026-06-22 12:26:21.708000+00:00
National,(11) RESTAURANTS ET HÔTELS,2025M3,2025-03-01,120.1,I4166,https://bds.hcp.ma/api/v1/indicators/I4166,2026-06-22 12:26:21.708000+00:00
National,(11) RESTAURANTS ET HÔTELS,2025M4,2025-04-01,120.7,I4166,https://bds.hcp.ma/api/v1/indicators/I4166,2026-06-22 12:26:21.708000+00:00
National,(11) RESTAURANTS ET HÔTELS,2025M5,2025-05-01,120.9,I4166,https://bds.hcp.ma/api/v1/indicators/I4166,2026-06-22 12:26:21.708000+00:00
National,(11) RESTAURANTS ET HÔTELS,2025M6,2025-06-01,121.4,I4166,https://bds.hcp.ma/api/v1/indicators/I4166,2026-06-22 12:26:21.708000+00:00
National,(11) RESTAURANTS ET HÔTELS,2025M7,2025-07-01,121.8,I4166,https://bds.hcp.ma/api/v1/indicators/I4166,2026-06-22 12:26:21.708000+00:00
National,(11) RESTAURANTS ET HÔTELS,2025M8,2025-08-01,122.6,I4166,https://bds.hcp.ma/api/v1/indicators/I4166,2026-06-22 12:26:21.708000+00:00
National,(11) RESTAURANTS ET HÔTELS,2025M9,2025-09-01,122.5,I4166,https://bds.hcp.ma/api/v1/indicators/I4166,2026-06-22 12:26:21.708000+00:00
National,(11) RESTAURANTS ET HÔTELS,2025M10,2025-10-01,122.2,I4166,https://bds.hcp.ma/api/v1/indicators/I4166,2026-06-22 12:26:21.708000+00:00
National,(11) RESTAURANTS ET HÔTELS,2025M11,2025-11-01,122.2,I4166,https://bds.hcp.ma/api/v1/indicators/I4166,2026-06-22 12:26:21.708000+00:00
National,(11) RESTAURANTS ET HÔTELS,2025M12,2025-12-01,122.8,I4166,https://bds.hcp.ma/api/v1/indicators/I4166,2026-06-22 12:26:21.708000+00:00
National,(11) RESTAURANTS ET HÔTELS,2026M1,2026-01-01,122.5,I4166,https://bds.hcp.ma/api/v1/indicators/I4166,2026-06-22 12:26:21.708000+00:00
National,(11) RESTAURANTS ET HÔTELS,2026M2,2026-02-01,122.5,I4166,https://bds.hcp.ma/api/v1/indicators/I4166,2026-06-22 12:26:21.708000+00:00
National,(11) RESTAURANTS ET HÔTELS,2026M3,2026-03-01,122.5,I4166,https://bds.hcp.ma/api/v1/indicators/I4166,2026-06-22 12:26:21.708000+00:00
National,(12) BIENS ET SERVICES DIVERS,2017M1,2017-01-01,99.9,I4166,https://bds.hcp.ma/api/v1/indicators/I4166,2026-06-22 12:26:21.708000+00:00
National,(12) BIENS ET SERVICES DIVERS,2017M2,2017-02-01,100.1,I4166,https://bds.hcp.ma/api/v1/indicators/I4166,2026-06-22 12:26:21.708000+00:00
National,(12) BIENS ET SERVICES DIVERS,2017M3,2017-03-01,100.1,I4166,https://bds.hcp.ma/api/v1/indicators/I4166,2026-06-22 12:26:21.708000+00:00
National,(12) BIENS ET SERVICES DIVERS,2017M4,2017-04-01,100,I4166,https://bds.hcp.ma/api/v1/indicators/I4166,2026-06-22 12:26:21.708000+00:00
National,(12) BIENS ET SERVICES DIVERS,2017M5,2017-05-01,99.9,I4166,https://bds.hcp.ma/api/v1/indicators/I4166,2026-06-22 12:26:21.708000+00:00
National,(12) BIENS ET SERVICES DIVERS,2017M6,2017-06-01,99.9,I4166,https://bds.hcp.ma/api/v1/indicators/I4166,2026-06-22 12:26:21.708000+00:00
National,(12) BIENS ET SERVICES DIVERS,2017M7,2017-07-01,99.9,I4166,https://bds.hcp.ma/api/v1/indicators/I4166,2026-06-22 12:26:21.708000+00:00
National,(12) BIENS ET SERVICES DIVERS,2017M8,2017-08-01,100,I4166,https://bds.hcp.ma/api/v1/indicators/I4166,2026-06-22 12:26:21.708000+00:00
National,(12) BIENS ET SERVICES DIVERS,2017M9,2017-09-01,100,I4166,https://bds.hcp.ma/api/v1/indicators/I4166,2026-06-22 12:26:21.708000+00:00
National,(12) BIENS ET SERVICES DIVERS,2017M10,2017-10-01,100.1,I4166,https://bds.hcp.ma/api/v1/indicators/I4166,2026-06-22 12:26:21.708000+00:00
National,(12) BIENS ET SERVICES DIVERS,2017M11,2017-11-01,100,I4166,https://bds.hcp.ma/api/v1/indicators/I4166,2026-06-22 12:26:21.708000+00:00
National,(12) BIENS ET SERVICES DIVERS,2017M12,2017-12-01,100.1,I4166,https://bds.hcp.ma/api/v1/indicators/I4166,2026-06-22 12:26:21.708000+00:00
National,(12) BIENS ET SERVICES DIVERS,2018M1,2018-01-01,101.3,I4166,https://bds.hcp.ma/api/v1/indicators/I4166,2026-06-22 12:26:21.708000+00:00
National,(12) BIENS ET SERVICES DIVERS,2018M2,2018-02-01,101.3,I4166,https://bds.hcp.ma/api/v1/indicators/I4166,2026-06-22 12:26:21.708000+00:00
National,(12) BIENS ET SERVICES DIVERS,2018M3,2018-03-01,101.6,I4166,https://bds.hcp.ma/api/v1/indicators/I4166,2026-06-22 12:26:21.708000+00:00
National,(12) BIENS ET SERVICES DIVERS,2018M4,2018-04-01,101.9,I4166,https://bds.hcp.ma/api/v1/indicators/I4166,2026-06-22 12:26:21.708000+00:00
National,(12) BIENS ET SERVICES DIVERS,2018M5,2018-05-01,101.9,I4166,https://bds.hcp.ma/api/v1/indicators/I4166,2026-06-22 12:26:21.708000+00:00
National,(12) BIENS ET SERVICES DIVERS,2018M6,2018-06-01,101.9,I4166,https://bds.hcp.ma/api/v1/indicators/I4166,2026-06-22 12:26:21.708000+00:00
National,(12) BIENS ET SERVICES DIVERS,2018M7,2018-07-01,101.9,I4166,https://bds.hcp.ma/api/v1/indicators/I4166,2026-06-22 12:26:21.708000+00:00
National,(12) BIENS ET SERVICES DIVERS,2018M8,2018-08-01,102.1,I4166,https://bds.hcp.ma/api/v1/indicators/I4166,2026-06-22 12:26:21.708000+00:00
National,(12) BIENS ET SERVICES DIVERS,2018M9,2018-09-01,102.1,I4166,https://bds.hcp.ma/api/v1/indicators/I4166,2026-06-22 12:26:21.708000+00:00
National,(12) BIENS ET SERVICES DIVERS,2018M10,2018-10-01,102.2,I4166,https://bds.hcp.ma/api/v1/indicators/I4166,2026-06-22 12:26:21.708000+00:00
National,(12) BIENS ET SERVICES DIVERS,2018M11,2018-11-01,102.1,I4166,https://bds.hcp.ma/api/v1/indicators/I4166,2026-06-22 12:26:21.708000+00:00
National,(12) BIENS ET SERVICES DIVERS,2018M12,2018-12-01,102.2,I4166,https://bds.hcp.ma/api/v1/indicators/I4166,2026-06-22 12:26:21.708000+00:00
National,(12) BIENS ET SERVICES DIVERS,2019M1,2019-01-01,102.3,I4166,https://bds.hcp.ma/api/v1/indicators/I4166,2026-06-22 12:26:21.708000+00:00
National,(12) BIENS ET SERVICES DIVERS,2019M2,2019-02-01,102.4,I4166,https://bds.hcp.ma/api/v1/indicators/I4166,2026-06-22 12:26:21.708000+00:00
National,(12) BIENS ET SERVICES DIVERS,2019M3,2019-03-01,102.6,I4166,https://bds.hcp.ma/api/v1/indicators/I4166,2026-06-22 12:26:21.708000+00:00
National,(12) BIENS ET SERVICES DIVERS,2019M4,2019-04-01,102.6,I4166,https://bds.hcp.ma/api/v1/indicators/I4166,2026-06-22 12:26:21.708000+00:00
National,(12) BIENS ET SERVICES DIVERS,2019M5,2019-05-01,102.6,I4166,https://bds.hcp.ma/api/v1/indicators/I4166,2026-06-22 12:26:21.708000+00:00
National,(12) BIENS ET SERVICES DIVERS,2019M6,2019-06-01,102.5,I4166,https://bds.hcp.ma/api/v1/indicators/I4166,2026-06-22 12:26:21.708000+00:00
National,(12) BIENS ET SERVICES DIVERS,2019M7,2019-07-01,102.6,I4166,https://bds.hcp.ma/api/v1/indicators/I4166,2026-06-22 12:26:21.708000+00:00
National,(12) BIENS ET SERVICES DIVERS,2019M8,2019-08-01,102.8,I4166,https://bds.hcp.ma/api/v1/indicators/I4166,2026-06-22 12:26:21.708000+00:00
National,(12) BIENS ET SERVICES DIVERS,2019M9,2019-09-01,102.8,I4166,https://bds.hcp.ma/api/v1/indicators/I4166,2026-06-22 12:26:21.708000+00:00
National,(12) BIENS ET SERVICES DIVERS,2019M10,2019-10-01,102.8,I4166,https://bds.hcp.ma/api/v1/indicators/I4166,2026-06-22 12:26:21.708000+00:00
National,(12) BIENS ET SERVICES DIVERS,2019M11,2019-11-01,102.8,I4166,https://bds.hcp.ma/api/v1/indicators/I4166,2026-06-22 12:26:21.708000+00:00
National,(12) BIENS ET SERVICES DIVERS,2019M12,2019-12-01,102.9,I4166,https://bds.hcp.ma/api/v1/indicators/I4166,2026-06-22 12:26:21.708000+00:00
National,(12) BIENS ET SERVICES DIVERS,2020M1,2020-01-01,103.8,I4166,https://bds.hcp.ma/api/v1/indicators/I4166,2026-06-22 12:26:21.708000+00:00
National,(12) BIENS ET SERVICES DIVERS,2020M2,2020-02-01,103.8,I4166,https://bds.hcp.ma/api/v1/indicators/I4166,2026-06-22 12:26:21.708000+00:00
National,(12) BIENS ET SERVICES DIVERS,2020M3,2020-03-01,103.8,I4166,https://bds.hcp.ma/api/v1/indicators/I4166,2026-06-22 12:26:21.708000+00:00
National,(12) BIENS ET SERVICES DIVERS,2020M4,2020-04-01,103.8,I4166,https://bds.hcp.ma/api/v1/indicators/I4166,2026-06-22 12:26:21.708000+00:00
National,(12) BIENS ET SERVICES DIVERS,2020M5,2020-05-01,103.8,I4166,https://bds.hcp.ma/api/v1/indicators/I4166,2026-06-22 12:26:21.708000+00:00
National,(12) BIENS ET SERVICES DIVERS,2020M6,2020-06-01,103.8,I4166,https://bds.hcp.ma/api/v1/indicators/I4166,2026-06-22 12:26:21.708000+00:00
National,(12) BIENS ET SERVICES DIVERS,2020M7,2020-07-01,104,I4166,https://bds.hcp.ma/api/v1/indicators/I4166,2026-06-22 12:26:21.708000+00:00
National,(12) BIENS ET SERVICES DIVERS,2020M8,2020-08-01,104.2,I4166,https://bds.hcp.ma/api/v1/indicators/I4166,2026-06-22 12:26:21.708000+00:00
National,(12) BIENS ET SERVICES DIVERS,2020M9,2020-09-01,104.1,I4166,https://bds.hcp.ma/api/v1/indicators/I4166,2026-06-22 12:26:21.708000+00:00
National,(12) BIENS ET SERVICES DIVERS,2020M10,2020-10-01,104.1,I4166,https://bds.hcp.ma/api/v1/indicators/I4166,2026-06-22 12:26:21.708000+00:00
National,(12) BIENS ET SERVICES DIVERS,2020M11,2020-11-01,104.3,I4166,https://bds.hcp.ma/api/v1/indicators/I4166,2026-06-22 12:26:21.708000+00:00
National,(12) BIENS ET SERVICES DIVERS,2020M12,2020-12-01,104.2,I4166,https://bds.hcp.ma/api/v1/indicators/I4166,2026-06-22 12:26:21.708000+00:00
National,(12) BIENS ET SERVICES DIVERS,2021M1,2021-01-01,104.4,I4166,https://bds.hcp.ma/api/v1/indicators/I4166,2026-06-22 12:26:21.708000+00:00
National,(12) BIENS ET SERVICES DIVERS,2021M2,2021-02-01,104.4,I4166,https://bds.hcp.ma/api/v1/indicators/I4166,2026-06-22 12:26:21.708000+00:00
National,(12) BIENS ET SERVICES DIVERS,2021M3,2021-03-01,104.7,I4166,https://bds.hcp.ma/api/v1/indicators/I4166,2026-06-22 12:26:21.708000+00:00
National,(12) BIENS ET SERVICES DIVERS,2021M4,2021-04-01,105.2,I4166,https://bds.hcp.ma/api/v1/indicators/I4166,2026-06-22 12:26:21.708000+00:00
National,(12) BIENS ET SERVICES DIVERS,2021M5,2021-05-01,105.3,I4166,https://bds.hcp.ma/api/v1/indicators/I4166,2026-06-22 12:26:21.708000+00:00
National,(12) BIENS ET SERVICES DIVERS,2021M6,2021-06-01,105.5,I4166,https://bds.hcp.ma/api/v1/indicators/I4166,2026-06-22 12:26:21.708000+00:00
National,(12) BIENS ET SERVICES DIVERS,2021M7,2021-07-01,106.9,I4166,https://bds.hcp.ma/api/v1/indicators/I4166,2026-06-22 12:26:21.708000+00:00
National,(12) BIENS ET SERVICES DIVERS,2021M8,2021-08-01,106.9,I4166,https://bds.hcp.ma/api/v1/indicators/I4166,2026-06-22 12:26:21.708000+00:00
National,(12) BIENS ET SERVICES DIVERS,2021M9,2021-09-01,107.1,I4166,https://bds.hcp.ma/api/v1/indicators/I4166,2026-06-22 12:26:21.708000+00:00
National,(12) BIENS ET SERVICES DIVERS,2021M10,2021-10-01,108.5,I4166,https://bds.hcp.ma/api/v1/indicators/I4166,2026-06-22 12:26:21.708000+00:00
National,(12) BIENS ET SERVICES DIVERS,2021M11,2021-11-01,108.7,I4166,https://bds.hcp.ma/api/v1/indicators/I4166,2026-06-22 12:26:21.708000+00:00
National,(12) BIENS ET SERVICES DIVERS,2021M12,2021-12-01,108.7,I4166,https://bds.hcp.ma/api/v1/indicators/I4166,2026-06-22 12:26:21.708000+00:00
National,(12) BIENS ET SERVICES DIVERS,2022M1,2022-01-01,108.8,I4166,https://bds.hcp.ma/api/v1/indicators/I4166,2026-06-22 12:26:21.708000+00:00
National,(12) BIENS ET SERVICES DIVERS,2022M2,2022-02-01,109,I4166,https://bds.hcp.ma/api/v1/indicators/I4166,2026-06-22 12:26:21.708000+00:00
National,(12) BIENS ET SERVICES DIVERS,2022M3,2022-03-01,109.2,I4166,https://bds.hcp.ma/api/v1/indicators/I4166,2026-06-22 12:26:21.708000+00:00
National,(12) BIENS ET SERVICES DIVERS,2022M4,2022-04-01,109.5,I4166,https://bds.hcp.ma/api/v1/indicators/I4166,2026-06-22 12:26:21.708000+00:00
National,(12) BIENS ET SERVICES DIVERS,2022M5,2022-05-01,109.8,I4166,https://bds.hcp.ma/api/v1/indicators/I4166,2026-06-22 12:26:21.708000+00:00
National,(12) BIENS ET SERVICES DIVERS,2022M6,2022-06-01,110,I4166,https://bds.hcp.ma/api/v1/indicators/I4166,2026-06-22 12:26:21.708000+00:00
National,(12) BIENS ET SERVICES DIVERS,2022M7,2022-07-01,110.1,I4166,https://bds.hcp.ma/api/v1/indicators/I4166,2026-06-22 12:26:21.708000+00:00
National,(12) BIENS ET SERVICES DIVERS,2022M8,2022-08-01,110.2,I4166,https://bds.hcp.ma/api/v1/indicators/I4166,2026-06-22 12:26:21.708000+00:00
National,(12) BIENS ET SERVICES DIVERS,2022M9,2022-09-01,110.8,I4166,https://bds.hcp.ma/api/v1/indicators/I4166,2026-06-22 12:26:21.708000+00:00
National,(12) BIENS ET SERVICES DIVERS,2022M10,2022-10-01,110.9,I4166,https://bds.hcp.ma/api/v1/indicators/I4166,2026-06-22 12:26:21.708000+00:00
National,(12) BIENS ET SERVICES DIVERS,2022M11,2022-11-01,111,I4166,https://bds.hcp.ma/api/v1/indicators/I4166,2026-06-22 12:26:21.708000+00:00
National,(12) BIENS ET SERVICES DIVERS,2022M12,2022-12-01,111.2,I4166,https://bds.hcp.ma/api/v1/indicators/I4166,2026-06-22 12:26:21.708000+00:00
National,(12) BIENS ET SERVICES DIVERS,2023M1,2023-01-01,111.5,I4166,https://bds.hcp.ma/api/v1/indicators/I4166,2026-06-22 12:26:21.708000+00:00
National,(12) BIENS ET SERVICES DIVERS,2023M2,2023-02-01,111.8,I4166,https://bds.hcp.ma/api/v1/indicators/I4166,2026-06-22 12:26:21.708000+00:00
National,(12) BIENS ET SERVICES DIVERS,2023M3,2023-03-01,111.9,I4166,https://bds.hcp.ma/api/v1/indicators/I4166,2026-06-22 12:26:21.708000+00:00
National,(12) BIENS ET SERVICES DIVERS,2023M4,2023-04-01,112.4,I4166,https://bds.hcp.ma/api/v1/indicators/I4166,2026-06-22 12:26:21.708000+00:00
National,(12) BIENS ET SERVICES DIVERS,2023M5,2023-05-01,112.5,I4166,https://bds.hcp.ma/api/v1/indicators/I4166,2026-06-22 12:26:21.708000+00:00
National,(12) BIENS ET SERVICES DIVERS,2023M6,2023-06-01,112.7,I4166,https://bds.hcp.ma/api/v1/indicators/I4166,2026-06-22 12:26:21.708000+00:00
National,(12) BIENS ET SERVICES DIVERS,2023M7,2023-07-01,112.8,I4166,https://bds.hcp.ma/api/v1/indicators/I4166,2026-06-22 12:26:21.708000+00:00
National,(12) BIENS ET SERVICES DIVERS,2023M8,2023-08-01,112.9,I4166,https://bds.hcp.ma/api/v1/indicators/I4166,2026-06-22 12:26:21.708000+00:00
National,(12) BIENS ET SERVICES DIVERS,2023M9,2023-09-01,113.1,I4166,https://bds.hcp.ma/api/v1/indicators/I4166,2026-06-22 12:26:21.708000+00:00
National,(12) BIENS ET SERVICES DIVERS,2023M10,2023-10-01,113.1,I4166,https://bds.hcp.ma/api/v1/indicators/I4166,2026-06-22 12:26:21.708000+00:00
National,(12) BIENS ET SERVICES DIVERS,2023M11,2023-11-01,113.2,I4166,https://bds.hcp.ma/api/v1/indicators/I4166,2026-06-22 12:26:21.708000+00:00
National,(12) BIENS ET SERVICES DIVERS,2023M12,2023-12-01,113.4,I4166,https://bds.hcp.ma/api/v1/indicators/I4166,2026-06-22 12:26:21.708000+00:00
National,(12) BIENS ET SERVICES DIVERS,2024M1,2024-01-01,113.6,I4166,https://bds.hcp.ma/api/v1/indicators/I4166,2026-06-22 12:26:21.708000+00:00
National,(12) BIENS ET SERVICES DIVERS,2024M2,2024-02-01,114,I4166,https://bds.hcp.ma/api/v1/indicators/I4166,2026-06-22 12:26:21.708000+00:00
National,(12) BIENS ET SERVICES DIVERS,2024M3,2024-03-01,114.4,I4166,https://bds.hcp.ma/api/v1/indicators/I4166,2026-06-22 12:26:21.708000+00:00
National,(12) BIENS ET SERVICES DIVERS,2024M4,2024-04-01,114.8,I4166,https://bds.hcp.ma/api/v1/indicators/I4166,2026-06-22 12:26:21.708000+00:00
National,(12) BIENS ET SERVICES DIVERS,2024M5,2024-05-01,114.9,I4166,https://bds.hcp.ma/api/v1/indicators/I4166,2026-06-22 12:26:21.708000+00:00
National,(12) BIENS ET SERVICES DIVERS,2024M6,2024-06-01,115.1,I4166,https://bds.hcp.ma/api/v1/indicators/I4166,2026-06-22 12:26:21.708000+00:00
National,(12) BIENS ET SERVICES DIVERS,2024M7,2024-07-01,115.2,I4166,https://bds.hcp.ma/api/v1/indicators/I4166,2026-06-22 12:26:21.708000+00:00
National,(12) BIENS ET SERVICES DIVERS,2024M8,2024-08-01,115.3,I4166,https://bds.hcp.ma/api/v1/indicators/I4166,2026-06-22 12:26:21.708000+00:00
National,(12) BIENS ET SERVICES DIVERS,2024M9,2024-09-01,115.5,I4166,https://bds.hcp.ma/api/v1/indicators/I4166,2026-06-22 12:26:21.708000+00:00
National,(12) BIENS ET SERVICES DIVERS,2024M10,2024-10-01,115.7,I4166,https://bds.hcp.ma/api/v1/indicators/I4166,2026-06-22 12:26:21.708000+00:00
National,(12) BIENS ET SERVICES DIVERS,2024M11,2024-11-01,115.8,I4166,https://bds.hcp.ma/api/v1/indicators/I4166,2026-06-22 12:26:21.708000+00:00
National,(12) BIENS ET SERVICES DIVERS,2024M12,2024-12-01,115.9,I4166,https://bds.hcp.ma/api/v1/indicators/I4166,2026-06-22 12:26:21.708000+00:00
National,(12) BIENS ET SERVICES DIVERS,2025M1,2025-01-01,115.9,I4166,https://bds.hcp.ma/api/v1/indicators/I4166,2026-06-22 12:26:21.708000+00:00
National,(12) BIENS ET SERVICES DIVERS,2025M2,2025-02-01,116.0,I4166,https://bds.hcp.ma/api/v1/indicators/I4166,2026-06-22 12:26:21.708000+00:00
National,(12) BIENS ET SERVICES DIVERS,2025M3,2025-03-01,116.4,I4166,https://bds.hcp.ma/api/v1/indicators/I4166,2026-06-22 12:26:21.708000+00:00
National,(12) BIENS ET SERVICES DIVERS,2025M4,2025-04-01,116.5,I4166,https://bds.hcp.ma/api/v1/indicators/I4166,2026-06-22 12:26:21.708000+00:00
National,(12) BIENS ET SERVICES DIVERS,2025M5,2025-05-01,116.6,I4166,https://bds.hcp.ma/api/v1/indicators/I4166,2026-06-22 12:26:21.708000+00:00
National,(12) BIENS ET SERVICES DIVERS,2025M6,2025-06-01,116.7,I4166,https://bds.hcp.ma/api/v1/indicators/I4166,2026-06-22 12:26:21.708000+00:00
National,(12) BIENS ET SERVICES DIVERS,2025M7,2025-07-01,116.9,I4166,https://bds.hcp.ma/api/v1/indicators/I4166,2026-06-22 12:26:21.708000+00:00
National,(12) BIENS ET SERVICES DIVERS,2025M8,2025-08-01,117.1,I4166,https://bds.hcp.ma/api/v1/indicators/I4166,2026-06-22 12:26:21.708000+00:00
National,(12) BIENS ET SERVICES DIVERS,2025M9,2025-09-01,117.1,I4166,https://bds.hcp.ma/api/v1/indicators/I4166,2026-06-22 12:26:21.708000+00:00
National,(12) BIENS ET SERVICES DIVERS,2025M10,2025-10-01,117.4,I4166,https://bds.hcp.ma/api/v1/indicators/I4166,2026-06-22 12:26:21.708000+00:00
National,(12) BIENS ET SERVICES DIVERS,2025M11,2025-11-01,117.8,I4166,https://bds.hcp.ma/api/v1/indicators/I4166,2026-06-22 12:26:21.708000+00:00
National,(12) BIENS ET SERVICES DIVERS,2025M12,2025-12-01,117.9,I4166,https://bds.hcp.ma/api/v1/indicators/I4166,2026-06-22 12:26:21.708000+00:00
National,(12) BIENS ET SERVICES DIVERS,2026M1,2026-01-01,119.1,I4166,https://bds.hcp.ma/api/v1/indicators/I4166,2026-06-22 12:26:21.708000+00:00
National,(12) BIENS ET SERVICES DIVERS,2026M2,2026-02-01,120.4,I4166,https://bds.hcp.ma/api/v1/indicators/I4166,2026-06-22 12:26:21.708000+00:00
National,(12) BIENS ET SERVICES DIVERS,2026M3,2026-03-01,120.5,I4166,https://bds.hcp.ma/api/v1/indicators/I4166,2026-06-22 12:26:21.708000+00:00
National,(GR) GENERAL,2017M1,2017-01-01,99.4,I4166,https://bds.hcp.ma/api/v1/indicators/I4166,2026-06-22 12:26:21.708000+00:00
National,(GR) GENERAL,2017M2,2017-02-01,99.5,I4166,https://bds.hcp.ma/api/v1/indicators/I4166,2026-06-22 12:26:21.708000+00:00
National,(GR) GENERAL,2017M3,2017-03-01,99.3,I4166,https://bds.hcp.ma/api/v1/indicators/I4166,2026-06-22 12:26:21.708000+00:00
National,(GR) GENERAL,2017M4,2017-04-01,99.3,I4166,https://bds.hcp.ma/api/v1/indicators/I4166,2026-06-22 12:26:21.708000+00:00
National,(GR) GENERAL,2017M5,2017-05-01,99.7,I4166,https://bds.hcp.ma/api/v1/indicators/I4166,2026-06-22 12:26:21.708000+00:00
National,(GR) GENERAL,2017M6,2017-06-01,100,I4166,https://bds.hcp.ma/api/v1/indicators/I4166,2026-06-22 12:26:21.708000+00:00
National,(GR) GENERAL,2017M7,2017-07-01,99.5,I4166,https://bds.hcp.ma/api/v1/indicators/I4166,2026-06-22 12:26:21.708000+00:00
National,(GR) GENERAL,2017M8,2017-08-01,99.8,I4166,https://bds.hcp.ma/api/v1/indicators/I4166,2026-06-22 12:26:21.708000+00:00
National,(GR) GENERAL,2017M9,2017-09-01,100.6,I4166,https://bds.hcp.ma/api/v1/indicators/I4166,2026-06-22 12:26:21.708000+00:00
National,(GR) GENERAL,2017M10,2017-10-01,100.5,I4166,https://bds.hcp.ma/api/v1/indicators/I4166,2026-06-22 12:26:21.708000+00:00
National,(GR) GENERAL,2017M11,2017-11-01,101,I4166,https://bds.hcp.ma/api/v1/indicators/I4166,2026-06-22 12:26:21.708000+00:00
National,(GR) GENERAL,2017M12,2017-12-01,101.2,I4166,https://bds.hcp.ma/api/v1/indicators/I4166,2026-06-22 12:26:21.708000+00:00
National,(GR) GENERAL,2018M1,2018-01-01,101.4,I4166,https://bds.hcp.ma/api/v1/indicators/I4166,2026-06-22 12:26:21.708000+00:00
National,(GR) GENERAL,2018M2,2018-02-01,100.9,I4166,https://bds.hcp.ma/api/v1/indicators/I4166,2026-06-22 12:26:21.708000+00:00
National,(GR) GENERAL,2018M3,2018-03-01,101,I4166,https://bds.hcp.ma/api/v1/indicators/I4166,2026-06-22 12:26:21.708000+00:00
National,(GR) GENERAL,2018M4,2018-04-01,101.5,I4166,https://bds.hcp.ma/api/v1/indicators/I4166,2026-06-22 12:26:21.708000+00:00
National,(GR) GENERAL,2018M5,2018-05-01,102.1,I4166,https://bds.hcp.ma/api/v1/indicators/I4166,2026-06-22 12:26:21.708000+00:00
National,(GR) GENERAL,2018M6,2018-06-01,102.4,I4166,https://bds.hcp.ma/api/v1/indicators/I4166,2026-06-22 12:26:21.708000+00:00
National,(GR) GENERAL,2018M7,2018-07-01,101.4,I4166,https://bds.hcp.ma/api/v1/indicators/I4166,2026-06-22 12:26:21.708000+00:00
National,(GR) GENERAL,2018M8,2018-08-01,101.4,I4166,https://bds.hcp.ma/api/v1/indicators/I4166,2026-06-22 12:26:21.708000+00:00
National,(GR) GENERAL,2018M9,2018-09-01,101.8,I4166,https://bds.hcp.ma/api/v1/indicators/I4166,2026-06-22 12:26:21.708000+00:00
National,(GR) GENERAL,2018M10,2018-10-01,101.6,I4166,https://bds.hcp.ma/api/v1/indicators/I4166,2026-06-22 12:26:21.708000+00:00
National,(GR) GENERAL,2018M11,2018-11-01,102.1,I4166,https://bds.hcp.ma/api/v1/indicators/I4166,2026-06-22 12:26:21.708000+00:00
National,(GR) GENERAL,2018M12,2018-12-01,101.4,I4166,https://bds.hcp.ma/api/v1/indicators/I4166,2026-06-22 12:26:21.708000+00:00
National,(GR) GENERAL,2019M1,2019-01-01,100.9,I4166,https://bds.hcp.ma/api/v1/indicators/I4166,2026-06-22 12:26:21.708000+00:00
National,(GR) GENERAL,2019M2,2019-02-01,100.9,I4166,https://bds.hcp.ma/api/v1/indicators/I4166,2026-06-22 12:26:21.708000+00:00
National,(GR) GENERAL,2019M3,2019-03-01,100.9,I4166,https://bds.hcp.ma/api/v1/indicators/I4166,2026-06-22 12:26:21.708000+00:00
National,(GR) GENERAL,2019M4,2019-04-01,101.5,I4166,https://bds.hcp.ma/api/v1/indicators/I4166,2026-06-22 12:26:21.708000+00:00
National,(GR) GENERAL,2019M5,2019-05-01,102.4,I4166,https://bds.hcp.ma/api/v1/indicators/I4166,2026-06-22 12:26:21.708000+00:00
National,(GR) GENERAL,2019M6,2019-06-01,102.6,I4166,https://bds.hcp.ma/api/v1/indicators/I4166,2026-06-22 12:26:21.708000+00:00
National,(GR) GENERAL,2019M7,2019-07-01,101.7,I4166,https://bds.hcp.ma/api/v1/indicators/I4166,2026-06-22 12:26:21.708000+00:00
National,(GR) GENERAL,2019M8,2019-08-01,102.1,I4166,https://bds.hcp.ma/api/v1/indicators/I4166,2026-06-22 12:26:21.708000+00:00
National,(GR) GENERAL,2019M9,2019-09-01,101.9,I4166,https://bds.hcp.ma/api/v1/indicators/I4166,2026-06-22 12:26:21.708000+00:00
National,(GR) GENERAL,2019M10,2019-10-01,102.1,I4166,https://bds.hcp.ma/api/v1/indicators/I4166,2026-06-22 12:26:21.708000+00:00
National,(GR) GENERAL,2019M11,2019-11-01,102.5,I4166,https://bds.hcp.ma/api/v1/indicators/I4166,2026-06-22 12:26:21.708000+00:00
National,(GR) GENERAL,2019M12,2019-12-01,102.5,I4166,https://bds.hcp.ma/api/v1/indicators/I4166,2026-06-22 12:26:21.708000+00:00
National,(GR) GENERAL,2020M1,2020-01-01,102.3,I4166,https://bds.hcp.ma/api/v1/indicators/I4166,2026-06-22 12:26:21.708000+00:00
National,(GR) GENERAL,2020M2,2020-02-01,102.1,I4166,https://bds.hcp.ma/api/v1/indicators/I4166,2026-06-22 12:26:21.708000+00:00
National,(GR) GENERAL,2020M3,2020-03-01,102.5,I4166,https://bds.hcp.ma/api/v1/indicators/I4166,2026-06-22 12:26:21.708000+00:00
National,(GR) GENERAL,2020M4,2020-04-01,102.4,I4166,https://bds.hcp.ma/api/v1/indicators/I4166,2026-06-22 12:26:21.708000+00:00
National,(GR) GENERAL,2020M5,2020-05-01,102.2,I4166,https://bds.hcp.ma/api/v1/indicators/I4166,2026-06-22 12:26:21.708000+00:00
National,(GR) GENERAL,2020M6,2020-06-01,101.9,I4166,https://bds.hcp.ma/api/v1/indicators/I4166,2026-06-22 12:26:21.708000+00:00
National,(GR) GENERAL,2020M7,2020-07-01,101.6,I4166,https://bds.hcp.ma/api/v1/indicators/I4166,2026-06-22 12:26:21.708000+00:00
National,(GR) GENERAL,2020M8,2020-08-01,103,I4166,https://bds.hcp.ma/api/v1/indicators/I4166,2026-06-22 12:26:21.708000+00:00
National,(GR) GENERAL,2020M9,2020-09-01,103.3,I4166,https://bds.hcp.ma/api/v1/indicators/I4166,2026-06-22 12:26:21.708000+00:00
National,(GR) GENERAL,2020M10,2020-10-01,103.4,I4166,https://bds.hcp.ma/api/v1/indicators/I4166,2026-06-22 12:26:21.708000+00:00
National,(GR) GENERAL,2020M11,2020-11-01,102.7,I4166,https://bds.hcp.ma/api/v1/indicators/I4166,2026-06-22 12:26:21.708000+00:00
National,(GR) GENERAL,2020M12,2020-12-01,102.2,I4166,https://bds.hcp.ma/api/v1/indicators/I4166,2026-06-22 12:26:21.708000+00:00
National,(GR) GENERAL,2021M1,2021-01-01,102.3,I4166,https://bds.hcp.ma/api/v1/indicators/I4166,2026-06-22 12:26:21.708000+00:00
National,(GR) GENERAL,2021M2,2021-02-01,102.4,I4166,https://bds.hcp.ma/api/v1/indicators/I4166,2026-06-22 12:26:21.708000+00:00
National,(GR) GENERAL,2021M3,2021-03-01,102.6,I4166,https://bds.hcp.ma/api/v1/indicators/I4166,2026-06-22 12:26:21.708000+00:00
National,(GR) GENERAL,2021M4,2021-04-01,103.8,I4166,https://bds.hcp.ma/api/v1/indicators/I4166,2026-06-22 12:26:21.708000+00:00
National,(GR) GENERAL,2021M5,2021-05-01,104.1,I4166,https://bds.hcp.ma/api/v1/indicators/I4166,2026-06-22 12:26:21.708000+00:00
National,(GR) GENERAL,2021M6,2021-06-01,103.4,I4166,https://bds.hcp.ma/api/v1/indicators/I4166,2026-06-22 12:26:21.708000+00:00
National,(GR) GENERAL,2021M7,2021-07-01,103.8,I4166,https://bds.hcp.ma/api/v1/indicators/I4166,2026-06-22 12:26:21.708000+00:00
National,(GR) GENERAL,2021M8,2021-08-01,103.8,I4166,https://bds.hcp.ma/api/v1/indicators/I4166,2026-06-22 12:26:21.708000+00:00
National,(GR) GENERAL,2021M9,2021-09-01,104.5,I4166,https://bds.hcp.ma/api/v1/indicators/I4166,2026-06-22 12:26:21.708000+00:00
National,(GR) GENERAL,2021M10,2021-10-01,105.2,I4166,https://bds.hcp.ma/api/v1/indicators/I4166,2026-06-22 12:26:21.708000+00:00
National,(GR) GENERAL,2021M11,2021-11-01,105.4,I4166,https://bds.hcp.ma/api/v1/indicators/I4166,2026-06-22 12:26:21.708000+00:00
National,(GR) GENERAL,2021M12,2021-12-01,105.5,I4166,https://bds.hcp.ma/api/v1/indicators/I4166,2026-06-22 12:26:21.708000+00:00
National,(GR) GENERAL,2022M1,2022-01-01,105.5,I4166,https://bds.hcp.ma/api/v1/indicators/I4166,2026-06-22 12:26:21.708000+00:00
National,(GR) GENERAL,2022M2,2022-02-01,106.1,I4166,https://bds.hcp.ma/api/v1/indicators/I4166,2026-06-22 12:26:21.708000+00:00
National,(GR) GENERAL,2022M3,2022-03-01,108,I4166,https://bds.hcp.ma/api/v1/indicators/I4166,2026-06-22 12:26:21.708000+00:00
National,(GR) GENERAL,2022M4,2022-04-01,109.9,I4166,https://bds.hcp.ma/api/v1/indicators/I4166,2026-06-22 12:26:21.708000+00:00
National,(GR) GENERAL,2022M5,2022-05-01,110.2,I4166,https://bds.hcp.ma/api/v1/indicators/I4166,2026-06-22 12:26:21.708000+00:00
National,(GR) GENERAL,2022M6,2022-06-01,110.8,I4166,https://bds.hcp.ma/api/v1/indicators/I4166,2026-06-22 12:26:21.708000+00:00
National,(GR) GENERAL,2022M7,2022-07-01,111.8,I4166,https://bds.hcp.ma/api/v1/indicators/I4166,2026-06-22 12:26:21.708000+00:00
National,(GR) GENERAL,2022M8,2022-08-01,112.1,I4166,https://bds.hcp.ma/api/v1/indicators/I4166,2026-06-22 12:26:21.708000+00:00
National,(GR) GENERAL,2022M9,2022-09-01,113.2,I4166,https://bds.hcp.ma/api/v1/indicators/I4166,2026-06-22 12:26:21.708000+00:00
National,(GR) GENERAL,2022M10,2022-10-01,113.7,I4166,https://bds.hcp.ma/api/v1/indicators/I4166,2026-06-22 12:26:21.708000+00:00
National,(GR) GENERAL,2022M11,2022-11-01,114.2,I4166,https://bds.hcp.ma/api/v1/indicators/I4166,2026-06-22 12:26:21.708000+00:00
National,(GR) GENERAL,2022M12,2022-12-01,114.3,I4166,https://bds.hcp.ma/api/v1/indicators/I4166,2026-06-22 12:26:21.708000+00:00
National,(GR) GENERAL,2023M1,2023-01-01,114.9,I4166,https://bds.hcp.ma/api/v1/indicators/I4166,2026-06-22 12:26:21.708000+00:00
National,(GR) GENERAL,2023M2,2023-02-01,116.8,I4166,https://bds.hcp.ma/api/v1/indicators/I4166,2026-06-22 12:26:21.708000+00:00
National,(GR) GENERAL,2023M3,2023-03-01,116.9,I4166,https://bds.hcp.ma/api/v1/indicators/I4166,2026-06-22 12:26:21.708000+00:00
National,(GR) GENERAL,2023M4,2023-04-01,118.5,I4166,https://bds.hcp.ma/api/v1/indicators/I4166,2026-06-22 12:26:21.708000+00:00
National,(GR) GENERAL,2023M5,2023-05-01,118,I4166,https://bds.hcp.ma/api/v1/indicators/I4166,2026-06-22 12:26:21.708000+00:00
National,(GR) GENERAL,2023M6,2023-06-01,116.9,I4166,https://bds.hcp.ma/api/v1/indicators/I4166,2026-06-22 12:26:21.708000+00:00
National,(GR) GENERAL,2023M7,2023-07-01,117.3,I4166,https://bds.hcp.ma/api/v1/indicators/I4166,2026-06-22 12:26:21.708000+00:00
National,(GR) GENERAL,2023M8,2023-08-01,117.7,I4166,https://bds.hcp.ma/api/v1/indicators/I4166,2026-06-22 12:26:21.708000+00:00
National,(GR) GENERAL,2023M9,2023-09-01,118.7,I4166,https://bds.hcp.ma/api/v1/indicators/I4166,2026-06-22 12:26:21.708000+00:00
National,(GR) GENERAL,2023M10,2023-10-01,118.6,I4166,https://bds.hcp.ma/api/v1/indicators/I4166,2026-06-22 12:26:21.708000+00:00
National,(GR) GENERAL,2023M11,2023-11-01,118.3,I4166,https://bds.hcp.ma/api/v1/indicators/I4166,2026-06-22 12:26:21.708000+00:00
National,(GR) GENERAL,2023M12,2023-12-01,118.2,I4166,https://bds.hcp.ma/api/v1/indicators/I4166,2026-06-22 12:26:21.708000+00:00
National,(GR) GENERAL,2024M1,2024-01-01,117.5,I4166,https://bds.hcp.ma/api/v1/indicators/I4166,2026-06-22 12:26:21.708000+00:00
National,(GR) GENERAL,2024M2,2024-02-01,117.2,I4166,https://bds.hcp.ma/api/v1/indicators/I4166,2026-06-22 12:26:21.708000+00:00
National,(GR) GENERAL,2024M3,2024-03-01,118,I4166,https://bds.hcp.ma/api/v1/indicators/I4166,2026-06-22 12:26:21.708000+00:00
National,(GR) GENERAL,2024M4,2024-04-01,118.7,I4166,https://bds.hcp.ma/api/v1/indicators/I4166,2026-06-22 12:26:21.708000+00:00
National,(GR) GENERAL,2024M5,2024-05-01,118.5,I4166,https://bds.hcp.ma/api/v1/indicators/I4166,2026-06-22 12:26:21.708000+00:00
National,(GR) GENERAL,2024M6,2024-06-01,119,I4166,https://bds.hcp.ma/api/v1/indicators/I4166,2026-06-22 12:26:21.708000+00:00
National,(GR) GENERAL,2024M7,2024-07-01,118.8,I4166,https://bds.hcp.ma/api/v1/indicators/I4166,2026-06-22 12:26:21.708000+00:00
National,(GR) GENERAL,2024M8,2024-08-01,119.7,I4166,https://bds.hcp.ma/api/v1/indicators/I4166,2026-06-22 12:26:21.708000+00:00
National,(GR) GENERAL,2024M9,2024-09-01,119.7,I4166,https://bds.hcp.ma/api/v1/indicators/I4166,2026-06-22 12:26:21.708000+00:00
National,(GR) GENERAL,2024M10,2024-10-01,119.4,I4166,https://bds.hcp.ma/api/v1/indicators/I4166,2026-06-22 12:26:21.708000+00:00
National,(GR) GENERAL,2024M11,2024-11-01,119.2,I4166,https://bds.hcp.ma/api/v1/indicators/I4166,2026-06-22 12:26:21.708000+00:00
National,(GR) GENERAL,2024M12,2024-12-01,119.0,I4166,https://bds.hcp.ma/api/v1/indicators/I4166,2026-06-22 12:26:21.708000+00:00
National,(GR) GENERAL,2025M1,2025-01-01,119.9,I4166,https://bds.hcp.ma/api/v1/indicators/I4166,2026-06-22 12:26:21.708000+00:00
National,(GR) GENERAL,2025M2,2025-02-01,120.3,I4166,https://bds.hcp.ma/api/v1/indicators/I4166,2026-06-22 12:26:21.708000+00:00
National,(GR) GENERAL,2025M3,2025-03-01,119.9,I4166,https://bds.hcp.ma/api/v1/indicators/I4166,2026-06-22 12:26:21.708000+00:00
National,(GR) GENERAL,2025M4,2025-04-01,119.5,I4166,https://bds.hcp.ma/api/v1/indicators/I4166,2026-06-22 12:26:21.708000+00:00
National,(GR) GENERAL,2025M5,2025-05-01,119.0,I4166,https://bds.hcp.ma/api/v1/indicators/I4166,2026-06-22 12:26:21.708000+00:00
National,(GR) GENERAL,2025M6,2025-06-01,119.5,I4166,https://bds.hcp.ma/api/v1/indicators/I4166,2026-06-22 12:26:21.708000+00:00
National,(GR) GENERAL,2025M7,2025-07-01,119.4,I4166,https://bds.hcp.ma/api/v1/indicators/I4166,2026-06-22 12:26:21.708000+00:00
National,(GR) GENERAL,2025M8,2025-08-01,120.0,I4166,https://bds.hcp.ma/api/v1/indicators/I4166,2026-06-22 12:26:21.708000+00:00
National,(GR) GENERAL,2025M9,2025-09-01,120.2,I4166,https://bds.hcp.ma/api/v1/indicators/I4166,2026-06-22 12:26:21.708000+00:00
National,(GR) GENERAL,2025M10,2025-10-01,119.5,I4166,https://bds.hcp.ma/api/v1/indicators/I4166,2026-06-22 12:26:21.708000+00:00
National,(GR) GENERAL,2025M11,2025-11-01,118.8,I4166,https://bds.hcp.ma/api/v1/indicators/I4166,2026-06-22 12:26:21.708000+00:00
National,(GR) GENERAL,2025M12,2025-12-01,118.7,I4166,https://bds.hcp.ma/api/v1/indicators/I4166,2026-06-22 12:26:21.708000+00:00
National,(GR) GENERAL,2026M1,2026-01-01,119.0,I4166,https://bds.hcp.ma/api/v1/indicators/I4166,2026-06-22 12:26:21.708000+00:00
National,(GR) GENERAL,2026M2,2026-02-01,119.6,I4166,https://bds.hcp.ma/api/v1/indicators/I4166,2026-06-22 12:26:21.708000+00:00
National,(GR) GENERAL,2026M3,2026-03-01,121.0,I4166,https://bds.hcp.ma/api/v1/indicators/I4166,2026-06-22 12:26:21.708000+00:00
Rabat,(01) PRODUITS ALIMENTAIRES ET BOISSONS NON ALCOOLISÉES,2017M1,2017-01-01,100.3,I4166,https://bds.hcp.ma/api/v1/indicators/I4166,2026-06-22 12:26:21.708000+00:00
Rabat,(01) PRODUITS ALIMENTAIRES ET BOISSONS NON ALCOOLISÉES,2017M2,2017-02-01,100.1,I4166,https://bds.hcp.ma/api/v1/indicators/I4166,2026-06-22 12:26:21.708000+00:00
Rabat,(01) PRODUITS ALIMENTAIRES ET BOISSONS NON ALCOOLISÉES,2017M3,2017-03-01,99.5,I4166,https://bds.hcp.ma/api/v1/indicators/I4166,2026-06-22 12:26:21.708000+00:00
Rabat,(01) PRODUITS ALIMENTAIRES ET BOISSONS NON ALCOOLISÉES,2017M4,2017-04-01,98.7,I4166,https://bds.hcp.ma/api/v1/indicators/I4166,2026-06-22 12:26:21.708000+00:00
Rabat,(01) PRODUITS ALIMENTAIRES ET BOISSONS NON ALCOOLISÉES,2017M5,2017-05-01,100.2,I4166,https://bds.hcp.ma/api/v1/indicators/I4166,2026-06-22 12:26:21.708000+00:00
Rabat,(01) PRODUITS ALIMENTAIRES ET BOISSONS NON ALCOOLISÉES,2017M6,2017-06-01,98.7,I4166,https://bds.hcp.ma/api/v1/indicators/I4166,2026-06-22 12:26:21.708000+00:00
Rabat,(01) PRODUITS ALIMENTAIRES ET BOISSONS NON ALCOOLISÉES,2017M7,2017-07-01,98.6,I4166,https://bds.hcp.ma/api/v1/indicators/I4166,2026-06-22 12:26:21.708000+00:00
Rabat,(01) PRODUITS ALIMENTAIRES ET BOISSONS NON ALCOOLISÉES,2017M8,2017-08-01,99.3,I4166,https://bds.hcp.ma/api/v1/indicators/I4166,2026-06-22 12:26:21.708000+00:00
Rabat,(01) PRODUITS ALIMENTAIRES ET BOISSONS NON ALCOOLISÉES,2017M9,2017-09-01,100.6,I4166,https://bds.hcp.ma/api/v1/indicators/I4166,2026-06-22 12:26:21.708000+00:00
Rabat,(01) PRODUITS ALIMENTAIRES ET BOISSONS NON ALCOOLISÉES,2017M10,2017-10-01,101.1,I4166,https://bds.hcp.ma/api/v1/indicators/I4166,2026-06-22 12:26:21.708000+00:00
Rabat,(01) PRODUITS ALIMENTAIRES ET BOISSONS NON ALCOOLISÉES,2017M11,2017-11-01,101.2,I4166,https://bds.hcp.ma/api/v1/indicators/I4166,2026-06-22 12:26:21.708000+00:00
Rabat,(01) PRODUITS ALIMENTAIRES ET BOISSONS NON ALCOOLISÉES,2017M12,2017-12-01,101.9,I4166,https://bds.hcp.ma/api/v1/indicators/I4166,2026-06-22 12:26:21.708000+00:00
Rabat,(01) PRODUITS ALIMENTAIRES ET BOISSONS NON ALCOOLISÉES,2018M1,2018-01-01,102.1,I4166,https://bds.hcp.ma/api/v1/indicators/I4166,2026-06-22 12:26:21.708000+00:00
Rabat,(01) PRODUITS ALIMENTAIRES ET BOISSONS NON ALCOOLISÉES,2018M2,2018-02-01,99.9,I4166,https://bds.hcp.ma/api/v1/indicators/I4166,2026-06-22 12:26:21.708000+00:00
Rabat,(01) PRODUITS ALIMENTAIRES ET BOISSONS NON ALCOOLISÉES,2018M3,2018-03-01,99.9,I4166,https://bds.hcp.ma/api/v1/indicators/I4166,2026-06-22 12:26:21.708000+00:00
Rabat,(01) PRODUITS ALIMENTAIRES ET BOISSONS NON ALCOOLISÉES,2018M4,2018-04-01,101.2,I4166,https://bds.hcp.ma/api/v1/indicators/I4166,2026-06-22 12:26:21.708000+00:00
Rabat,(01) PRODUITS ALIMENTAIRES ET BOISSONS NON ALCOOLISÉES,2018M5,2018-05-01,102.3,I4166,https://bds.hcp.ma/api/v1/indicators/I4166,2026-06-22 12:26:21.708000+00:00
Rabat,(01) PRODUITS ALIMENTAIRES ET BOISSONS NON ALCOOLISÉES,2018M6,2018-06-01,102.7,I4166,https://bds.hcp.ma/api/v1/indicators/I4166,2026-06-22 12:26:21.708000+00:00
Rabat,(01) PRODUITS ALIMENTAIRES ET BOISSONS NON ALCOOLISÉES,2018M7,2018-07-01,100.8,I4166,https://bds.hcp.ma/api/v1/indicators/I4166,2026-06-22 12:26:21.708000+00:00
Rabat,(01) PRODUITS ALIMENTAIRES ET BOISSONS NON ALCOOLISÉES,2018M8,2018-08-01,100.5,I4166,https://bds.hcp.ma/api/v1/indicators/I4166,2026-06-22 12:26:21.708000+00:00
Rabat,(01) PRODUITS ALIMENTAIRES ET BOISSONS NON ALCOOLISÉES,2018M9,2018-09-01,101.6,I4166,https://bds.hcp.ma/api/v1/indicators/I4166,2026-06-22 12:26:21.708000+00:00
Rabat,(01) PRODUITS ALIMENTAIRES ET BOISSONS NON ALCOOLISÉES,2018M10,2018-10-01,100.6,I4166,https://bds.hcp.ma/api/v1/indicators/I4166,2026-06-22 12:26:21.708000+00:00
Rabat,(01) PRODUITS ALIMENTAIRES ET BOISSONS NON ALCOOLISÉES,2018M11,2018-11-01,101.7,I4166,https://bds.hcp.ma/api/v1/indicators/I4166,2026-06-22 12:26:21.708000+00:00
Rabat,(01) PRODUITS ALIMENTAIRES ET BOISSONS NON ALCOOLISÉES,2018M12,2018-12-01,101.6,I4166,https://bds.hcp.ma/api/v1/indicators/I4166,2026-06-22 12:26:21.708000+00:00
Rabat,(01) PRODUITS ALIMENTAIRES ET BOISSONS NON ALCOOLISÉES,2019M1,2019-01-01,100.5,I4166,https://bds.hcp.ma/api/v1/indicators/I4166,2026-06-22 12:26:21.708000+00:00
Rabat,(01) PRODUITS ALIMENTAIRES ET BOISSONS NON ALCOOLISÉES,2019M2,2019-02-01,100.1,I4166,https://bds.hcp.ma/api/v1/indicators/I4166,2026-06-22 12:26:21.708000+00:00
Rabat,(01) PRODUITS ALIMENTAIRES ET BOISSONS NON ALCOOLISÉES,2019M3,2019-03-01,99.1,I4166,https://bds.hcp.ma/api/v1/indicators/I4166,2026-06-22 12:26:21.708000+00:00
Rabat,(01) PRODUITS ALIMENTAIRES ET BOISSONS NON ALCOOLISÉES,2019M4,2019-04-01,100.6,I4166,https://bds.hcp.ma/api/v1/indicators/I4166,2026-06-22 12:26:21.708000+00:00
Rabat,(01) PRODUITS ALIMENTAIRES ET BOISSONS NON ALCOOLISÉES,2019M5,2019-05-01,100.9,I4166,https://bds.hcp.ma/api/v1/indicators/I4166,2026-06-22 12:26:21.708000+00:00
Rabat,(01) PRODUITS ALIMENTAIRES ET BOISSONS NON ALCOOLISÉES,2019M6,2019-06-01,101.9,I4166,https://bds.hcp.ma/api/v1/indicators/I4166,2026-06-22 12:26:21.708000+00:00
Rabat,(01) PRODUITS ALIMENTAIRES ET BOISSONS NON ALCOOLISÉES,2019M7,2019-07-01,101.4,I4166,https://bds.hcp.ma/api/v1/indicators/I4166,2026-06-22 12:26:21.708000+00:00
Rabat,(01) PRODUITS ALIMENTAIRES ET BOISSONS NON ALCOOLISÉES,2019M8,2019-08-01,101.3,I4166,https://bds.hcp.ma/api/v1/indicators/I4166,2026-06-22 12:26:21.708000+00:00
Rabat,(01) PRODUITS ALIMENTAIRES ET BOISSONS NON ALCOOLISÉES,2019M9,2019-09-01,100.4,I4166,https://bds.hcp.ma/api/v1/indicators/I4166,2026-06-22 12:26:21.708000+00:00
Rabat,(01) PRODUITS ALIMENTAIRES ET BOISSONS NON ALCOOLISÉES,2019M10,2019-10-01,100.2,I4166,https://bds.hcp.ma/api/v1/indicators/I4166,2026-06-22 12:26:21.708000+00:00
Rabat,(01) PRODUITS ALIMENTAIRES ET BOISSONS NON ALCOOLISÉES,2019M11,2019-11-01,100.7,I4166,https://bds.hcp.ma/api/v1/indicators/I4166,2026-06-22 12:26:21.708000+00:00
Rabat,(01) PRODUITS ALIMENTAIRES ET BOISSONS NON ALCOOLISÉES,2019M12,2019-12-01,101.4,I4166,https://bds.hcp.ma/api/v1/indicators/I4166,2026-06-22 12:26:21.708000+00:00
Rabat,(01) PRODUITS ALIMENTAIRES ET BOISSONS NON ALCOOLISÉES,2020M1,2020-01-01,100.8,I4166,https://bds.hcp.ma/api/v1/indicators/I4166,2026-06-22 12:26:21.708000+00:00
Rabat,(01) PRODUITS ALIMENTAIRES ET BOISSONS NON ALCOOLISÉES,2020M2,2020-02-01,100.8,I4166,https://bds.hcp.ma/api/v1/indicators/I4166,2026-06-22 12:26:21.708000+00:00
Rabat,(01) PRODUITS ALIMENTAIRES ET BOISSONS NON ALCOOLISÉES,2020M3,2020-03-01,102.3,I4166,https://bds.hcp.ma/api/v1/indicators/I4166,2026-06-22 12:26:21.708000+00:00
Rabat,(01) PRODUITS ALIMENTAIRES ET BOISSONS NON ALCOOLISÉES,2020M4,2020-04-01,102.7,I4166,https://bds.hcp.ma/api/v1/indicators/I4166,2026-06-22 12:26:21.708000+00:00
Rabat,(01) PRODUITS ALIMENTAIRES ET BOISSONS NON ALCOOLISÉES,2020M5,2020-05-01,102,I4166,https://bds.hcp.ma/api/v1/indicators/I4166,2026-06-22 12:26:21.708000+00:00
Rabat,(01) PRODUITS ALIMENTAIRES ET BOISSONS NON ALCOOLISÉES,2020M6,2020-06-01,101.7,I4166,https://bds.hcp.ma/api/v1/indicators/I4166,2026-06-22 12:26:21.708000+00:00
Rabat,(01) PRODUITS ALIMENTAIRES ET BOISSONS NON ALCOOLISÉES,2020M7,2020-07-01,99.8,I4166,https://bds.hcp.ma/api/v1/indicators/I4166,2026-06-22 12:26:21.708000+00:00
Rabat,(01) PRODUITS ALIMENTAIRES ET BOISSONS NON ALCOOLISÉES,2020M8,2020-08-01,102.4,I4166,https://bds.hcp.ma/api/v1/indicators/I4166,2026-06-22 12:26:21.708000+00:00
Rabat,(01) PRODUITS ALIMENTAIRES ET BOISSONS NON ALCOOLISÉES,2020M9,2020-09-01,103,I4166,https://bds.hcp.ma/api/v1/indicators/I4166,2026-06-22 12:26:21.708000+00:00
Rabat,(01) PRODUITS ALIMENTAIRES ET BOISSONS NON ALCOOLISÉES,2020M10,2020-10-01,103.7,I4166,https://bds.hcp.ma/api/v1/indicators/I4166,2026-06-22 12:26:21.708000+00:00
Rabat,(01) PRODUITS ALIMENTAIRES ET BOISSONS NON ALCOOLISÉES,2020M11,2020-11-01,102.3,I4166,https://bds.hcp.ma/api/v1/indicators/I4166,2026-06-22 12:26:21.708000+00:00
Rabat,(01) PRODUITS ALIMENTAIRES ET BOISSONS NON ALCOOLISÉES,2020M12,2020-12-01,101.1,I4166,https://bds.hcp.ma/api/v1/indicators/I4166,2026-06-22 12:26:21.708000+00:00
Rabat,(01) PRODUITS ALIMENTAIRES ET BOISSONS NON ALCOOLISÉES,2021M1,2021-01-01,100.5,I4166,https://bds.hcp.ma/api/v1/indicators/I4166,2026-06-22 12:26:21.708000+00:00
Rabat,(01) PRODUITS ALIMENTAIRES ET BOISSONS NON ALCOOLISÉES,2021M2,2021-02-01,100.1,I4166,https://bds.hcp.ma/api/v1/indicators/I4166,2026-06-22 12:26:21.708000+00:00
Rabat,(01) PRODUITS ALIMENTAIRES ET BOISSONS NON ALCOOLISÉES,2021M3,2021-03-01,100.3,I4166,https://bds.hcp.ma/api/v1/indicators/I4166,2026-06-22 12:26:21.708000+00:00
Rabat,(01) PRODUITS ALIMENTAIRES ET BOISSONS NON ALCOOLISÉES,2021M4,2021-04-01,103.4,I4166,https://bds.hcp.ma/api/v1/indicators/I4166,2026-06-22 12:26:21.708000+00:00
Rabat,(01) PRODUITS ALIMENTAIRES ET BOISSONS NON ALCOOLISÉES,2021M5,2021-05-01,103.9,I4166,https://bds.hcp.ma/api/v1/indicators/I4166,2026-06-22 12:26:21.708000+00:00
Rabat,(01) PRODUITS ALIMENTAIRES ET BOISSONS NON ALCOOLISÉES,2021M6,2021-06-01,102.6,I4166,https://bds.hcp.ma/api/v1/indicators/I4166,2026-06-22 12:26:21.708000+00:00
Rabat,(01) PRODUITS ALIMENTAIRES ET BOISSONS NON ALCOOLISÉES,2021M7,2021-07-01,103,I4166,https://bds.hcp.ma/api/v1/indicators/I4166,2026-06-22 12:26:21.708000+00:00
Rabat,(01) PRODUITS ALIMENTAIRES ET BOISSONS NON ALCOOLISÉES,2021M8,2021-08-01,102,I4166,https://bds.hcp.ma/api/v1/indicators/I4166,2026-06-22 12:26:21.708000+00:00
Rabat,(01) PRODUITS ALIMENTAIRES ET BOISSONS NON ALCOOLISÉES,2021M9,2021-09-01,103.8,I4166,https://bds.hcp.ma/api/v1/indicators/I4166,2026-06-22 12:26:21.708000+00:00
Rabat,(01) PRODUITS ALIMENTAIRES ET BOISSONS NON ALCOOLISÉES,2021M10,2021-10-01,105.3,I4166,https://bds.hcp.ma/api/v1/indicators/I4166,2026-06-22 12:26:21.708000+00:00
Rabat,(01) PRODUITS ALIMENTAIRES ET BOISSONS NON ALCOOLISÉES,2021M11,2021-11-01,104.3,I4166,https://bds.hcp.ma/api/v1/indicators/I4166,2026-06-22 12:26:21.708000+00:00
Rabat,(01) PRODUITS ALIMENTAIRES ET BOISSONS NON ALCOOLISÉES,2021M12,2021-12-01,104.2,I4166,https://bds.hcp.ma/api/v1/indicators/I4166,2026-06-22 12:26:21.708000+00:00
Rabat,(01) PRODUITS ALIMENTAIRES ET BOISSONS NON ALCOOLISÉES,2022M1,2022-01-01,104,I4166,https://bds.hcp.ma/api/v1/indicators/I4166,2026-06-22 12:26:21.708000+00:00
Rabat,(01) PRODUITS ALIMENTAIRES ET BOISSONS NON ALCOOLISÉES,2022M2,2022-02-01,105.2,I4166,https://bds.hcp.ma/api/v1/indicators/I4166,2026-06-22 12:26:21.708000+00:00
Rabat,(01) PRODUITS ALIMENTAIRES ET BOISSONS NON ALCOOLISÉES,2022M3,2022-03-01,108.9,I4166,https://bds.hcp.ma/api/v1/indicators/I4166,2026-06-22 12:26:21.708000+00:00
Rabat,(01) PRODUITS ALIMENTAIRES ET BOISSONS NON ALCOOLISÉES,2022M4,2022-04-01,112.9,I4166,https://bds.hcp.ma/api/v1/indicators/I4166,2026-06-22 12:26:21.708000+00:00
Rabat,(01) PRODUITS ALIMENTAIRES ET BOISSONS NON ALCOOLISÉES,2022M5,2022-05-01,113.4,I4166,https://bds.hcp.ma/api/v1/indicators/I4166,2026-06-22 12:26:21.708000+00:00
Rabat,(01) PRODUITS ALIMENTAIRES ET BOISSONS NON ALCOOLISÉES,2022M6,2022-06-01,113.2,I4166,https://bds.hcp.ma/api/v1/indicators/I4166,2026-06-22 12:26:21.708000+00:00
Rabat,(01) PRODUITS ALIMENTAIRES ET BOISSONS NON ALCOOLISÉES,2022M7,2022-07-01,114.6,I4166,https://bds.hcp.ma/api/v1/indicators/I4166,2026-06-22 12:26:21.708000+00:00
Rabat,(01) PRODUITS ALIMENTAIRES ET BOISSONS NON ALCOOLISÉES,2022M8,2022-08-01,114.7,I4166,https://bds.hcp.ma/api/v1/indicators/I4166,2026-06-22 12:26:21.708000+00:00
Rabat,(01) PRODUITS ALIMENTAIRES ET BOISSONS NON ALCOOLISÉES,2022M9,2022-09-01,117.8,I4166,https://bds.hcp.ma/api/v1/indicators/I4166,2026-06-22 12:26:21.708000+00:00
Rabat,(01) PRODUITS ALIMENTAIRES ET BOISSONS NON ALCOOLISÉES,2022M10,2022-10-01,118.6,I4166,https://bds.hcp.ma/api/v1/indicators/I4166,2026-06-22 12:26:21.708000+00:00
Rabat,(01) PRODUITS ALIMENTAIRES ET BOISSONS NON ALCOOLISÉES,2022M11,2022-11-01,118.7,I4166,https://bds.hcp.ma/api/v1/indicators/I4166,2026-06-22 12:26:21.708000+00:00
Rabat,(01) PRODUITS ALIMENTAIRES ET BOISSONS NON ALCOOLISÉES,2022M12,2022-12-01,119.5,I4166,https://bds.hcp.ma/api/v1/indicators/I4166,2026-06-22 12:26:21.708000+00:00
Rabat,(01) PRODUITS ALIMENTAIRES ET BOISSONS NON ALCOOLISÉES,2023M1,2023-01-01,120.5,I4166,https://bds.hcp.ma/api/v1/indicators/I4166,2026-06-22 12:26:21.708000+00:00
Rabat,(01) PRODUITS ALIMENTAIRES ET BOISSONS NON ALCOOLISÉES,2023M2,2023-02-01,125.1,I4166,https://bds.hcp.ma/api/v1/indicators/I4166,2026-06-22 12:26:21.708000+00:00
Rabat,(01) PRODUITS ALIMENTAIRES ET BOISSONS NON ALCOOLISÉES,2023M3,2023-03-01,124.6,I4166,https://bds.hcp.ma/api/v1/indicators/I4166,2026-06-22 12:26:21.708000+00:00
Rabat,(01) PRODUITS ALIMENTAIRES ET BOISSONS NON ALCOOLISÉES,2023M4,2023-04-01,127.3,I4166,https://bds.hcp.ma/api/v1/indicators/I4166,2026-06-22 12:26:21.708000+00:00
Rabat,(01) PRODUITS ALIMENTAIRES ET BOISSONS NON ALCOOLISÉES,2023M5,2023-05-01,126.3,I4166,https://bds.hcp.ma/api/v1/indicators/I4166,2026-06-22 12:26:21.708000+00:00
Rabat,(01) PRODUITS ALIMENTAIRES ET BOISSONS NON ALCOOLISÉES,2023M6,2023-06-01,124.4,I4166,https://bds.hcp.ma/api/v1/indicators/I4166,2026-06-22 12:26:21.708000+00:00
Rabat,(01) PRODUITS ALIMENTAIRES ET BOISSONS NON ALCOOLISÉES,2023M7,2023-07-01,125.6,I4166,https://bds.hcp.ma/api/v1/indicators/I4166,2026-06-22 12:26:21.708000+00:00
Rabat,(01) PRODUITS ALIMENTAIRES ET BOISSONS NON ALCOOLISÉES,2023M8,2023-08-01,124.4,I4166,https://bds.hcp.ma/api/v1/indicators/I4166,2026-06-22 12:26:21.708000+00:00
Rabat,(01) PRODUITS ALIMENTAIRES ET BOISSONS NON ALCOOLISÉES,2023M9,2023-09-01,126.2,I4166,https://bds.hcp.ma/api/v1/indicators/I4166,2026-06-22 12:26:21.708000+00:00
Rabat,(01) PRODUITS ALIMENTAIRES ET BOISSONS NON ALCOOLISÉES,2023M10,2023-10-01,127.6,I4166,https://bds.hcp.ma/api/v1/indicators/I4166,2026-06-22 12:26:21.708000+00:00
Rabat,(01) PRODUITS ALIMENTAIRES ET BOISSONS NON ALCOOLISÉES,2023M11,2023-11-01,127.3,I4166,https://bds.hcp.ma/api/v1/indicators/I4166,2026-06-22 12:26:21.708000+00:00
Rabat,(01) PRODUITS ALIMENTAIRES ET BOISSONS NON ALCOOLISÉES,2023M12,2023-12-01,126.7,I4166,https://bds.hcp.ma/api/v1/indicators/I4166,2026-06-22 12:26:21.708000+00:00
Rabat,(01) PRODUITS ALIMENTAIRES ET BOISSONS NON ALCOOLISÉES,2024M1,2024-01-01,125.2,I4166,https://bds.hcp.ma/api/v1/indicators/I4166,2026-06-22 12:26:21.708000+00:00
Rabat,(01) PRODUITS ALIMENTAIRES ET BOISSONS NON ALCOOLISÉES,2024M2,2024-02-01,124.1,I4166,https://bds.hcp.ma/api/v1/indicators/I4166,2026-06-22 12:26:21.708000+00:00
Rabat,(01) PRODUITS ALIMENTAIRES ET BOISSONS NON ALCOOLISÉES,2024M3,2024-03-01,126,I4166,https://bds.hcp.ma/api/v1/indicators/I4166,2026-06-22 12:26:21.708000+00:00
Rabat,(01) PRODUITS ALIMENTAIRES ET BOISSONS NON ALCOOLISÉES,2024M4,2024-04-01,127.6,I4166,https://bds.hcp.ma/api/v1/indicators/I4166,2026-06-22 12:26:21.708000+00:00
Rabat,(01) PRODUITS ALIMENTAIRES ET BOISSONS NON ALCOOLISÉES,2024M5,2024-05-01,127.5,I4166,https://bds.hcp.ma/api/v1/indicators/I4166,2026-06-22 12:26:21.708000+00:00
Rabat,(01) PRODUITS ALIMENTAIRES ET BOISSONS NON ALCOOLISÉES,2024M6,2024-06-01,127.4,I4166,https://bds.hcp.ma/api/v1/indicators/I4166,2026-06-22 12:26:21.708000+00:00
Rabat,(01) PRODUITS ALIMENTAIRES ET BOISSONS NON ALCOOLISÉES,2024M7,2024-07-01,125.8,I4166,https://bds.hcp.ma/api/v1/indicators/I4166,2026-06-22 12:26:21.708000+00:00
Rabat,(01) PRODUITS ALIMENTAIRES ET BOISSONS NON ALCOOLISÉES,2024M8,2024-08-01,127.7,I4166,https://bds.hcp.ma/api/v1/indicators/I4166,2026-06-22 12:26:21.708000+00:00
Rabat,(01) PRODUITS ALIMENTAIRES ET BOISSONS NON ALCOOLISÉES,2024M9,2024-09-01,128.3,I4166,https://bds.hcp.ma/api/v1/indicators/I4166,2026-06-22 12:26:21.708000+00:00
Rabat,(01) PRODUITS ALIMENTAIRES ET BOISSONS NON ALCOOLISÉES,2024M10,2024-10-01,128.5,I4166,https://bds.hcp.ma/api/v1/indicators/I4166,2026-06-22 12:26:21.708000+00:00
Rabat,(01) PRODUITS ALIMENTAIRES ET BOISSONS NON ALCOOLISÉES,2024M11,2024-11-01,128.7,I4166,https://bds.hcp.ma/api/v1/indicators/I4166,2026-06-22 12:26:21.708000+00:00
Rabat,(01) PRODUITS ALIMENTAIRES ET BOISSONS NON ALCOOLISÉES,2024M12,2024-12-01,128.2,I4166,https://bds.hcp.ma/api/v1/indicators/I4166,2026-06-22 12:26:21.708000+00:00
Rabat,(01) PRODUITS ALIMENTAIRES ET BOISSONS NON ALCOOLISÉES,2025M1,2025-01-01,130.4,I4166,https://bds.hcp.ma/api/v1/indicators/I4166,2026-06-22 12:26:21.708000+00:00
Rabat,(01) PRODUITS ALIMENTAIRES ET BOISSONS NON ALCOOLISÉES,2025M2,2025-02-01,131.4,I4166,https://bds.hcp.ma/api/v1/indicators/I4166,2026-06-22 12:26:21.708000+00:00
Rabat,(01) PRODUITS ALIMENTAIRES ET BOISSONS NON ALCOOLISÉES,2025M3,2025-03-01,131.1,I4166,https://bds.hcp.ma/api/v1/indicators/I4166,2026-06-22 12:26:21.708000+00:00
Rabat,(01) PRODUITS ALIMENTAIRES ET BOISSONS NON ALCOOLISÉES,2025M4,2025-04-01,129.5,I4166,https://bds.hcp.ma/api/v1/indicators/I4166,2026-06-22 12:26:21.708000+00:00
Rabat,(01) PRODUITS ALIMENTAIRES ET BOISSONS NON ALCOOLISÉES,2025M5,2025-05-01,128.8,I4166,https://bds.hcp.ma/api/v1/indicators/I4166,2026-06-22 12:26:21.708000+00:00
Rabat,(01) PRODUITS ALIMENTAIRES ET BOISSONS NON ALCOOLISÉES,2025M6,2025-06-01,129.4,I4166,https://bds.hcp.ma/api/v1/indicators/I4166,2026-06-22 12:26:21.708000+00:00
Rabat,(01) PRODUITS ALIMENTAIRES ET BOISSONS NON ALCOOLISÉES,2025M7,2025-07-01,128.1,I4166,https://bds.hcp.ma/api/v1/indicators/I4166,2026-06-22 12:26:21.708000+00:00
Rabat,(01) PRODUITS ALIMENTAIRES ET BOISSONS NON ALCOOLISÉES,2025M8,2025-08-01,129.2,I4166,https://bds.hcp.ma/api/v1/indicators/I4166,2026-06-22 12:26:21.708000+00:00
Rabat,(01) PRODUITS ALIMENTAIRES ET BOISSONS NON ALCOOLISÉES,2025M9,2025-09-01,130.1,I4166,https://bds.hcp.ma/api/v1/indicators/I4166,2026-06-22 12:26:21.708000+00:00
Rabat,(01) PRODUITS ALIMENTAIRES ET BOISSONS NON ALCOOLISÉES,2025M10,2025-10-01,128.5,I4166,https://bds.hcp.ma/api/v1/indicators/I4166,2026-06-22 12:26:21.708000+00:00
Rabat,(01) PRODUITS ALIMENTAIRES ET BOISSONS NON ALCOOLISÉES,2025M11,2025-11-01,127.8,I4166,https://bds.hcp.ma/api/v1/indicators/I4166,2026-06-22 12:26:21.708000+00:00
Rabat,(01) PRODUITS ALIMENTAIRES ET BOISSONS NON ALCOOLISÉES,2025M12,2025-12-01,127.2,I4166,https://bds.hcp.ma/api/v1/indicators/I4166,2026-06-22 12:26:21.708000+00:00
Rabat,(01) PRODUITS ALIMENTAIRES ET BOISSONS NON ALCOOLISÉES,2026M1,2026-01-01,127.3,I4166,https://bds.hcp.ma/api/v1/indicators/I4166,2026-06-22 12:26:21.708000+00:00
Rabat,(01) PRODUITS ALIMENTAIRES ET BOISSONS NON ALCOOLISÉES,2026M2,2026-02-01,128.0,I4166,https://bds.hcp.ma/api/v1/indicators/I4166,2026-06-22 12:26:21.708000+00:00
Rabat,(01) PRODUITS ALIMENTAIRES ET BOISSONS NON ALCOOLISÉES,2026M3,2026-03-01,130.1,I4166,https://bds.hcp.ma/api/v1/indicators/I4166,2026-06-22 12:26:21.708000+00:00
Rabat,"(02) BOISSONS ALCOOLISÉES, TABAC ET STUPÉFIANTS",2017M1,2017-01-01,99.9,I4166,https://bds.hcp.ma/api/v1/indicators/I4166,2026-06-22 12:26:21.708000+00:00
Rabat,"(02) BOISSONS ALCOOLISÉES, TABAC ET STUPÉFIANTS",2017M2,2017-02-01,99.9,I4166,https://bds.hcp.ma/api/v1/indicators/I4166,2026-06-22 12:26:21.708000+00:00
Rabat,"(02) BOISSONS ALCOOLISÉES, TABAC ET STUPÉFIANTS",2017M3,2017-03-01,99.9,I4166,https://bds.hcp.ma/api/v1/indicators/I4166,2026-06-22 12:26:21.708000+00:00
Rabat,"(02) BOISSONS ALCOOLISÉES, TABAC ET STUPÉFIANTS",2017M4,2017-04-01,99.9,I4166,https://bds.hcp.ma/api/v1/indicators/I4166,2026-06-22 12:26:21.708000+00:00
Rabat,"(02) BOISSONS ALCOOLISÉES, TABAC ET STUPÉFIANTS",2017M5,2017-05-01,100,I4166,https://bds.hcp.ma/api/v1/indicators/I4166,2026-06-22 12:26:21.708000+00:00
Rabat,"(02) BOISSONS ALCOOLISÉES, TABAC ET STUPÉFIANTS",2017M6,2017-06-01,100,I4166,https://bds.hcp.ma/api/v1/indicators/I4166,2026-06-22 12:26:21.708000+00:00
Rabat,"(02) BOISSONS ALCOOLISÉES, TABAC ET STUPÉFIANTS",2017M7,2017-07-01,100,I4166,https://bds.hcp.ma/api/v1/indicators/I4166,2026-06-22 12:26:21.708000+00:00
Rabat,"(02) BOISSONS ALCOOLISÉES, TABAC ET STUPÉFIANTS",2017M8,2017-08-01,100,I4166,https://bds.hcp.ma/api/v1/indicators/I4166,2026-06-22 12:26:21.708000+00:00
Rabat,"(02) BOISSONS ALCOOLISÉES, TABAC ET STUPÉFIANTS",2017M9,2017-09-01,100,I4166,https://bds.hcp.ma/api/v1/indicators/I4166,2026-06-22 12:26:21.708000+00:00
Rabat,"(02) BOISSONS ALCOOLISÉES, TABAC ET STUPÉFIANTS",2017M10,2017-10-01,100.1,I4166,https://bds.hcp.ma/api/v1/indicators/I4166,2026-06-22 12:26:21.708000+00:00
Rabat,"(02) BOISSONS ALCOOLISÉES, TABAC ET STUPÉFIANTS",2017M11,2017-11-01,100.1,I4166,https://bds.hcp.ma/api/v1/indicators/I4166,2026-06-22 12:26:21.708000+00:00
Rabat,"(02) BOISSONS ALCOOLISÉES, TABAC ET STUPÉFIANTS",2017M12,2017-12-01,100.2,I4166,https://bds.hcp.ma/api/v1/indicators/I4166,2026-06-22 12:26:21.708000+00:00
Rabat,"(02) BOISSONS ALCOOLISÉES, TABAC ET STUPÉFIANTS",2018M1,2018-01-01,108.3,I4166,https://bds.hcp.ma/api/v1/indicators/I4166,2026-06-22 12:26:21.708000+00:00
Rabat,"(02) BOISSONS ALCOOLISÉES, TABAC ET STUPÉFIANTS",2018M2,2018-02-01,108.3,I4166,https://bds.hcp.ma/api/v1/indicators/I4166,2026-06-22 12:26:21.708000+00:00
Rabat,"(02) BOISSONS ALCOOLISÉES, TABAC ET STUPÉFIANTS",2018M3,2018-03-01,108.3,I4166,https://bds.hcp.ma/api/v1/indicators/I4166,2026-06-22 12:26:21.708000+00:00
Rabat,"(02) BOISSONS ALCOOLISÉES, TABAC ET STUPÉFIANTS",2018M4,2018-04-01,108.1,I4166,https://bds.hcp.ma/api/v1/indicators/I4166,2026-06-22 12:26:21.708000+00:00
Rabat,"(02) BOISSONS ALCOOLISÉES, TABAC ET STUPÉFIANTS",2018M5,2018-05-01,108.1,I4166,https://bds.hcp.ma/api/v1/indicators/I4166,2026-06-22 12:26:21.708000+00:00
Rabat,"(02) BOISSONS ALCOOLISÉES, TABAC ET STUPÉFIANTS",2018M6,2018-06-01,108,I4166,https://bds.hcp.ma/api/v1/indicators/I4166,2026-06-22 12:26:21.708000+00:00
Rabat,"(02) BOISSONS ALCOOLISÉES, TABAC ET STUPÉFIANTS",2018M7,2018-07-01,108,I4166,https://bds.hcp.ma/api/v1/indicators/I4166,2026-06-22 12:26:21.708000+00:00
Rabat,"(02) BOISSONS ALCOOLISÉES, TABAC ET STUPÉFIANTS",2018M8,2018-08-01,108.1,I4166,https://bds.hcp.ma/api/v1/indicators/I4166,2026-06-22 12:26:21.708000+00:00
Rabat,"(02) BOISSONS ALCOOLISÉES, TABAC ET STUPÉFIANTS",2018M9,2018-09-01,108,I4166,https://bds.hcp.ma/api/v1/indicators/I4166,2026-06-22 12:26:21.708000+00:00
Rabat,"(02) BOISSONS ALCOOLISÉES, TABAC ET STUPÉFIANTS",2018M10,2018-10-01,108,I4166,https://bds.hcp.ma/api/v1/indicators/I4166,2026-06-22 12:26:21.708000+00:00
Rabat,"(02) BOISSONS ALCOOLISÉES, TABAC ET STUPÉFIANTS",2018M11,2018-11-01,108,I4166,https://bds.hcp.ma/api/v1/indicators/I4166,2026-06-22 12:26:21.708000+00:00
Rabat,"(02) BOISSONS ALCOOLISÉES, TABAC ET STUPÉFIANTS",2018M12,2018-12-01,108,I4166,https://bds.hcp.ma/api/v1/indicators/I4166,2026-06-22 12:26:21.708000+00:00
Rabat,"(02) BOISSONS ALCOOLISÉES, TABAC ET STUPÉFIANTS",2019M1,2019-01-01,119.6,I4166,https://bds.hcp.ma/api/v1/indicators/I4166,2026-06-22 12:26:21.708000+00:00
Rabat,"(02) BOISSONS ALCOOLISÉES, TABAC ET STUPÉFIANTS",2019M2,2019-02-01,119.6,I4166,https://bds.hcp.ma/api/v1/indicators/I4166,2026-06-22 12:26:21.708000+00:00
Rabat,"(02) BOISSONS ALCOOLISÉES, TABAC ET STUPÉFIANTS",2019M3,2019-03-01,119.6,I4166,https://bds.hcp.ma/api/v1/indicators/I4166,2026-06-22 12:26:21.708000+00:00
Rabat,"(02) BOISSONS ALCOOLISÉES, TABAC ET STUPÉFIANTS",2019M4,2019-04-01,119.5,I4166,https://bds.hcp.ma/api/v1/indicators/I4166,2026-06-22 12:26:21.708000+00:00
Rabat,"(02) BOISSONS ALCOOLISÉES, TABAC ET STUPÉFIANTS",2019M5,2019-05-01,119.6,I4166,https://bds.hcp.ma/api/v1/indicators/I4166,2026-06-22 12:26:21.708000+00:00
Rabat,"(02) BOISSONS ALCOOLISÉES, TABAC ET STUPÉFIANTS",2019M6,2019-06-01,119.7,I4166,https://bds.hcp.ma/api/v1/indicators/I4166,2026-06-22 12:26:21.708000+00:00
Rabat,"(02) BOISSONS ALCOOLISÉES, TABAC ET STUPÉFIANTS",2019M7,2019-07-01,119.7,I4166,https://bds.hcp.ma/api/v1/indicators/I4166,2026-06-22 12:26:21.708000+00:00
Rabat,"(02) BOISSONS ALCOOLISÉES, TABAC ET STUPÉFIANTS",2019M8,2019-08-01,119.8,I4166,https://bds.hcp.ma/api/v1/indicators/I4166,2026-06-22 12:26:21.708000+00:00
Rabat,"(02) BOISSONS ALCOOLISÉES, TABAC ET STUPÉFIANTS",2019M9,2019-09-01,119.5,I4166,https://bds.hcp.ma/api/v1/indicators/I4166,2026-06-22 12:26:21.708000+00:00
Rabat,"(02) BOISSONS ALCOOLISÉES, TABAC ET STUPÉFIANTS",2019M10,2019-10-01,119.5,I4166,https://bds.hcp.ma/api/v1/indicators/I4166,2026-06-22 12:26:21.708000+00:00
Rabat,"(02) BOISSONS ALCOOLISÉES, TABAC ET STUPÉFIANTS",2019M11,2019-11-01,119.5,I4166,https://bds.hcp.ma/api/v1/indicators/I4166,2026-06-22 12:26:21.708000+00:00
Rabat,"(02) BOISSONS ALCOOLISÉES, TABAC ET STUPÉFIANTS",2019M12,2019-12-01,119.4,I4166,https://bds.hcp.ma/api/v1/indicators/I4166,2026-06-22 12:26:21.708000+00:00
Rabat,"(02) BOISSONS ALCOOLISÉES, TABAC ET STUPÉFIANTS",2020M1,2020-01-01,119.4,I4166,https://bds.hcp.ma/api/v1/indicators/I4166,2026-06-22 12:26:21.708000+00:00
Rabat,"(02) BOISSONS ALCOOLISÉES, TABAC ET STUPÉFIANTS",2020M2,2020-02-01,119.4,I4166,https://bds.hcp.ma/api/v1/indicators/I4166,2026-06-22 12:26:21.708000+00:00
Rabat,"(02) BOISSONS ALCOOLISÉES, TABAC ET STUPÉFIANTS",2020M3,2020-03-01,119.6,I4166,https://bds.hcp.ma/api/v1/indicators/I4166,2026-06-22 12:26:21.708000+00:00
Rabat,"(02) BOISSONS ALCOOLISÉES, TABAC ET STUPÉFIANTS",2020M4,2020-04-01,119.6,I4166,https://bds.hcp.ma/api/v1/indicators/I4166,2026-06-22 12:26:21.708000+00:00
Rabat,"(02) BOISSONS ALCOOLISÉES, TABAC ET STUPÉFIANTS",2020M5,2020-05-01,119.6,I4166,https://bds.hcp.ma/api/v1/indicators/I4166,2026-06-22 12:26:21.708000+00:00
Rabat,"(02) BOISSONS ALCOOLISÉES, TABAC ET STUPÉFIANTS",2020M6,2020-06-01,119.4,I4166,https://bds.hcp.ma/api/v1/indicators/I4166,2026-06-22 12:26:21.708000+00:00
Rabat,"(02) BOISSONS ALCOOLISÉES, TABAC ET STUPÉFIANTS",2020M7,2020-07-01,119.5,I4166,https://bds.hcp.ma/api/v1/indicators/I4166,2026-06-22 12:26:21.708000+00:00
Rabat,"(02) BOISSONS ALCOOLISÉES, TABAC ET STUPÉFIANTS",2020M8,2020-08-01,121.9,I4166,https://bds.hcp.ma/api/v1/indicators/I4166,2026-06-22 12:26:21.708000+00:00
Rabat,"(02) BOISSONS ALCOOLISÉES, TABAC ET STUPÉFIANTS",2020M9,2020-09-01,121.9,I4166,https://bds.hcp.ma/api/v1/indicators/I4166,2026-06-22 12:26:21.708000+00:00
Rabat,"(02) BOISSONS ALCOOLISÉES, TABAC ET STUPÉFIANTS",2020M10,2020-10-01,121.9,I4166,https://bds.hcp.ma/api/v1/indicators/I4166,2026-06-22 12:26:21.708000+00:00
Rabat,"(02) BOISSONS ALCOOLISÉES, TABAC ET STUPÉFIANTS",2020M11,2020-11-01,121.9,I4166,https://bds.hcp.ma/api/v1/indicators/I4166,2026-06-22 12:26:21.708000+00:00
Rabat,"(02) BOISSONS ALCOOLISÉES, TABAC ET STUPÉFIANTS",2020M12,2020-12-01,122,I4166,https://bds.hcp.ma/api/v1/indicators/I4166,2026-06-22 12:26:21.708000+00:00
Rabat,"(02) BOISSONS ALCOOLISÉES, TABAC ET STUPÉFIANTS",2021M1,2021-01-01,124.7,I4166,https://bds.hcp.ma/api/v1/indicators/I4166,2026-06-22 12:26:21.708000+00:00
Rabat,"(02) BOISSONS ALCOOLISÉES, TABAC ET STUPÉFIANTS",2021M2,2021-02-01,124.7,I4166,https://bds.hcp.ma/api/v1/indicators/I4166,2026-06-22 12:26:21.708000+00:00
Rabat,"(02) BOISSONS ALCOOLISÉES, TABAC ET STUPÉFIANTS",2021M3,2021-03-01,124.7,I4166,https://bds.hcp.ma/api/v1/indicators/I4166,2026-06-22 12:26:21.708000+00:00
Rabat,"(02) BOISSONS ALCOOLISÉES, TABAC ET STUPÉFIANTS",2021M4,2021-04-01,124.7,I4166,https://bds.hcp.ma/api/v1/indicators/I4166,2026-06-22 12:26:21.708000+00:00
Rabat,"(02) BOISSONS ALCOOLISÉES, TABAC ET STUPÉFIANTS",2021M5,2021-05-01,124.7,I4166,https://bds.hcp.ma/api/v1/indicators/I4166,2026-06-22 12:26:21.708000+00:00
Rabat,"(02) BOISSONS ALCOOLISÉES, TABAC ET STUPÉFIANTS",2021M6,2021-06-01,124.8,I4166,https://bds.hcp.ma/api/v1/indicators/I4166,2026-06-22 12:26:21.708000+00:00
Rabat,"(02) BOISSONS ALCOOLISÉES, TABAC ET STUPÉFIANTS",2021M7,2021-07-01,124.9,I4166,https://bds.hcp.ma/api/v1/indicators/I4166,2026-06-22 12:26:21.708000+00:00
Rabat,"(02) BOISSONS ALCOOLISÉES, TABAC ET STUPÉFIANTS",2021M8,2021-08-01,124.9,I4166,https://bds.hcp.ma/api/v1/indicators/I4166,2026-06-22 12:26:21.708000+00:00
Rabat,"(02) BOISSONS ALCOOLISÉES, TABAC ET STUPÉFIANTS",2021M9,2021-09-01,124.9,I4166,https://bds.hcp.ma/api/v1/indicators/I4166,2026-06-22 12:26:21.708000+00:00
Rabat,"(02) BOISSONS ALCOOLISÉES, TABAC ET STUPÉFIANTS",2021M10,2021-10-01,124.9,I4166,https://bds.hcp.ma/api/v1/indicators/I4166,2026-06-22 12:26:21.708000+00:00
Rabat,"(02) BOISSONS ALCOOLISÉES, TABAC ET STUPÉFIANTS",2021M11,2021-11-01,125,I4166,https://bds.hcp.ma/api/v1/indicators/I4166,2026-06-22 12:26:21.708000+00:00
Rabat,"(02) BOISSONS ALCOOLISÉES, TABAC ET STUPÉFIANTS",2021M12,2021-12-01,124.9,I4166,https://bds.hcp.ma/api/v1/indicators/I4166,2026-06-22 12:26:21.708000+00:00
Rabat,"(02) BOISSONS ALCOOLISÉES, TABAC ET STUPÉFIANTS",2022M1,2022-01-01,129,I4166,https://bds.hcp.ma/api/v1/indicators/I4166,2026-06-22 12:26:21.708000+00:00
Rabat,"(02) BOISSONS ALCOOLISÉES, TABAC ET STUPÉFIANTS",2022M2,2022-02-01,129,I4166,https://bds.hcp.ma/api/v1/indicators/I4166,2026-06-22 12:26:21.708000+00:00
Rabat,"(02) BOISSONS ALCOOLISÉES, TABAC ET STUPÉFIANTS",2022M3,2022-03-01,129.1,I4166,https://bds.hcp.ma/api/v1/indicators/I4166,2026-06-22 12:26:21.708000+00:00
Rabat,"(02) BOISSONS ALCOOLISÉES, TABAC ET STUPÉFIANTS",2022M4,2022-04-01,129.1,I4166,https://bds.hcp.ma/api/v1/indicators/I4166,2026-06-22 12:26:21.708000+00:00
Rabat,"(02) BOISSONS ALCOOLISÉES, TABAC ET STUPÉFIANTS",2022M5,2022-05-01,129.3,I4166,https://bds.hcp.ma/api/v1/indicators/I4166,2026-06-22 12:26:21.708000+00:00
Rabat,"(02) BOISSONS ALCOOLISÉES, TABAC ET STUPÉFIANTS",2022M6,2022-06-01,129.4,I4166,https://bds.hcp.ma/api/v1/indicators/I4166,2026-06-22 12:26:21.708000+00:00
Rabat,"(02) BOISSONS ALCOOLISÉES, TABAC ET STUPÉFIANTS",2022M7,2022-07-01,129.4,I4166,https://bds.hcp.ma/api/v1/indicators/I4166,2026-06-22 12:26:21.708000+00:00
Rabat,"(02) BOISSONS ALCOOLISÉES, TABAC ET STUPÉFIANTS",2022M8,2022-08-01,129.2,I4166,https://bds.hcp.ma/api/v1/indicators/I4166,2026-06-22 12:26:21.708000+00:00
Rabat,"(02) BOISSONS ALCOOLISÉES, TABAC ET STUPÉFIANTS",2022M9,2022-09-01,129.3,I4166,https://bds.hcp.ma/api/v1/indicators/I4166,2026-06-22 12:26:21.708000+00:00
Rabat,"(02) BOISSONS ALCOOLISÉES, TABAC ET STUPÉFIANTS",2022M10,2022-10-01,129.3,I4166,https://bds.hcp.ma/api/v1/indicators/I4166,2026-06-22 12:26:21.708000+00:00
Rabat,"(02) BOISSONS ALCOOLISÉES, TABAC ET STUPÉFIANTS",2022M11,2022-11-01,129.4,I4166,https://bds.hcp.ma/api/v1/indicators/I4166,2026-06-22 12:26:21.708000+00:00
Rabat,"(02) BOISSONS ALCOOLISÉES, TABAC ET STUPÉFIANTS",2022M12,2022-12-01,129.3,I4166,https://bds.hcp.ma/api/v1/indicators/I4166,2026-06-22 12:26:21.708000+00:00
Rabat,"(02) BOISSONS ALCOOLISÉES, TABAC ET STUPÉFIANTS",2023M1,2023-01-01,136.3,I4166,https://bds.hcp.ma/api/v1/indicators/I4166,2026-06-22 12:26:21.708000+00:00
Rabat,"(02) BOISSONS ALCOOLISÉES, TABAC ET STUPÉFIANTS",2023M2,2023-02-01,136.2,I4166,https://bds.hcp.ma/api/v1/indicators/I4166,2026-06-22 12:26:21.708000+00:00
Rabat,"(02) BOISSONS ALCOOLISÉES, TABAC ET STUPÉFIANTS",2023M3,2023-03-01,136.2,I4166,https://bds.hcp.ma/api/v1/indicators/I4166,2026-06-22 12:26:21.708000+00:00
Rabat,"(02) BOISSONS ALCOOLISÉES, TABAC ET STUPÉFIANTS",2023M4,2023-04-01,136.2,I4166,https://bds.hcp.ma/api/v1/indicators/I4166,2026-06-22 12:26:21.708000+00:00
Rabat,"(02) BOISSONS ALCOOLISÉES, TABAC ET STUPÉFIANTS",2023M5,2023-05-01,136.3,I4166,https://bds.hcp.ma/api/v1/indicators/I4166,2026-06-22 12:26:21.708000+00:00
Rabat,"(02) BOISSONS ALCOOLISÉES, TABAC ET STUPÉFIANTS",2023M6,2023-06-01,136.4,I4166,https://bds.hcp.ma/api/v1/indicators/I4166,2026-06-22 12:26:21.708000+00:00
Rabat,"(02) BOISSONS ALCOOLISÉES, TABAC ET STUPÉFIANTS",2023M7,2023-07-01,136.4,I4166,https://bds.hcp.ma/api/v1/indicators/I4166,2026-06-22 12:26:21.708000+00:00
Rabat,"(02) BOISSONS ALCOOLISÉES, TABAC ET STUPÉFIANTS",2023M8,2023-08-01,136.5,I4166,https://bds.hcp.ma/api/v1/indicators/I4166,2026-06-22 12:26:21.708000+00:00
Rabat,"(02) BOISSONS ALCOOLISÉES, TABAC ET STUPÉFIANTS",2023M9,2023-09-01,136.5,I4166,https://bds.hcp.ma/api/v1/indicators/I4166,2026-06-22 12:26:21.708000+00:00
Rabat,"(02) BOISSONS ALCOOLISÉES, TABAC ET STUPÉFIANTS",2023M10,2023-10-01,136.5,I4166,https://bds.hcp.ma/api/v1/indicators/I4166,2026-06-22 12:26:21.708000+00:00
Rabat,"(02) BOISSONS ALCOOLISÉES, TABAC ET STUPÉFIANTS",2023M11,2023-11-01,136.6,I4166,https://bds.hcp.ma/api/v1/indicators/I4166,2026-06-22 12:26:21.708000+00:00
Rabat,"(02) BOISSONS ALCOOLISÉES, TABAC ET STUPÉFIANTS",2023M12,2023-12-01,136.6,I4166,https://bds.hcp.ma/api/v1/indicators/I4166,2026-06-22 12:26:21.708000+00:00
Rabat,"(02) BOISSONS ALCOOLISÉES, TABAC ET STUPÉFIANTS",2024M1,2024-01-01,139.5,I4166,https://bds.hcp.ma/api/v1/indicators/I4166,2026-06-22 12:26:21.708000+00:00
Rabat,"(02) BOISSONS ALCOOLISÉES, TABAC ET STUPÉFIANTS",2024M2,2024-02-01,139.6,I4166,https://bds.hcp.ma/api/v1/indicators/I4166,2026-06-22 12:26:21.708000+00:00
Rabat,"(02) BOISSONS ALCOOLISÉES, TABAC ET STUPÉFIANTS",2024M3,2024-03-01,139.6,I4166,https://bds.hcp.ma/api/v1/indicators/I4166,2026-06-22 12:26:21.708000+00:00
Rabat,"(02) BOISSONS ALCOOLISÉES, TABAC ET STUPÉFIANTS",2024M4,2024-04-01,139.8,I4166,https://bds.hcp.ma/api/v1/indicators/I4166,2026-06-22 12:26:21.708000+00:00
Rabat,"(02) BOISSONS ALCOOLISÉES, TABAC ET STUPÉFIANTS",2024M5,2024-05-01,140.8,I4166,https://bds.hcp.ma/api/v1/indicators/I4166,2026-06-22 12:26:21.708000+00:00
Rabat,"(02) BOISSONS ALCOOLISÉES, TABAC ET STUPÉFIANTS",2024M6,2024-06-01,141,I4166,https://bds.hcp.ma/api/v1/indicators/I4166,2026-06-22 12:26:21.708000+00:00
Rabat,"(02) BOISSONS ALCOOLISÉES, TABAC ET STUPÉFIANTS",2024M7,2024-07-01,140.9,I4166,https://bds.hcp.ma/api/v1/indicators/I4166,2026-06-22 12:26:21.708000+00:00
Rabat,"(02) BOISSONS ALCOOLISÉES, TABAC ET STUPÉFIANTS",2024M8,2024-08-01,141.1,I4166,https://bds.hcp.ma/api/v1/indicators/I4166,2026-06-22 12:26:21.708000+00:00
Rabat,"(02) BOISSONS ALCOOLISÉES, TABAC ET STUPÉFIANTS",2024M9,2024-09-01,141.2,I4166,https://bds.hcp.ma/api/v1/indicators/I4166,2026-06-22 12:26:21.708000+00:00
Rabat,"(02) BOISSONS ALCOOLISÉES, TABAC ET STUPÉFIANTS",2024M10,2024-10-01,141.3,I4166,https://bds.hcp.ma/api/v1/indicators/I4166,2026-06-22 12:26:21.708000+00:00
Rabat,"(02) BOISSONS ALCOOLISÉES, TABAC ET STUPÉFIANTS",2024M11,2024-11-01,141.3,I4166,https://bds.hcp.ma/api/v1/indicators/I4166,2026-06-22 12:26:21.708000+00:00
Rabat,"(02) BOISSONS ALCOOLISÉES, TABAC ET STUPÉFIANTS",2024M12,2024-12-01,141.5,I4166,https://bds.hcp.ma/api/v1/indicators/I4166,2026-06-22 12:26:21.708000+00:00
Rabat,"(02) BOISSONS ALCOOLISÉES, TABAC ET STUPÉFIANTS",2025M1,2025-01-01,144.3,I4166,https://bds.hcp.ma/api/v1/indicators/I4166,2026-06-22 12:26:21.708000+00:00
Rabat,"(02) BOISSONS ALCOOLISÉES, TABAC ET STUPÉFIANTS",2025M2,2025-02-01,144.3,I4166,https://bds.hcp.ma/api/v1/indicators/I4166,2026-06-22 12:26:21.708000+00:00
Rabat,"(02) BOISSONS ALCOOLISÉES, TABAC ET STUPÉFIANTS",2025M3,2025-03-01,144.3,I4166,https://bds.hcp.ma/api/v1/indicators/I4166,2026-06-22 12:26:21.708000+00:00
Rabat,"(02) BOISSONS ALCOOLISÉES, TABAC ET STUPÉFIANTS",2025M4,2025-04-01,145.3,I4166,https://bds.hcp.ma/api/v1/indicators/I4166,2026-06-22 12:26:21.708000+00:00
Rabat,"(02) BOISSONS ALCOOLISÉES, TABAC ET STUPÉFIANTS",2025M5,2025-05-01,145.1,I4166,https://bds.hcp.ma/api/v1/indicators/I4166,2026-06-22 12:26:21.708000+00:00
Rabat,"(02) BOISSONS ALCOOLISÉES, TABAC ET STUPÉFIANTS",2025M6,2025-06-01,145.2,I4166,https://bds.hcp.ma/api/v1/indicators/I4166,2026-06-22 12:26:21.708000+00:00
Rabat,"(02) BOISSONS ALCOOLISÉES, TABAC ET STUPÉFIANTS",2025M7,2025-07-01,145.0,I4166,https://bds.hcp.ma/api/v1/indicators/I4166,2026-06-22 12:26:21.708000+00:00
Rabat,"(02) BOISSONS ALCOOLISÉES, TABAC ET STUPÉFIANTS",2025M8,2025-08-01,145.1,I4166,https://bds.hcp.ma/api/v1/indicators/I4166,2026-06-22 12:26:21.708000+00:00
Rabat,"(02) BOISSONS ALCOOLISÉES, TABAC ET STUPÉFIANTS",2025M9,2025-09-01,145.2,I4166,https://bds.hcp.ma/api/v1/indicators/I4166,2026-06-22 12:26:21.708000+00:00
Rabat,"(02) BOISSONS ALCOOLISÉES, TABAC ET STUPÉFIANTS",2025M10,2025-10-01,145.1,I4166,https://bds.hcp.ma/api/v1/indicators/I4166,2026-06-22 12:26:21.708000+00:00
Rabat,"(02) BOISSONS ALCOOLISÉES, TABAC ET STUPÉFIANTS",2025M11,2025-11-01,145.0,I4166,https://bds.hcp.ma/api/v1/indicators/I4166,2026-06-22 12:26:21.708000+00:00
Rabat,"(02) BOISSONS ALCOOLISÉES, TABAC ET STUPÉFIANTS",2025M12,2025-12-01,144.8,I4166,https://bds.hcp.ma/api/v1/indicators/I4166,2026-06-22 12:26:21.708000+00:00
Rabat,"(02) BOISSONS ALCOOLISÉES, TABAC ET STUPÉFIANTS",2026M1,2026-01-01,149.0,I4166,https://bds.hcp.ma/api/v1/indicators/I4166,2026-06-22 12:26:21.708000+00:00
Rabat,"(02) BOISSONS ALCOOLISÉES, TABAC ET STUPÉFIANTS",2026M2,2026-02-01,149.1,I4166,https://bds.hcp.ma/api/v1/indicators/I4166,2026-06-22 12:26:21.708000+00:00
Rabat,"(02) BOISSONS ALCOOLISÉES, TABAC ET STUPÉFIANTS",2026M3,2026-03-01,149.0,I4166,https://bds.hcp.ma/api/v1/indicators/I4166,2026-06-22 12:26:21.708000+00:00
Rabat,(03) ARTICLES D'HABILLEMENT ET CHAUSSURES,2017M1,2017-01-01,99.9,I4166,https://bds.hcp.ma/api/v1/indicators/I4166,2026-06-22 12:26:21.708000+00:00
Rabat,(03) ARTICLES D'HABILLEMENT ET CHAUSSURES,2017M2,2017-02-01,100.6,I4166,https://bds.hcp.ma/api/v1/indicators/I4166,2026-06-22 12:26:21.708000+00:00
Rabat,(03) ARTICLES D'HABILLEMENT ET CHAUSSURES,2017M3,2017-03-01,100.2,I4166,https://bds.hcp.ma/api/v1/indicators/I4166,2026-06-22 12:26:21.708000+00:00
Rabat,(03) ARTICLES D'HABILLEMENT ET CHAUSSURES,2017M4,2017-04-01,100.2,I4166,https://bds.hcp.ma/api/v1/indicators/I4166,2026-06-22 12:26:21.708000+00:00
Rabat,(03) ARTICLES D'HABILLEMENT ET CHAUSSURES,2017M5,2017-05-01,99.7,I4166,https://bds.hcp.ma/api/v1/indicators/I4166,2026-06-22 12:26:21.708000+00:00
Rabat,(03) ARTICLES D'HABILLEMENT ET CHAUSSURES,2017M6,2017-06-01,99.6,I4166,https://bds.hcp.ma/api/v1/indicators/I4166,2026-06-22 12:26:21.708000+00:00
Rabat,(03) ARTICLES D'HABILLEMENT ET CHAUSSURES,2017M7,2017-07-01,99.6,I4166,https://bds.hcp.ma/api/v1/indicators/I4166,2026-06-22 12:26:21.708000+00:00
Rabat,(03) ARTICLES D'HABILLEMENT ET CHAUSSURES,2017M8,2017-08-01,99.6,I4166,https://bds.hcp.ma/api/v1/indicators/I4166,2026-06-22 12:26:21.708000+00:00
Rabat,(03) ARTICLES D'HABILLEMENT ET CHAUSSURES,2017M9,2017-09-01,99.7,I4166,https://bds.hcp.ma/api/v1/indicators/I4166,2026-06-22 12:26:21.708000+00:00
Rabat,(03) ARTICLES D'HABILLEMENT ET CHAUSSURES,2017M10,2017-10-01,99.7,I4166,https://bds.hcp.ma/api/v1/indicators/I4166,2026-06-22 12:26:21.708000+00:00
Rabat,(03) ARTICLES D'HABILLEMENT ET CHAUSSURES,2017M11,2017-11-01,100.6,I4166,https://bds.hcp.ma/api/v1/indicators/I4166,2026-06-22 12:26:21.708000+00:00
Rabat,(03) ARTICLES D'HABILLEMENT ET CHAUSSURES,2017M12,2017-12-01,100.7,I4166,https://bds.hcp.ma/api/v1/indicators/I4166,2026-06-22 12:26:21.708000+00:00
Rabat,(03) ARTICLES D'HABILLEMENT ET CHAUSSURES,2018M1,2018-01-01,100.7,I4166,https://bds.hcp.ma/api/v1/indicators/I4166,2026-06-22 12:26:21.708000+00:00
Rabat,(03) ARTICLES D'HABILLEMENT ET CHAUSSURES,2018M2,2018-02-01,100.7,I4166,https://bds.hcp.ma/api/v1/indicators/I4166,2026-06-22 12:26:21.708000+00:00
Rabat,(03) ARTICLES D'HABILLEMENT ET CHAUSSURES,2018M3,2018-03-01,100.8,I4166,https://bds.hcp.ma/api/v1/indicators/I4166,2026-06-22 12:26:21.708000+00:00
Rabat,(03) ARTICLES D'HABILLEMENT ET CHAUSSURES,2018M4,2018-04-01,100.8,I4166,https://bds.hcp.ma/api/v1/indicators/I4166,2026-06-22 12:26:21.708000+00:00
Rabat,(03) ARTICLES D'HABILLEMENT ET CHAUSSURES,2018M5,2018-05-01,101.1,I4166,https://bds.hcp.ma/api/v1/indicators/I4166,2026-06-22 12:26:21.708000+00:00
Rabat,(03) ARTICLES D'HABILLEMENT ET CHAUSSURES,2018M6,2018-06-01,101.1,I4166,https://bds.hcp.ma/api/v1/indicators/I4166,2026-06-22 12:26:21.708000+00:00
Rabat,(03) ARTICLES D'HABILLEMENT ET CHAUSSURES,2018M7,2018-07-01,101.2,I4166,https://bds.hcp.ma/api/v1/indicators/I4166,2026-06-22 12:26:21.708000+00:00
Rabat,(03) ARTICLES D'HABILLEMENT ET CHAUSSURES,2018M8,2018-08-01,101.2,I4166,https://bds.hcp.ma/api/v1/indicators/I4166,2026-06-22 12:26:21.708000+00:00
Rabat,(03) ARTICLES D'HABILLEMENT ET CHAUSSURES,2018M9,2018-09-01,101.2,I4166,https://bds.hcp.ma/api/v1/indicators/I4166,2026-06-22 12:26:21.708000+00:00
Rabat,(03) ARTICLES D'HABILLEMENT ET CHAUSSURES,2018M10,2018-10-01,101.2,I4166,https://bds.hcp.ma/api/v1/indicators/I4166,2026-06-22 12:26:21.708000+00:00
Rabat,(03) ARTICLES D'HABILLEMENT ET CHAUSSURES,2018M11,2018-11-01,101.2,I4166,https://bds.hcp.ma/api/v1/indicators/I4166,2026-06-22 12:26:21.708000+00:00
Rabat,(03) ARTICLES D'HABILLEMENT ET CHAUSSURES,2018M12,2018-12-01,102,I4166,https://bds.hcp.ma/api/v1/indicators/I4166,2026-06-22 12:26:21.708000+00:00
Rabat,(03) ARTICLES D'HABILLEMENT ET CHAUSSURES,2019M1,2019-01-01,102,I4166,https://bds.hcp.ma/api/v1/indicators/I4166,2026-06-22 12:26:21.708000+00:00
Rabat,(03) ARTICLES D'HABILLEMENT ET CHAUSSURES,2019M2,2019-02-01,102.1,I4166,https://bds.hcp.ma/api/v1/indicators/I4166,2026-06-22 12:26:21.708000+00:00
Rabat,(03) ARTICLES D'HABILLEMENT ET CHAUSSURES,2019M3,2019-03-01,102.1,I4166,https://bds.hcp.ma/api/v1/indicators/I4166,2026-06-22 12:26:21.708000+00:00
Rabat,(03) ARTICLES D'HABILLEMENT ET CHAUSSURES,2019M4,2019-04-01,101.9,I4166,https://bds.hcp.ma/api/v1/indicators/I4166,2026-06-22 12:26:21.708000+00:00
Rabat,(03) ARTICLES D'HABILLEMENT ET CHAUSSURES,2019M5,2019-05-01,103.6,I4166,https://bds.hcp.ma/api/v1/indicators/I4166,2026-06-22 12:26:21.708000+00:00
Rabat,(03) ARTICLES D'HABILLEMENT ET CHAUSSURES,2019M6,2019-06-01,104,I4166,https://bds.hcp.ma/api/v1/indicators/I4166,2026-06-22 12:26:21.708000+00:00
Rabat,(03) ARTICLES D'HABILLEMENT ET CHAUSSURES,2019M7,2019-07-01,103.7,I4166,https://bds.hcp.ma/api/v1/indicators/I4166,2026-06-22 12:26:21.708000+00:00
Rabat,(03) ARTICLES D'HABILLEMENT ET CHAUSSURES,2019M8,2019-08-01,103.1,I4166,https://bds.hcp.ma/api/v1/indicators/I4166,2026-06-22 12:26:21.708000+00:00
Rabat,(03) ARTICLES D'HABILLEMENT ET CHAUSSURES,2019M9,2019-09-01,103.1,I4166,https://bds.hcp.ma/api/v1/indicators/I4166,2026-06-22 12:26:21.708000+00:00
Rabat,(03) ARTICLES D'HABILLEMENT ET CHAUSSURES,2019M10,2019-10-01,104.4,I4166,https://bds.hcp.ma/api/v1/indicators/I4166,2026-06-22 12:26:21.708000+00:00
Rabat,(03) ARTICLES D'HABILLEMENT ET CHAUSSURES,2019M11,2019-11-01,104.8,I4166,https://bds.hcp.ma/api/v1/indicators/I4166,2026-06-22 12:26:21.708000+00:00
Rabat,(03) ARTICLES D'HABILLEMENT ET CHAUSSURES,2019M12,2019-12-01,104.8,I4166,https://bds.hcp.ma/api/v1/indicators/I4166,2026-06-22 12:26:21.708000+00:00
Rabat,(03) ARTICLES D'HABILLEMENT ET CHAUSSURES,2020M1,2020-01-01,104.8,I4166,https://bds.hcp.ma/api/v1/indicators/I4166,2026-06-22 12:26:21.708000+00:00
Rabat,(03) ARTICLES D'HABILLEMENT ET CHAUSSURES,2020M2,2020-02-01,104.8,I4166,https://bds.hcp.ma/api/v1/indicators/I4166,2026-06-22 12:26:21.708000+00:00
Rabat,(03) ARTICLES D'HABILLEMENT ET CHAUSSURES,2020M3,2020-03-01,104.8,I4166,https://bds.hcp.ma/api/v1/indicators/I4166,2026-06-22 12:26:21.708000+00:00
Rabat,(03) ARTICLES D'HABILLEMENT ET CHAUSSURES,2020M4,2020-04-01,104.7,I4166,https://bds.hcp.ma/api/v1/indicators/I4166,2026-06-22 12:26:21.708000+00:00
Rabat,(03) ARTICLES D'HABILLEMENT ET CHAUSSURES,2020M5,2020-05-01,104.3,I4166,https://bds.hcp.ma/api/v1/indicators/I4166,2026-06-22 12:26:21.708000+00:00
Rabat,(03) ARTICLES D'HABILLEMENT ET CHAUSSURES,2020M6,2020-06-01,104.4,I4166,https://bds.hcp.ma/api/v1/indicators/I4166,2026-06-22 12:26:21.708000+00:00
Rabat,(03) ARTICLES D'HABILLEMENT ET CHAUSSURES,2020M7,2020-07-01,103.8,I4166,https://bds.hcp.ma/api/v1/indicators/I4166,2026-06-22 12:26:21.708000+00:00
Rabat,(03) ARTICLES D'HABILLEMENT ET CHAUSSURES,2020M8,2020-08-01,102.8,I4166,https://bds.hcp.ma/api/v1/indicators/I4166,2026-06-22 12:26:21.708000+00:00
Rabat,(03) ARTICLES D'HABILLEMENT ET CHAUSSURES,2020M9,2020-09-01,102.6,I4166,https://bds.hcp.ma/api/v1/indicators/I4166,2026-06-22 12:26:21.708000+00:00
Rabat,(03) ARTICLES D'HABILLEMENT ET CHAUSSURES,2020M10,2020-10-01,102.9,I4166,https://bds.hcp.ma/api/v1/indicators/I4166,2026-06-22 12:26:21.708000+00:00
Rabat,(03) ARTICLES D'HABILLEMENT ET CHAUSSURES,2020M11,2020-11-01,104.5,I4166,https://bds.hcp.ma/api/v1/indicators/I4166,2026-06-22 12:26:21.708000+00:00
Rabat,(03) ARTICLES D'HABILLEMENT ET CHAUSSURES,2020M12,2020-12-01,104.5,I4166,https://bds.hcp.ma/api/v1/indicators/I4166,2026-06-22 12:26:21.708000+00:00
Rabat,(03) ARTICLES D'HABILLEMENT ET CHAUSSURES,2021M1,2021-01-01,104.5,I4166,https://bds.hcp.ma/api/v1/indicators/I4166,2026-06-22 12:26:21.708000+00:00
Rabat,(03) ARTICLES D'HABILLEMENT ET CHAUSSURES,2021M2,2021-02-01,105.4,I4166,https://bds.hcp.ma/api/v1/indicators/I4166,2026-06-22 12:26:21.708000+00:00
Rabat,(03) ARTICLES D'HABILLEMENT ET CHAUSSURES,2021M3,2021-03-01,106,I4166,https://bds.hcp.ma/api/v1/indicators/I4166,2026-06-22 12:26:21.708000+00:00
Rabat,(03) ARTICLES D'HABILLEMENT ET CHAUSSURES,2021M4,2021-04-01,107.2,I4166,https://bds.hcp.ma/api/v1/indicators/I4166,2026-06-22 12:26:21.708000+00:00
Rabat,(03) ARTICLES D'HABILLEMENT ET CHAUSSURES,2021M5,2021-05-01,107.5,I4166,https://bds.hcp.ma/api/v1/indicators/I4166,2026-06-22 12:26:21.708000+00:00
Rabat,(03) ARTICLES D'HABILLEMENT ET CHAUSSURES,2021M6,2021-06-01,107.4,I4166,https://bds.hcp.ma/api/v1/indicators/I4166,2026-06-22 12:26:21.708000+00:00
Rabat,(03) ARTICLES D'HABILLEMENT ET CHAUSSURES,2021M7,2021-07-01,106.1,I4166,https://bds.hcp.ma/api/v1/indicators/I4166,2026-06-22 12:26:21.708000+00:00
Rabat,(03) ARTICLES D'HABILLEMENT ET CHAUSSURES,2021M8,2021-08-01,106.7,I4166,https://bds.hcp.ma/api/v1/indicators/I4166,2026-06-22 12:26:21.708000+00:00
Rabat,(03) ARTICLES D'HABILLEMENT ET CHAUSSURES,2021M9,2021-09-01,107.8,I4166,https://bds.hcp.ma/api/v1/indicators/I4166,2026-06-22 12:26:21.708000+00:00
Rabat,(03) ARTICLES D'HABILLEMENT ET CHAUSSURES,2021M10,2021-10-01,109.9,I4166,https://bds.hcp.ma/api/v1/indicators/I4166,2026-06-22 12:26:21.708000+00:00
Rabat,(03) ARTICLES D'HABILLEMENT ET CHAUSSURES,2021M11,2021-11-01,112.9,I4166,https://bds.hcp.ma/api/v1/indicators/I4166,2026-06-22 12:26:21.708000+00:00
Rabat,(03) ARTICLES D'HABILLEMENT ET CHAUSSURES,2021M12,2021-12-01,114.2,I4166,https://bds.hcp.ma/api/v1/indicators/I4166,2026-06-22 12:26:21.708000+00:00
Rabat,(03) ARTICLES D'HABILLEMENT ET CHAUSSURES,2022M1,2022-01-01,115.2,I4166,https://bds.hcp.ma/api/v1/indicators/I4166,2026-06-22 12:26:21.708000+00:00
Rabat,(03) ARTICLES D'HABILLEMENT ET CHAUSSURES,2022M2,2022-02-01,116.3,I4166,https://bds.hcp.ma/api/v1/indicators/I4166,2026-06-22 12:26:21.708000+00:00
Rabat,(03) ARTICLES D'HABILLEMENT ET CHAUSSURES,2022M3,2022-03-01,116.5,I4166,https://bds.hcp.ma/api/v1/indicators/I4166,2026-06-22 12:26:21.708000+00:00
Rabat,(03) ARTICLES D'HABILLEMENT ET CHAUSSURES,2022M4,2022-04-01,118.6,I4166,https://bds.hcp.ma/api/v1/indicators/I4166,2026-06-22 12:26:21.708000+00:00
Rabat,(03) ARTICLES D'HABILLEMENT ET CHAUSSURES,2022M5,2022-05-01,119,I4166,https://bds.hcp.ma/api/v1/indicators/I4166,2026-06-22 12:26:21.708000+00:00
Rabat,(03) ARTICLES D'HABILLEMENT ET CHAUSSURES,2022M6,2022-06-01,119,I4166,https://bds.hcp.ma/api/v1/indicators/I4166,2026-06-22 12:26:21.708000+00:00
Rabat,(03) ARTICLES D'HABILLEMENT ET CHAUSSURES,2022M7,2022-07-01,119,I4166,https://bds.hcp.ma/api/v1/indicators/I4166,2026-06-22 12:26:21.708000+00:00
Rabat,(03) ARTICLES D'HABILLEMENT ET CHAUSSURES,2022M8,2022-08-01,119,I4166,https://bds.hcp.ma/api/v1/indicators/I4166,2026-06-22 12:26:21.708000+00:00
Rabat,(03) ARTICLES D'HABILLEMENT ET CHAUSSURES,2022M9,2022-09-01,119,I4166,https://bds.hcp.ma/api/v1/indicators/I4166,2026-06-22 12:26:21.708000+00:00
Rabat,(03) ARTICLES D'HABILLEMENT ET CHAUSSURES,2022M10,2022-10-01,119,I4166,https://bds.hcp.ma/api/v1/indicators/I4166,2026-06-22 12:26:21.708000+00:00
Rabat,(03) ARTICLES D'HABILLEMENT ET CHAUSSURES,2022M11,2022-11-01,121.1,I4166,https://bds.hcp.ma/api/v1/indicators/I4166,2026-06-22 12:26:21.708000+00:00
Rabat,(03) ARTICLES D'HABILLEMENT ET CHAUSSURES,2022M12,2022-12-01,121.7,I4166,https://bds.hcp.ma/api/v1/indicators/I4166,2026-06-22 12:26:21.708000+00:00
Rabat,(03) ARTICLES D'HABILLEMENT ET CHAUSSURES,2023M1,2023-01-01,121.7,I4166,https://bds.hcp.ma/api/v1/indicators/I4166,2026-06-22 12:26:21.708000+00:00
Rabat,(03) ARTICLES D'HABILLEMENT ET CHAUSSURES,2023M2,2023-02-01,121.7,I4166,https://bds.hcp.ma/api/v1/indicators/I4166,2026-06-22 12:26:21.708000+00:00
Rabat,(03) ARTICLES D'HABILLEMENT ET CHAUSSURES,2023M3,2023-03-01,121.7,I4166,https://bds.hcp.ma/api/v1/indicators/I4166,2026-06-22 12:26:21.708000+00:00
Rabat,(03) ARTICLES D'HABILLEMENT ET CHAUSSURES,2023M4,2023-04-01,125.3,I4166,https://bds.hcp.ma/api/v1/indicators/I4166,2026-06-22 12:26:21.708000+00:00
Rabat,(03) ARTICLES D'HABILLEMENT ET CHAUSSURES,2023M5,2023-05-01,125.3,I4166,https://bds.hcp.ma/api/v1/indicators/I4166,2026-06-22 12:26:21.708000+00:00
Rabat,(03) ARTICLES D'HABILLEMENT ET CHAUSSURES,2023M6,2023-06-01,125.3,I4166,https://bds.hcp.ma/api/v1/indicators/I4166,2026-06-22 12:26:21.708000+00:00
Rabat,(03) ARTICLES D'HABILLEMENT ET CHAUSSURES,2023M7,2023-07-01,126.2,I4166,https://bds.hcp.ma/api/v1/indicators/I4166,2026-06-22 12:26:21.708000+00:00
Rabat,(03) ARTICLES D'HABILLEMENT ET CHAUSSURES,2023M8,2023-08-01,125.4,I4166,https://bds.hcp.ma/api/v1/indicators/I4166,2026-06-22 12:26:21.708000+00:00
Rabat,(03) ARTICLES D'HABILLEMENT ET CHAUSSURES,2023M9,2023-09-01,125.4,I4166,https://bds.hcp.ma/api/v1/indicators/I4166,2026-06-22 12:26:21.708000+00:00
Rabat,(03) ARTICLES D'HABILLEMENT ET CHAUSSURES,2023M10,2023-10-01,127.5,I4166,https://bds.hcp.ma/api/v1/indicators/I4166,2026-06-22 12:26:21.708000+00:00
Rabat,(03) ARTICLES D'HABILLEMENT ET CHAUSSURES,2023M11,2023-11-01,128.2,I4166,https://bds.hcp.ma/api/v1/indicators/I4166,2026-06-22 12:26:21.708000+00:00
Rabat,(03) ARTICLES D'HABILLEMENT ET CHAUSSURES,2023M12,2023-12-01,129.2,I4166,https://bds.hcp.ma/api/v1/indicators/I4166,2026-06-22 12:26:21.708000+00:00
Rabat,(03) ARTICLES D'HABILLEMENT ET CHAUSSURES,2024M1,2024-01-01,129.2,I4166,https://bds.hcp.ma/api/v1/indicators/I4166,2026-06-22 12:26:21.708000+00:00
Rabat,(03) ARTICLES D'HABILLEMENT ET CHAUSSURES,2024M2,2024-02-01,129.2,I4166,https://bds.hcp.ma/api/v1/indicators/I4166,2026-06-22 12:26:21.708000+00:00
Rabat,(03) ARTICLES D'HABILLEMENT ET CHAUSSURES,2024M3,2024-03-01,130.4,I4166,https://bds.hcp.ma/api/v1/indicators/I4166,2026-06-22 12:26:21.708000+00:00
Rabat,(03) ARTICLES D'HABILLEMENT ET CHAUSSURES,2024M4,2024-04-01,130.4,I4166,https://bds.hcp.ma/api/v1/indicators/I4166,2026-06-22 12:26:21.708000+00:00
Rabat,(03) ARTICLES D'HABILLEMENT ET CHAUSSURES,2024M5,2024-05-01,130.4,I4166,https://bds.hcp.ma/api/v1/indicators/I4166,2026-06-22 12:26:21.708000+00:00
Rabat,(03) ARTICLES D'HABILLEMENT ET CHAUSSURES,2024M6,2024-06-01,130.3,I4166,https://bds.hcp.ma/api/v1/indicators/I4166,2026-06-22 12:26:21.708000+00:00
Rabat,(03) ARTICLES D'HABILLEMENT ET CHAUSSURES,2024M7,2024-07-01,130.3,I4166,https://bds.hcp.ma/api/v1/indicators/I4166,2026-06-22 12:26:21.708000+00:00
Rabat,(03) ARTICLES D'HABILLEMENT ET CHAUSSURES,2024M8,2024-08-01,130.3,I4166,https://bds.hcp.ma/api/v1/indicators/I4166,2026-06-22 12:26:21.708000+00:00
Rabat,(03) ARTICLES D'HABILLEMENT ET CHAUSSURES,2024M9,2024-09-01,130.3,I4166,https://bds.hcp.ma/api/v1/indicators/I4166,2026-06-22 12:26:21.708000+00:00
Rabat,(03) ARTICLES D'HABILLEMENT ET CHAUSSURES,2024M10,2024-10-01,130.3,I4166,https://bds.hcp.ma/api/v1/indicators/I4166,2026-06-22 12:26:21.708000+00:00
Rabat,(03) ARTICLES D'HABILLEMENT ET CHAUSSURES,2024M11,2024-11-01,130.8,I4166,https://bds.hcp.ma/api/v1/indicators/I4166,2026-06-22 12:26:21.708000+00:00
Rabat,(03) ARTICLES D'HABILLEMENT ET CHAUSSURES,2024M12,2024-12-01,130.9,I4166,https://bds.hcp.ma/api/v1/indicators/I4166,2026-06-22 12:26:21.708000+00:00
Rabat,(03) ARTICLES D'HABILLEMENT ET CHAUSSURES,2025M1,2025-01-01,130.7,I4166,https://bds.hcp.ma/api/v1/indicators/I4166,2026-06-22 12:26:21.708000+00:00
Rabat,(03) ARTICLES D'HABILLEMENT ET CHAUSSURES,2025M2,2025-02-01,131.2,I4166,https://bds.hcp.ma/api/v1/indicators/I4166,2026-06-22 12:26:21.708000+00:00
Rabat,(03) ARTICLES D'HABILLEMENT ET CHAUSSURES,2025M3,2025-03-01,131.3,I4166,https://bds.hcp.ma/api/v1/indicators/I4166,2026-06-22 12:26:21.708000+00:00
Rabat,(03) ARTICLES D'HABILLEMENT ET CHAUSSURES,2025M4,2025-04-01,131.2,I4166,https://bds.hcp.ma/api/v1/indicators/I4166,2026-06-22 12:26:21.708000+00:00
Rabat,(03) ARTICLES D'HABILLEMENT ET CHAUSSURES,2025M5,2025-05-01,129.3,I4166,https://bds.hcp.ma/api/v1/indicators/I4166,2026-06-22 12:26:21.708000+00:00
Rabat,(03) ARTICLES D'HABILLEMENT ET CHAUSSURES,2025M6,2025-06-01,129.3,I4166,https://bds.hcp.ma/api/v1/indicators/I4166,2026-06-22 12:26:21.708000+00:00
Rabat,(03) ARTICLES D'HABILLEMENT ET CHAUSSURES,2025M7,2025-07-01,129.3,I4166,https://bds.hcp.ma/api/v1/indicators/I4166,2026-06-22 12:26:21.708000+00:00
Rabat,(03) ARTICLES D'HABILLEMENT ET CHAUSSURES,2025M8,2025-08-01,129.2,I4166,https://bds.hcp.ma/api/v1/indicators/I4166,2026-06-22 12:26:21.708000+00:00
Rabat,(03) ARTICLES D'HABILLEMENT ET CHAUSSURES,2025M9,2025-09-01,129.2,I4166,https://bds.hcp.ma/api/v1/indicators/I4166,2026-06-22 12:26:21.708000+00:00
Rabat,(03) ARTICLES D'HABILLEMENT ET CHAUSSURES,2025M10,2025-10-01,129.1,I4166,https://bds.hcp.ma/api/v1/indicators/I4166,2026-06-22 12:26:21.708000+00:00
Rabat,(03) ARTICLES D'HABILLEMENT ET CHAUSSURES,2025M11,2025-11-01,129.1,I4166,https://bds.hcp.ma/api/v1/indicators/I4166,2026-06-22 12:26:21.708000+00:00
Rabat,(03) ARTICLES D'HABILLEMENT ET CHAUSSURES,2025M12,2025-12-01,129.0,I4166,https://bds.hcp.ma/api/v1/indicators/I4166,2026-06-22 12:26:21.708000+00:00
Rabat,(03) ARTICLES D'HABILLEMENT ET CHAUSSURES,2026M1,2026-01-01,129.0,I4166,https://bds.hcp.ma/api/v1/indicators/I4166,2026-06-22 12:26:21.708000+00:00
Rabat,(03) ARTICLES D'HABILLEMENT ET CHAUSSURES,2026M2,2026-02-01,129.1,I4166,https://bds.hcp.ma/api/v1/indicators/I4166,2026-06-22 12:26:21.708000+00:00
Rabat,(03) ARTICLES D'HABILLEMENT ET CHAUSSURES,2026M3,2026-03-01,129.1,I4166,https://bds.hcp.ma/api/v1/indicators/I4166,2026-06-22 12:26:21.708000+00:00
Rabat,"(04) LOGEMENT, EAU, GAZ, ELECTRICITE ET AUTRES COMBUSTIBLES",2017M1,2017-01-01,100.1,I4166,https://bds.hcp.ma/api/v1/indicators/I4166,2026-06-22 12:26:21.708000+00:00
Rabat,"(04) LOGEMENT, EAU, GAZ, ELECTRICITE ET AUTRES COMBUSTIBLES",2017M2,2017-02-01,100.1,I4166,https://bds.hcp.ma/api/v1/indicators/I4166,2026-06-22 12:26:21.708000+00:00
Rabat,"(04) LOGEMENT, EAU, GAZ, ELECTRICITE ET AUTRES COMBUSTIBLES",2017M3,2017-03-01,100.1,I4166,https://bds.hcp.ma/api/v1/indicators/I4166,2026-06-22 12:26:21.708000+00:00
Rabat,"(04) LOGEMENT, EAU, GAZ, ELECTRICITE ET AUTRES COMBUSTIBLES",2017M4,2017-04-01,100.1,I4166,https://bds.hcp.ma/api/v1/indicators/I4166,2026-06-22 12:26:21.708000+00:00
Rabat,"(04) LOGEMENT, EAU, GAZ, ELECTRICITE ET AUTRES COMBUSTIBLES",2017M5,2017-05-01,100.1,I4166,https://bds.hcp.ma/api/v1/indicators/I4166,2026-06-22 12:26:21.708000+00:00
Rabat,"(04) LOGEMENT, EAU, GAZ, ELECTRICITE ET AUTRES COMBUSTIBLES",2017M6,2017-06-01,100.1,I4166,https://bds.hcp.ma/api/v1/indicators/I4166,2026-06-22 12:26:21.708000+00:00
Rabat,"(04) LOGEMENT, EAU, GAZ, ELECTRICITE ET AUTRES COMBUSTIBLES",2017M7,2017-07-01,99.9,I4166,https://bds.hcp.ma/api/v1/indicators/I4166,2026-06-22 12:26:21.708000+00:00
Rabat,"(04) LOGEMENT, EAU, GAZ, ELECTRICITE ET AUTRES COMBUSTIBLES",2017M8,2017-08-01,99.9,I4166,https://bds.hcp.ma/api/v1/indicators/I4166,2026-06-22 12:26:21.708000+00:00
Rabat,"(04) LOGEMENT, EAU, GAZ, ELECTRICITE ET AUTRES COMBUSTIBLES",2017M9,2017-09-01,99.9,I4166,https://bds.hcp.ma/api/v1/indicators/I4166,2026-06-22 12:26:21.708000+00:00
Rabat,"(04) LOGEMENT, EAU, GAZ, ELECTRICITE ET AUTRES COMBUSTIBLES",2017M10,2017-10-01,100,I4166,https://bds.hcp.ma/api/v1/indicators/I4166,2026-06-22 12:26:21.708000+00:00
Rabat,"(04) LOGEMENT, EAU, GAZ, ELECTRICITE ET AUTRES COMBUSTIBLES",2017M11,2017-11-01,100,I4166,https://bds.hcp.ma/api/v1/indicators/I4166,2026-06-22 12:26:21.708000+00:00
Rabat,"(04) LOGEMENT, EAU, GAZ, ELECTRICITE ET AUTRES COMBUSTIBLES",2017M12,2017-12-01,100,I4166,https://bds.hcp.ma/api/v1/indicators/I4166,2026-06-22 12:26:21.708000+00:00
Rabat,"(04) LOGEMENT, EAU, GAZ, ELECTRICITE ET AUTRES COMBUSTIBLES",2018M1,2018-01-01,100,I4166,https://bds.hcp.ma/api/v1/indicators/I4166,2026-06-22 12:26:21.708000+00:00
Rabat,"(04) LOGEMENT, EAU, GAZ, ELECTRICITE ET AUTRES COMBUSTIBLES",2018M2,2018-02-01,100,I4166,https://bds.hcp.ma/api/v1/indicators/I4166,2026-06-22 12:26:21.708000+00:00
Rabat,"(04) LOGEMENT, EAU, GAZ, ELECTRICITE ET AUTRES COMBUSTIBLES",2018M3,2018-03-01,100,I4166,https://bds.hcp.ma/api/v1/indicators/I4166,2026-06-22 12:26:21.708000+00:00
Rabat,"(04) LOGEMENT, EAU, GAZ, ELECTRICITE ET AUTRES COMBUSTIBLES",2018M4,2018-04-01,100.1,I4166,https://bds.hcp.ma/api/v1/indicators/I4166,2026-06-22 12:26:21.708000+00:00
Rabat,"(04) LOGEMENT, EAU, GAZ, ELECTRICITE ET AUTRES COMBUSTIBLES",2018M5,2018-05-01,100.1,I4166,https://bds.hcp.ma/api/v1/indicators/I4166,2026-06-22 12:26:21.708000+00:00
Rabat,"(04) LOGEMENT, EAU, GAZ, ELECTRICITE ET AUTRES COMBUSTIBLES",2018M6,2018-06-01,100.1,I4166,https://bds.hcp.ma/api/v1/indicators/I4166,2026-06-22 12:26:21.708000+00:00
Rabat,"(04) LOGEMENT, EAU, GAZ, ELECTRICITE ET AUTRES COMBUSTIBLES",2018M7,2018-07-01,100.1,I4166,https://bds.hcp.ma/api/v1/indicators/I4166,2026-06-22 12:26:21.708000+00:00
Rabat,"(04) LOGEMENT, EAU, GAZ, ELECTRICITE ET AUTRES COMBUSTIBLES",2018M8,2018-08-01,100.1,I4166,https://bds.hcp.ma/api/v1/indicators/I4166,2026-06-22 12:26:21.708000+00:00
Rabat,"(04) LOGEMENT, EAU, GAZ, ELECTRICITE ET AUTRES COMBUSTIBLES",2018M9,2018-09-01,100.1,I4166,https://bds.hcp.ma/api/v1/indicators/I4166,2026-06-22 12:26:21.708000+00:00
Rabat,"(04) LOGEMENT, EAU, GAZ, ELECTRICITE ET AUTRES COMBUSTIBLES",2018M10,2018-10-01,100.1,I4166,https://bds.hcp.ma/api/v1/indicators/I4166,2026-06-22 12:26:21.708000+00:00
Rabat,"(04) LOGEMENT, EAU, GAZ, ELECTRICITE ET AUTRES COMBUSTIBLES",2018M11,2018-11-01,100.1,I4166,https://bds.hcp.ma/api/v1/indicators/I4166,2026-06-22 12:26:21.708000+00:00
Rabat,"(04) LOGEMENT, EAU, GAZ, ELECTRICITE ET AUTRES COMBUSTIBLES",2018M12,2018-12-01,100.1,I4166,https://bds.hcp.ma/api/v1/indicators/I4166,2026-06-22 12:26:21.708000+00:00
Rabat,"(04) LOGEMENT, EAU, GAZ, ELECTRICITE ET AUTRES COMBUSTIBLES",2019M1,2019-01-01,100.2,I4166,https://bds.hcp.ma/api/v1/indicators/I4166,2026-06-22 12:26:21.708000+00:00
Rabat,"(04) LOGEMENT, EAU, GAZ, ELECTRICITE ET AUTRES COMBUSTIBLES",2019M2,2019-02-01,100.2,I4166,https://bds.hcp.ma/api/v1/indicators/I4166,2026-06-22 12:26:21.708000+00:00
Rabat,"(04) LOGEMENT, EAU, GAZ, ELECTRICITE ET AUTRES COMBUSTIBLES",2019M3,2019-03-01,100.3,I4166,https://bds.hcp.ma/api/v1/indicators/I4166,2026-06-22 12:26:21.708000+00:00
Rabat,"(04) LOGEMENT, EAU, GAZ, ELECTRICITE ET AUTRES COMBUSTIBLES",2019M4,2019-04-01,100.4,I4166,https://bds.hcp.ma/api/v1/indicators/I4166,2026-06-22 12:26:21.708000+00:00
Rabat,"(04) LOGEMENT, EAU, GAZ, ELECTRICITE ET AUTRES COMBUSTIBLES",2019M5,2019-05-01,100.4,I4166,https://bds.hcp.ma/api/v1/indicators/I4166,2026-06-22 12:26:21.708000+00:00
Rabat,"(04) LOGEMENT, EAU, GAZ, ELECTRICITE ET AUTRES COMBUSTIBLES",2019M6,2019-06-01,100.4,I4166,https://bds.hcp.ma/api/v1/indicators/I4166,2026-06-22 12:26:21.708000+00:00
Rabat,"(04) LOGEMENT, EAU, GAZ, ELECTRICITE ET AUTRES COMBUSTIBLES",2019M7,2019-07-01,100.5,I4166,https://bds.hcp.ma/api/v1/indicators/I4166,2026-06-22 12:26:21.708000+00:00
Rabat,"(04) LOGEMENT, EAU, GAZ, ELECTRICITE ET AUTRES COMBUSTIBLES",2019M8,2019-08-01,100.5,I4166,https://bds.hcp.ma/api/v1/indicators/I4166,2026-06-22 12:26:21.708000+00:00
Rabat,"(04) LOGEMENT, EAU, GAZ, ELECTRICITE ET AUTRES COMBUSTIBLES",2019M9,2019-09-01,100.5,I4166,https://bds.hcp.ma/api/v1/indicators/I4166,2026-06-22 12:26:21.708000+00:00
Rabat,"(04) LOGEMENT, EAU, GAZ, ELECTRICITE ET AUTRES COMBUSTIBLES",2019M10,2019-10-01,100.5,I4166,https://bds.hcp.ma/api/v1/indicators/I4166,2026-06-22 12:26:21.708000+00:00
Rabat,"(04) LOGEMENT, EAU, GAZ, ELECTRICITE ET AUTRES COMBUSTIBLES",2019M11,2019-11-01,100.6,I4166,https://bds.hcp.ma/api/v1/indicators/I4166,2026-06-22 12:26:21.708000+00:00
Rabat,"(04) LOGEMENT, EAU, GAZ, ELECTRICITE ET AUTRES COMBUSTIBLES",2019M12,2019-12-01,100.7,I4166,https://bds.hcp.ma/api/v1/indicators/I4166,2026-06-22 12:26:21.708000+00:00
Rabat,"(04) LOGEMENT, EAU, GAZ, ELECTRICITE ET AUTRES COMBUSTIBLES",2020M1,2020-01-01,100.7,I4166,https://bds.hcp.ma/api/v1/indicators/I4166,2026-06-22 12:26:21.708000+00:00
Rabat,"(04) LOGEMENT, EAU, GAZ, ELECTRICITE ET AUTRES COMBUSTIBLES",2020M2,2020-02-01,100.7,I4166,https://bds.hcp.ma/api/v1/indicators/I4166,2026-06-22 12:26:21.708000+00:00
Rabat,"(04) LOGEMENT, EAU, GAZ, ELECTRICITE ET AUTRES COMBUSTIBLES",2020M3,2020-03-01,100.7,I4166,https://bds.hcp.ma/api/v1/indicators/I4166,2026-06-22 12:26:21.708000+00:00
Rabat,"(04) LOGEMENT, EAU, GAZ, ELECTRICITE ET AUTRES COMBUSTIBLES",2020M4,2020-04-01,100.7,I4166,https://bds.hcp.ma/api/v1/indicators/I4166,2026-06-22 12:26:21.708000+00:00
Rabat,"(04) LOGEMENT, EAU, GAZ, ELECTRICITE ET AUTRES COMBUSTIBLES",2020M5,2020-05-01,100.6,I4166,https://bds.hcp.ma/api/v1/indicators/I4166,2026-06-22 12:26:21.708000+00:00
Rabat,"(04) LOGEMENT, EAU, GAZ, ELECTRICITE ET AUTRES COMBUSTIBLES",2020M6,2020-06-01,100.6,I4166,https://bds.hcp.ma/api/v1/indicators/I4166,2026-06-22 12:26:21.708000+00:00
Rabat,"(04) LOGEMENT, EAU, GAZ, ELECTRICITE ET AUTRES COMBUSTIBLES",2020M7,2020-07-01,100.6,I4166,https://bds.hcp.ma/api/v1/indicators/I4166,2026-06-22 12:26:21.708000+00:00
Rabat,"(04) LOGEMENT, EAU, GAZ, ELECTRICITE ET AUTRES COMBUSTIBLES",2020M8,2020-08-01,100.6,I4166,https://bds.hcp.ma/api/v1/indicators/I4166,2026-06-22 12:26:21.708000+00:00
Rabat,"(04) LOGEMENT, EAU, GAZ, ELECTRICITE ET AUTRES COMBUSTIBLES",2020M9,2020-09-01,100.6,I4166,https://bds.hcp.ma/api/v1/indicators/I4166,2026-06-22 12:26:21.708000+00:00
Rabat,"(04) LOGEMENT, EAU, GAZ, ELECTRICITE ET AUTRES COMBUSTIBLES",2020M10,2020-10-01,100.6,I4166,https://bds.hcp.ma/api/v1/indicators/I4166,2026-06-22 12:26:21.708000+00:00
Rabat,"(04) LOGEMENT, EAU, GAZ, ELECTRICITE ET AUTRES COMBUSTIBLES",2020M11,2020-11-01,100.6,I4166,https://bds.hcp.ma/api/v1/indicators/I4166,2026-06-22 12:26:21.708000+00:00
Rabat,"(04) LOGEMENT, EAU, GAZ, ELECTRICITE ET AUTRES COMBUSTIBLES",2020M12,2020-12-01,100.9,I4166,https://bds.hcp.ma/api/v1/indicators/I4166,2026-06-22 12:26:21.708000+00:00
Rabat,"(04) LOGEMENT, EAU, GAZ, ELECTRICITE ET AUTRES COMBUSTIBLES",2021M1,2021-01-01,100.9,I4166,https://bds.hcp.ma/api/v1/indicators/I4166,2026-06-22 12:26:21.708000+00:00
Rabat,"(04) LOGEMENT, EAU, GAZ, ELECTRICITE ET AUTRES COMBUSTIBLES",2021M2,2021-02-01,100.9,I4166,https://bds.hcp.ma/api/v1/indicators/I4166,2026-06-22 12:26:21.708000+00:00
Rabat,"(04) LOGEMENT, EAU, GAZ, ELECTRICITE ET AUTRES COMBUSTIBLES",2021M3,2021-03-01,101,I4166,https://bds.hcp.ma/api/v1/indicators/I4166,2026-06-22 12:26:21.708000+00:00
Rabat,"(04) LOGEMENT, EAU, GAZ, ELECTRICITE ET AUTRES COMBUSTIBLES",2021M4,2021-04-01,101.2,I4166,https://bds.hcp.ma/api/v1/indicators/I4166,2026-06-22 12:26:21.708000+00:00
Rabat,"(04) LOGEMENT, EAU, GAZ, ELECTRICITE ET AUTRES COMBUSTIBLES",2021M5,2021-05-01,101.3,I4166,https://bds.hcp.ma/api/v1/indicators/I4166,2026-06-22 12:26:21.708000+00:00
Rabat,"(04) LOGEMENT, EAU, GAZ, ELECTRICITE ET AUTRES COMBUSTIBLES",2021M6,2021-06-01,101.3,I4166,https://bds.hcp.ma/api/v1/indicators/I4166,2026-06-22 12:26:21.708000+00:00
Rabat,"(04) LOGEMENT, EAU, GAZ, ELECTRICITE ET AUTRES COMBUSTIBLES",2021M7,2021-07-01,101.5,I4166,https://bds.hcp.ma/api/v1/indicators/I4166,2026-06-22 12:26:21.708000+00:00
Rabat,"(04) LOGEMENT, EAU, GAZ, ELECTRICITE ET AUTRES COMBUSTIBLES",2021M8,2021-08-01,101.5,I4166,https://bds.hcp.ma/api/v1/indicators/I4166,2026-06-22 12:26:21.708000+00:00
Rabat,"(04) LOGEMENT, EAU, GAZ, ELECTRICITE ET AUTRES COMBUSTIBLES",2021M9,2021-09-01,101.6,I4166,https://bds.hcp.ma/api/v1/indicators/I4166,2026-06-22 12:26:21.708000+00:00
Rabat,"(04) LOGEMENT, EAU, GAZ, ELECTRICITE ET AUTRES COMBUSTIBLES",2021M10,2021-10-01,101.6,I4166,https://bds.hcp.ma/api/v1/indicators/I4166,2026-06-22 12:26:21.708000+00:00
Rabat,"(04) LOGEMENT, EAU, GAZ, ELECTRICITE ET AUTRES COMBUSTIBLES",2021M11,2021-11-01,101.9,I4166,https://bds.hcp.ma/api/v1/indicators/I4166,2026-06-22 12:26:21.708000+00:00
Rabat,"(04) LOGEMENT, EAU, GAZ, ELECTRICITE ET AUTRES COMBUSTIBLES",2021M12,2021-12-01,101.9,I4166,https://bds.hcp.ma/api/v1/indicators/I4166,2026-06-22 12:26:21.708000+00:00
Rabat,"(04) LOGEMENT, EAU, GAZ, ELECTRICITE ET AUTRES COMBUSTIBLES",2022M1,2022-01-01,101.9,I4166,https://bds.hcp.ma/api/v1/indicators/I4166,2026-06-22 12:26:21.708000+00:00
Rabat,"(04) LOGEMENT, EAU, GAZ, ELECTRICITE ET AUTRES COMBUSTIBLES",2022M2,2022-02-01,101.9,I4166,https://bds.hcp.ma/api/v1/indicators/I4166,2026-06-22 12:26:21.708000+00:00
Rabat,"(04) LOGEMENT, EAU, GAZ, ELECTRICITE ET AUTRES COMBUSTIBLES",2022M3,2022-03-01,101.9,I4166,https://bds.hcp.ma/api/v1/indicators/I4166,2026-06-22 12:26:21.708000+00:00
Rabat,"(04) LOGEMENT, EAU, GAZ, ELECTRICITE ET AUTRES COMBUSTIBLES",2022M4,2022-04-01,101.9,I4166,https://bds.hcp.ma/api/v1/indicators/I4166,2026-06-22 12:26:21.708000+00:00
Rabat,"(04) LOGEMENT, EAU, GAZ, ELECTRICITE ET AUTRES COMBUSTIBLES",2022M5,2022-05-01,102.1,I4166,https://bds.hcp.ma/api/v1/indicators/I4166,2026-06-22 12:26:21.708000+00:00
Rabat,"(04) LOGEMENT, EAU, GAZ, ELECTRICITE ET AUTRES COMBUSTIBLES",2022M6,2022-06-01,103.1,I4166,https://bds.hcp.ma/api/v1/indicators/I4166,2026-06-22 12:26:21.708000+00:00
Rabat,"(04) LOGEMENT, EAU, GAZ, ELECTRICITE ET AUTRES COMBUSTIBLES",2022M7,2022-07-01,103.5,I4166,https://bds.hcp.ma/api/v1/indicators/I4166,2026-06-22 12:26:21.708000+00:00
Rabat,"(04) LOGEMENT, EAU, GAZ, ELECTRICITE ET AUTRES COMBUSTIBLES",2022M8,2022-08-01,103.5,I4166,https://bds.hcp.ma/api/v1/indicators/I4166,2026-06-22 12:26:21.708000+00:00
Rabat,"(04) LOGEMENT, EAU, GAZ, ELECTRICITE ET AUTRES COMBUSTIBLES",2022M9,2022-09-01,103.5,I4166,https://bds.hcp.ma/api/v1/indicators/I4166,2026-06-22 12:26:21.708000+00:00
Rabat,"(04) LOGEMENT, EAU, GAZ, ELECTRICITE ET AUTRES COMBUSTIBLES",2022M10,2022-10-01,103.5,I4166,https://bds.hcp.ma/api/v1/indicators/I4166,2026-06-22 12:26:21.708000+00:00
Rabat,"(04) LOGEMENT, EAU, GAZ, ELECTRICITE ET AUTRES COMBUSTIBLES",2022M11,2022-11-01,103.5,I4166,https://bds.hcp.ma/api/v1/indicators/I4166,2026-06-22 12:26:21.708000+00:00
Rabat,"(04) LOGEMENT, EAU, GAZ, ELECTRICITE ET AUTRES COMBUSTIBLES",2022M12,2022-12-01,103.5,I4166,https://bds.hcp.ma/api/v1/indicators/I4166,2026-06-22 12:26:21.708000+00:00
Rabat,"(04) LOGEMENT, EAU, GAZ, ELECTRICITE ET AUTRES COMBUSTIBLES",2023M1,2023-01-01,103.5,I4166,https://bds.hcp.ma/api/v1/indicators/I4166,2026-06-22 12:26:21.708000+00:00
Rabat,"(04) LOGEMENT, EAU, GAZ, ELECTRICITE ET AUTRES COMBUSTIBLES",2023M2,2023-02-01,103.5,I4166,https://bds.hcp.ma/api/v1/indicators/I4166,2026-06-22 12:26:21.708000+00:00
Rabat,"(04) LOGEMENT, EAU, GAZ, ELECTRICITE ET AUTRES COMBUSTIBLES",2023M3,2023-03-01,104.3,I4166,https://bds.hcp.ma/api/v1/indicators/I4166,2026-06-22 12:26:21.708000+00:00
Rabat,"(04) LOGEMENT, EAU, GAZ, ELECTRICITE ET AUTRES COMBUSTIBLES",2023M4,2023-04-01,104.4,I4166,https://bds.hcp.ma/api/v1/indicators/I4166,2026-06-22 12:26:21.708000+00:00
Rabat,"(04) LOGEMENT, EAU, GAZ, ELECTRICITE ET AUTRES COMBUSTIBLES",2023M5,2023-05-01,104.4,I4166,https://bds.hcp.ma/api/v1/indicators/I4166,2026-06-22 12:26:21.708000+00:00
Rabat,"(04) LOGEMENT, EAU, GAZ, ELECTRICITE ET AUTRES COMBUSTIBLES",2023M6,2023-06-01,104.6,I4166,https://bds.hcp.ma/api/v1/indicators/I4166,2026-06-22 12:26:21.708000+00:00
Rabat,"(04) LOGEMENT, EAU, GAZ, ELECTRICITE ET AUTRES COMBUSTIBLES",2023M7,2023-07-01,104.6,I4166,https://bds.hcp.ma/api/v1/indicators/I4166,2026-06-22 12:26:21.708000+00:00
Rabat,"(04) LOGEMENT, EAU, GAZ, ELECTRICITE ET AUTRES COMBUSTIBLES",2023M8,2023-08-01,104.6,I4166,https://bds.hcp.ma/api/v1/indicators/I4166,2026-06-22 12:26:21.708000+00:00
Rabat,"(04) LOGEMENT, EAU, GAZ, ELECTRICITE ET AUTRES COMBUSTIBLES",2023M9,2023-09-01,104.6,I4166,https://bds.hcp.ma/api/v1/indicators/I4166,2026-06-22 12:26:21.708000+00:00
Rabat,"(04) LOGEMENT, EAU, GAZ, ELECTRICITE ET AUTRES COMBUSTIBLES",2023M10,2023-10-01,104.6,I4166,https://bds.hcp.ma/api/v1/indicators/I4166,2026-06-22 12:26:21.708000+00:00
Rabat,"(04) LOGEMENT, EAU, GAZ, ELECTRICITE ET AUTRES COMBUSTIBLES",2023M11,2023-11-01,104.6,I4166,https://bds.hcp.ma/api/v1/indicators/I4166,2026-06-22 12:26:21.708000+00:00
Rabat,"(04) LOGEMENT, EAU, GAZ, ELECTRICITE ET AUTRES COMBUSTIBLES",2023M12,2023-12-01,104.7,I4166,https://bds.hcp.ma/api/v1/indicators/I4166,2026-06-22 12:26:21.708000+00:00
Rabat,"(04) LOGEMENT, EAU, GAZ, ELECTRICITE ET AUTRES COMBUSTIBLES",2024M1,2024-01-01,104.8,I4166,https://bds.hcp.ma/api/v1/indicators/I4166,2026-06-22 12:26:21.708000+00:00
Rabat,"(04) LOGEMENT, EAU, GAZ, ELECTRICITE ET AUTRES COMBUSTIBLES",2024M2,2024-02-01,105.1,I4166,https://bds.hcp.ma/api/v1/indicators/I4166,2026-06-22 12:26:21.708000+00:00
Rabat,"(04) LOGEMENT, EAU, GAZ, ELECTRICITE ET AUTRES COMBUSTIBLES",2024M3,2024-03-01,105.1,I4166,https://bds.hcp.ma/api/v1/indicators/I4166,2026-06-22 12:26:21.708000+00:00
Rabat,"(04) LOGEMENT, EAU, GAZ, ELECTRICITE ET AUTRES COMBUSTIBLES",2024M4,2024-04-01,105.1,I4166,https://bds.hcp.ma/api/v1/indicators/I4166,2026-06-22 12:26:21.708000+00:00
Rabat,"(04) LOGEMENT, EAU, GAZ, ELECTRICITE ET AUTRES COMBUSTIBLES",2024M5,2024-05-01,106.6,I4166,https://bds.hcp.ma/api/v1/indicators/I4166,2026-06-22 12:26:21.708000+00:00
Rabat,"(04) LOGEMENT, EAU, GAZ, ELECTRICITE ET AUTRES COMBUSTIBLES",2024M6,2024-06-01,108.1,I4166,https://bds.hcp.ma/api/v1/indicators/I4166,2026-06-22 12:26:21.708000+00:00
Rabat,"(04) LOGEMENT, EAU, GAZ, ELECTRICITE ET AUTRES COMBUSTIBLES",2024M7,2024-07-01,108.1,I4166,https://bds.hcp.ma/api/v1/indicators/I4166,2026-06-22 12:26:21.708000+00:00
Rabat,"(04) LOGEMENT, EAU, GAZ, ELECTRICITE ET AUTRES COMBUSTIBLES",2024M8,2024-08-01,108.1,I4166,https://bds.hcp.ma/api/v1/indicators/I4166,2026-06-22 12:26:21.708000+00:00
Rabat,"(04) LOGEMENT, EAU, GAZ, ELECTRICITE ET AUTRES COMBUSTIBLES",2024M9,2024-09-01,108.1,I4166,https://bds.hcp.ma/api/v1/indicators/I4166,2026-06-22 12:26:21.708000+00:00
Rabat,"(04) LOGEMENT, EAU, GAZ, ELECTRICITE ET AUTRES COMBUSTIBLES",2024M10,2024-10-01,108.1,I4166,https://bds.hcp.ma/api/v1/indicators/I4166,2026-06-22 12:26:21.708000+00:00
Rabat,"(04) LOGEMENT, EAU, GAZ, ELECTRICITE ET AUTRES COMBUSTIBLES",2024M11,2024-11-01,108.1,I4166,https://bds.hcp.ma/api/v1/indicators/I4166,2026-06-22 12:26:21.708000+00:00
Rabat,"(04) LOGEMENT, EAU, GAZ, ELECTRICITE ET AUTRES COMBUSTIBLES",2024M12,2024-12-01,108.1,I4166,https://bds.hcp.ma/api/v1/indicators/I4166,2026-06-22 12:26:21.708000+00:00
Rabat,"(04) LOGEMENT, EAU, GAZ, ELECTRICITE ET AUTRES COMBUSTIBLES",2025M1,2025-01-01,108.1,I4166,https://bds.hcp.ma/api/v1/indicators/I4166,2026-06-22 12:26:21.708000+00:00
Rabat,"(04) LOGEMENT, EAU, GAZ, ELECTRICITE ET AUTRES COMBUSTIBLES",2025M2,2025-02-01,108.1,I4166,https://bds.hcp.ma/api/v1/indicators/I4166,2026-06-22 12:26:21.708000+00:00
Rabat,"(04) LOGEMENT, EAU, GAZ, ELECTRICITE ET AUTRES COMBUSTIBLES",2025M3,2025-03-01,108.4,I4166,https://bds.hcp.ma/api/v1/indicators/I4166,2026-06-22 12:26:21.708000+00:00
Rabat,"(04) LOGEMENT, EAU, GAZ, ELECTRICITE ET AUTRES COMBUSTIBLES",2025M4,2025-04-01,108.4,I4166,https://bds.hcp.ma/api/v1/indicators/I4166,2026-06-22 12:26:21.708000+00:00
Rabat,"(04) LOGEMENT, EAU, GAZ, ELECTRICITE ET AUTRES COMBUSTIBLES",2025M5,2025-05-01,108.4,I4166,https://bds.hcp.ma/api/v1/indicators/I4166,2026-06-22 12:26:21.708000+00:00
Rabat,"(04) LOGEMENT, EAU, GAZ, ELECTRICITE ET AUTRES COMBUSTIBLES",2025M6,2025-06-01,108.4,I4166,https://bds.hcp.ma/api/v1/indicators/I4166,2026-06-22 12:26:21.708000+00:00
Rabat,"(04) LOGEMENT, EAU, GAZ, ELECTRICITE ET AUTRES COMBUSTIBLES",2025M7,2025-07-01,108.4,I4166,https://bds.hcp.ma/api/v1/indicators/I4166,2026-06-22 12:26:21.708000+00:00
Rabat,"(04) LOGEMENT, EAU, GAZ, ELECTRICITE ET AUTRES COMBUSTIBLES",2025M8,2025-08-01,108.4,I4166,https://bds.hcp.ma/api/v1/indicators/I4166,2026-06-22 12:26:21.708000+00:00
Rabat,"(04) LOGEMENT, EAU, GAZ, ELECTRICITE ET AUTRES COMBUSTIBLES",2025M9,2025-09-01,108.4,I4166,https://bds.hcp.ma/api/v1/indicators/I4166,2026-06-22 12:26:21.708000+00:00
Rabat,"(04) LOGEMENT, EAU, GAZ, ELECTRICITE ET AUTRES COMBUSTIBLES",2025M10,2025-10-01,108.4,I4166,https://bds.hcp.ma/api/v1/indicators/I4166,2026-06-22 12:26:21.708000+00:00
Rabat,"(04) LOGEMENT, EAU, GAZ, ELECTRICITE ET AUTRES COMBUSTIBLES",2025M11,2025-11-01,108.4,I4166,https://bds.hcp.ma/api/v1/indicators/I4166,2026-06-22 12:26:21.708000+00:00
Rabat,"(04) LOGEMENT, EAU, GAZ, ELECTRICITE ET AUTRES COMBUSTIBLES",2025M12,2025-12-01,108.4,I4166,https://bds.hcp.ma/api/v1/indicators/I4166,2026-06-22 12:26:21.708000+00:00
Rabat,"(04) LOGEMENT, EAU, GAZ, ELECTRICITE ET AUTRES COMBUSTIBLES",2026M1,2026-01-01,108.4,I4166,https://bds.hcp.ma/api/v1/indicators/I4166,2026-06-22 12:26:21.708000+00:00
Rabat,"(04) LOGEMENT, EAU, GAZ, ELECTRICITE ET AUTRES COMBUSTIBLES",2026M2,2026-02-01,108.4,I4166,https://bds.hcp.ma/api/v1/indicators/I4166,2026-06-22 12:26:21.708000+00:00
Rabat,"(04) LOGEMENT, EAU, GAZ, ELECTRICITE ET AUTRES COMBUSTIBLES",2026M3,2026-03-01,108.4,I4166,https://bds.hcp.ma/api/v1/indicators/I4166,2026-06-22 12:26:21.708000+00:00
Rabat,"(05) MEUBLES, ARTICLES DE MENAGE ET ENTRETIEN COURANT DU FOYER",2017M1,2017-01-01,99.9,I4166,https://bds.hcp.ma/api/v1/indicators/I4166,2026-06-22 12:26:21.708000+00:00
Rabat,"(05) MEUBLES, ARTICLES DE MENAGE ET ENTRETIEN COURANT DU FOYER",2017M2,2017-02-01,99.9,I4166,https://bds.hcp.ma/api/v1/indicators/I4166,2026-06-22 12:26:21.708000+00:00
Rabat,"(05) MEUBLES, ARTICLES DE MENAGE ET ENTRETIEN COURANT DU FOYER",2017M3,2017-03-01,100.1,I4166,https://bds.hcp.ma/api/v1/indicators/I4166,2026-06-22 12:26:21.708000+00:00
Rabat,"(05) MEUBLES, ARTICLES DE MENAGE ET ENTRETIEN COURANT DU FOYER",2017M4,2017-04-01,99.9,I4166,https://bds.hcp.ma/api/v1/indicators/I4166,2026-06-22 12:26:21.708000+00:00
Rabat,"(05) MEUBLES, ARTICLES DE MENAGE ET ENTRETIEN COURANT DU FOYER",2017M5,2017-05-01,99.8,I4166,https://bds.hcp.ma/api/v1/indicators/I4166,2026-06-22 12:26:21.708000+00:00
Rabat,"(05) MEUBLES, ARTICLES DE MENAGE ET ENTRETIEN COURANT DU FOYER",2017M6,2017-06-01,99.9,I4166,https://bds.hcp.ma/api/v1/indicators/I4166,2026-06-22 12:26:21.708000+00:00
Rabat,"(05) MEUBLES, ARTICLES DE MENAGE ET ENTRETIEN COURANT DU FOYER",2017M7,2017-07-01,99.9,I4166,https://bds.hcp.ma/api/v1/indicators/I4166,2026-06-22 12:26:21.708000+00:00
Rabat,"(05) MEUBLES, ARTICLES DE MENAGE ET ENTRETIEN COURANT DU FOYER",2017M8,2017-08-01,99.9,I4166,https://bds.hcp.ma/api/v1/indicators/I4166,2026-06-22 12:26:21.708000+00:00
Rabat,"(05) MEUBLES, ARTICLES DE MENAGE ET ENTRETIEN COURANT DU FOYER",2017M9,2017-09-01,99.9,I4166,https://bds.hcp.ma/api/v1/indicators/I4166,2026-06-22 12:26:21.708000+00:00
Rabat,"(05) MEUBLES, ARTICLES DE MENAGE ET ENTRETIEN COURANT DU FOYER",2017M10,2017-10-01,100.1,I4166,https://bds.hcp.ma/api/v1/indicators/I4166,2026-06-22 12:26:21.708000+00:00
Rabat,"(05) MEUBLES, ARTICLES DE MENAGE ET ENTRETIEN COURANT DU FOYER",2017M11,2017-11-01,100.3,I4166,https://bds.hcp.ma/api/v1/indicators/I4166,2026-06-22 12:26:21.708000+00:00
Rabat,"(05) MEUBLES, ARTICLES DE MENAGE ET ENTRETIEN COURANT DU FOYER",2017M12,2017-12-01,100.5,I4166,https://bds.hcp.ma/api/v1/indicators/I4166,2026-06-22 12:26:21.708000+00:00
Rabat,"(05) MEUBLES, ARTICLES DE MENAGE ET ENTRETIEN COURANT DU FOYER",2018M1,2018-01-01,100.3,I4166,https://bds.hcp.ma/api/v1/indicators/I4166,2026-06-22 12:26:21.708000+00:00
Rabat,"(05) MEUBLES, ARTICLES DE MENAGE ET ENTRETIEN COURANT DU FOYER",2018M2,2018-02-01,100.4,I4166,https://bds.hcp.ma/api/v1/indicators/I4166,2026-06-22 12:26:21.708000+00:00
Rabat,"(05) MEUBLES, ARTICLES DE MENAGE ET ENTRETIEN COURANT DU FOYER",2018M3,2018-03-01,100.3,I4166,https://bds.hcp.ma/api/v1/indicators/I4166,2026-06-22 12:26:21.708000+00:00
Rabat,"(05) MEUBLES, ARTICLES DE MENAGE ET ENTRETIEN COURANT DU FOYER",2018M4,2018-04-01,100.3,I4166,https://bds.hcp.ma/api/v1/indicators/I4166,2026-06-22 12:26:21.708000+00:00
Rabat,"(05) MEUBLES, ARTICLES DE MENAGE ET ENTRETIEN COURANT DU FOYER",2018M5,2018-05-01,100.4,I4166,https://bds.hcp.ma/api/v1/indicators/I4166,2026-06-22 12:26:21.708000+00:00
Rabat,"(05) MEUBLES, ARTICLES DE MENAGE ET ENTRETIEN COURANT DU FOYER",2018M6,2018-06-01,100.4,I4166,https://bds.hcp.ma/api/v1/indicators/I4166,2026-06-22 12:26:21.708000+00:00
Rabat,"(05) MEUBLES, ARTICLES DE MENAGE ET ENTRETIEN COURANT DU FOYER",2018M7,2018-07-01,100.4,I4166,https://bds.hcp.ma/api/v1/indicators/I4166,2026-06-22 12:26:21.708000+00:00
Rabat,"(05) MEUBLES, ARTICLES DE MENAGE ET ENTRETIEN COURANT DU FOYER",2018M8,2018-08-01,100.4,I4166,https://bds.hcp.ma/api/v1/indicators/I4166,2026-06-22 12:26:21.708000+00:00
Rabat,"(05) MEUBLES, ARTICLES DE MENAGE ET ENTRETIEN COURANT DU FOYER",2018M9,2018-09-01,100.4,I4166,https://bds.hcp.ma/api/v1/indicators/I4166,2026-06-22 12:26:21.708000+00:00
Rabat,"(05) MEUBLES, ARTICLES DE MENAGE ET ENTRETIEN COURANT DU FOYER",2018M10,2018-10-01,100.7,I4166,https://bds.hcp.ma/api/v1/indicators/I4166,2026-06-22 12:26:21.708000+00:00
Rabat,"(05) MEUBLES, ARTICLES DE MENAGE ET ENTRETIEN COURANT DU FOYER",2018M11,2018-11-01,101.1,I4166,https://bds.hcp.ma/api/v1/indicators/I4166,2026-06-22 12:26:21.708000+00:00
Rabat,"(05) MEUBLES, ARTICLES DE MENAGE ET ENTRETIEN COURANT DU FOYER",2018M12,2018-12-01,101.1,I4166,https://bds.hcp.ma/api/v1/indicators/I4166,2026-06-22 12:26:21.708000+00:00
Rabat,"(05) MEUBLES, ARTICLES DE MENAGE ET ENTRETIEN COURANT DU FOYER",2019M1,2019-01-01,101,I4166,https://bds.hcp.ma/api/v1/indicators/I4166,2026-06-22 12:26:21.708000+00:00
Rabat,"(05) MEUBLES, ARTICLES DE MENAGE ET ENTRETIEN COURANT DU FOYER",2019M2,2019-02-01,101.1,I4166,https://bds.hcp.ma/api/v1/indicators/I4166,2026-06-22 12:26:21.708000+00:00
Rabat,"(05) MEUBLES, ARTICLES DE MENAGE ET ENTRETIEN COURANT DU FOYER",2019M3,2019-03-01,101.1,I4166,https://bds.hcp.ma/api/v1/indicators/I4166,2026-06-22 12:26:21.708000+00:00
Rabat,"(05) MEUBLES, ARTICLES DE MENAGE ET ENTRETIEN COURANT DU FOYER",2019M4,2019-04-01,101.1,I4166,https://bds.hcp.ma/api/v1/indicators/I4166,2026-06-22 12:26:21.708000+00:00
Rabat,"(05) MEUBLES, ARTICLES DE MENAGE ET ENTRETIEN COURANT DU FOYER",2019M5,2019-05-01,101.1,I4166,https://bds.hcp.ma/api/v1/indicators/I4166,2026-06-22 12:26:21.708000+00:00
Rabat,"(05) MEUBLES, ARTICLES DE MENAGE ET ENTRETIEN COURANT DU FOYER",2019M6,2019-06-01,101,I4166,https://bds.hcp.ma/api/v1/indicators/I4166,2026-06-22 12:26:21.708000+00:00
Rabat,"(05) MEUBLES, ARTICLES DE MENAGE ET ENTRETIEN COURANT DU FOYER",2019M7,2019-07-01,101.1,I4166,https://bds.hcp.ma/api/v1/indicators/I4166,2026-06-22 12:26:21.708000+00:00
Rabat,"(05) MEUBLES, ARTICLES DE MENAGE ET ENTRETIEN COURANT DU FOYER",2019M8,2019-08-01,101.1,I4166,https://bds.hcp.ma/api/v1/indicators/I4166,2026-06-22 12:26:21.708000+00:00
Rabat,"(05) MEUBLES, ARTICLES DE MENAGE ET ENTRETIEN COURANT DU FOYER",2019M9,2019-09-01,101,I4166,https://bds.hcp.ma/api/v1/indicators/I4166,2026-06-22 12:26:21.708000+00:00
Rabat,"(05) MEUBLES, ARTICLES DE MENAGE ET ENTRETIEN COURANT DU FOYER",2019M10,2019-10-01,101.1,I4166,https://bds.hcp.ma/api/v1/indicators/I4166,2026-06-22 12:26:21.708000+00:00
Rabat,"(05) MEUBLES, ARTICLES DE MENAGE ET ENTRETIEN COURANT DU FOYER",2019M11,2019-11-01,101.1,I4166,https://bds.hcp.ma/api/v1/indicators/I4166,2026-06-22 12:26:21.708000+00:00
Rabat,"(05) MEUBLES, ARTICLES DE MENAGE ET ENTRETIEN COURANT DU FOYER",2019M12,2019-12-01,101.1,I4166,https://bds.hcp.ma/api/v1/indicators/I4166,2026-06-22 12:26:21.708000+00:00
Rabat,"(05) MEUBLES, ARTICLES DE MENAGE ET ENTRETIEN COURANT DU FOYER",2020M1,2020-01-01,101.1,I4166,https://bds.hcp.ma/api/v1/indicators/I4166,2026-06-22 12:26:21.708000+00:00
Rabat,"(05) MEUBLES, ARTICLES DE MENAGE ET ENTRETIEN COURANT DU FOYER",2020M2,2020-02-01,101.1,I4166,https://bds.hcp.ma/api/v1/indicators/I4166,2026-06-22 12:26:21.708000+00:00
Rabat,"(05) MEUBLES, ARTICLES DE MENAGE ET ENTRETIEN COURANT DU FOYER",2020M3,2020-03-01,101.1,I4166,https://bds.hcp.ma/api/v1/indicators/I4166,2026-06-22 12:26:21.708000+00:00
Rabat,"(05) MEUBLES, ARTICLES DE MENAGE ET ENTRETIEN COURANT DU FOYER",2020M4,2020-04-01,101.1,I4166,https://bds.hcp.ma/api/v1/indicators/I4166,2026-06-22 12:26:21.708000+00:00
Rabat,"(05) MEUBLES, ARTICLES DE MENAGE ET ENTRETIEN COURANT DU FOYER",2020M5,2020-05-01,101.2,I4166,https://bds.hcp.ma/api/v1/indicators/I4166,2026-06-22 12:26:21.708000+00:00
Rabat,"(05) MEUBLES, ARTICLES DE MENAGE ET ENTRETIEN COURANT DU FOYER",2020M6,2020-06-01,101.1,I4166,https://bds.hcp.ma/api/v1/indicators/I4166,2026-06-22 12:26:21.708000+00:00
Rabat,"(05) MEUBLES, ARTICLES DE MENAGE ET ENTRETIEN COURANT DU FOYER",2020M7,2020-07-01,101,I4166,https://bds.hcp.ma/api/v1/indicators/I4166,2026-06-22 12:26:21.708000+00:00
Rabat,"(05) MEUBLES, ARTICLES DE MENAGE ET ENTRETIEN COURANT DU FOYER",2020M8,2020-08-01,100.8,I4166,https://bds.hcp.ma/api/v1/indicators/I4166,2026-06-22 12:26:21.708000+00:00
Rabat,"(05) MEUBLES, ARTICLES DE MENAGE ET ENTRETIEN COURANT DU FOYER",2020M9,2020-09-01,100.8,I4166,https://bds.hcp.ma/api/v1/indicators/I4166,2026-06-22 12:26:21.708000+00:00
Rabat,"(05) MEUBLES, ARTICLES DE MENAGE ET ENTRETIEN COURANT DU FOYER",2020M10,2020-10-01,100.8,I4166,https://bds.hcp.ma/api/v1/indicators/I4166,2026-06-22 12:26:21.708000+00:00
Rabat,"(05) MEUBLES, ARTICLES DE MENAGE ET ENTRETIEN COURANT DU FOYER",2020M11,2020-11-01,100.8,I4166,https://bds.hcp.ma/api/v1/indicators/I4166,2026-06-22 12:26:21.708000+00:00
Rabat,"(05) MEUBLES, ARTICLES DE MENAGE ET ENTRETIEN COURANT DU FOYER",2020M12,2020-12-01,100.7,I4166,https://bds.hcp.ma/api/v1/indicators/I4166,2026-06-22 12:26:21.708000+00:00
Rabat,"(05) MEUBLES, ARTICLES DE MENAGE ET ENTRETIEN COURANT DU FOYER",2021M1,2021-01-01,100.5,I4166,https://bds.hcp.ma/api/v1/indicators/I4166,2026-06-22 12:26:21.708000+00:00
Rabat,"(05) MEUBLES, ARTICLES DE MENAGE ET ENTRETIEN COURANT DU FOYER",2021M2,2021-02-01,100.5,I4166,https://bds.hcp.ma/api/v1/indicators/I4166,2026-06-22 12:26:21.708000+00:00
Rabat,"(05) MEUBLES, ARTICLES DE MENAGE ET ENTRETIEN COURANT DU FOYER",2021M3,2021-03-01,100.5,I4166,https://bds.hcp.ma/api/v1/indicators/I4166,2026-06-22 12:26:21.708000+00:00
Rabat,"(05) MEUBLES, ARTICLES DE MENAGE ET ENTRETIEN COURANT DU FOYER",2021M4,2021-04-01,100.6,I4166,https://bds.hcp.ma/api/v1/indicators/I4166,2026-06-22 12:26:21.708000+00:00
Rabat,"(05) MEUBLES, ARTICLES DE MENAGE ET ENTRETIEN COURANT DU FOYER",2021M5,2021-05-01,100.9,I4166,https://bds.hcp.ma/api/v1/indicators/I4166,2026-06-22 12:26:21.708000+00:00
Rabat,"(05) MEUBLES, ARTICLES DE MENAGE ET ENTRETIEN COURANT DU FOYER",2021M6,2021-06-01,100.9,I4166,https://bds.hcp.ma/api/v1/indicators/I4166,2026-06-22 12:26:21.708000+00:00
Rabat,"(05) MEUBLES, ARTICLES DE MENAGE ET ENTRETIEN COURANT DU FOYER",2021M7,2021-07-01,100.9,I4166,https://bds.hcp.ma/api/v1/indicators/I4166,2026-06-22 12:26:21.708000+00:00
Rabat,"(05) MEUBLES, ARTICLES DE MENAGE ET ENTRETIEN COURANT DU FOYER",2021M8,2021-08-01,100.9,I4166,https://bds.hcp.ma/api/v1/indicators/I4166,2026-06-22 12:26:21.708000+00:00
Rabat,"(05) MEUBLES, ARTICLES DE MENAGE ET ENTRETIEN COURANT DU FOYER",2021M9,2021-09-01,100.9,I4166,https://bds.hcp.ma/api/v1/indicators/I4166,2026-06-22 12:26:21.708000+00:00
Rabat,"(05) MEUBLES, ARTICLES DE MENAGE ET ENTRETIEN COURANT DU FOYER",2021M10,2021-10-01,100.9,I4166,https://bds.hcp.ma/api/v1/indicators/I4166,2026-06-22 12:26:21.708000+00:00
Rabat,"(05) MEUBLES, ARTICLES DE MENAGE ET ENTRETIEN COURANT DU FOYER",2021M11,2021-11-01,101.4,I4166,https://bds.hcp.ma/api/v1/indicators/I4166,2026-06-22 12:26:21.708000+00:00
Rabat,"(05) MEUBLES, ARTICLES DE MENAGE ET ENTRETIEN COURANT DU FOYER",2021M12,2021-12-01,101.8,I4166,https://bds.hcp.ma/api/v1/indicators/I4166,2026-06-22 12:26:21.708000+00:00
Rabat,"(05) MEUBLES, ARTICLES DE MENAGE ET ENTRETIEN COURANT DU FOYER",2022M1,2022-01-01,101.8,I4166,https://bds.hcp.ma/api/v1/indicators/I4166,2026-06-22 12:26:21.708000+00:00
Rabat,"(05) MEUBLES, ARTICLES DE MENAGE ET ENTRETIEN COURANT DU FOYER",2022M2,2022-02-01,101.8,I4166,https://bds.hcp.ma/api/v1/indicators/I4166,2026-06-22 12:26:21.708000+00:00
Rabat,"(05) MEUBLES, ARTICLES DE MENAGE ET ENTRETIEN COURANT DU FOYER",2022M3,2022-03-01,101.9,I4166,https://bds.hcp.ma/api/v1/indicators/I4166,2026-06-22 12:26:21.708000+00:00
Rabat,"(05) MEUBLES, ARTICLES DE MENAGE ET ENTRETIEN COURANT DU FOYER",2022M4,2022-04-01,101.9,I4166,https://bds.hcp.ma/api/v1/indicators/I4166,2026-06-22 12:26:21.708000+00:00
Rabat,"(05) MEUBLES, ARTICLES DE MENAGE ET ENTRETIEN COURANT DU FOYER",2022M5,2022-05-01,102.3,I4166,https://bds.hcp.ma/api/v1/indicators/I4166,2026-06-22 12:26:21.708000+00:00
Rabat,"(05) MEUBLES, ARTICLES DE MENAGE ET ENTRETIEN COURANT DU FOYER",2022M6,2022-06-01,102.4,I4166,https://bds.hcp.ma/api/v1/indicators/I4166,2026-06-22 12:26:21.708000+00:00
Rabat,"(05) MEUBLES, ARTICLES DE MENAGE ET ENTRETIEN COURANT DU FOYER",2022M7,2022-07-01,102.4,I4166,https://bds.hcp.ma/api/v1/indicators/I4166,2026-06-22 12:26:21.708000+00:00
Rabat,"(05) MEUBLES, ARTICLES DE MENAGE ET ENTRETIEN COURANT DU FOYER",2022M8,2022-08-01,102.4,I4166,https://bds.hcp.ma/api/v1/indicators/I4166,2026-06-22 12:26:21.708000+00:00
Rabat,"(05) MEUBLES, ARTICLES DE MENAGE ET ENTRETIEN COURANT DU FOYER",2022M9,2022-09-01,102.4,I4166,https://bds.hcp.ma/api/v1/indicators/I4166,2026-06-22 12:26:21.708000+00:00
Rabat,"(05) MEUBLES, ARTICLES DE MENAGE ET ENTRETIEN COURANT DU FOYER",2022M10,2022-10-01,102.4,I4166,https://bds.hcp.ma/api/v1/indicators/I4166,2026-06-22 12:26:21.708000+00:00
Rabat,"(05) MEUBLES, ARTICLES DE MENAGE ET ENTRETIEN COURANT DU FOYER",2022M11,2022-11-01,102.6,I4166,https://bds.hcp.ma/api/v1/indicators/I4166,2026-06-22 12:26:21.708000+00:00
Rabat,"(05) MEUBLES, ARTICLES DE MENAGE ET ENTRETIEN COURANT DU FOYER",2022M12,2022-12-01,102.6,I4166,https://bds.hcp.ma/api/v1/indicators/I4166,2026-06-22 12:26:21.708000+00:00
Rabat,"(05) MEUBLES, ARTICLES DE MENAGE ET ENTRETIEN COURANT DU FOYER",2023M1,2023-01-01,103.2,I4166,https://bds.hcp.ma/api/v1/indicators/I4166,2026-06-22 12:26:21.708000+00:00
Rabat,"(05) MEUBLES, ARTICLES DE MENAGE ET ENTRETIEN COURANT DU FOYER",2023M2,2023-02-01,103.7,I4166,https://bds.hcp.ma/api/v1/indicators/I4166,2026-06-22 12:26:21.708000+00:00
Rabat,"(05) MEUBLES, ARTICLES DE MENAGE ET ENTRETIEN COURANT DU FOYER",2023M3,2023-03-01,103.7,I4166,https://bds.hcp.ma/api/v1/indicators/I4166,2026-06-22 12:26:21.708000+00:00
Rabat,"(05) MEUBLES, ARTICLES DE MENAGE ET ENTRETIEN COURANT DU FOYER",2023M4,2023-04-01,103.7,I4166,https://bds.hcp.ma/api/v1/indicators/I4166,2026-06-22 12:26:21.708000+00:00
Rabat,"(05) MEUBLES, ARTICLES DE MENAGE ET ENTRETIEN COURANT DU FOYER",2023M5,2023-05-01,103.8,I4166,https://bds.hcp.ma/api/v1/indicators/I4166,2026-06-22 12:26:21.708000+00:00
Rabat,"(05) MEUBLES, ARTICLES DE MENAGE ET ENTRETIEN COURANT DU FOYER",2023M6,2023-06-01,104,I4166,https://bds.hcp.ma/api/v1/indicators/I4166,2026-06-22 12:26:21.708000+00:00
Rabat,"(05) MEUBLES, ARTICLES DE MENAGE ET ENTRETIEN COURANT DU FOYER",2023M7,2023-07-01,104,I4166,https://bds.hcp.ma/api/v1/indicators/I4166,2026-06-22 12:26:21.708000+00:00
Rabat,"(05) MEUBLES, ARTICLES DE MENAGE ET ENTRETIEN COURANT DU FOYER",2023M8,2023-08-01,104,I4166,https://bds.hcp.ma/api/v1/indicators/I4166,2026-06-22 12:26:21.708000+00:00
Rabat,"(05) MEUBLES, ARTICLES DE MENAGE ET ENTRETIEN COURANT DU FOYER",2023M9,2023-09-01,105.1,I4166,https://bds.hcp.ma/api/v1/indicators/I4166,2026-06-22 12:26:21.708000+00:00
Rabat,"(05) MEUBLES, ARTICLES DE MENAGE ET ENTRETIEN COURANT DU FOYER",2023M10,2023-10-01,105.2,I4166,https://bds.hcp.ma/api/v1/indicators/I4166,2026-06-22 12:26:21.708000+00:00
Rabat,"(05) MEUBLES, ARTICLES DE MENAGE ET ENTRETIEN COURANT DU FOYER",2023M11,2023-11-01,105.8,I4166,https://bds.hcp.ma/api/v1/indicators/I4166,2026-06-22 12:26:21.708000+00:00
Rabat,"(05) MEUBLES, ARTICLES DE MENAGE ET ENTRETIEN COURANT DU FOYER",2023M12,2023-12-01,106,I4166,https://bds.hcp.ma/api/v1/indicators/I4166,2026-06-22 12:26:21.708000+00:00
Rabat,"(05) MEUBLES, ARTICLES DE MENAGE ET ENTRETIEN COURANT DU FOYER",2024M1,2024-01-01,105.9,I4166,https://bds.hcp.ma/api/v1/indicators/I4166,2026-06-22 12:26:21.708000+00:00
Rabat,"(05) MEUBLES, ARTICLES DE MENAGE ET ENTRETIEN COURANT DU FOYER",2024M2,2024-02-01,105.9,I4166,https://bds.hcp.ma/api/v1/indicators/I4166,2026-06-22 12:26:21.708000+00:00
Rabat,"(05) MEUBLES, ARTICLES DE MENAGE ET ENTRETIEN COURANT DU FOYER",2024M3,2024-03-01,106,I4166,https://bds.hcp.ma/api/v1/indicators/I4166,2026-06-22 12:26:21.708000+00:00
Rabat,"(05) MEUBLES, ARTICLES DE MENAGE ET ENTRETIEN COURANT DU FOYER",2024M4,2024-04-01,106,I4166,https://bds.hcp.ma/api/v1/indicators/I4166,2026-06-22 12:26:21.708000+00:00
Rabat,"(05) MEUBLES, ARTICLES DE MENAGE ET ENTRETIEN COURANT DU FOYER",2024M5,2024-05-01,106,I4166,https://bds.hcp.ma/api/v1/indicators/I4166,2026-06-22 12:26:21.708000+00:00
Rabat,"(05) MEUBLES, ARTICLES DE MENAGE ET ENTRETIEN COURANT DU FOYER",2024M6,2024-06-01,105.9,I4166,https://bds.hcp.ma/api/v1/indicators/I4166,2026-06-22 12:26:21.708000+00:00
Rabat,"(05) MEUBLES, ARTICLES DE MENAGE ET ENTRETIEN COURANT DU FOYER",2024M7,2024-07-01,105.9,I4166,https://bds.hcp.ma/api/v1/indicators/I4166,2026-06-22 12:26:21.708000+00:00
Rabat,"(05) MEUBLES, ARTICLES DE MENAGE ET ENTRETIEN COURANT DU FOYER",2024M8,2024-08-01,105.9,I4166,https://bds.hcp.ma/api/v1/indicators/I4166,2026-06-22 12:26:21.708000+00:00
Rabat,"(05) MEUBLES, ARTICLES DE MENAGE ET ENTRETIEN COURANT DU FOYER",2024M9,2024-09-01,106,I4166,https://bds.hcp.ma/api/v1/indicators/I4166,2026-06-22 12:26:21.708000+00:00
Rabat,"(05) MEUBLES, ARTICLES DE MENAGE ET ENTRETIEN COURANT DU FOYER",2024M10,2024-10-01,106,I4166,https://bds.hcp.ma/api/v1/indicators/I4166,2026-06-22 12:26:21.708000+00:00
Rabat,"(05) MEUBLES, ARTICLES DE MENAGE ET ENTRETIEN COURANT DU FOYER",2024M11,2024-11-01,106.0,I4166,https://bds.hcp.ma/api/v1/indicators/I4166,2026-06-22 12:26:21.708000+00:00
Rabat,"(05) MEUBLES, ARTICLES DE MENAGE ET ENTRETIEN COURANT DU FOYER",2024M12,2024-12-01,106.0,I4166,https://bds.hcp.ma/api/v1/indicators/I4166,2026-06-22 12:26:21.708000+00:00
Rabat,"(05) MEUBLES, ARTICLES DE MENAGE ET ENTRETIEN COURANT DU FOYER",2025M1,2025-01-01,106.0,I4166,https://bds.hcp.ma/api/v1/indicators/I4166,2026-06-22 12:26:21.708000+00:00
Rabat,"(05) MEUBLES, ARTICLES DE MENAGE ET ENTRETIEN COURANT DU FOYER",2025M2,2025-02-01,106.1,I4166,https://bds.hcp.ma/api/v1/indicators/I4166,2026-06-22 12:26:21.708000+00:00
Rabat,"(05) MEUBLES, ARTICLES DE MENAGE ET ENTRETIEN COURANT DU FOYER",2025M3,2025-03-01,106.1,I4166,https://bds.hcp.ma/api/v1/indicators/I4166,2026-06-22 12:26:21.708000+00:00
Rabat,"(05) MEUBLES, ARTICLES DE MENAGE ET ENTRETIEN COURANT DU FOYER",2025M4,2025-04-01,106.2,I4166,https://bds.hcp.ma/api/v1/indicators/I4166,2026-06-22 12:26:21.708000+00:00
Rabat,"(05) MEUBLES, ARTICLES DE MENAGE ET ENTRETIEN COURANT DU FOYER",2025M5,2025-05-01,106.2,I4166,https://bds.hcp.ma/api/v1/indicators/I4166,2026-06-22 12:26:21.708000+00:00
Rabat,"(05) MEUBLES, ARTICLES DE MENAGE ET ENTRETIEN COURANT DU FOYER",2025M6,2025-06-01,106.2,I4166,https://bds.hcp.ma/api/v1/indicators/I4166,2026-06-22 12:26:21.708000+00:00
Rabat,"(05) MEUBLES, ARTICLES DE MENAGE ET ENTRETIEN COURANT DU FOYER",2025M7,2025-07-01,106.8,I4166,https://bds.hcp.ma/api/v1/indicators/I4166,2026-06-22 12:26:21.708000+00:00
Rabat,"(05) MEUBLES, ARTICLES DE MENAGE ET ENTRETIEN COURANT DU FOYER",2025M8,2025-08-01,106.8,I4166,https://bds.hcp.ma/api/v1/indicators/I4166,2026-06-22 12:26:21.708000+00:00
Rabat,"(05) MEUBLES, ARTICLES DE MENAGE ET ENTRETIEN COURANT DU FOYER",2025M9,2025-09-01,106.6,I4166,https://bds.hcp.ma/api/v1/indicators/I4166,2026-06-22 12:26:21.708000+00:00
Rabat,"(05) MEUBLES, ARTICLES DE MENAGE ET ENTRETIEN COURANT DU FOYER",2025M10,2025-10-01,106.6,I4166,https://bds.hcp.ma/api/v1/indicators/I4166,2026-06-22 12:26:21.708000+00:00
Rabat,"(05) MEUBLES, ARTICLES DE MENAGE ET ENTRETIEN COURANT DU FOYER",2025M11,2025-11-01,107.1,I4166,https://bds.hcp.ma/api/v1/indicators/I4166,2026-06-22 12:26:21.708000+00:00
Rabat,"(05) MEUBLES, ARTICLES DE MENAGE ET ENTRETIEN COURANT DU FOYER",2025M12,2025-12-01,107.7,I4166,https://bds.hcp.ma/api/v1/indicators/I4166,2026-06-22 12:26:21.708000+00:00
Rabat,"(05) MEUBLES, ARTICLES DE MENAGE ET ENTRETIEN COURANT DU FOYER",2026M1,2026-01-01,107.7,I4166,https://bds.hcp.ma/api/v1/indicators/I4166,2026-06-22 12:26:21.708000+00:00
Rabat,"(05) MEUBLES, ARTICLES DE MENAGE ET ENTRETIEN COURANT DU FOYER",2026M2,2026-02-01,107.7,I4166,https://bds.hcp.ma/api/v1/indicators/I4166,2026-06-22 12:26:21.708000+00:00
Rabat,"(05) MEUBLES, ARTICLES DE MENAGE ET ENTRETIEN COURANT DU FOYER",2026M3,2026-03-01,107.7,I4166,https://bds.hcp.ma/api/v1/indicators/I4166,2026-06-22 12:26:21.708000+00:00
Rabat,(06) SANTÉ,2017M1,2017-01-01,100,I4166,https://bds.hcp.ma/api/v1/indicators/I4166,2026-06-22 12:26:21.708000+00:00
Rabat,(06) SANTÉ,2017M2,2017-02-01,100,I4166,https://bds.hcp.ma/api/v1/indicators/I4166,2026-06-22 12:26:21.708000+00:00
Rabat,(06) SANTÉ,2017M3,2017-03-01,100,I4166,https://bds.hcp.ma/api/v1/indicators/I4166,2026-06-22 12:26:21.708000+00:00
Rabat,(06) SANTÉ,2017M4,2017-04-01,100.1,I4166,https://bds.hcp.ma/api/v1/indicators/I4166,2026-06-22 12:26:21.708000+00:00
Rabat,(06) SANTÉ,2017M5,2017-05-01,100,I4166,https://bds.hcp.ma/api/v1/indicators/I4166,2026-06-22 12:26:21.708000+00:00
Rabat,(06) SANTÉ,2017M6,2017-06-01,100,I4166,https://bds.hcp.ma/api/v1/indicators/I4166,2026-06-22 12:26:21.708000+00:00
Rabat,(06) SANTÉ,2017M7,2017-07-01,100,I4166,https://bds.hcp.ma/api/v1/indicators/I4166,2026-06-22 12:26:21.708000+00:00
Rabat,(06) SANTÉ,2017M8,2017-08-01,100,I4166,https://bds.hcp.ma/api/v1/indicators/I4166,2026-06-22 12:26:21.708000+00:00
Rabat,(06) SANTÉ,2017M9,2017-09-01,100,I4166,https://bds.hcp.ma/api/v1/indicators/I4166,2026-06-22 12:26:21.708000+00:00
Rabat,(06) SANTÉ,2017M10,2017-10-01,100,I4166,https://bds.hcp.ma/api/v1/indicators/I4166,2026-06-22 12:26:21.708000+00:00
Rabat,(06) SANTÉ,2017M11,2017-11-01,100,I4166,https://bds.hcp.ma/api/v1/indicators/I4166,2026-06-22 12:26:21.708000+00:00
Rabat,(06) SANTÉ,2017M12,2017-12-01,100,I4166,https://bds.hcp.ma/api/v1/indicators/I4166,2026-06-22 12:26:21.708000+00:00
Rabat,(06) SANTÉ,2018M1,2018-01-01,100,I4166,https://bds.hcp.ma/api/v1/indicators/I4166,2026-06-22 12:26:21.708000+00:00
Rabat,(06) SANTÉ,2018M2,2018-02-01,100,I4166,https://bds.hcp.ma/api/v1/indicators/I4166,2026-06-22 12:26:21.708000+00:00
Rabat,(06) SANTÉ,2018M3,2018-03-01,100,I4166,https://bds.hcp.ma/api/v1/indicators/I4166,2026-06-22 12:26:21.708000+00:00
Rabat,(06) SANTÉ,2018M4,2018-04-01,99.9,I4166,https://bds.hcp.ma/api/v1/indicators/I4166,2026-06-22 12:26:21.708000+00:00
Rabat,(06) SANTÉ,2018M5,2018-05-01,99.8,I4166,https://bds.hcp.ma/api/v1/indicators/I4166,2026-06-22 12:26:21.708000+00:00
Rabat,(06) SANTÉ,2018M6,2018-06-01,99.7,I4166,https://bds.hcp.ma/api/v1/indicators/I4166,2026-06-22 12:26:21.708000+00:00
Rabat,(06) SANTÉ,2018M7,2018-07-01,99.7,I4166,https://bds.hcp.ma/api/v1/indicators/I4166,2026-06-22 12:26:21.708000+00:00
Rabat,(06) SANTÉ,2018M8,2018-08-01,99.6,I4166,https://bds.hcp.ma/api/v1/indicators/I4166,2026-06-22 12:26:21.708000+00:00
Rabat,(06) SANTÉ,2018M9,2018-09-01,99.6,I4166,https://bds.hcp.ma/api/v1/indicators/I4166,2026-06-22 12:26:21.708000+00:00
Rabat,(06) SANTÉ,2018M10,2018-10-01,99.5,I4166,https://bds.hcp.ma/api/v1/indicators/I4166,2026-06-22 12:26:21.708000+00:00
Rabat,(06) SANTÉ,2018M11,2018-11-01,99.5,I4166,https://bds.hcp.ma/api/v1/indicators/I4166,2026-06-22 12:26:21.708000+00:00
Rabat,(06) SANTÉ,2018M12,2018-12-01,99.5,I4166,https://bds.hcp.ma/api/v1/indicators/I4166,2026-06-22 12:26:21.708000+00:00
Rabat,(06) SANTÉ,2019M1,2019-01-01,99.6,I4166,https://bds.hcp.ma/api/v1/indicators/I4166,2026-06-22 12:26:21.708000+00:00
Rabat,(06) SANTÉ,2019M2,2019-02-01,99.6,I4166,https://bds.hcp.ma/api/v1/indicators/I4166,2026-06-22 12:26:21.708000+00:00
Rabat,(06) SANTÉ,2019M3,2019-03-01,99.6,I4166,https://bds.hcp.ma/api/v1/indicators/I4166,2026-06-22 12:26:21.708000+00:00
Rabat,(06) SANTÉ,2019M4,2019-04-01,99.6,I4166,https://bds.hcp.ma/api/v1/indicators/I4166,2026-06-22 12:26:21.708000+00:00
Rabat,(06) SANTÉ,2019M5,2019-05-01,99.6,I4166,https://bds.hcp.ma/api/v1/indicators/I4166,2026-06-22 12:26:21.708000+00:00
Rabat,(06) SANTÉ,2019M6,2019-06-01,99.6,I4166,https://bds.hcp.ma/api/v1/indicators/I4166,2026-06-22 12:26:21.708000+00:00
Rabat,(06) SANTÉ,2019M7,2019-07-01,99.6,I4166,https://bds.hcp.ma/api/v1/indicators/I4166,2026-06-22 12:26:21.708000+00:00
Rabat,(06) SANTÉ,2019M8,2019-08-01,99.5,I4166,https://bds.hcp.ma/api/v1/indicators/I4166,2026-06-22 12:26:21.708000+00:00
Rabat,(06) SANTÉ,2019M9,2019-09-01,99.5,I4166,https://bds.hcp.ma/api/v1/indicators/I4166,2026-06-22 12:26:21.708000+00:00
Rabat,(06) SANTÉ,2019M10,2019-10-01,99.5,I4166,https://bds.hcp.ma/api/v1/indicators/I4166,2026-06-22 12:26:21.708000+00:00
Rabat,(06) SANTÉ,2019M11,2019-11-01,99.5,I4166,https://bds.hcp.ma/api/v1/indicators/I4166,2026-06-22 12:26:21.708000+00:00
Rabat,(06) SANTÉ,2019M12,2019-12-01,99.5,I4166,https://bds.hcp.ma/api/v1/indicators/I4166,2026-06-22 12:26:21.708000+00:00
Rabat,(06) SANTÉ,2020M1,2020-01-01,99.4,I4166,https://bds.hcp.ma/api/v1/indicators/I4166,2026-06-22 12:26:21.708000+00:00
Rabat,(06) SANTÉ,2020M2,2020-02-01,103.1,I4166,https://bds.hcp.ma/api/v1/indicators/I4166,2026-06-22 12:26:21.708000+00:00
Rabat,(06) SANTÉ,2020M3,2020-03-01,103.1,I4166,https://bds.hcp.ma/api/v1/indicators/I4166,2026-06-22 12:26:21.708000+00:00
Rabat,(06) SANTÉ,2020M4,2020-04-01,103.1,I4166,https://bds.hcp.ma/api/v1/indicators/I4166,2026-06-22 12:26:21.708000+00:00
Rabat,(06) SANTÉ,2020M5,2020-05-01,103.1,I4166,https://bds.hcp.ma/api/v1/indicators/I4166,2026-06-22 12:26:21.708000+00:00
Rabat,(06) SANTÉ,2020M6,2020-06-01,103,I4166,https://bds.hcp.ma/api/v1/indicators/I4166,2026-06-22 12:26:21.708000+00:00
Rabat,(06) SANTÉ,2020M7,2020-07-01,103,I4166,https://bds.hcp.ma/api/v1/indicators/I4166,2026-06-22 12:26:21.708000+00:00
Rabat,(06) SANTÉ,2020M8,2020-08-01,103,I4166,https://bds.hcp.ma/api/v1/indicators/I4166,2026-06-22 12:26:21.708000+00:00
Rabat,(06) SANTÉ,2020M9,2020-09-01,103,I4166,https://bds.hcp.ma/api/v1/indicators/I4166,2026-06-22 12:26:21.708000+00:00
Rabat,(06) SANTÉ,2020M10,2020-10-01,102.9,I4166,https://bds.hcp.ma/api/v1/indicators/I4166,2026-06-22 12:26:21.708000+00:00
Rabat,(06) SANTÉ,2020M11,2020-11-01,102.9,I4166,https://bds.hcp.ma/api/v1/indicators/I4166,2026-06-22 12:26:21.708000+00:00
Rabat,(06) SANTÉ,2020M12,2020-12-01,102.9,I4166,https://bds.hcp.ma/api/v1/indicators/I4166,2026-06-22 12:26:21.708000+00:00
Rabat,(06) SANTÉ,2021M1,2021-01-01,102.9,I4166,https://bds.hcp.ma/api/v1/indicators/I4166,2026-06-22 12:26:21.708000+00:00
Rabat,(06) SANTÉ,2021M2,2021-02-01,102.8,I4166,https://bds.hcp.ma/api/v1/indicators/I4166,2026-06-22 12:26:21.708000+00:00
Rabat,(06) SANTÉ,2021M3,2021-03-01,102.8,I4166,https://bds.hcp.ma/api/v1/indicators/I4166,2026-06-22 12:26:21.708000+00:00
Rabat,(06) SANTÉ,2021M4,2021-04-01,102.8,I4166,https://bds.hcp.ma/api/v1/indicators/I4166,2026-06-22 12:26:21.708000+00:00
Rabat,(06) SANTÉ,2021M5,2021-05-01,102.8,I4166,https://bds.hcp.ma/api/v1/indicators/I4166,2026-06-22 12:26:21.708000+00:00
Rabat,(06) SANTÉ,2021M6,2021-06-01,102.7,I4166,https://bds.hcp.ma/api/v1/indicators/I4166,2026-06-22 12:26:21.708000+00:00
Rabat,(06) SANTÉ,2021M7,2021-07-01,102.7,I4166,https://bds.hcp.ma/api/v1/indicators/I4166,2026-06-22 12:26:21.708000+00:00
Rabat,(06) SANTÉ,2021M8,2021-08-01,102.7,I4166,https://bds.hcp.ma/api/v1/indicators/I4166,2026-06-22 12:26:21.708000+00:00
Rabat,(06) SANTÉ,2021M9,2021-09-01,102.7,I4166,https://bds.hcp.ma/api/v1/indicators/I4166,2026-06-22 12:26:21.708000+00:00
Rabat,(06) SANTÉ,2021M10,2021-10-01,102.7,I4166,https://bds.hcp.ma/api/v1/indicators/I4166,2026-06-22 12:26:21.708000+00:00
Rabat,(06) SANTÉ,2021M11,2021-11-01,102.7,I4166,https://bds.hcp.ma/api/v1/indicators/I4166,2026-06-22 12:26:21.708000+00:00
Rabat,(06) SANTÉ,2021M12,2021-12-01,102.6,I4166,https://bds.hcp.ma/api/v1/indicators/I4166,2026-06-22 12:26:21.708000+00:00
Rabat,(06) SANTÉ,2022M1,2022-01-01,102.6,I4166,https://bds.hcp.ma/api/v1/indicators/I4166,2026-06-22 12:26:21.708000+00:00
Rabat,(06) SANTÉ,2022M2,2022-02-01,102.6,I4166,https://bds.hcp.ma/api/v1/indicators/I4166,2026-06-22 12:26:21.708000+00:00
Rabat,(06) SANTÉ,2022M3,2022-03-01,102.7,I4166,https://bds.hcp.ma/api/v1/indicators/I4166,2026-06-22 12:26:21.708000+00:00
Rabat,(06) SANTÉ,2022M4,2022-04-01,102.6,I4166,https://bds.hcp.ma/api/v1/indicators/I4166,2026-06-22 12:26:21.708000+00:00
Rabat,(06) SANTÉ,2022M5,2022-05-01,102.6,I4166,https://bds.hcp.ma/api/v1/indicators/I4166,2026-06-22 12:26:21.708000+00:00
Rabat,(06) SANTÉ,2022M6,2022-06-01,102.6,I4166,https://bds.hcp.ma/api/v1/indicators/I4166,2026-06-22 12:26:21.708000+00:00
Rabat,(06) SANTÉ,2022M7,2022-07-01,102.6,I4166,https://bds.hcp.ma/api/v1/indicators/I4166,2026-06-22 12:26:21.708000+00:00
Rabat,(06) SANTÉ,2022M8,2022-08-01,102.6,I4166,https://bds.hcp.ma/api/v1/indicators/I4166,2026-06-22 12:26:21.708000+00:00
Rabat,(06) SANTÉ,2022M9,2022-09-01,102.5,I4166,https://bds.hcp.ma/api/v1/indicators/I4166,2026-06-22 12:26:21.708000+00:00
Rabat,(06) SANTÉ,2022M10,2022-10-01,102.5,I4166,https://bds.hcp.ma/api/v1/indicators/I4166,2026-06-22 12:26:21.708000+00:00
Rabat,(06) SANTÉ,2022M11,2022-11-01,102.4,I4166,https://bds.hcp.ma/api/v1/indicators/I4166,2026-06-22 12:26:21.708000+00:00
Rabat,(06) SANTÉ,2022M12,2022-12-01,102.4,I4166,https://bds.hcp.ma/api/v1/indicators/I4166,2026-06-22 12:26:21.708000+00:00
Rabat,(06) SANTÉ,2023M1,2023-01-01,102.4,I4166,https://bds.hcp.ma/api/v1/indicators/I4166,2026-06-22 12:26:21.708000+00:00
Rabat,(06) SANTÉ,2023M2,2023-02-01,102.3,I4166,https://bds.hcp.ma/api/v1/indicators/I4166,2026-06-22 12:26:21.708000+00:00
Rabat,(06) SANTÉ,2023M3,2023-03-01,102.3,I4166,https://bds.hcp.ma/api/v1/indicators/I4166,2026-06-22 12:26:21.708000+00:00
Rabat,(06) SANTÉ,2023M4,2023-04-01,102.3,I4166,https://bds.hcp.ma/api/v1/indicators/I4166,2026-06-22 12:26:21.708000+00:00
Rabat,(06) SANTÉ,2023M5,2023-05-01,102.2,I4166,https://bds.hcp.ma/api/v1/indicators/I4166,2026-06-22 12:26:21.708000+00:00
Rabat,(06) SANTÉ,2023M6,2023-06-01,102.2,I4166,https://bds.hcp.ma/api/v1/indicators/I4166,2026-06-22 12:26:21.708000+00:00
Rabat,(06) SANTÉ,2023M7,2023-07-01,102.2,I4166,https://bds.hcp.ma/api/v1/indicators/I4166,2026-06-22 12:26:21.708000+00:00
Rabat,(06) SANTÉ,2023M8,2023-08-01,102.2,I4166,https://bds.hcp.ma/api/v1/indicators/I4166,2026-06-22 12:26:21.708000+00:00
Rabat,(06) SANTÉ,2023M9,2023-09-01,102.2,I4166,https://bds.hcp.ma/api/v1/indicators/I4166,2026-06-22 12:26:21.708000+00:00
Rabat,(06) SANTÉ,2023M10,2023-10-01,102.2,I4166,https://bds.hcp.ma/api/v1/indicators/I4166,2026-06-22 12:26:21.708000+00:00
Rabat,(06) SANTÉ,2023M11,2023-11-01,102.2,I4166,https://bds.hcp.ma/api/v1/indicators/I4166,2026-06-22 12:26:21.708000+00:00
Rabat,(06) SANTÉ,2023M12,2023-12-01,102.2,I4166,https://bds.hcp.ma/api/v1/indicators/I4166,2026-06-22 12:26:21.708000+00:00
Rabat,(06) SANTÉ,2024M1,2024-01-01,100.5,I4166,https://bds.hcp.ma/api/v1/indicators/I4166,2026-06-22 12:26:21.708000+00:00
Rabat,(06) SANTÉ,2024M2,2024-02-01,100.5,I4166,https://bds.hcp.ma/api/v1/indicators/I4166,2026-06-22 12:26:21.708000+00:00
Rabat,(06) SANTÉ,2024M3,2024-03-01,100.5,I4166,https://bds.hcp.ma/api/v1/indicators/I4166,2026-06-22 12:26:21.708000+00:00
Rabat,(06) SANTÉ,2024M4,2024-04-01,100.5,I4166,https://bds.hcp.ma/api/v1/indicators/I4166,2026-06-22 12:26:21.708000+00:00
Rabat,(06) SANTÉ,2024M5,2024-05-01,100.5,I4166,https://bds.hcp.ma/api/v1/indicators/I4166,2026-06-22 12:26:21.708000+00:00
Rabat,(06) SANTÉ,2024M6,2024-06-01,100.5,I4166,https://bds.hcp.ma/api/v1/indicators/I4166,2026-06-22 12:26:21.708000+00:00
Rabat,(06) SANTÉ,2024M7,2024-07-01,100.5,I4166,https://bds.hcp.ma/api/v1/indicators/I4166,2026-06-22 12:26:21.708000+00:00
Rabat,(06) SANTÉ,2024M8,2024-08-01,100.5,I4166,https://bds.hcp.ma/api/v1/indicators/I4166,2026-06-22 12:26:21.708000+00:00
Rabat,(06) SANTÉ,2024M9,2024-09-01,100.5,I4166,https://bds.hcp.ma/api/v1/indicators/I4166,2026-06-22 12:26:21.708000+00:00
Rabat,(06) SANTÉ,2024M10,2024-10-01,100.5,I4166,https://bds.hcp.ma/api/v1/indicators/I4166,2026-06-22 12:26:21.708000+00:00
Rabat,(06) SANTÉ,2024M11,2024-11-01,100.5,I4166,https://bds.hcp.ma/api/v1/indicators/I4166,2026-06-22 12:26:21.708000+00:00
Rabat,(06) SANTÉ,2024M12,2024-12-01,100.5,I4166,https://bds.hcp.ma/api/v1/indicators/I4166,2026-06-22 12:26:21.708000+00:00
Rabat,(06) SANTÉ,2025M1,2025-01-01,100.4,I4166,https://bds.hcp.ma/api/v1/indicators/I4166,2026-06-22 12:26:21.708000+00:00
Rabat,(06) SANTÉ,2025M2,2025-02-01,100.4,I4166,https://bds.hcp.ma/api/v1/indicators/I4166,2026-06-22 12:26:21.708000+00:00
Rabat,(06) SANTÉ,2025M3,2025-03-01,100.4,I4166,https://bds.hcp.ma/api/v1/indicators/I4166,2026-06-22 12:26:21.708000+00:00
Rabat,(06) SANTÉ,2025M4,2025-04-01,100.6,I4166,https://bds.hcp.ma/api/v1/indicators/I4166,2026-06-22 12:26:21.708000+00:00
Rabat,(06) SANTÉ,2025M5,2025-05-01,100.6,I4166,https://bds.hcp.ma/api/v1/indicators/I4166,2026-06-22 12:26:21.708000+00:00
Rabat,(06) SANTÉ,2025M6,2025-06-01,100.6,I4166,https://bds.hcp.ma/api/v1/indicators/I4166,2026-06-22 12:26:21.708000+00:00
Rabat,(06) SANTÉ,2025M7,2025-07-01,100.6,I4166,https://bds.hcp.ma/api/v1/indicators/I4166,2026-06-22 12:26:21.708000+00:00
Rabat,(06) SANTÉ,2025M8,2025-08-01,100.6,I4166,https://bds.hcp.ma/api/v1/indicators/I4166,2026-06-22 12:26:21.708000+00:00
Rabat,(06) SANTÉ,2025M9,2025-09-01,100.6,I4166,https://bds.hcp.ma/api/v1/indicators/I4166,2026-06-22 12:26:21.708000+00:00
Rabat,(06) SANTÉ,2025M10,2025-10-01,100.6,I4166,https://bds.hcp.ma/api/v1/indicators/I4166,2026-06-22 12:26:21.708000+00:00
Rabat,(06) SANTÉ,2025M11,2025-11-01,100.6,I4166,https://bds.hcp.ma/api/v1/indicators/I4166,2026-06-22 12:26:21.708000+00:00
Rabat,(06) SANTÉ,2025M12,2025-12-01,100.6,I4166,https://bds.hcp.ma/api/v1/indicators/I4166,2026-06-22 12:26:21.708000+00:00
Rabat,(06) SANTÉ,2026M1,2026-01-01,100.6,I4166,https://bds.hcp.ma/api/v1/indicators/I4166,2026-06-22 12:26:21.708000+00:00
Rabat,(06) SANTÉ,2026M2,2026-02-01,100.6,I4166,https://bds.hcp.ma/api/v1/indicators/I4166,2026-06-22 12:26:21.708000+00:00
Rabat,(06) SANTÉ,2026M3,2026-03-01,100.6,I4166,https://bds.hcp.ma/api/v1/indicators/I4166,2026-06-22 12:26:21.708000+00:00
Rabat,(07) TRANSPORTS,2017M1,2017-01-01,100.3,I4166,https://bds.hcp.ma/api/v1/indicators/I4166,2026-06-22 12:26:21.708000+00:00
Rabat,(07) TRANSPORTS,2017M2,2017-02-01,100.3,I4166,https://bds.hcp.ma/api/v1/indicators/I4166,2026-06-22 12:26:21.708000+00:00
Rabat,(07) TRANSPORTS,2017M3,2017-03-01,100.4,I4166,https://bds.hcp.ma/api/v1/indicators/I4166,2026-06-22 12:26:21.708000+00:00
Rabat,(07) TRANSPORTS,2017M4,2017-04-01,99.2,I4166,https://bds.hcp.ma/api/v1/indicators/I4166,2026-06-22 12:26:21.708000+00:00
Rabat,(07) TRANSPORTS,2017M5,2017-05-01,99,I4166,https://bds.hcp.ma/api/v1/indicators/I4166,2026-06-22 12:26:21.708000+00:00
Rabat,(07) TRANSPORTS,2017M6,2017-06-01,98.4,I4166,https://bds.hcp.ma/api/v1/indicators/I4166,2026-06-22 12:26:21.708000+00:00
Rabat,(07) TRANSPORTS,2017M7,2017-07-01,99.1,I4166,https://bds.hcp.ma/api/v1/indicators/I4166,2026-06-22 12:26:21.708000+00:00
Rabat,(07) TRANSPORTS,2017M8,2017-08-01,99.7,I4166,https://bds.hcp.ma/api/v1/indicators/I4166,2026-06-22 12:26:21.708000+00:00
Rabat,(07) TRANSPORTS,2017M9,2017-09-01,100.1,I4166,https://bds.hcp.ma/api/v1/indicators/I4166,2026-06-22 12:26:21.708000+00:00
Rabat,(07) TRANSPORTS,2017M10,2017-10-01,100.6,I4166,https://bds.hcp.ma/api/v1/indicators/I4166,2026-06-22 12:26:21.708000+00:00
Rabat,(07) TRANSPORTS,2017M11,2017-11-01,101.1,I4166,https://bds.hcp.ma/api/v1/indicators/I4166,2026-06-22 12:26:21.708000+00:00
Rabat,(07) TRANSPORTS,2017M12,2017-12-01,101.8,I4166,https://bds.hcp.ma/api/v1/indicators/I4166,2026-06-22 12:26:21.708000+00:00
Rabat,(07) TRANSPORTS,2018M1,2018-01-01,101.4,I4166,https://bds.hcp.ma/api/v1/indicators/I4166,2026-06-22 12:26:21.708000+00:00
Rabat,(07) TRANSPORTS,2018M2,2018-02-01,101.7,I4166,https://bds.hcp.ma/api/v1/indicators/I4166,2026-06-22 12:26:21.708000+00:00
Rabat,(07) TRANSPORTS,2018M3,2018-03-01,101.1,I4166,https://bds.hcp.ma/api/v1/indicators/I4166,2026-06-22 12:26:21.708000+00:00
Rabat,(07) TRANSPORTS,2018M4,2018-04-01,101.4,I4166,https://bds.hcp.ma/api/v1/indicators/I4166,2026-06-22 12:26:21.708000+00:00
Rabat,(07) TRANSPORTS,2018M5,2018-05-01,101.8,I4166,https://bds.hcp.ma/api/v1/indicators/I4166,2026-06-22 12:26:21.708000+00:00
Rabat,(07) TRANSPORTS,2018M6,2018-06-01,102.9,I4166,https://bds.hcp.ma/api/v1/indicators/I4166,2026-06-22 12:26:21.708000+00:00
Rabat,(07) TRANSPORTS,2018M7,2018-07-01,102.6,I4166,https://bds.hcp.ma/api/v1/indicators/I4166,2026-06-22 12:26:21.708000+00:00
Rabat,(07) TRANSPORTS,2018M8,2018-08-01,102.3,I4166,https://bds.hcp.ma/api/v1/indicators/I4166,2026-06-22 12:26:21.708000+00:00
Rabat,(07) TRANSPORTS,2018M9,2018-09-01,102.7,I4166,https://bds.hcp.ma/api/v1/indicators/I4166,2026-06-22 12:26:21.708000+00:00
Rabat,(07) TRANSPORTS,2018M10,2018-10-01,103.2,I4166,https://bds.hcp.ma/api/v1/indicators/I4166,2026-06-22 12:26:21.708000+00:00
Rabat,(07) TRANSPORTS,2018M11,2018-11-01,103.4,I4166,https://bds.hcp.ma/api/v1/indicators/I4166,2026-06-22 12:26:21.708000+00:00
Rabat,(07) TRANSPORTS,2018M12,2018-12-01,101.3,I4166,https://bds.hcp.ma/api/v1/indicators/I4166,2026-06-22 12:26:21.708000+00:00
Rabat,(07) TRANSPORTS,2019M1,2019-01-01,99.9,I4166,https://bds.hcp.ma/api/v1/indicators/I4166,2026-06-22 12:26:21.708000+00:00
Rabat,(07) TRANSPORTS,2019M2,2019-02-01,100.8,I4166,https://bds.hcp.ma/api/v1/indicators/I4166,2026-06-22 12:26:21.708000+00:00
Rabat,(07) TRANSPORTS,2019M3,2019-03-01,101.7,I4166,https://bds.hcp.ma/api/v1/indicators/I4166,2026-06-22 12:26:21.708000+00:00
Rabat,(07) TRANSPORTS,2019M4,2019-04-01,102.4,I4166,https://bds.hcp.ma/api/v1/indicators/I4166,2026-06-22 12:26:21.708000+00:00
Rabat,(07) TRANSPORTS,2019M5,2019-05-01,102.4,I4166,https://bds.hcp.ma/api/v1/indicators/I4166,2026-06-22 12:26:21.708000+00:00
Rabat,(07) TRANSPORTS,2019M6,2019-06-01,103.4,I4166,https://bds.hcp.ma/api/v1/indicators/I4166,2026-06-22 12:26:21.708000+00:00
Rabat,(07) TRANSPORTS,2019M7,2019-07-01,103,I4166,https://bds.hcp.ma/api/v1/indicators/I4166,2026-06-22 12:26:21.708000+00:00
Rabat,(07) TRANSPORTS,2019M8,2019-08-01,103.6,I4166,https://bds.hcp.ma/api/v1/indicators/I4166,2026-06-22 12:26:21.708000+00:00
Rabat,(07) TRANSPORTS,2019M9,2019-09-01,103.4,I4166,https://bds.hcp.ma/api/v1/indicators/I4166,2026-06-22 12:26:21.708000+00:00
Rabat,(07) TRANSPORTS,2019M10,2019-10-01,103.7,I4166,https://bds.hcp.ma/api/v1/indicators/I4166,2026-06-22 12:26:21.708000+00:00
Rabat,(07) TRANSPORTS,2019M11,2019-11-01,103.5,I4166,https://bds.hcp.ma/api/v1/indicators/I4166,2026-06-22 12:26:21.708000+00:00
Rabat,(07) TRANSPORTS,2019M12,2019-12-01,103.1,I4166,https://bds.hcp.ma/api/v1/indicators/I4166,2026-06-22 12:26:21.708000+00:00
Rabat,(07) TRANSPORTS,2020M1,2020-01-01,103.4,I4166,https://bds.hcp.ma/api/v1/indicators/I4166,2026-06-22 12:26:21.708000+00:00
Rabat,(07) TRANSPORTS,2020M2,2020-02-01,102.2,I4166,https://bds.hcp.ma/api/v1/indicators/I4166,2026-06-22 12:26:21.708000+00:00
Rabat,(07) TRANSPORTS,2020M3,2020-03-01,100.5,I4166,https://bds.hcp.ma/api/v1/indicators/I4166,2026-06-22 12:26:21.708000+00:00
Rabat,(07) TRANSPORTS,2020M4,2020-04-01,98,I4166,https://bds.hcp.ma/api/v1/indicators/I4166,2026-06-22 12:26:21.708000+00:00
Rabat,(07) TRANSPORTS,2020M5,2020-05-01,97.3,I4166,https://bds.hcp.ma/api/v1/indicators/I4166,2026-06-22 12:26:21.708000+00:00
Rabat,(07) TRANSPORTS,2020M6,2020-06-01,98.8,I4166,https://bds.hcp.ma/api/v1/indicators/I4166,2026-06-22 12:26:21.708000+00:00
Rabat,(07) TRANSPORTS,2020M7,2020-07-01,103.3,I4166,https://bds.hcp.ma/api/v1/indicators/I4166,2026-06-22 12:26:21.708000+00:00
Rabat,(07) TRANSPORTS,2020M8,2020-08-01,103.3,I4166,https://bds.hcp.ma/api/v1/indicators/I4166,2026-06-22 12:26:21.708000+00:00
Rabat,(07) TRANSPORTS,2020M9,2020-09-01,102.3,I4166,https://bds.hcp.ma/api/v1/indicators/I4166,2026-06-22 12:26:21.708000+00:00
Rabat,(07) TRANSPORTS,2020M10,2020-10-01,101.7,I4166,https://bds.hcp.ma/api/v1/indicators/I4166,2026-06-22 12:26:21.708000+00:00
Rabat,(07) TRANSPORTS,2020M11,2020-11-01,101.6,I4166,https://bds.hcp.ma/api/v1/indicators/I4166,2026-06-22 12:26:21.708000+00:00
Rabat,(07) TRANSPORTS,2020M12,2020-12-01,102.5,I4166,https://bds.hcp.ma/api/v1/indicators/I4166,2026-06-22 12:26:21.708000+00:00
Rabat,(07) TRANSPORTS,2021M1,2021-01-01,103,I4166,https://bds.hcp.ma/api/v1/indicators/I4166,2026-06-22 12:26:21.708000+00:00
Rabat,(07) TRANSPORTS,2021M2,2021-02-01,103.9,I4166,https://bds.hcp.ma/api/v1/indicators/I4166,2026-06-22 12:26:21.708000+00:00
Rabat,(07) TRANSPORTS,2021M3,2021-03-01,104.9,I4166,https://bds.hcp.ma/api/v1/indicators/I4166,2026-06-22 12:26:21.708000+00:00
Rabat,(07) TRANSPORTS,2021M4,2021-04-01,105.7,I4166,https://bds.hcp.ma/api/v1/indicators/I4166,2026-06-22 12:26:21.708000+00:00
Rabat,(07) TRANSPORTS,2021M5,2021-05-01,105.4,I4166,https://bds.hcp.ma/api/v1/indicators/I4166,2026-06-22 12:26:21.708000+00:00
Rabat,(07) TRANSPORTS,2021M6,2021-06-01,105.1,I4166,https://bds.hcp.ma/api/v1/indicators/I4166,2026-06-22 12:26:21.708000+00:00
Rabat,(07) TRANSPORTS,2021M7,2021-07-01,106.3,I4166,https://bds.hcp.ma/api/v1/indicators/I4166,2026-06-22 12:26:21.708000+00:00
Rabat,(07) TRANSPORTS,2021M8,2021-08-01,106.3,I4166,https://bds.hcp.ma/api/v1/indicators/I4166,2026-06-22 12:26:21.708000+00:00
Rabat,(07) TRANSPORTS,2021M9,2021-09-01,106.5,I4166,https://bds.hcp.ma/api/v1/indicators/I4166,2026-06-22 12:26:21.708000+00:00
Rabat,(07) TRANSPORTS,2021M10,2021-10-01,107.4,I4166,https://bds.hcp.ma/api/v1/indicators/I4166,2026-06-22 12:26:21.708000+00:00
Rabat,(07) TRANSPORTS,2021M11,2021-11-01,108.3,I4166,https://bds.hcp.ma/api/v1/indicators/I4166,2026-06-22 12:26:21.708000+00:00
Rabat,(07) TRANSPORTS,2021M12,2021-12-01,108.2,I4166,https://bds.hcp.ma/api/v1/indicators/I4166,2026-06-22 12:26:21.708000+00:00
Rabat,(07) TRANSPORTS,2022M1,2022-01-01,108.8,I4166,https://bds.hcp.ma/api/v1/indicators/I4166,2026-06-22 12:26:21.708000+00:00
Rabat,(07) TRANSPORTS,2022M2,2022-02-01,110.7,I4166,https://bds.hcp.ma/api/v1/indicators/I4166,2026-06-22 12:26:21.708000+00:00
Rabat,(07) TRANSPORTS,2022M3,2022-03-01,111,I4166,https://bds.hcp.ma/api/v1/indicators/I4166,2026-06-22 12:26:21.708000+00:00
Rabat,(07) TRANSPORTS,2022M4,2022-04-01,116.5,I4166,https://bds.hcp.ma/api/v1/indicators/I4166,2026-06-22 12:26:21.708000+00:00
Rabat,(07) TRANSPORTS,2022M5,2022-05-01,118.3,I4166,https://bds.hcp.ma/api/v1/indicators/I4166,2026-06-22 12:26:21.708000+00:00
Rabat,(07) TRANSPORTS,2022M6,2022-06-01,121.2,I4166,https://bds.hcp.ma/api/v1/indicators/I4166,2026-06-22 12:26:21.708000+00:00
Rabat,(07) TRANSPORTS,2022M7,2022-07-01,123.8,I4166,https://bds.hcp.ma/api/v1/indicators/I4166,2026-06-22 12:26:21.708000+00:00
Rabat,(07) TRANSPORTS,2022M8,2022-08-01,119.1,I4166,https://bds.hcp.ma/api/v1/indicators/I4166,2026-06-22 12:26:21.708000+00:00
Rabat,(07) TRANSPORTS,2022M9,2022-09-01,119.9,I4166,https://bds.hcp.ma/api/v1/indicators/I4166,2026-06-22 12:26:21.708000+00:00
Rabat,(07) TRANSPORTS,2022M10,2022-10-01,119.5,I4166,https://bds.hcp.ma/api/v1/indicators/I4166,2026-06-22 12:26:21.708000+00:00
Rabat,(07) TRANSPORTS,2022M11,2022-11-01,122.5,I4166,https://bds.hcp.ma/api/v1/indicators/I4166,2026-06-22 12:26:21.708000+00:00
Rabat,(07) TRANSPORTS,2022M12,2022-12-01,119.4,I4166,https://bds.hcp.ma/api/v1/indicators/I4166,2026-06-22 12:26:21.708000+00:00
Rabat,(07) TRANSPORTS,2023M1,2023-01-01,118.1,I4166,https://bds.hcp.ma/api/v1/indicators/I4166,2026-06-22 12:26:21.708000+00:00
Rabat,(07) TRANSPORTS,2023M2,2023-02-01,118.4,I4166,https://bds.hcp.ma/api/v1/indicators/I4166,2026-06-22 12:26:21.708000+00:00
Rabat,(07) TRANSPORTS,2023M3,2023-03-01,117.4,I4166,https://bds.hcp.ma/api/v1/indicators/I4166,2026-06-22 12:26:21.708000+00:00
Rabat,(07) TRANSPORTS,2023M4,2023-04-01,116.1,I4166,https://bds.hcp.ma/api/v1/indicators/I4166,2026-06-22 12:26:21.708000+00:00
Rabat,(07) TRANSPORTS,2023M5,2023-05-01,115.3,I4166,https://bds.hcp.ma/api/v1/indicators/I4166,2026-06-22 12:26:21.708000+00:00
Rabat,(07) TRANSPORTS,2023M6,2023-06-01,115.1,I4166,https://bds.hcp.ma/api/v1/indicators/I4166,2026-06-22 12:26:21.708000+00:00
Rabat,(07) TRANSPORTS,2023M7,2023-07-01,115.9,I4166,https://bds.hcp.ma/api/v1/indicators/I4166,2026-06-22 12:26:21.708000+00:00
Rabat,(07) TRANSPORTS,2023M8,2023-08-01,117.7,I4166,https://bds.hcp.ma/api/v1/indicators/I4166,2026-06-22 12:26:21.708000+00:00
Rabat,(07) TRANSPORTS,2023M9,2023-09-01,120.1,I4166,https://bds.hcp.ma/api/v1/indicators/I4166,2026-06-22 12:26:21.708000+00:00
Rabat,(07) TRANSPORTS,2023M10,2023-10-01,120.8,I4166,https://bds.hcp.ma/api/v1/indicators/I4166,2026-06-22 12:26:21.708000+00:00
Rabat,(07) TRANSPORTS,2023M11,2023-11-01,120.7,I4166,https://bds.hcp.ma/api/v1/indicators/I4166,2026-06-22 12:26:21.708000+00:00
Rabat,(07) TRANSPORTS,2023M12,2023-12-01,120,I4166,https://bds.hcp.ma/api/v1/indicators/I4166,2026-06-22 12:26:21.708000+00:00
Rabat,(07) TRANSPORTS,2024M1,2024-01-01,119.8,I4166,https://bds.hcp.ma/api/v1/indicators/I4166,2026-06-22 12:26:21.708000+00:00
Rabat,(07) TRANSPORTS,2024M2,2024-02-01,119.1,I4166,https://bds.hcp.ma/api/v1/indicators/I4166,2026-06-22 12:26:21.708000+00:00
Rabat,(07) TRANSPORTS,2024M3,2024-03-01,119.4,I4166,https://bds.hcp.ma/api/v1/indicators/I4166,2026-06-22 12:26:21.708000+00:00
Rabat,(07) TRANSPORTS,2024M4,2024-04-01,119.8,I4166,https://bds.hcp.ma/api/v1/indicators/I4166,2026-06-22 12:26:21.708000+00:00
Rabat,(07) TRANSPORTS,2024M5,2024-05-01,119.2,I4166,https://bds.hcp.ma/api/v1/indicators/I4166,2026-06-22 12:26:21.708000+00:00
Rabat,(07) TRANSPORTS,2024M6,2024-06-01,118.6,I4166,https://bds.hcp.ma/api/v1/indicators/I4166,2026-06-22 12:26:21.708000+00:00
Rabat,(07) TRANSPORTS,2024M7,2024-07-01,118.8,I4166,https://bds.hcp.ma/api/v1/indicators/I4166,2026-06-22 12:26:21.708000+00:00
Rabat,(07) TRANSPORTS,2024M8,2024-08-01,119,I4166,https://bds.hcp.ma/api/v1/indicators/I4166,2026-06-22 12:26:21.708000+00:00
Rabat,(07) TRANSPORTS,2024M9,2024-09-01,117.9,I4166,https://bds.hcp.ma/api/v1/indicators/I4166,2026-06-22 12:26:21.708000+00:00
Rabat,(07) TRANSPORTS,2024M10,2024-10-01,117.3,I4166,https://bds.hcp.ma/api/v1/indicators/I4166,2026-06-22 12:26:21.708000+00:00
Rabat,(07) TRANSPORTS,2024M11,2024-11-01,117.0,I4166,https://bds.hcp.ma/api/v1/indicators/I4166,2026-06-22 12:26:21.708000+00:00
Rabat,(07) TRANSPORTS,2024M12,2024-12-01,117.0,I4166,https://bds.hcp.ma/api/v1/indicators/I4166,2026-06-22 12:26:21.708000+00:00
Rabat,(07) TRANSPORTS,2025M1,2025-01-01,116.3,I4166,https://bds.hcp.ma/api/v1/indicators/I4166,2026-06-22 12:26:21.708000+00:00
Rabat,(07) TRANSPORTS,2025M2,2025-02-01,117.2,I4166,https://bds.hcp.ma/api/v1/indicators/I4166,2026-06-22 12:26:21.708000+00:00
Rabat,(07) TRANSPORTS,2025M3,2025-03-01,116.2,I4166,https://bds.hcp.ma/api/v1/indicators/I4166,2026-06-22 12:26:21.708000+00:00
Rabat,(07) TRANSPORTS,2025M4,2025-04-01,114.9,I4166,https://bds.hcp.ma/api/v1/indicators/I4166,2026-06-22 12:26:21.708000+00:00
Rabat,(07) TRANSPORTS,2025M5,2025-05-01,114.1,I4166,https://bds.hcp.ma/api/v1/indicators/I4166,2026-06-22 12:26:21.708000+00:00
Rabat,(07) TRANSPORTS,2025M6,2025-06-01,115.0,I4166,https://bds.hcp.ma/api/v1/indicators/I4166,2026-06-22 12:26:21.708000+00:00
Rabat,(07) TRANSPORTS,2025M7,2025-07-01,116.3,I4166,https://bds.hcp.ma/api/v1/indicators/I4166,2026-06-22 12:26:21.708000+00:00
Rabat,(07) TRANSPORTS,2025M8,2025-08-01,115.5,I4166,https://bds.hcp.ma/api/v1/indicators/I4166,2026-06-22 12:26:21.708000+00:00
Rabat,(07) TRANSPORTS,2025M9,2025-09-01,114.7,I4166,https://bds.hcp.ma/api/v1/indicators/I4166,2026-06-22 12:26:21.708000+00:00
Rabat,(07) TRANSPORTS,2025M10,2025-10-01,114.1,I4166,https://bds.hcp.ma/api/v1/indicators/I4166,2026-06-22 12:26:21.708000+00:00
Rabat,(07) TRANSPORTS,2025M11,2025-11-01,113.4,I4166,https://bds.hcp.ma/api/v1/indicators/I4166,2026-06-22 12:26:21.708000+00:00
Rabat,(07) TRANSPORTS,2025M12,2025-12-01,113.5,I4166,https://bds.hcp.ma/api/v1/indicators/I4166,2026-06-22 12:26:21.708000+00:00
Rabat,(07) TRANSPORTS,2026M1,2026-01-01,112.3,I4166,https://bds.hcp.ma/api/v1/indicators/I4166,2026-06-22 12:26:21.708000+00:00
Rabat,(07) TRANSPORTS,2026M2,2026-02-01,113.2,I4166,https://bds.hcp.ma/api/v1/indicators/I4166,2026-06-22 12:26:21.708000+00:00
Rabat,(07) TRANSPORTS,2026M3,2026-03-01,116.0,I4166,https://bds.hcp.ma/api/v1/indicators/I4166,2026-06-22 12:26:21.708000+00:00
Rabat,(08) COMMUNICATIONS,2017M1,2017-01-01,100.2,I4166,https://bds.hcp.ma/api/v1/indicators/I4166,2026-06-22 12:26:21.708000+00:00
Rabat,(08) COMMUNICATIONS,2017M2,2017-02-01,100.2,I4166,https://bds.hcp.ma/api/v1/indicators/I4166,2026-06-22 12:26:21.708000+00:00
Rabat,(08) COMMUNICATIONS,2017M3,2017-03-01,100.2,I4166,https://bds.hcp.ma/api/v1/indicators/I4166,2026-06-22 12:26:21.708000+00:00
Rabat,(08) COMMUNICATIONS,2017M4,2017-04-01,100,I4166,https://bds.hcp.ma/api/v1/indicators/I4166,2026-06-22 12:26:21.708000+00:00
Rabat,(08) COMMUNICATIONS,2017M5,2017-05-01,100,I4166,https://bds.hcp.ma/api/v1/indicators/I4166,2026-06-22 12:26:21.708000+00:00
Rabat,(08) COMMUNICATIONS,2017M6,2017-06-01,100,I4166,https://bds.hcp.ma/api/v1/indicators/I4166,2026-06-22 12:26:21.708000+00:00
Rabat,(08) COMMUNICATIONS,2017M7,2017-07-01,99.9,I4166,https://bds.hcp.ma/api/v1/indicators/I4166,2026-06-22 12:26:21.708000+00:00
Rabat,(08) COMMUNICATIONS,2017M8,2017-08-01,99.9,I4166,https://bds.hcp.ma/api/v1/indicators/I4166,2026-06-22 12:26:21.708000+00:00
Rabat,(08) COMMUNICATIONS,2017M9,2017-09-01,99.9,I4166,https://bds.hcp.ma/api/v1/indicators/I4166,2026-06-22 12:26:21.708000+00:00
Rabat,(08) COMMUNICATIONS,2017M10,2017-10-01,99.9,I4166,https://bds.hcp.ma/api/v1/indicators/I4166,2026-06-22 12:26:21.708000+00:00
Rabat,(08) COMMUNICATIONS,2017M11,2017-11-01,99.9,I4166,https://bds.hcp.ma/api/v1/indicators/I4166,2026-06-22 12:26:21.708000+00:00
Rabat,(08) COMMUNICATIONS,2017M12,2017-12-01,99.9,I4166,https://bds.hcp.ma/api/v1/indicators/I4166,2026-06-22 12:26:21.708000+00:00
Rabat,(08) COMMUNICATIONS,2018M1,2018-01-01,99.9,I4166,https://bds.hcp.ma/api/v1/indicators/I4166,2026-06-22 12:26:21.708000+00:00
Rabat,(08) COMMUNICATIONS,2018M2,2018-02-01,99.9,I4166,https://bds.hcp.ma/api/v1/indicators/I4166,2026-06-22 12:26:21.708000+00:00
Rabat,(08) COMMUNICATIONS,2018M3,2018-03-01,99.9,I4166,https://bds.hcp.ma/api/v1/indicators/I4166,2026-06-22 12:26:21.708000+00:00
Rabat,(08) COMMUNICATIONS,2018M4,2018-04-01,99.9,I4166,https://bds.hcp.ma/api/v1/indicators/I4166,2026-06-22 12:26:21.708000+00:00
Rabat,(08) COMMUNICATIONS,2018M5,2018-05-01,99.5,I4166,https://bds.hcp.ma/api/v1/indicators/I4166,2026-06-22 12:26:21.708000+00:00
Rabat,(08) COMMUNICATIONS,2018M6,2018-06-01,99.5,I4166,https://bds.hcp.ma/api/v1/indicators/I4166,2026-06-22 12:26:21.708000+00:00
Rabat,(08) COMMUNICATIONS,2018M7,2018-07-01,99.5,I4166,https://bds.hcp.ma/api/v1/indicators/I4166,2026-06-22 12:26:21.708000+00:00
Rabat,(08) COMMUNICATIONS,2018M8,2018-08-01,99.5,I4166,https://bds.hcp.ma/api/v1/indicators/I4166,2026-06-22 12:26:21.708000+00:00
Rabat,(08) COMMUNICATIONS,2018M9,2018-09-01,99.5,I4166,https://bds.hcp.ma/api/v1/indicators/I4166,2026-06-22 12:26:21.708000+00:00
Rabat,(08) COMMUNICATIONS,2018M10,2018-10-01,106.4,I4166,https://bds.hcp.ma/api/v1/indicators/I4166,2026-06-22 12:26:21.708000+00:00
Rabat,(08) COMMUNICATIONS,2018M11,2018-11-01,106.4,I4166,https://bds.hcp.ma/api/v1/indicators/I4166,2026-06-22 12:26:21.708000+00:00
Rabat,(08) COMMUNICATIONS,2018M12,2018-12-01,106.4,I4166,https://bds.hcp.ma/api/v1/indicators/I4166,2026-06-22 12:26:21.708000+00:00
Rabat,(08) COMMUNICATIONS,2019M1,2019-01-01,106.4,I4166,https://bds.hcp.ma/api/v1/indicators/I4166,2026-06-22 12:26:21.708000+00:00
Rabat,(08) COMMUNICATIONS,2019M2,2019-02-01,106.4,I4166,https://bds.hcp.ma/api/v1/indicators/I4166,2026-06-22 12:26:21.708000+00:00
Rabat,(08) COMMUNICATIONS,2019M3,2019-03-01,106.4,I4166,https://bds.hcp.ma/api/v1/indicators/I4166,2026-06-22 12:26:21.708000+00:00
Rabat,(08) COMMUNICATIONS,2019M4,2019-04-01,106.4,I4166,https://bds.hcp.ma/api/v1/indicators/I4166,2026-06-22 12:26:21.708000+00:00
Rabat,(08) COMMUNICATIONS,2019M5,2019-05-01,106.4,I4166,https://bds.hcp.ma/api/v1/indicators/I4166,2026-06-22 12:26:21.708000+00:00
Rabat,(08) COMMUNICATIONS,2019M6,2019-06-01,106.4,I4166,https://bds.hcp.ma/api/v1/indicators/I4166,2026-06-22 12:26:21.708000+00:00
Rabat,(08) COMMUNICATIONS,2019M7,2019-07-01,106.4,I4166,https://bds.hcp.ma/api/v1/indicators/I4166,2026-06-22 12:26:21.708000+00:00
Rabat,(08) COMMUNICATIONS,2019M8,2019-08-01,106.4,I4166,https://bds.hcp.ma/api/v1/indicators/I4166,2026-06-22 12:26:21.708000+00:00
Rabat,(08) COMMUNICATIONS,2019M9,2019-09-01,106.4,I4166,https://bds.hcp.ma/api/v1/indicators/I4166,2026-06-22 12:26:21.708000+00:00
Rabat,(08) COMMUNICATIONS,2019M10,2019-10-01,106.4,I4166,https://bds.hcp.ma/api/v1/indicators/I4166,2026-06-22 12:26:21.708000+00:00
Rabat,(08) COMMUNICATIONS,2019M11,2019-11-01,106.4,I4166,https://bds.hcp.ma/api/v1/indicators/I4166,2026-06-22 12:26:21.708000+00:00
Rabat,(08) COMMUNICATIONS,2019M12,2019-12-01,106.4,I4166,https://bds.hcp.ma/api/v1/indicators/I4166,2026-06-22 12:26:21.708000+00:00
Rabat,(08) COMMUNICATIONS,2020M1,2020-01-01,106.4,I4166,https://bds.hcp.ma/api/v1/indicators/I4166,2026-06-22 12:26:21.708000+00:00
Rabat,(08) COMMUNICATIONS,2020M2,2020-02-01,106.4,I4166,https://bds.hcp.ma/api/v1/indicators/I4166,2026-06-22 12:26:21.708000+00:00
Rabat,(08) COMMUNICATIONS,2020M3,2020-03-01,106.4,I4166,https://bds.hcp.ma/api/v1/indicators/I4166,2026-06-22 12:26:21.708000+00:00
Rabat,(08) COMMUNICATIONS,2020M4,2020-04-01,106.4,I4166,https://bds.hcp.ma/api/v1/indicators/I4166,2026-06-22 12:26:21.708000+00:00
Rabat,(08) COMMUNICATIONS,2020M5,2020-05-01,106.4,I4166,https://bds.hcp.ma/api/v1/indicators/I4166,2026-06-22 12:26:21.708000+00:00
Rabat,(08) COMMUNICATIONS,2020M6,2020-06-01,106.4,I4166,https://bds.hcp.ma/api/v1/indicators/I4166,2026-06-22 12:26:21.708000+00:00
Rabat,(08) COMMUNICATIONS,2020M7,2020-07-01,106.4,I4166,https://bds.hcp.ma/api/v1/indicators/I4166,2026-06-22 12:26:21.708000+00:00
Rabat,(08) COMMUNICATIONS,2020M8,2020-08-01,106.4,I4166,https://bds.hcp.ma/api/v1/indicators/I4166,2026-06-22 12:26:21.708000+00:00
Rabat,(08) COMMUNICATIONS,2020M9,2020-09-01,106.4,I4166,https://bds.hcp.ma/api/v1/indicators/I4166,2026-06-22 12:26:21.708000+00:00
Rabat,(08) COMMUNICATIONS,2020M10,2020-10-01,106.4,I4166,https://bds.hcp.ma/api/v1/indicators/I4166,2026-06-22 12:26:21.708000+00:00
Rabat,(08) COMMUNICATIONS,2020M11,2020-11-01,106.4,I4166,https://bds.hcp.ma/api/v1/indicators/I4166,2026-06-22 12:26:21.708000+00:00
Rabat,(08) COMMUNICATIONS,2020M12,2020-12-01,106.4,I4166,https://bds.hcp.ma/api/v1/indicators/I4166,2026-06-22 12:26:21.708000+00:00
Rabat,(08) COMMUNICATIONS,2021M1,2021-01-01,106.4,I4166,https://bds.hcp.ma/api/v1/indicators/I4166,2026-06-22 12:26:21.708000+00:00
Rabat,(08) COMMUNICATIONS,2021M2,2021-02-01,106.4,I4166,https://bds.hcp.ma/api/v1/indicators/I4166,2026-06-22 12:26:21.708000+00:00
Rabat,(08) COMMUNICATIONS,2021M3,2021-03-01,106.4,I4166,https://bds.hcp.ma/api/v1/indicators/I4166,2026-06-22 12:26:21.708000+00:00
Rabat,(08) COMMUNICATIONS,2021M4,2021-04-01,106.4,I4166,https://bds.hcp.ma/api/v1/indicators/I4166,2026-06-22 12:26:21.708000+00:00
Rabat,(08) COMMUNICATIONS,2021M5,2021-05-01,106.4,I4166,https://bds.hcp.ma/api/v1/indicators/I4166,2026-06-22 12:26:21.708000+00:00
Rabat,(08) COMMUNICATIONS,2021M6,2021-06-01,106.4,I4166,https://bds.hcp.ma/api/v1/indicators/I4166,2026-06-22 12:26:21.708000+00:00
Rabat,(08) COMMUNICATIONS,2021M7,2021-07-01,106.4,I4166,https://bds.hcp.ma/api/v1/indicators/I4166,2026-06-22 12:26:21.708000+00:00
Rabat,(08) COMMUNICATIONS,2021M8,2021-08-01,106.4,I4166,https://bds.hcp.ma/api/v1/indicators/I4166,2026-06-22 12:26:21.708000+00:00
Rabat,(08) COMMUNICATIONS,2021M9,2021-09-01,106.4,I4166,https://bds.hcp.ma/api/v1/indicators/I4166,2026-06-22 12:26:21.708000+00:00
Rabat,(08) COMMUNICATIONS,2021M10,2021-10-01,106.4,I4166,https://bds.hcp.ma/api/v1/indicators/I4166,2026-06-22 12:26:21.708000+00:00
Rabat,(08) COMMUNICATIONS,2021M11,2021-11-01,106.4,I4166,https://bds.hcp.ma/api/v1/indicators/I4166,2026-06-22 12:26:21.708000+00:00
Rabat,(08) COMMUNICATIONS,2021M12,2021-12-01,106.4,I4166,https://bds.hcp.ma/api/v1/indicators/I4166,2026-06-22 12:26:21.708000+00:00
Rabat,(08) COMMUNICATIONS,2022M1,2022-01-01,106.4,I4166,https://bds.hcp.ma/api/v1/indicators/I4166,2026-06-22 12:26:21.708000+00:00
Rabat,(08) COMMUNICATIONS,2022M2,2022-02-01,106.4,I4166,https://bds.hcp.ma/api/v1/indicators/I4166,2026-06-22 12:26:21.708000+00:00
Rabat,(08) COMMUNICATIONS,2022M3,2022-03-01,106.4,I4166,https://bds.hcp.ma/api/v1/indicators/I4166,2026-06-22 12:26:21.708000+00:00
Rabat,(08) COMMUNICATIONS,2022M4,2022-04-01,106.4,I4166,https://bds.hcp.ma/api/v1/indicators/I4166,2026-06-22 12:26:21.708000+00:00
Rabat,(08) COMMUNICATIONS,2022M5,2022-05-01,106.4,I4166,https://bds.hcp.ma/api/v1/indicators/I4166,2026-06-22 12:26:21.708000+00:00
Rabat,(08) COMMUNICATIONS,2022M6,2022-06-01,107.6,I4166,https://bds.hcp.ma/api/v1/indicators/I4166,2026-06-22 12:26:21.708000+00:00
Rabat,(08) COMMUNICATIONS,2022M7,2022-07-01,107.6,I4166,https://bds.hcp.ma/api/v1/indicators/I4166,2026-06-22 12:26:21.708000+00:00
Rabat,(08) COMMUNICATIONS,2022M8,2022-08-01,107.6,I4166,https://bds.hcp.ma/api/v1/indicators/I4166,2026-06-22 12:26:21.708000+00:00
Rabat,(08) COMMUNICATIONS,2022M9,2022-09-01,107.6,I4166,https://bds.hcp.ma/api/v1/indicators/I4166,2026-06-22 12:26:21.708000+00:00
Rabat,(08) COMMUNICATIONS,2022M10,2022-10-01,107.6,I4166,https://bds.hcp.ma/api/v1/indicators/I4166,2026-06-22 12:26:21.708000+00:00
Rabat,(08) COMMUNICATIONS,2022M11,2022-11-01,107.6,I4166,https://bds.hcp.ma/api/v1/indicators/I4166,2026-06-22 12:26:21.708000+00:00
Rabat,(08) COMMUNICATIONS,2022M12,2022-12-01,107.6,I4166,https://bds.hcp.ma/api/v1/indicators/I4166,2026-06-22 12:26:21.708000+00:00
Rabat,(08) COMMUNICATIONS,2023M1,2023-01-01,107.6,I4166,https://bds.hcp.ma/api/v1/indicators/I4166,2026-06-22 12:26:21.708000+00:00
Rabat,(08) COMMUNICATIONS,2023M2,2023-02-01,107.6,I4166,https://bds.hcp.ma/api/v1/indicators/I4166,2026-06-22 12:26:21.708000+00:00
Rabat,(08) COMMUNICATIONS,2023M3,2023-03-01,107.6,I4166,https://bds.hcp.ma/api/v1/indicators/I4166,2026-06-22 12:26:21.708000+00:00
Rabat,(08) COMMUNICATIONS,2023M4,2023-04-01,107.6,I4166,https://bds.hcp.ma/api/v1/indicators/I4166,2026-06-22 12:26:21.708000+00:00
Rabat,(08) COMMUNICATIONS,2023M5,2023-05-01,107.6,I4166,https://bds.hcp.ma/api/v1/indicators/I4166,2026-06-22 12:26:21.708000+00:00
Rabat,(08) COMMUNICATIONS,2023M6,2023-06-01,107.6,I4166,https://bds.hcp.ma/api/v1/indicators/I4166,2026-06-22 12:26:21.708000+00:00
Rabat,(08) COMMUNICATIONS,2023M7,2023-07-01,107.6,I4166,https://bds.hcp.ma/api/v1/indicators/I4166,2026-06-22 12:26:21.708000+00:00
Rabat,(08) COMMUNICATIONS,2023M8,2023-08-01,107.6,I4166,https://bds.hcp.ma/api/v1/indicators/I4166,2026-06-22 12:26:21.708000+00:00
Rabat,(08) COMMUNICATIONS,2023M9,2023-09-01,107.6,I4166,https://bds.hcp.ma/api/v1/indicators/I4166,2026-06-22 12:26:21.708000+00:00
Rabat,(08) COMMUNICATIONS,2023M10,2023-10-01,107.6,I4166,https://bds.hcp.ma/api/v1/indicators/I4166,2026-06-22 12:26:21.708000+00:00
Rabat,(08) COMMUNICATIONS,2023M11,2023-11-01,107.7,I4166,https://bds.hcp.ma/api/v1/indicators/I4166,2026-06-22 12:26:21.708000+00:00
Rabat,(08) COMMUNICATIONS,2023M12,2023-12-01,107.7,I4166,https://bds.hcp.ma/api/v1/indicators/I4166,2026-06-22 12:26:21.708000+00:00
Rabat,(08) COMMUNICATIONS,2024M1,2024-01-01,107.7,I4166,https://bds.hcp.ma/api/v1/indicators/I4166,2026-06-22 12:26:21.708000+00:00
Rabat,(08) COMMUNICATIONS,2024M2,2024-02-01,107.7,I4166,https://bds.hcp.ma/api/v1/indicators/I4166,2026-06-22 12:26:21.708000+00:00
Rabat,(08) COMMUNICATIONS,2024M3,2024-03-01,107.7,I4166,https://bds.hcp.ma/api/v1/indicators/I4166,2026-06-22 12:26:21.708000+00:00
Rabat,(08) COMMUNICATIONS,2024M4,2024-04-01,107.7,I4166,https://bds.hcp.ma/api/v1/indicators/I4166,2026-06-22 12:26:21.708000+00:00
Rabat,(08) COMMUNICATIONS,2024M5,2024-05-01,107.7,I4166,https://bds.hcp.ma/api/v1/indicators/I4166,2026-06-22 12:26:21.708000+00:00
Rabat,(08) COMMUNICATIONS,2024M6,2024-06-01,107.7,I4166,https://bds.hcp.ma/api/v1/indicators/I4166,2026-06-22 12:26:21.708000+00:00
Rabat,(08) COMMUNICATIONS,2024M7,2024-07-01,107.7,I4166,https://bds.hcp.ma/api/v1/indicators/I4166,2026-06-22 12:26:21.708000+00:00
Rabat,(08) COMMUNICATIONS,2024M8,2024-08-01,107.7,I4166,https://bds.hcp.ma/api/v1/indicators/I4166,2026-06-22 12:26:21.708000+00:00
Rabat,(08) COMMUNICATIONS,2024M9,2024-09-01,107.7,I4166,https://bds.hcp.ma/api/v1/indicators/I4166,2026-06-22 12:26:21.708000+00:00
Rabat,(08) COMMUNICATIONS,2024M10,2024-10-01,107.7,I4166,https://bds.hcp.ma/api/v1/indicators/I4166,2026-06-22 12:26:21.708000+00:00
Rabat,(08) COMMUNICATIONS,2024M11,2024-11-01,107.7,I4166,https://bds.hcp.ma/api/v1/indicators/I4166,2026-06-22 12:26:21.708000+00:00
Rabat,(08) COMMUNICATIONS,2024M12,2024-12-01,107.7,I4166,https://bds.hcp.ma/api/v1/indicators/I4166,2026-06-22 12:26:21.708000+00:00
Rabat,(08) COMMUNICATIONS,2025M1,2025-01-01,107.7,I4166,https://bds.hcp.ma/api/v1/indicators/I4166,2026-06-22 12:26:21.708000+00:00
Rabat,(08) COMMUNICATIONS,2025M2,2025-02-01,107.7,I4166,https://bds.hcp.ma/api/v1/indicators/I4166,2026-06-22 12:26:21.708000+00:00
Rabat,(08) COMMUNICATIONS,2025M3,2025-03-01,107.7,I4166,https://bds.hcp.ma/api/v1/indicators/I4166,2026-06-22 12:26:21.708000+00:00
Rabat,(08) COMMUNICATIONS,2025M4,2025-04-01,107.7,I4166,https://bds.hcp.ma/api/v1/indicators/I4166,2026-06-22 12:26:21.708000+00:00
Rabat,(08) COMMUNICATIONS,2025M5,2025-05-01,107.7,I4166,https://bds.hcp.ma/api/v1/indicators/I4166,2026-06-22 12:26:21.708000+00:00
Rabat,(08) COMMUNICATIONS,2025M6,2025-06-01,107.7,I4166,https://bds.hcp.ma/api/v1/indicators/I4166,2026-06-22 12:26:21.708000+00:00
Rabat,(08) COMMUNICATIONS,2025M7,2025-07-01,107.7,I4166,https://bds.hcp.ma/api/v1/indicators/I4166,2026-06-22 12:26:21.708000+00:00
Rabat,(08) COMMUNICATIONS,2025M8,2025-08-01,107.7,I4166,https://bds.hcp.ma/api/v1/indicators/I4166,2026-06-22 12:26:21.708000+00:00
Rabat,(08) COMMUNICATIONS,2025M9,2025-09-01,107.7,I4166,https://bds.hcp.ma/api/v1/indicators/I4166,2026-06-22 12:26:21.708000+00:00
Rabat,(08) COMMUNICATIONS,2025M10,2025-10-01,107.7,I4166,https://bds.hcp.ma/api/v1/indicators/I4166,2026-06-22 12:26:21.708000+00:00
Rabat,(08) COMMUNICATIONS,2025M11,2025-11-01,107.7,I4166,https://bds.hcp.ma/api/v1/indicators/I4166,2026-06-22 12:26:21.708000+00:00
Rabat,(08) COMMUNICATIONS,2025M12,2025-12-01,107.7,I4166,https://bds.hcp.ma/api/v1/indicators/I4166,2026-06-22 12:26:21.708000+00:00
Rabat,(08) COMMUNICATIONS,2026M1,2026-01-01,107.7,I4166,https://bds.hcp.ma/api/v1/indicators/I4166,2026-06-22 12:26:21.708000+00:00
Rabat,(08) COMMUNICATIONS,2026M2,2026-02-01,107.7,I4166,https://bds.hcp.ma/api/v1/indicators/I4166,2026-06-22 12:26:21.708000+00:00
Rabat,(08) COMMUNICATIONS,2026M3,2026-03-01,107.7,I4166,https://bds.hcp.ma/api/v1/indicators/I4166,2026-06-22 12:26:21.708000+00:00
Rabat,(09) LOISIRS ET CULTURE,2017M1,2017-01-01,99.7,I4166,https://bds.hcp.ma/api/v1/indicators/I4166,2026-06-22 12:26:21.708000+00:00
Rabat,(09) LOISIRS ET CULTURE,2017M2,2017-02-01,99.8,I4166,https://bds.hcp.ma/api/v1/indicators/I4166,2026-06-22 12:26:21.708000+00:00
Rabat,(09) LOISIRS ET CULTURE,2017M3,2017-03-01,99.8,I4166,https://bds.hcp.ma/api/v1/indicators/I4166,2026-06-22 12:26:21.708000+00:00
Rabat,(09) LOISIRS ET CULTURE,2017M4,2017-04-01,100.2,I4166,https://bds.hcp.ma/api/v1/indicators/I4166,2026-06-22 12:26:21.708000+00:00
Rabat,(09) LOISIRS ET CULTURE,2017M5,2017-05-01,100.2,I4166,https://bds.hcp.ma/api/v1/indicators/I4166,2026-06-22 12:26:21.708000+00:00
Rabat,(09) LOISIRS ET CULTURE,2017M6,2017-06-01,100.2,I4166,https://bds.hcp.ma/api/v1/indicators/I4166,2026-06-22 12:26:21.708000+00:00
Rabat,(09) LOISIRS ET CULTURE,2017M7,2017-07-01,100.2,I4166,https://bds.hcp.ma/api/v1/indicators/I4166,2026-06-22 12:26:21.708000+00:00
Rabat,(09) LOISIRS ET CULTURE,2017M8,2017-08-01,100.1,I4166,https://bds.hcp.ma/api/v1/indicators/I4166,2026-06-22 12:26:21.708000+00:00
Rabat,(09) LOISIRS ET CULTURE,2017M9,2017-09-01,100,I4166,https://bds.hcp.ma/api/v1/indicators/I4166,2026-06-22 12:26:21.708000+00:00
Rabat,(09) LOISIRS ET CULTURE,2017M10,2017-10-01,100,I4166,https://bds.hcp.ma/api/v1/indicators/I4166,2026-06-22 12:26:21.708000+00:00
Rabat,(09) LOISIRS ET CULTURE,2017M11,2017-11-01,100,I4166,https://bds.hcp.ma/api/v1/indicators/I4166,2026-06-22 12:26:21.708000+00:00
Rabat,(09) LOISIRS ET CULTURE,2017M12,2017-12-01,100,I4166,https://bds.hcp.ma/api/v1/indicators/I4166,2026-06-22 12:26:21.708000+00:00
Rabat,(09) LOISIRS ET CULTURE,2018M1,2018-01-01,100.2,I4166,https://bds.hcp.ma/api/v1/indicators/I4166,2026-06-22 12:26:21.708000+00:00
Rabat,(09) LOISIRS ET CULTURE,2018M2,2018-02-01,100.2,I4166,https://bds.hcp.ma/api/v1/indicators/I4166,2026-06-22 12:26:21.708000+00:00
Rabat,(09) LOISIRS ET CULTURE,2018M3,2018-03-01,100.2,I4166,https://bds.hcp.ma/api/v1/indicators/I4166,2026-06-22 12:26:21.708000+00:00
Rabat,(09) LOISIRS ET CULTURE,2018M4,2018-04-01,102.2,I4166,https://bds.hcp.ma/api/v1/indicators/I4166,2026-06-22 12:26:21.708000+00:00
Rabat,(09) LOISIRS ET CULTURE,2018M5,2018-05-01,102.3,I4166,https://bds.hcp.ma/api/v1/indicators/I4166,2026-06-22 12:26:21.708000+00:00
Rabat,(09) LOISIRS ET CULTURE,2018M6,2018-06-01,102.1,I4166,https://bds.hcp.ma/api/v1/indicators/I4166,2026-06-22 12:26:21.708000+00:00
Rabat,(09) LOISIRS ET CULTURE,2018M7,2018-07-01,101.9,I4166,https://bds.hcp.ma/api/v1/indicators/I4166,2026-06-22 12:26:21.708000+00:00
Rabat,(09) LOISIRS ET CULTURE,2018M8,2018-08-01,101.8,I4166,https://bds.hcp.ma/api/v1/indicators/I4166,2026-06-22 12:26:21.708000+00:00
Rabat,(09) LOISIRS ET CULTURE,2018M9,2018-09-01,101.8,I4166,https://bds.hcp.ma/api/v1/indicators/I4166,2026-06-22 12:26:21.708000+00:00
Rabat,(09) LOISIRS ET CULTURE,2018M10,2018-10-01,101.8,I4166,https://bds.hcp.ma/api/v1/indicators/I4166,2026-06-22 12:26:21.708000+00:00
Rabat,(09) LOISIRS ET CULTURE,2018M11,2018-11-01,101.8,I4166,https://bds.hcp.ma/api/v1/indicators/I4166,2026-06-22 12:26:21.708000+00:00
Rabat,(09) LOISIRS ET CULTURE,2018M12,2018-12-01,101.8,I4166,https://bds.hcp.ma/api/v1/indicators/I4166,2026-06-22 12:26:21.708000+00:00
Rabat,(09) LOISIRS ET CULTURE,2019M1,2019-01-01,101,I4166,https://bds.hcp.ma/api/v1/indicators/I4166,2026-06-22 12:26:21.708000+00:00
Rabat,(09) LOISIRS ET CULTURE,2019M2,2019-02-01,99.9,I4166,https://bds.hcp.ma/api/v1/indicators/I4166,2026-06-22 12:26:21.708000+00:00
Rabat,(09) LOISIRS ET CULTURE,2019M3,2019-03-01,100.7,I4166,https://bds.hcp.ma/api/v1/indicators/I4166,2026-06-22 12:26:21.708000+00:00
Rabat,(09) LOISIRS ET CULTURE,2019M4,2019-04-01,100.7,I4166,https://bds.hcp.ma/api/v1/indicators/I4166,2026-06-22 12:26:21.708000+00:00
Rabat,(09) LOISIRS ET CULTURE,2019M5,2019-05-01,101,I4166,https://bds.hcp.ma/api/v1/indicators/I4166,2026-06-22 12:26:21.708000+00:00
Rabat,(09) LOISIRS ET CULTURE,2019M6,2019-06-01,101,I4166,https://bds.hcp.ma/api/v1/indicators/I4166,2026-06-22 12:26:21.708000+00:00
Rabat,(09) LOISIRS ET CULTURE,2019M7,2019-07-01,101,I4166,https://bds.hcp.ma/api/v1/indicators/I4166,2026-06-22 12:26:21.708000+00:00
Rabat,(09) LOISIRS ET CULTURE,2019M8,2019-08-01,100.7,I4166,https://bds.hcp.ma/api/v1/indicators/I4166,2026-06-22 12:26:21.708000+00:00
Rabat,(09) LOISIRS ET CULTURE,2019M9,2019-09-01,100.9,I4166,https://bds.hcp.ma/api/v1/indicators/I4166,2026-06-22 12:26:21.708000+00:00
Rabat,(09) LOISIRS ET CULTURE,2019M10,2019-10-01,101,I4166,https://bds.hcp.ma/api/v1/indicators/I4166,2026-06-22 12:26:21.708000+00:00
Rabat,(09) LOISIRS ET CULTURE,2019M11,2019-11-01,101,I4166,https://bds.hcp.ma/api/v1/indicators/I4166,2026-06-22 12:26:21.708000+00:00
Rabat,(09) LOISIRS ET CULTURE,2019M12,2019-12-01,101,I4166,https://bds.hcp.ma/api/v1/indicators/I4166,2026-06-22 12:26:21.708000+00:00
Rabat,(09) LOISIRS ET CULTURE,2020M1,2020-01-01,101,I4166,https://bds.hcp.ma/api/v1/indicators/I4166,2026-06-22 12:26:21.708000+00:00
Rabat,(09) LOISIRS ET CULTURE,2020M2,2020-02-01,101,I4166,https://bds.hcp.ma/api/v1/indicators/I4166,2026-06-22 12:26:21.708000+00:00
Rabat,(09) LOISIRS ET CULTURE,2020M3,2020-03-01,100.1,I4166,https://bds.hcp.ma/api/v1/indicators/I4166,2026-06-22 12:26:21.708000+00:00
Rabat,(09) LOISIRS ET CULTURE,2020M4,2020-04-01,100.3,I4166,https://bds.hcp.ma/api/v1/indicators/I4166,2026-06-22 12:26:21.708000+00:00
Rabat,(09) LOISIRS ET CULTURE,2020M5,2020-05-01,99.6,I4166,https://bds.hcp.ma/api/v1/indicators/I4166,2026-06-22 12:26:21.708000+00:00
Rabat,(09) LOISIRS ET CULTURE,2020M6,2020-06-01,100.1,I4166,https://bds.hcp.ma/api/v1/indicators/I4166,2026-06-22 12:26:21.708000+00:00
Rabat,(09) LOISIRS ET CULTURE,2020M7,2020-07-01,100.2,I4166,https://bds.hcp.ma/api/v1/indicators/I4166,2026-06-22 12:26:21.708000+00:00
Rabat,(09) LOISIRS ET CULTURE,2020M8,2020-08-01,100.2,I4166,https://bds.hcp.ma/api/v1/indicators/I4166,2026-06-22 12:26:21.708000+00:00
Rabat,(09) LOISIRS ET CULTURE,2020M9,2020-09-01,100.2,I4166,https://bds.hcp.ma/api/v1/indicators/I4166,2026-06-22 12:26:21.708000+00:00
Rabat,(09) LOISIRS ET CULTURE,2020M10,2020-10-01,100.2,I4166,https://bds.hcp.ma/api/v1/indicators/I4166,2026-06-22 12:26:21.708000+00:00
Rabat,(09) LOISIRS ET CULTURE,2020M11,2020-11-01,101.4,I4166,https://bds.hcp.ma/api/v1/indicators/I4166,2026-06-22 12:26:21.708000+00:00
Rabat,(09) LOISIRS ET CULTURE,2020M12,2020-12-01,100.8,I4166,https://bds.hcp.ma/api/v1/indicators/I4166,2026-06-22 12:26:21.708000+00:00
Rabat,(09) LOISIRS ET CULTURE,2021M1,2021-01-01,100.8,I4166,https://bds.hcp.ma/api/v1/indicators/I4166,2026-06-22 12:26:21.708000+00:00
Rabat,(09) LOISIRS ET CULTURE,2021M2,2021-02-01,100.8,I4166,https://bds.hcp.ma/api/v1/indicators/I4166,2026-06-22 12:26:21.708000+00:00
Rabat,(09) LOISIRS ET CULTURE,2021M3,2021-03-01,100.8,I4166,https://bds.hcp.ma/api/v1/indicators/I4166,2026-06-22 12:26:21.708000+00:00
Rabat,(09) LOISIRS ET CULTURE,2021M4,2021-04-01,100.8,I4166,https://bds.hcp.ma/api/v1/indicators/I4166,2026-06-22 12:26:21.708000+00:00
Rabat,(09) LOISIRS ET CULTURE,2021M5,2021-05-01,100.6,I4166,https://bds.hcp.ma/api/v1/indicators/I4166,2026-06-22 12:26:21.708000+00:00
Rabat,(09) LOISIRS ET CULTURE,2021M6,2021-06-01,100.6,I4166,https://bds.hcp.ma/api/v1/indicators/I4166,2026-06-22 12:26:21.708000+00:00
Rabat,(09) LOISIRS ET CULTURE,2021M7,2021-07-01,100.6,I4166,https://bds.hcp.ma/api/v1/indicators/I4166,2026-06-22 12:26:21.708000+00:00
Rabat,(09) LOISIRS ET CULTURE,2021M8,2021-08-01,100.6,I4166,https://bds.hcp.ma/api/v1/indicators/I4166,2026-06-22 12:26:21.708000+00:00
Rabat,(09) LOISIRS ET CULTURE,2021M9,2021-09-01,100.6,I4166,https://bds.hcp.ma/api/v1/indicators/I4166,2026-06-22 12:26:21.708000+00:00
Rabat,(09) LOISIRS ET CULTURE,2021M10,2021-10-01,100.7,I4166,https://bds.hcp.ma/api/v1/indicators/I4166,2026-06-22 12:26:21.708000+00:00
Rabat,(09) LOISIRS ET CULTURE,2021M11,2021-11-01,100.7,I4166,https://bds.hcp.ma/api/v1/indicators/I4166,2026-06-22 12:26:21.708000+00:00
Rabat,(09) LOISIRS ET CULTURE,2021M12,2021-12-01,100.9,I4166,https://bds.hcp.ma/api/v1/indicators/I4166,2026-06-22 12:26:21.708000+00:00
Rabat,(09) LOISIRS ET CULTURE,2022M1,2022-01-01,100.9,I4166,https://bds.hcp.ma/api/v1/indicators/I4166,2026-06-22 12:26:21.708000+00:00
Rabat,(09) LOISIRS ET CULTURE,2022M2,2022-02-01,100.9,I4166,https://bds.hcp.ma/api/v1/indicators/I4166,2026-06-22 12:26:21.708000+00:00
Rabat,(09) LOISIRS ET CULTURE,2022M3,2022-03-01,100.9,I4166,https://bds.hcp.ma/api/v1/indicators/I4166,2026-06-22 12:26:21.708000+00:00
Rabat,(09) LOISIRS ET CULTURE,2022M4,2022-04-01,100.9,I4166,https://bds.hcp.ma/api/v1/indicators/I4166,2026-06-22 12:26:21.708000+00:00
Rabat,(09) LOISIRS ET CULTURE,2022M5,2022-05-01,101.5,I4166,https://bds.hcp.ma/api/v1/indicators/I4166,2026-06-22 12:26:21.708000+00:00
Rabat,(09) LOISIRS ET CULTURE,2022M6,2022-06-01,101.5,I4166,https://bds.hcp.ma/api/v1/indicators/I4166,2026-06-22 12:26:21.708000+00:00
Rabat,(09) LOISIRS ET CULTURE,2022M7,2022-07-01,101.4,I4166,https://bds.hcp.ma/api/v1/indicators/I4166,2026-06-22 12:26:21.708000+00:00
Rabat,(09) LOISIRS ET CULTURE,2022M8,2022-08-01,101.3,I4166,https://bds.hcp.ma/api/v1/indicators/I4166,2026-06-22 12:26:21.708000+00:00
Rabat,(09) LOISIRS ET CULTURE,2022M9,2022-09-01,102.2,I4166,https://bds.hcp.ma/api/v1/indicators/I4166,2026-06-22 12:26:21.708000+00:00
Rabat,(09) LOISIRS ET CULTURE,2022M10,2022-10-01,102.2,I4166,https://bds.hcp.ma/api/v1/indicators/I4166,2026-06-22 12:26:21.708000+00:00
Rabat,(09) LOISIRS ET CULTURE,2022M11,2022-11-01,102.1,I4166,https://bds.hcp.ma/api/v1/indicators/I4166,2026-06-22 12:26:21.708000+00:00
Rabat,(09) LOISIRS ET CULTURE,2022M12,2022-12-01,102.1,I4166,https://bds.hcp.ma/api/v1/indicators/I4166,2026-06-22 12:26:21.708000+00:00
Rabat,(09) LOISIRS ET CULTURE,2023M1,2023-01-01,101.9,I4166,https://bds.hcp.ma/api/v1/indicators/I4166,2026-06-22 12:26:21.708000+00:00
Rabat,(09) LOISIRS ET CULTURE,2023M2,2023-02-01,101.9,I4166,https://bds.hcp.ma/api/v1/indicators/I4166,2026-06-22 12:26:21.708000+00:00
Rabat,(09) LOISIRS ET CULTURE,2023M3,2023-03-01,101.8,I4166,https://bds.hcp.ma/api/v1/indicators/I4166,2026-06-22 12:26:21.708000+00:00
Rabat,(09) LOISIRS ET CULTURE,2023M4,2023-04-01,101.8,I4166,https://bds.hcp.ma/api/v1/indicators/I4166,2026-06-22 12:26:21.708000+00:00
Rabat,(09) LOISIRS ET CULTURE,2023M5,2023-05-01,101.8,I4166,https://bds.hcp.ma/api/v1/indicators/I4166,2026-06-22 12:26:21.708000+00:00
Rabat,(09) LOISIRS ET CULTURE,2023M6,2023-06-01,101.8,I4166,https://bds.hcp.ma/api/v1/indicators/I4166,2026-06-22 12:26:21.708000+00:00
Rabat,(09) LOISIRS ET CULTURE,2023M7,2023-07-01,101.9,I4166,https://bds.hcp.ma/api/v1/indicators/I4166,2026-06-22 12:26:21.708000+00:00
Rabat,(09) LOISIRS ET CULTURE,2023M8,2023-08-01,101,I4166,https://bds.hcp.ma/api/v1/indicators/I4166,2026-06-22 12:26:21.708000+00:00
Rabat,(09) LOISIRS ET CULTURE,2023M9,2023-09-01,100.1,I4166,https://bds.hcp.ma/api/v1/indicators/I4166,2026-06-22 12:26:21.708000+00:00
Rabat,(09) LOISIRS ET CULTURE,2023M10,2023-10-01,99.9,I4166,https://bds.hcp.ma/api/v1/indicators/I4166,2026-06-22 12:26:21.708000+00:00
Rabat,(09) LOISIRS ET CULTURE,2023M11,2023-11-01,98.4,I4166,https://bds.hcp.ma/api/v1/indicators/I4166,2026-06-22 12:26:21.708000+00:00
Rabat,(09) LOISIRS ET CULTURE,2023M12,2023-12-01,98.5,I4166,https://bds.hcp.ma/api/v1/indicators/I4166,2026-06-22 12:26:21.708000+00:00
Rabat,(09) LOISIRS ET CULTURE,2024M1,2024-01-01,99.3,I4166,https://bds.hcp.ma/api/v1/indicators/I4166,2026-06-22 12:26:21.708000+00:00
Rabat,(09) LOISIRS ET CULTURE,2024M2,2024-02-01,99,I4166,https://bds.hcp.ma/api/v1/indicators/I4166,2026-06-22 12:26:21.708000+00:00
Rabat,(09) LOISIRS ET CULTURE,2024M3,2024-03-01,98.8,I4166,https://bds.hcp.ma/api/v1/indicators/I4166,2026-06-22 12:26:21.708000+00:00
Rabat,(09) LOISIRS ET CULTURE,2024M4,2024-04-01,99.2,I4166,https://bds.hcp.ma/api/v1/indicators/I4166,2026-06-22 12:26:21.708000+00:00
Rabat,(09) LOISIRS ET CULTURE,2024M5,2024-05-01,98.8,I4166,https://bds.hcp.ma/api/v1/indicators/I4166,2026-06-22 12:26:21.708000+00:00
Rabat,(09) LOISIRS ET CULTURE,2024M6,2024-06-01,99,I4166,https://bds.hcp.ma/api/v1/indicators/I4166,2026-06-22 12:26:21.708000+00:00
Rabat,(09) LOISIRS ET CULTURE,2024M7,2024-07-01,99,I4166,https://bds.hcp.ma/api/v1/indicators/I4166,2026-06-22 12:26:21.708000+00:00
Rabat,(09) LOISIRS ET CULTURE,2024M8,2024-08-01,98.9,I4166,https://bds.hcp.ma/api/v1/indicators/I4166,2026-06-22 12:26:21.708000+00:00
Rabat,(09) LOISIRS ET CULTURE,2024M9,2024-09-01,99,I4166,https://bds.hcp.ma/api/v1/indicators/I4166,2026-06-22 12:26:21.708000+00:00
Rabat,(09) LOISIRS ET CULTURE,2024M10,2024-10-01,98.4,I4166,https://bds.hcp.ma/api/v1/indicators/I4166,2026-06-22 12:26:21.708000+00:00
Rabat,(09) LOISIRS ET CULTURE,2024M11,2024-11-01,98.4,I4166,https://bds.hcp.ma/api/v1/indicators/I4166,2026-06-22 12:26:21.708000+00:00
Rabat,(09) LOISIRS ET CULTURE,2024M12,2024-12-01,98.6,I4166,https://bds.hcp.ma/api/v1/indicators/I4166,2026-06-22 12:26:21.708000+00:00
Rabat,(09) LOISIRS ET CULTURE,2025M1,2025-01-01,98.5,I4166,https://bds.hcp.ma/api/v1/indicators/I4166,2026-06-22 12:26:21.708000+00:00
Rabat,(09) LOISIRS ET CULTURE,2025M2,2025-02-01,99.6,I4166,https://bds.hcp.ma/api/v1/indicators/I4166,2026-06-22 12:26:21.708000+00:00
Rabat,(09) LOISIRS ET CULTURE,2025M3,2025-03-01,99.7,I4166,https://bds.hcp.ma/api/v1/indicators/I4166,2026-06-22 12:26:21.708000+00:00
Rabat,(09) LOISIRS ET CULTURE,2025M4,2025-04-01,99.4,I4166,https://bds.hcp.ma/api/v1/indicators/I4166,2026-06-22 12:26:21.708000+00:00
Rabat,(09) LOISIRS ET CULTURE,2025M5,2025-05-01,100.4,I4166,https://bds.hcp.ma/api/v1/indicators/I4166,2026-06-22 12:26:21.708000+00:00
Rabat,(09) LOISIRS ET CULTURE,2025M6,2025-06-01,100.4,I4166,https://bds.hcp.ma/api/v1/indicators/I4166,2026-06-22 12:26:21.708000+00:00
Rabat,(09) LOISIRS ET CULTURE,2025M7,2025-07-01,100.8,I4166,https://bds.hcp.ma/api/v1/indicators/I4166,2026-06-22 12:26:21.708000+00:00
Rabat,(09) LOISIRS ET CULTURE,2025M8,2025-08-01,101.1,I4166,https://bds.hcp.ma/api/v1/indicators/I4166,2026-06-22 12:26:21.708000+00:00
Rabat,(09) LOISIRS ET CULTURE,2025M9,2025-09-01,100.9,I4166,https://bds.hcp.ma/api/v1/indicators/I4166,2026-06-22 12:26:21.708000+00:00
Rabat,(09) LOISIRS ET CULTURE,2025M10,2025-10-01,100.5,I4166,https://bds.hcp.ma/api/v1/indicators/I4166,2026-06-22 12:26:21.708000+00:00
Rabat,(09) LOISIRS ET CULTURE,2025M11,2025-11-01,100.0,I4166,https://bds.hcp.ma/api/v1/indicators/I4166,2026-06-22 12:26:21.708000+00:00
Rabat,(09) LOISIRS ET CULTURE,2025M12,2025-12-01,99.8,I4166,https://bds.hcp.ma/api/v1/indicators/I4166,2026-06-22 12:26:21.708000+00:00
Rabat,(09) LOISIRS ET CULTURE,2026M1,2026-01-01,99.9,I4166,https://bds.hcp.ma/api/v1/indicators/I4166,2026-06-22 12:26:21.708000+00:00
Rabat,(09) LOISIRS ET CULTURE,2026M2,2026-02-01,100.2,I4166,https://bds.hcp.ma/api/v1/indicators/I4166,2026-06-22 12:26:21.708000+00:00
Rabat,(09) LOISIRS ET CULTURE,2026M3,2026-03-01,99.7,I4166,https://bds.hcp.ma/api/v1/indicators/I4166,2026-06-22 12:26:21.708000+00:00
Rabat,(10) ENSEIGNEMENT,2017M1,2017-01-01,101.5,I4166,https://bds.hcp.ma/api/v1/indicators/I4166,2026-06-22 12:26:21.708000+00:00
Rabat,(10) ENSEIGNEMENT,2017M2,2017-02-01,101.5,I4166,https://bds.hcp.ma/api/v1/indicators/I4166,2026-06-22 12:26:21.708000+00:00
Rabat,(10) ENSEIGNEMENT,2017M3,2017-03-01,101.5,I4166,https://bds.hcp.ma/api/v1/indicators/I4166,2026-06-22 12:26:21.708000+00:00
Rabat,(10) ENSEIGNEMENT,2017M4,2017-04-01,98.9,I4166,https://bds.hcp.ma/api/v1/indicators/I4166,2026-06-22 12:26:21.708000+00:00
Rabat,(10) ENSEIGNEMENT,2017M5,2017-05-01,99.6,I4166,https://bds.hcp.ma/api/v1/indicators/I4166,2026-06-22 12:26:21.708000+00:00
Rabat,(10) ENSEIGNEMENT,2017M6,2017-06-01,99.6,I4166,https://bds.hcp.ma/api/v1/indicators/I4166,2026-06-22 12:26:21.708000+00:00
Rabat,(10) ENSEIGNEMENT,2017M7,2017-07-01,99.6,I4166,https://bds.hcp.ma/api/v1/indicators/I4166,2026-06-22 12:26:21.708000+00:00
Rabat,(10) ENSEIGNEMENT,2017M8,2017-08-01,99.6,I4166,https://bds.hcp.ma/api/v1/indicators/I4166,2026-06-22 12:26:21.708000+00:00
Rabat,(10) ENSEIGNEMENT,2017M9,2017-09-01,99.6,I4166,https://bds.hcp.ma/api/v1/indicators/I4166,2026-06-22 12:26:21.708000+00:00
Rabat,(10) ENSEIGNEMENT,2017M10,2017-10-01,99.6,I4166,https://bds.hcp.ma/api/v1/indicators/I4166,2026-06-22 12:26:21.708000+00:00
Rabat,(10) ENSEIGNEMENT,2017M11,2017-11-01,99.6,I4166,https://bds.hcp.ma/api/v1/indicators/I4166,2026-06-22 12:26:21.708000+00:00
Rabat,(10) ENSEIGNEMENT,2017M12,2017-12-01,99.6,I4166,https://bds.hcp.ma/api/v1/indicators/I4166,2026-06-22 12:26:21.708000+00:00
Rabat,(10) ENSEIGNEMENT,2018M1,2018-01-01,102.2,I4166,https://bds.hcp.ma/api/v1/indicators/I4166,2026-06-22 12:26:21.708000+00:00
Rabat,(10) ENSEIGNEMENT,2018M2,2018-02-01,102.2,I4166,https://bds.hcp.ma/api/v1/indicators/I4166,2026-06-22 12:26:21.708000+00:00
Rabat,(10) ENSEIGNEMENT,2018M3,2018-03-01,102.2,I4166,https://bds.hcp.ma/api/v1/indicators/I4166,2026-06-22 12:26:21.708000+00:00
Rabat,(10) ENSEIGNEMENT,2018M4,2018-04-01,102.2,I4166,https://bds.hcp.ma/api/v1/indicators/I4166,2026-06-22 12:26:21.708000+00:00
Rabat,(10) ENSEIGNEMENT,2018M5,2018-05-01,102.2,I4166,https://bds.hcp.ma/api/v1/indicators/I4166,2026-06-22 12:26:21.708000+00:00
Rabat,(10) ENSEIGNEMENT,2018M6,2018-06-01,102.2,I4166,https://bds.hcp.ma/api/v1/indicators/I4166,2026-06-22 12:26:21.708000+00:00
Rabat,(10) ENSEIGNEMENT,2018M7,2018-07-01,102.2,I4166,https://bds.hcp.ma/api/v1/indicators/I4166,2026-06-22 12:26:21.708000+00:00
Rabat,(10) ENSEIGNEMENT,2018M8,2018-08-01,102.2,I4166,https://bds.hcp.ma/api/v1/indicators/I4166,2026-06-22 12:26:21.708000+00:00
Rabat,(10) ENSEIGNEMENT,2018M9,2018-09-01,103.4,I4166,https://bds.hcp.ma/api/v1/indicators/I4166,2026-06-22 12:26:21.708000+00:00
Rabat,(10) ENSEIGNEMENT,2018M10,2018-10-01,103.4,I4166,https://bds.hcp.ma/api/v1/indicators/I4166,2026-06-22 12:26:21.708000+00:00
Rabat,(10) ENSEIGNEMENT,2018M11,2018-11-01,104.1,I4166,https://bds.hcp.ma/api/v1/indicators/I4166,2026-06-22 12:26:21.708000+00:00
Rabat,(10) ENSEIGNEMENT,2018M12,2018-12-01,103.8,I4166,https://bds.hcp.ma/api/v1/indicators/I4166,2026-06-22 12:26:21.708000+00:00
Rabat,(10) ENSEIGNEMENT,2019M1,2019-01-01,103.8,I4166,https://bds.hcp.ma/api/v1/indicators/I4166,2026-06-22 12:26:21.708000+00:00
Rabat,(10) ENSEIGNEMENT,2019M2,2019-02-01,103.8,I4166,https://bds.hcp.ma/api/v1/indicators/I4166,2026-06-22 12:26:21.708000+00:00
Rabat,(10) ENSEIGNEMENT,2019M3,2019-03-01,103.8,I4166,https://bds.hcp.ma/api/v1/indicators/I4166,2026-06-22 12:26:21.708000+00:00
Rabat,(10) ENSEIGNEMENT,2019M4,2019-04-01,103.8,I4166,https://bds.hcp.ma/api/v1/indicators/I4166,2026-06-22 12:26:21.708000+00:00
Rabat,(10) ENSEIGNEMENT,2019M5,2019-05-01,103.8,I4166,https://bds.hcp.ma/api/v1/indicators/I4166,2026-06-22 12:26:21.708000+00:00
Rabat,(10) ENSEIGNEMENT,2019M6,2019-06-01,103.8,I4166,https://bds.hcp.ma/api/v1/indicators/I4166,2026-06-22 12:26:21.708000+00:00
Rabat,(10) ENSEIGNEMENT,2019M7,2019-07-01,103.8,I4166,https://bds.hcp.ma/api/v1/indicators/I4166,2026-06-22 12:26:21.708000+00:00
Rabat,(10) ENSEIGNEMENT,2019M8,2019-08-01,103.8,I4166,https://bds.hcp.ma/api/v1/indicators/I4166,2026-06-22 12:26:21.708000+00:00
Rabat,(10) ENSEIGNEMENT,2019M9,2019-09-01,106.4,I4166,https://bds.hcp.ma/api/v1/indicators/I4166,2026-06-22 12:26:21.708000+00:00
Rabat,(10) ENSEIGNEMENT,2019M10,2019-10-01,106.4,I4166,https://bds.hcp.ma/api/v1/indicators/I4166,2026-06-22 12:26:21.708000+00:00
Rabat,(10) ENSEIGNEMENT,2019M11,2019-11-01,106.4,I4166,https://bds.hcp.ma/api/v1/indicators/I4166,2026-06-22 12:26:21.708000+00:00
Rabat,(10) ENSEIGNEMENT,2019M12,2019-12-01,106.4,I4166,https://bds.hcp.ma/api/v1/indicators/I4166,2026-06-22 12:26:21.708000+00:00
Rabat,(10) ENSEIGNEMENT,2020M1,2020-01-01,106.4,I4166,https://bds.hcp.ma/api/v1/indicators/I4166,2026-06-22 12:26:21.708000+00:00
Rabat,(10) ENSEIGNEMENT,2020M2,2020-02-01,106.4,I4166,https://bds.hcp.ma/api/v1/indicators/I4166,2026-06-22 12:26:21.708000+00:00
Rabat,(10) ENSEIGNEMENT,2020M3,2020-03-01,106.4,I4166,https://bds.hcp.ma/api/v1/indicators/I4166,2026-06-22 12:26:21.708000+00:00
Rabat,(10) ENSEIGNEMENT,2020M4,2020-04-01,106.4,I4166,https://bds.hcp.ma/api/v1/indicators/I4166,2026-06-22 12:26:21.708000+00:00
Rabat,(10) ENSEIGNEMENT,2020M5,2020-05-01,106.4,I4166,https://bds.hcp.ma/api/v1/indicators/I4166,2026-06-22 12:26:21.708000+00:00
Rabat,(10) ENSEIGNEMENT,2020M6,2020-06-01,106.4,I4166,https://bds.hcp.ma/api/v1/indicators/I4166,2026-06-22 12:26:21.708000+00:00
Rabat,(10) ENSEIGNEMENT,2020M7,2020-07-01,106.4,I4166,https://bds.hcp.ma/api/v1/indicators/I4166,2026-06-22 12:26:21.708000+00:00
Rabat,(10) ENSEIGNEMENT,2020M8,2020-08-01,106.4,I4166,https://bds.hcp.ma/api/v1/indicators/I4166,2026-06-22 12:26:21.708000+00:00
Rabat,(10) ENSEIGNEMENT,2020M9,2020-09-01,107.5,I4166,https://bds.hcp.ma/api/v1/indicators/I4166,2026-06-22 12:26:21.708000+00:00
Rabat,(10) ENSEIGNEMENT,2020M10,2020-10-01,108.4,I4166,https://bds.hcp.ma/api/v1/indicators/I4166,2026-06-22 12:26:21.708000+00:00
Rabat,(10) ENSEIGNEMENT,2020M11,2020-11-01,108.4,I4166,https://bds.hcp.ma/api/v1/indicators/I4166,2026-06-22 12:26:21.708000+00:00
Rabat,(10) ENSEIGNEMENT,2020M12,2020-12-01,108.4,I4166,https://bds.hcp.ma/api/v1/indicators/I4166,2026-06-22 12:26:21.708000+00:00
Rabat,(10) ENSEIGNEMENT,2021M1,2021-01-01,108.4,I4166,https://bds.hcp.ma/api/v1/indicators/I4166,2026-06-22 12:26:21.708000+00:00
Rabat,(10) ENSEIGNEMENT,2021M2,2021-02-01,108.4,I4166,https://bds.hcp.ma/api/v1/indicators/I4166,2026-06-22 12:26:21.708000+00:00
Rabat,(10) ENSEIGNEMENT,2021M3,2021-03-01,108.4,I4166,https://bds.hcp.ma/api/v1/indicators/I4166,2026-06-22 12:26:21.708000+00:00
Rabat,(10) ENSEIGNEMENT,2021M4,2021-04-01,108.4,I4166,https://bds.hcp.ma/api/v1/indicators/I4166,2026-06-22 12:26:21.708000+00:00
Rabat,(10) ENSEIGNEMENT,2021M5,2021-05-01,108.4,I4166,https://bds.hcp.ma/api/v1/indicators/I4166,2026-06-22 12:26:21.708000+00:00
Rabat,(10) ENSEIGNEMENT,2021M6,2021-06-01,108.4,I4166,https://bds.hcp.ma/api/v1/indicators/I4166,2026-06-22 12:26:21.708000+00:00
Rabat,(10) ENSEIGNEMENT,2021M7,2021-07-01,108.4,I4166,https://bds.hcp.ma/api/v1/indicators/I4166,2026-06-22 12:26:21.708000+00:00
Rabat,(10) ENSEIGNEMENT,2021M8,2021-08-01,108.4,I4166,https://bds.hcp.ma/api/v1/indicators/I4166,2026-06-22 12:26:21.708000+00:00
Rabat,(10) ENSEIGNEMENT,2021M9,2021-09-01,108.4,I4166,https://bds.hcp.ma/api/v1/indicators/I4166,2026-06-22 12:26:21.708000+00:00
Rabat,(10) ENSEIGNEMENT,2021M10,2021-10-01,108.4,I4166,https://bds.hcp.ma/api/v1/indicators/I4166,2026-06-22 12:26:21.708000+00:00
Rabat,(10) ENSEIGNEMENT,2021M11,2021-11-01,108.4,I4166,https://bds.hcp.ma/api/v1/indicators/I4166,2026-06-22 12:26:21.708000+00:00
Rabat,(10) ENSEIGNEMENT,2021M12,2021-12-01,108.4,I4166,https://bds.hcp.ma/api/v1/indicators/I4166,2026-06-22 12:26:21.708000+00:00
Rabat,(10) ENSEIGNEMENT,2022M1,2022-01-01,108.4,I4166,https://bds.hcp.ma/api/v1/indicators/I4166,2026-06-22 12:26:21.708000+00:00
Rabat,(10) ENSEIGNEMENT,2022M2,2022-02-01,108.4,I4166,https://bds.hcp.ma/api/v1/indicators/I4166,2026-06-22 12:26:21.708000+00:00
Rabat,(10) ENSEIGNEMENT,2022M3,2022-03-01,108.4,I4166,https://bds.hcp.ma/api/v1/indicators/I4166,2026-06-22 12:26:21.708000+00:00
Rabat,(10) ENSEIGNEMENT,2022M4,2022-04-01,108.4,I4166,https://bds.hcp.ma/api/v1/indicators/I4166,2026-06-22 12:26:21.708000+00:00
Rabat,(10) ENSEIGNEMENT,2022M5,2022-05-01,108.4,I4166,https://bds.hcp.ma/api/v1/indicators/I4166,2026-06-22 12:26:21.708000+00:00
Rabat,(10) ENSEIGNEMENT,2022M6,2022-06-01,108.4,I4166,https://bds.hcp.ma/api/v1/indicators/I4166,2026-06-22 12:26:21.708000+00:00
Rabat,(10) ENSEIGNEMENT,2022M7,2022-07-01,108.4,I4166,https://bds.hcp.ma/api/v1/indicators/I4166,2026-06-22 12:26:21.708000+00:00
Rabat,(10) ENSEIGNEMENT,2022M8,2022-08-01,108.4,I4166,https://bds.hcp.ma/api/v1/indicators/I4166,2026-06-22 12:26:21.708000+00:00
Rabat,(10) ENSEIGNEMENT,2022M9,2022-09-01,112.1,I4166,https://bds.hcp.ma/api/v1/indicators/I4166,2026-06-22 12:26:21.708000+00:00
Rabat,(10) ENSEIGNEMENT,2022M10,2022-10-01,112.1,I4166,https://bds.hcp.ma/api/v1/indicators/I4166,2026-06-22 12:26:21.708000+00:00
Rabat,(10) ENSEIGNEMENT,2022M11,2022-11-01,112.1,I4166,https://bds.hcp.ma/api/v1/indicators/I4166,2026-06-22 12:26:21.708000+00:00
Rabat,(10) ENSEIGNEMENT,2022M12,2022-12-01,112.1,I4166,https://bds.hcp.ma/api/v1/indicators/I4166,2026-06-22 12:26:21.708000+00:00
Rabat,(10) ENSEIGNEMENT,2023M1,2023-01-01,112.1,I4166,https://bds.hcp.ma/api/v1/indicators/I4166,2026-06-22 12:26:21.708000+00:00
Rabat,(10) ENSEIGNEMENT,2023M2,2023-02-01,112.1,I4166,https://bds.hcp.ma/api/v1/indicators/I4166,2026-06-22 12:26:21.708000+00:00
Rabat,(10) ENSEIGNEMENT,2023M3,2023-03-01,112.1,I4166,https://bds.hcp.ma/api/v1/indicators/I4166,2026-06-22 12:26:21.708000+00:00
Rabat,(10) ENSEIGNEMENT,2023M4,2023-04-01,112.1,I4166,https://bds.hcp.ma/api/v1/indicators/I4166,2026-06-22 12:26:21.708000+00:00
Rabat,(10) ENSEIGNEMENT,2023M5,2023-05-01,112.1,I4166,https://bds.hcp.ma/api/v1/indicators/I4166,2026-06-22 12:26:21.708000+00:00
Rabat,(10) ENSEIGNEMENT,2023M6,2023-06-01,112.1,I4166,https://bds.hcp.ma/api/v1/indicators/I4166,2026-06-22 12:26:21.708000+00:00
Rabat,(10) ENSEIGNEMENT,2023M7,2023-07-01,112.1,I4166,https://bds.hcp.ma/api/v1/indicators/I4166,2026-06-22 12:26:21.708000+00:00
Rabat,(10) ENSEIGNEMENT,2023M8,2023-08-01,112.1,I4166,https://bds.hcp.ma/api/v1/indicators/I4166,2026-06-22 12:26:21.708000+00:00
Rabat,(10) ENSEIGNEMENT,2023M9,2023-09-01,117.7,I4166,https://bds.hcp.ma/api/v1/indicators/I4166,2026-06-22 12:26:21.708000+00:00
Rabat,(10) ENSEIGNEMENT,2023M10,2023-10-01,117.7,I4166,https://bds.hcp.ma/api/v1/indicators/I4166,2026-06-22 12:26:21.708000+00:00
Rabat,(10) ENSEIGNEMENT,2023M11,2023-11-01,117.7,I4166,https://bds.hcp.ma/api/v1/indicators/I4166,2026-06-22 12:26:21.708000+00:00
Rabat,(10) ENSEIGNEMENT,2023M12,2023-12-01,117.7,I4166,https://bds.hcp.ma/api/v1/indicators/I4166,2026-06-22 12:26:21.708000+00:00
Rabat,(10) ENSEIGNEMENT,2024M1,2024-01-01,117.7,I4166,https://bds.hcp.ma/api/v1/indicators/I4166,2026-06-22 12:26:21.708000+00:00
Rabat,(10) ENSEIGNEMENT,2024M2,2024-02-01,117.7,I4166,https://bds.hcp.ma/api/v1/indicators/I4166,2026-06-22 12:26:21.708000+00:00
Rabat,(10) ENSEIGNEMENT,2024M3,2024-03-01,117.7,I4166,https://bds.hcp.ma/api/v1/indicators/I4166,2026-06-22 12:26:21.708000+00:00
Rabat,(10) ENSEIGNEMENT,2024M4,2024-04-01,117.7,I4166,https://bds.hcp.ma/api/v1/indicators/I4166,2026-06-22 12:26:21.708000+00:00
Rabat,(10) ENSEIGNEMENT,2024M5,2024-05-01,117.7,I4166,https://bds.hcp.ma/api/v1/indicators/I4166,2026-06-22 12:26:21.708000+00:00
Rabat,(10) ENSEIGNEMENT,2024M6,2024-06-01,117.7,I4166,https://bds.hcp.ma/api/v1/indicators/I4166,2026-06-22 12:26:21.708000+00:00
Rabat,(10) ENSEIGNEMENT,2024M7,2024-07-01,117.7,I4166,https://bds.hcp.ma/api/v1/indicators/I4166,2026-06-22 12:26:21.708000+00:00
Rabat,(10) ENSEIGNEMENT,2024M8,2024-08-01,117.7,I4166,https://bds.hcp.ma/api/v1/indicators/I4166,2026-06-22 12:26:21.708000+00:00
Rabat,(10) ENSEIGNEMENT,2024M9,2024-09-01,120.8,I4166,https://bds.hcp.ma/api/v1/indicators/I4166,2026-06-22 12:26:21.708000+00:00
Rabat,(10) ENSEIGNEMENT,2024M10,2024-10-01,120.8,I4166,https://bds.hcp.ma/api/v1/indicators/I4166,2026-06-22 12:26:21.708000+00:00
Rabat,(10) ENSEIGNEMENT,2024M11,2024-11-01,120.8,I4166,https://bds.hcp.ma/api/v1/indicators/I4166,2026-06-22 12:26:21.708000+00:00
Rabat,(10) ENSEIGNEMENT,2024M12,2024-12-01,120.8,I4166,https://bds.hcp.ma/api/v1/indicators/I4166,2026-06-22 12:26:21.708000+00:00
Rabat,(10) ENSEIGNEMENT,2025M1,2025-01-01,120.8,I4166,https://bds.hcp.ma/api/v1/indicators/I4166,2026-06-22 12:26:21.708000+00:00
Rabat,(10) ENSEIGNEMENT,2025M2,2025-02-01,120.8,I4166,https://bds.hcp.ma/api/v1/indicators/I4166,2026-06-22 12:26:21.708000+00:00
Rabat,(10) ENSEIGNEMENT,2025M3,2025-03-01,120.8,I4166,https://bds.hcp.ma/api/v1/indicators/I4166,2026-06-22 12:26:21.708000+00:00
Rabat,(10) ENSEIGNEMENT,2025M4,2025-04-01,120.8,I4166,https://bds.hcp.ma/api/v1/indicators/I4166,2026-06-22 12:26:21.708000+00:00
Rabat,(10) ENSEIGNEMENT,2025M5,2025-05-01,120.8,I4166,https://bds.hcp.ma/api/v1/indicators/I4166,2026-06-22 12:26:21.708000+00:00
Rabat,(10) ENSEIGNEMENT,2025M6,2025-06-01,120.8,I4166,https://bds.hcp.ma/api/v1/indicators/I4166,2026-06-22 12:26:21.708000+00:00
Rabat,(10) ENSEIGNEMENT,2025M7,2025-07-01,120.8,I4166,https://bds.hcp.ma/api/v1/indicators/I4166,2026-06-22 12:26:21.708000+00:00
Rabat,(10) ENSEIGNEMENT,2025M8,2025-08-01,120.8,I4166,https://bds.hcp.ma/api/v1/indicators/I4166,2026-06-22 12:26:21.708000+00:00
Rabat,(10) ENSEIGNEMENT,2025M9,2025-09-01,127.0,I4166,https://bds.hcp.ma/api/v1/indicators/I4166,2026-06-22 12:26:21.708000+00:00
Rabat,(10) ENSEIGNEMENT,2025M10,2025-10-01,127.0,I4166,https://bds.hcp.ma/api/v1/indicators/I4166,2026-06-22 12:26:21.708000+00:00
Rabat,(10) ENSEIGNEMENT,2025M11,2025-11-01,127.0,I4166,https://bds.hcp.ma/api/v1/indicators/I4166,2026-06-22 12:26:21.708000+00:00
Rabat,(10) ENSEIGNEMENT,2025M12,2025-12-01,127.0,I4166,https://bds.hcp.ma/api/v1/indicators/I4166,2026-06-22 12:26:21.708000+00:00
Rabat,(10) ENSEIGNEMENT,2026M1,2026-01-01,127.0,I4166,https://bds.hcp.ma/api/v1/indicators/I4166,2026-06-22 12:26:21.708000+00:00
Rabat,(10) ENSEIGNEMENT,2026M2,2026-02-01,127.0,I4166,https://bds.hcp.ma/api/v1/indicators/I4166,2026-06-22 12:26:21.708000+00:00
Rabat,(10) ENSEIGNEMENT,2026M3,2026-03-01,127.0,I4166,https://bds.hcp.ma/api/v1/indicators/I4166,2026-06-22 12:26:21.708000+00:00
Rabat,(11) RESTAURANTS ET HÔTELS,2017M1,2017-01-01,100.1,I4166,https://bds.hcp.ma/api/v1/indicators/I4166,2026-06-22 12:26:21.708000+00:00
Rabat,(11) RESTAURANTS ET HÔTELS,2017M2,2017-02-01,100.1,I4166,https://bds.hcp.ma/api/v1/indicators/I4166,2026-06-22 12:26:21.708000+00:00
Rabat,(11) RESTAURANTS ET HÔTELS,2017M3,2017-03-01,100.3,I4166,https://bds.hcp.ma/api/v1/indicators/I4166,2026-06-22 12:26:21.708000+00:00
Rabat,(11) RESTAURANTS ET HÔTELS,2017M4,2017-04-01,100.2,I4166,https://bds.hcp.ma/api/v1/indicators/I4166,2026-06-22 12:26:21.708000+00:00
Rabat,(11) RESTAURANTS ET HÔTELS,2017M5,2017-05-01,100.3,I4166,https://bds.hcp.ma/api/v1/indicators/I4166,2026-06-22 12:26:21.708000+00:00
Rabat,(11) RESTAURANTS ET HÔTELS,2017M6,2017-06-01,100,I4166,https://bds.hcp.ma/api/v1/indicators/I4166,2026-06-22 12:26:21.708000+00:00
Rabat,(11) RESTAURANTS ET HÔTELS,2017M7,2017-07-01,100,I4166,https://bds.hcp.ma/api/v1/indicators/I4166,2026-06-22 12:26:21.708000+00:00
Rabat,(11) RESTAURANTS ET HÔTELS,2017M8,2017-08-01,99.7,I4166,https://bds.hcp.ma/api/v1/indicators/I4166,2026-06-22 12:26:21.708000+00:00
Rabat,(11) RESTAURANTS ET HÔTELS,2017M9,2017-09-01,99.7,I4166,https://bds.hcp.ma/api/v1/indicators/I4166,2026-06-22 12:26:21.708000+00:00
Rabat,(11) RESTAURANTS ET HÔTELS,2017M10,2017-10-01,99.6,I4166,https://bds.hcp.ma/api/v1/indicators/I4166,2026-06-22 12:26:21.708000+00:00
Rabat,(11) RESTAURANTS ET HÔTELS,2017M11,2017-11-01,100,I4166,https://bds.hcp.ma/api/v1/indicators/I4166,2026-06-22 12:26:21.708000+00:00
Rabat,(11) RESTAURANTS ET HÔTELS,2017M12,2017-12-01,99.9,I4166,https://bds.hcp.ma/api/v1/indicators/I4166,2026-06-22 12:26:21.708000+00:00
Rabat,(11) RESTAURANTS ET HÔTELS,2018M1,2018-01-01,100.5,I4166,https://bds.hcp.ma/api/v1/indicators/I4166,2026-06-22 12:26:21.708000+00:00
Rabat,(11) RESTAURANTS ET HÔTELS,2018M2,2018-02-01,100.2,I4166,https://bds.hcp.ma/api/v1/indicators/I4166,2026-06-22 12:26:21.708000+00:00
Rabat,(11) RESTAURANTS ET HÔTELS,2018M3,2018-03-01,100.4,I4166,https://bds.hcp.ma/api/v1/indicators/I4166,2026-06-22 12:26:21.708000+00:00
Rabat,(11) RESTAURANTS ET HÔTELS,2018M4,2018-04-01,100.4,I4166,https://bds.hcp.ma/api/v1/indicators/I4166,2026-06-22 12:26:21.708000+00:00
Rabat,(11) RESTAURANTS ET HÔTELS,2018M5,2018-05-01,100.7,I4166,https://bds.hcp.ma/api/v1/indicators/I4166,2026-06-22 12:26:21.708000+00:00
Rabat,(11) RESTAURANTS ET HÔTELS,2018M6,2018-06-01,100.5,I4166,https://bds.hcp.ma/api/v1/indicators/I4166,2026-06-22 12:26:21.708000+00:00
Rabat,(11) RESTAURANTS ET HÔTELS,2018M7,2018-07-01,100.3,I4166,https://bds.hcp.ma/api/v1/indicators/I4166,2026-06-22 12:26:21.708000+00:00
Rabat,(11) RESTAURANTS ET HÔTELS,2018M8,2018-08-01,100.3,I4166,https://bds.hcp.ma/api/v1/indicators/I4166,2026-06-22 12:26:21.708000+00:00
Rabat,(11) RESTAURANTS ET HÔTELS,2018M9,2018-09-01,100.4,I4166,https://bds.hcp.ma/api/v1/indicators/I4166,2026-06-22 12:26:21.708000+00:00
Rabat,(11) RESTAURANTS ET HÔTELS,2018M10,2018-10-01,100.4,I4166,https://bds.hcp.ma/api/v1/indicators/I4166,2026-06-22 12:26:21.708000+00:00
Rabat,(11) RESTAURANTS ET HÔTELS,2018M11,2018-11-01,100.7,I4166,https://bds.hcp.ma/api/v1/indicators/I4166,2026-06-22 12:26:21.708000+00:00
Rabat,(11) RESTAURANTS ET HÔTELS,2018M12,2018-12-01,100.5,I4166,https://bds.hcp.ma/api/v1/indicators/I4166,2026-06-22 12:26:21.708000+00:00
Rabat,(11) RESTAURANTS ET HÔTELS,2019M1,2019-01-01,100.6,I4166,https://bds.hcp.ma/api/v1/indicators/I4166,2026-06-22 12:26:21.708000+00:00
Rabat,(11) RESTAURANTS ET HÔTELS,2019M2,2019-02-01,101.5,I4166,https://bds.hcp.ma/api/v1/indicators/I4166,2026-06-22 12:26:21.708000+00:00
Rabat,(11) RESTAURANTS ET HÔTELS,2019M3,2019-03-01,101.8,I4166,https://bds.hcp.ma/api/v1/indicators/I4166,2026-06-22 12:26:21.708000+00:00
Rabat,(11) RESTAURANTS ET HÔTELS,2019M4,2019-04-01,101.9,I4166,https://bds.hcp.ma/api/v1/indicators/I4166,2026-06-22 12:26:21.708000+00:00
Rabat,(11) RESTAURANTS ET HÔTELS,2019M5,2019-05-01,101.3,I4166,https://bds.hcp.ma/api/v1/indicators/I4166,2026-06-22 12:26:21.708000+00:00
Rabat,(11) RESTAURANTS ET HÔTELS,2019M6,2019-06-01,101.4,I4166,https://bds.hcp.ma/api/v1/indicators/I4166,2026-06-22 12:26:21.708000+00:00
Rabat,(11) RESTAURANTS ET HÔTELS,2019M7,2019-07-01,101.5,I4166,https://bds.hcp.ma/api/v1/indicators/I4166,2026-06-22 12:26:21.708000+00:00
Rabat,(11) RESTAURANTS ET HÔTELS,2019M8,2019-08-01,101.4,I4166,https://bds.hcp.ma/api/v1/indicators/I4166,2026-06-22 12:26:21.708000+00:00
Rabat,(11) RESTAURANTS ET HÔTELS,2019M9,2019-09-01,101.3,I4166,https://bds.hcp.ma/api/v1/indicators/I4166,2026-06-22 12:26:21.708000+00:00
Rabat,(11) RESTAURANTS ET HÔTELS,2019M10,2019-10-01,101.4,I4166,https://bds.hcp.ma/api/v1/indicators/I4166,2026-06-22 12:26:21.708000+00:00
Rabat,(11) RESTAURANTS ET HÔTELS,2019M11,2019-11-01,101.3,I4166,https://bds.hcp.ma/api/v1/indicators/I4166,2026-06-22 12:26:21.708000+00:00
Rabat,(11) RESTAURANTS ET HÔTELS,2019M12,2019-12-01,101.3,I4166,https://bds.hcp.ma/api/v1/indicators/I4166,2026-06-22 12:26:21.708000+00:00
Rabat,(11) RESTAURANTS ET HÔTELS,2020M1,2020-01-01,101.4,I4166,https://bds.hcp.ma/api/v1/indicators/I4166,2026-06-22 12:26:21.708000+00:00
Rabat,(11) RESTAURANTS ET HÔTELS,2020M2,2020-02-01,101.3,I4166,https://bds.hcp.ma/api/v1/indicators/I4166,2026-06-22 12:26:21.708000+00:00
Rabat,(11) RESTAURANTS ET HÔTELS,2020M3,2020-03-01,101.3,I4166,https://bds.hcp.ma/api/v1/indicators/I4166,2026-06-22 12:26:21.708000+00:00
Rabat,(11) RESTAURANTS ET HÔTELS,2020M4,2020-04-01,101.3,I4166,https://bds.hcp.ma/api/v1/indicators/I4166,2026-06-22 12:26:21.708000+00:00
Rabat,(11) RESTAURANTS ET HÔTELS,2020M5,2020-05-01,100.8,I4166,https://bds.hcp.ma/api/v1/indicators/I4166,2026-06-22 12:26:21.708000+00:00
Rabat,(11) RESTAURANTS ET HÔTELS,2020M6,2020-06-01,101,I4166,https://bds.hcp.ma/api/v1/indicators/I4166,2026-06-22 12:26:21.708000+00:00
Rabat,(11) RESTAURANTS ET HÔTELS,2020M7,2020-07-01,101.1,I4166,https://bds.hcp.ma/api/v1/indicators/I4166,2026-06-22 12:26:21.708000+00:00
Rabat,(11) RESTAURANTS ET HÔTELS,2020M8,2020-08-01,101,I4166,https://bds.hcp.ma/api/v1/indicators/I4166,2026-06-22 12:26:21.708000+00:00
Rabat,(11) RESTAURANTS ET HÔTELS,2020M9,2020-09-01,100.6,I4166,https://bds.hcp.ma/api/v1/indicators/I4166,2026-06-22 12:26:21.708000+00:00
Rabat,(11) RESTAURANTS ET HÔTELS,2020M10,2020-10-01,100.9,I4166,https://bds.hcp.ma/api/v1/indicators/I4166,2026-06-22 12:26:21.708000+00:00
Rabat,(11) RESTAURANTS ET HÔTELS,2020M11,2020-11-01,101.1,I4166,https://bds.hcp.ma/api/v1/indicators/I4166,2026-06-22 12:26:21.708000+00:00
Rabat,(11) RESTAURANTS ET HÔTELS,2020M12,2020-12-01,100.7,I4166,https://bds.hcp.ma/api/v1/indicators/I4166,2026-06-22 12:26:21.708000+00:00
Rabat,(11) RESTAURANTS ET HÔTELS,2021M1,2021-01-01,101.5,I4166,https://bds.hcp.ma/api/v1/indicators/I4166,2026-06-22 12:26:21.708000+00:00
Rabat,(11) RESTAURANTS ET HÔTELS,2021M2,2021-02-01,101.5,I4166,https://bds.hcp.ma/api/v1/indicators/I4166,2026-06-22 12:26:21.708000+00:00
Rabat,(11) RESTAURANTS ET HÔTELS,2021M3,2021-03-01,101.5,I4166,https://bds.hcp.ma/api/v1/indicators/I4166,2026-06-22 12:26:21.708000+00:00
Rabat,(11) RESTAURANTS ET HÔTELS,2021M4,2021-04-01,101.5,I4166,https://bds.hcp.ma/api/v1/indicators/I4166,2026-06-22 12:26:21.708000+00:00
Rabat,(11) RESTAURANTS ET HÔTELS,2021M5,2021-05-01,101.4,I4166,https://bds.hcp.ma/api/v1/indicators/I4166,2026-06-22 12:26:21.708000+00:00
Rabat,(11) RESTAURANTS ET HÔTELS,2021M6,2021-06-01,101.4,I4166,https://bds.hcp.ma/api/v1/indicators/I4166,2026-06-22 12:26:21.708000+00:00
Rabat,(11) RESTAURANTS ET HÔTELS,2021M7,2021-07-01,101.5,I4166,https://bds.hcp.ma/api/v1/indicators/I4166,2026-06-22 12:26:21.708000+00:00
Rabat,(11) RESTAURANTS ET HÔTELS,2021M8,2021-08-01,101.4,I4166,https://bds.hcp.ma/api/v1/indicators/I4166,2026-06-22 12:26:21.708000+00:00
Rabat,(11) RESTAURANTS ET HÔTELS,2021M9,2021-09-01,101.7,I4166,https://bds.hcp.ma/api/v1/indicators/I4166,2026-06-22 12:26:21.708000+00:00
Rabat,(11) RESTAURANTS ET HÔTELS,2021M10,2021-10-01,101.6,I4166,https://bds.hcp.ma/api/v1/indicators/I4166,2026-06-22 12:26:21.708000+00:00
Rabat,(11) RESTAURANTS ET HÔTELS,2021M11,2021-11-01,101.7,I4166,https://bds.hcp.ma/api/v1/indicators/I4166,2026-06-22 12:26:21.708000+00:00
Rabat,(11) RESTAURANTS ET HÔTELS,2021M12,2021-12-01,101.6,I4166,https://bds.hcp.ma/api/v1/indicators/I4166,2026-06-22 12:26:21.708000+00:00
Rabat,(11) RESTAURANTS ET HÔTELS,2022M1,2022-01-01,101.6,I4166,https://bds.hcp.ma/api/v1/indicators/I4166,2026-06-22 12:26:21.708000+00:00
Rabat,(11) RESTAURANTS ET HÔTELS,2022M2,2022-02-01,101.5,I4166,https://bds.hcp.ma/api/v1/indicators/I4166,2026-06-22 12:26:21.708000+00:00
Rabat,(11) RESTAURANTS ET HÔTELS,2022M3,2022-03-01,101.6,I4166,https://bds.hcp.ma/api/v1/indicators/I4166,2026-06-22 12:26:21.708000+00:00
Rabat,(11) RESTAURANTS ET HÔTELS,2022M4,2022-04-01,101.6,I4166,https://bds.hcp.ma/api/v1/indicators/I4166,2026-06-22 12:26:21.708000+00:00
Rabat,(11) RESTAURANTS ET HÔTELS,2022M5,2022-05-01,101.9,I4166,https://bds.hcp.ma/api/v1/indicators/I4166,2026-06-22 12:26:21.708000+00:00
Rabat,(11) RESTAURANTS ET HÔTELS,2022M6,2022-06-01,109.2,I4166,https://bds.hcp.ma/api/v1/indicators/I4166,2026-06-22 12:26:21.708000+00:00
Rabat,(11) RESTAURANTS ET HÔTELS,2022M7,2022-07-01,113.5,I4166,https://bds.hcp.ma/api/v1/indicators/I4166,2026-06-22 12:26:21.708000+00:00
Rabat,(11) RESTAURANTS ET HÔTELS,2022M8,2022-08-01,113.3,I4166,https://bds.hcp.ma/api/v1/indicators/I4166,2026-06-22 12:26:21.708000+00:00
Rabat,(11) RESTAURANTS ET HÔTELS,2022M9,2022-09-01,113.4,I4166,https://bds.hcp.ma/api/v1/indicators/I4166,2026-06-22 12:26:21.708000+00:00
Rabat,(11) RESTAURANTS ET HÔTELS,2022M10,2022-10-01,113.4,I4166,https://bds.hcp.ma/api/v1/indicators/I4166,2026-06-22 12:26:21.708000+00:00
Rabat,(11) RESTAURANTS ET HÔTELS,2022M11,2022-11-01,113.5,I4166,https://bds.hcp.ma/api/v1/indicators/I4166,2026-06-22 12:26:21.708000+00:00
Rabat,(11) RESTAURANTS ET HÔTELS,2022M12,2022-12-01,113.5,I4166,https://bds.hcp.ma/api/v1/indicators/I4166,2026-06-22 12:26:21.708000+00:00
Rabat,(11) RESTAURANTS ET HÔTELS,2023M1,2023-01-01,113.5,I4166,https://bds.hcp.ma/api/v1/indicators/I4166,2026-06-22 12:26:21.708000+00:00
Rabat,(11) RESTAURANTS ET HÔTELS,2023M2,2023-02-01,116.6,I4166,https://bds.hcp.ma/api/v1/indicators/I4166,2026-06-22 12:26:21.708000+00:00
Rabat,(11) RESTAURANTS ET HÔTELS,2023M3,2023-03-01,116.6,I4166,https://bds.hcp.ma/api/v1/indicators/I4166,2026-06-22 12:26:21.708000+00:00
Rabat,(11) RESTAURANTS ET HÔTELS,2023M4,2023-04-01,116.6,I4166,https://bds.hcp.ma/api/v1/indicators/I4166,2026-06-22 12:26:21.708000+00:00
Rabat,(11) RESTAURANTS ET HÔTELS,2023M5,2023-05-01,116.7,I4166,https://bds.hcp.ma/api/v1/indicators/I4166,2026-06-22 12:26:21.708000+00:00
Rabat,(11) RESTAURANTS ET HÔTELS,2023M6,2023-06-01,116.7,I4166,https://bds.hcp.ma/api/v1/indicators/I4166,2026-06-22 12:26:21.708000+00:00
Rabat,(11) RESTAURANTS ET HÔTELS,2023M7,2023-07-01,119.4,I4166,https://bds.hcp.ma/api/v1/indicators/I4166,2026-06-22 12:26:21.708000+00:00
Rabat,(11) RESTAURANTS ET HÔTELS,2023M8,2023-08-01,119.4,I4166,https://bds.hcp.ma/api/v1/indicators/I4166,2026-06-22 12:26:21.708000+00:00
Rabat,(11) RESTAURANTS ET HÔTELS,2023M9,2023-09-01,119.7,I4166,https://bds.hcp.ma/api/v1/indicators/I4166,2026-06-22 12:26:21.708000+00:00
Rabat,(11) RESTAURANTS ET HÔTELS,2023M10,2023-10-01,119.8,I4166,https://bds.hcp.ma/api/v1/indicators/I4166,2026-06-22 12:26:21.708000+00:00
Rabat,(11) RESTAURANTS ET HÔTELS,2023M11,2023-11-01,119.8,I4166,https://bds.hcp.ma/api/v1/indicators/I4166,2026-06-22 12:26:21.708000+00:00
Rabat,(11) RESTAURANTS ET HÔTELS,2023M12,2023-12-01,119.7,I4166,https://bds.hcp.ma/api/v1/indicators/I4166,2026-06-22 12:26:21.708000+00:00
Rabat,(11) RESTAURANTS ET HÔTELS,2024M1,2024-01-01,121.5,I4166,https://bds.hcp.ma/api/v1/indicators/I4166,2026-06-22 12:26:21.708000+00:00
Rabat,(11) RESTAURANTS ET HÔTELS,2024M2,2024-02-01,121.6,I4166,https://bds.hcp.ma/api/v1/indicators/I4166,2026-06-22 12:26:21.708000+00:00
Rabat,(11) RESTAURANTS ET HÔTELS,2024M3,2024-03-01,121.4,I4166,https://bds.hcp.ma/api/v1/indicators/I4166,2026-06-22 12:26:21.708000+00:00
Rabat,(11) RESTAURANTS ET HÔTELS,2024M4,2024-04-01,121.6,I4166,https://bds.hcp.ma/api/v1/indicators/I4166,2026-06-22 12:26:21.708000+00:00
Rabat,(11) RESTAURANTS ET HÔTELS,2024M5,2024-05-01,121.4,I4166,https://bds.hcp.ma/api/v1/indicators/I4166,2026-06-22 12:26:21.708000+00:00
Rabat,(11) RESTAURANTS ET HÔTELS,2024M6,2024-06-01,121.6,I4166,https://bds.hcp.ma/api/v1/indicators/I4166,2026-06-22 12:26:21.708000+00:00
Rabat,(11) RESTAURANTS ET HÔTELS,2024M7,2024-07-01,121.7,I4166,https://bds.hcp.ma/api/v1/indicators/I4166,2026-06-22 12:26:21.708000+00:00
Rabat,(11) RESTAURANTS ET HÔTELS,2024M8,2024-08-01,122.7,I4166,https://bds.hcp.ma/api/v1/indicators/I4166,2026-06-22 12:26:21.708000+00:00
Rabat,(11) RESTAURANTS ET HÔTELS,2024M9,2024-09-01,123.2,I4166,https://bds.hcp.ma/api/v1/indicators/I4166,2026-06-22 12:26:21.708000+00:00
Rabat,(11) RESTAURANTS ET HÔTELS,2024M10,2024-10-01,123.1,I4166,https://bds.hcp.ma/api/v1/indicators/I4166,2026-06-22 12:26:21.708000+00:00
Rabat,(11) RESTAURANTS ET HÔTELS,2024M11,2024-11-01,124.1,I4166,https://bds.hcp.ma/api/v1/indicators/I4166,2026-06-22 12:26:21.708000+00:00
Rabat,(11) RESTAURANTS ET HÔTELS,2024M12,2024-12-01,124.8,I4166,https://bds.hcp.ma/api/v1/indicators/I4166,2026-06-22 12:26:21.708000+00:00
Rabat,(11) RESTAURANTS ET HÔTELS,2025M1,2025-01-01,125.3,I4166,https://bds.hcp.ma/api/v1/indicators/I4166,2026-06-22 12:26:21.708000+00:00
Rabat,(11) RESTAURANTS ET HÔTELS,2025M2,2025-02-01,126.3,I4166,https://bds.hcp.ma/api/v1/indicators/I4166,2026-06-22 12:26:21.708000+00:00
Rabat,(11) RESTAURANTS ET HÔTELS,2025M3,2025-03-01,126.1,I4166,https://bds.hcp.ma/api/v1/indicators/I4166,2026-06-22 12:26:21.708000+00:00
Rabat,(11) RESTAURANTS ET HÔTELS,2025M4,2025-04-01,126.3,I4166,https://bds.hcp.ma/api/v1/indicators/I4166,2026-06-22 12:26:21.708000+00:00
Rabat,(11) RESTAURANTS ET HÔTELS,2025M5,2025-05-01,126.5,I4166,https://bds.hcp.ma/api/v1/indicators/I4166,2026-06-22 12:26:21.708000+00:00
Rabat,(11) RESTAURANTS ET HÔTELS,2025M6,2025-06-01,126.6,I4166,https://bds.hcp.ma/api/v1/indicators/I4166,2026-06-22 12:26:21.708000+00:00
Rabat,(11) RESTAURANTS ET HÔTELS,2025M7,2025-07-01,126.5,I4166,https://bds.hcp.ma/api/v1/indicators/I4166,2026-06-22 12:26:21.708000+00:00
Rabat,(11) RESTAURANTS ET HÔTELS,2025M8,2025-08-01,129.0,I4166,https://bds.hcp.ma/api/v1/indicators/I4166,2026-06-22 12:26:21.708000+00:00
Rabat,(11) RESTAURANTS ET HÔTELS,2025M9,2025-09-01,129.2,I4166,https://bds.hcp.ma/api/v1/indicators/I4166,2026-06-22 12:26:21.708000+00:00
Rabat,(11) RESTAURANTS ET HÔTELS,2025M10,2025-10-01,129.3,I4166,https://bds.hcp.ma/api/v1/indicators/I4166,2026-06-22 12:26:21.708000+00:00
Rabat,(11) RESTAURANTS ET HÔTELS,2025M11,2025-11-01,129.7,I4166,https://bds.hcp.ma/api/v1/indicators/I4166,2026-06-22 12:26:21.708000+00:00
Rabat,(11) RESTAURANTS ET HÔTELS,2025M12,2025-12-01,132.1,I4166,https://bds.hcp.ma/api/v1/indicators/I4166,2026-06-22 12:26:21.708000+00:00
Rabat,(11) RESTAURANTS ET HÔTELS,2026M1,2026-01-01,130.2,I4166,https://bds.hcp.ma/api/v1/indicators/I4166,2026-06-22 12:26:21.708000+00:00
Rabat,(11) RESTAURANTS ET HÔTELS,2026M2,2026-02-01,130.2,I4166,https://bds.hcp.ma/api/v1/indicators/I4166,2026-06-22 12:26:21.708000+00:00
Rabat,(11) RESTAURANTS ET HÔTELS,2026M3,2026-03-01,129.8,I4166,https://bds.hcp.ma/api/v1/indicators/I4166,2026-06-22 12:26:21.708000+00:00
Rabat,(12) BIENS ET SERVICES DIVERS,2017M1,2017-01-01,100.4,I4166,https://bds.hcp.ma/api/v1/indicators/I4166,2026-06-22 12:26:21.708000+00:00
Rabat,(12) BIENS ET SERVICES DIVERS,2017M2,2017-02-01,100.2,I4166,https://bds.hcp.ma/api/v1/indicators/I4166,2026-06-22 12:26:21.708000+00:00
Rabat,(12) BIENS ET SERVICES DIVERS,2017M3,2017-03-01,100.2,I4166,https://bds.hcp.ma/api/v1/indicators/I4166,2026-06-22 12:26:21.708000+00:00
Rabat,(12) BIENS ET SERVICES DIVERS,2017M4,2017-04-01,100,I4166,https://bds.hcp.ma/api/v1/indicators/I4166,2026-06-22 12:26:21.708000+00:00
Rabat,(12) BIENS ET SERVICES DIVERS,2017M5,2017-05-01,99.9,I4166,https://bds.hcp.ma/api/v1/indicators/I4166,2026-06-22 12:26:21.708000+00:00
Rabat,(12) BIENS ET SERVICES DIVERS,2017M6,2017-06-01,99.9,I4166,https://bds.hcp.ma/api/v1/indicators/I4166,2026-06-22 12:26:21.708000+00:00
Rabat,(12) BIENS ET SERVICES DIVERS,2017M7,2017-07-01,99.9,I4166,https://bds.hcp.ma/api/v1/indicators/I4166,2026-06-22 12:26:21.708000+00:00
Rabat,(12) BIENS ET SERVICES DIVERS,2017M8,2017-08-01,99.9,I4166,https://bds.hcp.ma/api/v1/indicators/I4166,2026-06-22 12:26:21.708000+00:00
Rabat,(12) BIENS ET SERVICES DIVERS,2017M9,2017-09-01,99.9,I4166,https://bds.hcp.ma/api/v1/indicators/I4166,2026-06-22 12:26:21.708000+00:00
Rabat,(12) BIENS ET SERVICES DIVERS,2017M10,2017-10-01,99.9,I4166,https://bds.hcp.ma/api/v1/indicators/I4166,2026-06-22 12:26:21.708000+00:00
Rabat,(12) BIENS ET SERVICES DIVERS,2017M11,2017-11-01,99.9,I4166,https://bds.hcp.ma/api/v1/indicators/I4166,2026-06-22 12:26:21.708000+00:00
Rabat,(12) BIENS ET SERVICES DIVERS,2017M12,2017-12-01,99.9,I4166,https://bds.hcp.ma/api/v1/indicators/I4166,2026-06-22 12:26:21.708000+00:00
Rabat,(12) BIENS ET SERVICES DIVERS,2018M1,2018-01-01,100.7,I4166,https://bds.hcp.ma/api/v1/indicators/I4166,2026-06-22 12:26:21.708000+00:00
Rabat,(12) BIENS ET SERVICES DIVERS,2018M2,2018-02-01,100.7,I4166,https://bds.hcp.ma/api/v1/indicators/I4166,2026-06-22 12:26:21.708000+00:00
Rabat,(12) BIENS ET SERVICES DIVERS,2018M3,2018-03-01,100.9,I4166,https://bds.hcp.ma/api/v1/indicators/I4166,2026-06-22 12:26:21.708000+00:00
Rabat,(12) BIENS ET SERVICES DIVERS,2018M4,2018-04-01,100.9,I4166,https://bds.hcp.ma/api/v1/indicators/I4166,2026-06-22 12:26:21.708000+00:00
Rabat,(12) BIENS ET SERVICES DIVERS,2018M5,2018-05-01,100.9,I4166,https://bds.hcp.ma/api/v1/indicators/I4166,2026-06-22 12:26:21.708000+00:00
Rabat,(12) BIENS ET SERVICES DIVERS,2018M6,2018-06-01,100.9,I4166,https://bds.hcp.ma/api/v1/indicators/I4166,2026-06-22 12:26:21.708000+00:00
Rabat,(12) BIENS ET SERVICES DIVERS,2018M7,2018-07-01,100.9,I4166,https://bds.hcp.ma/api/v1/indicators/I4166,2026-06-22 12:26:21.708000+00:00
Rabat,(12) BIENS ET SERVICES DIVERS,2018M8,2018-08-01,100.9,I4166,https://bds.hcp.ma/api/v1/indicators/I4166,2026-06-22 12:26:21.708000+00:00
Rabat,(12) BIENS ET SERVICES DIVERS,2018M9,2018-09-01,100.9,I4166,https://bds.hcp.ma/api/v1/indicators/I4166,2026-06-22 12:26:21.708000+00:00
Rabat,(12) BIENS ET SERVICES DIVERS,2018M10,2018-10-01,100.9,I4166,https://bds.hcp.ma/api/v1/indicators/I4166,2026-06-22 12:26:21.708000+00:00
Rabat,(12) BIENS ET SERVICES DIVERS,2018M11,2018-11-01,100.9,I4166,https://bds.hcp.ma/api/v1/indicators/I4166,2026-06-22 12:26:21.708000+00:00
Rabat,(12) BIENS ET SERVICES DIVERS,2018M12,2018-12-01,101.2,I4166,https://bds.hcp.ma/api/v1/indicators/I4166,2026-06-22 12:26:21.708000+00:00
Rabat,(12) BIENS ET SERVICES DIVERS,2019M1,2019-01-01,101.2,I4166,https://bds.hcp.ma/api/v1/indicators/I4166,2026-06-22 12:26:21.708000+00:00
Rabat,(12) BIENS ET SERVICES DIVERS,2019M2,2019-02-01,101.2,I4166,https://bds.hcp.ma/api/v1/indicators/I4166,2026-06-22 12:26:21.708000+00:00
Rabat,(12) BIENS ET SERVICES DIVERS,2019M3,2019-03-01,101.2,I4166,https://bds.hcp.ma/api/v1/indicators/I4166,2026-06-22 12:26:21.708000+00:00
Rabat,(12) BIENS ET SERVICES DIVERS,2019M4,2019-04-01,101.2,I4166,https://bds.hcp.ma/api/v1/indicators/I4166,2026-06-22 12:26:21.708000+00:00
Rabat,(12) BIENS ET SERVICES DIVERS,2019M5,2019-05-01,101.2,I4166,https://bds.hcp.ma/api/v1/indicators/I4166,2026-06-22 12:26:21.708000+00:00
Rabat,(12) BIENS ET SERVICES DIVERS,2019M6,2019-06-01,101.2,I4166,https://bds.hcp.ma/api/v1/indicators/I4166,2026-06-22 12:26:21.708000+00:00
Rabat,(12) BIENS ET SERVICES DIVERS,2019M7,2019-07-01,101.2,I4166,https://bds.hcp.ma/api/v1/indicators/I4166,2026-06-22 12:26:21.708000+00:00
Rabat,(12) BIENS ET SERVICES DIVERS,2019M8,2019-08-01,101.2,I4166,https://bds.hcp.ma/api/v1/indicators/I4166,2026-06-22 12:26:21.708000+00:00
Rabat,(12) BIENS ET SERVICES DIVERS,2019M9,2019-09-01,101.2,I4166,https://bds.hcp.ma/api/v1/indicators/I4166,2026-06-22 12:26:21.708000+00:00
Rabat,(12) BIENS ET SERVICES DIVERS,2019M10,2019-10-01,101.2,I4166,https://bds.hcp.ma/api/v1/indicators/I4166,2026-06-22 12:26:21.708000+00:00
Rabat,(12) BIENS ET SERVICES DIVERS,2019M11,2019-11-01,101.2,I4166,https://bds.hcp.ma/api/v1/indicators/I4166,2026-06-22 12:26:21.708000+00:00
Rabat,(12) BIENS ET SERVICES DIVERS,2019M12,2019-12-01,101.2,I4166,https://bds.hcp.ma/api/v1/indicators/I4166,2026-06-22 12:26:21.708000+00:00
Rabat,(12) BIENS ET SERVICES DIVERS,2020M1,2020-01-01,102.6,I4166,https://bds.hcp.ma/api/v1/indicators/I4166,2026-06-22 12:26:21.708000+00:00
Rabat,(12) BIENS ET SERVICES DIVERS,2020M2,2020-02-01,102.6,I4166,https://bds.hcp.ma/api/v1/indicators/I4166,2026-06-22 12:26:21.708000+00:00
Rabat,(12) BIENS ET SERVICES DIVERS,2020M3,2020-03-01,102.6,I4166,https://bds.hcp.ma/api/v1/indicators/I4166,2026-06-22 12:26:21.708000+00:00
Rabat,(12) BIENS ET SERVICES DIVERS,2020M4,2020-04-01,102.6,I4166,https://bds.hcp.ma/api/v1/indicators/I4166,2026-06-22 12:26:21.708000+00:00
Rabat,(12) BIENS ET SERVICES DIVERS,2020M5,2020-05-01,102.5,I4166,https://bds.hcp.ma/api/v1/indicators/I4166,2026-06-22 12:26:21.708000+00:00
Rabat,(12) BIENS ET SERVICES DIVERS,2020M6,2020-06-01,102.4,I4166,https://bds.hcp.ma/api/v1/indicators/I4166,2026-06-22 12:26:21.708000+00:00
Rabat,(12) BIENS ET SERVICES DIVERS,2020M7,2020-07-01,102.4,I4166,https://bds.hcp.ma/api/v1/indicators/I4166,2026-06-22 12:26:21.708000+00:00
Rabat,(12) BIENS ET SERVICES DIVERS,2020M8,2020-08-01,103,I4166,https://bds.hcp.ma/api/v1/indicators/I4166,2026-06-22 12:26:21.708000+00:00
Rabat,(12) BIENS ET SERVICES DIVERS,2020M9,2020-09-01,103,I4166,https://bds.hcp.ma/api/v1/indicators/I4166,2026-06-22 12:26:21.708000+00:00
Rabat,(12) BIENS ET SERVICES DIVERS,2020M10,2020-10-01,103,I4166,https://bds.hcp.ma/api/v1/indicators/I4166,2026-06-22 12:26:21.708000+00:00
Rabat,(12) BIENS ET SERVICES DIVERS,2020M11,2020-11-01,103,I4166,https://bds.hcp.ma/api/v1/indicators/I4166,2026-06-22 12:26:21.708000+00:00
Rabat,(12) BIENS ET SERVICES DIVERS,2020M12,2020-12-01,103,I4166,https://bds.hcp.ma/api/v1/indicators/I4166,2026-06-22 12:26:21.708000+00:00
Rabat,(12) BIENS ET SERVICES DIVERS,2021M1,2021-01-01,103,I4166,https://bds.hcp.ma/api/v1/indicators/I4166,2026-06-22 12:26:21.708000+00:00
Rabat,(12) BIENS ET SERVICES DIVERS,2021M2,2021-02-01,103,I4166,https://bds.hcp.ma/api/v1/indicators/I4166,2026-06-22 12:26:21.708000+00:00
Rabat,(12) BIENS ET SERVICES DIVERS,2021M3,2021-03-01,103,I4166,https://bds.hcp.ma/api/v1/indicators/I4166,2026-06-22 12:26:21.708000+00:00
Rabat,(12) BIENS ET SERVICES DIVERS,2021M4,2021-04-01,103,I4166,https://bds.hcp.ma/api/v1/indicators/I4166,2026-06-22 12:26:21.708000+00:00
Rabat,(12) BIENS ET SERVICES DIVERS,2021M5,2021-05-01,103,I4166,https://bds.hcp.ma/api/v1/indicators/I4166,2026-06-22 12:26:21.708000+00:00
Rabat,(12) BIENS ET SERVICES DIVERS,2021M6,2021-06-01,103,I4166,https://bds.hcp.ma/api/v1/indicators/I4166,2026-06-22 12:26:21.708000+00:00
Rabat,(12) BIENS ET SERVICES DIVERS,2021M7,2021-07-01,103,I4166,https://bds.hcp.ma/api/v1/indicators/I4166,2026-06-22 12:26:21.708000+00:00
Rabat,(12) BIENS ET SERVICES DIVERS,2021M8,2021-08-01,103,I4166,https://bds.hcp.ma/api/v1/indicators/I4166,2026-06-22 12:26:21.708000+00:00
Rabat,(12) BIENS ET SERVICES DIVERS,2021M9,2021-09-01,103,I4166,https://bds.hcp.ma/api/v1/indicators/I4166,2026-06-22 12:26:21.708000+00:00
Rabat,(12) BIENS ET SERVICES DIVERS,2021M10,2021-10-01,104.1,I4166,https://bds.hcp.ma/api/v1/indicators/I4166,2026-06-22 12:26:21.708000+00:00
Rabat,(12) BIENS ET SERVICES DIVERS,2021M11,2021-11-01,104.1,I4166,https://bds.hcp.ma/api/v1/indicators/I4166,2026-06-22 12:26:21.708000+00:00
Rabat,(12) BIENS ET SERVICES DIVERS,2021M12,2021-12-01,104,I4166,https://bds.hcp.ma/api/v1/indicators/I4166,2026-06-22 12:26:21.708000+00:00
Rabat,(12) BIENS ET SERVICES DIVERS,2022M1,2022-01-01,104,I4166,https://bds.hcp.ma/api/v1/indicators/I4166,2026-06-22 12:26:21.708000+00:00
Rabat,(12) BIENS ET SERVICES DIVERS,2022M2,2022-02-01,104.2,I4166,https://bds.hcp.ma/api/v1/indicators/I4166,2026-06-22 12:26:21.708000+00:00
Rabat,(12) BIENS ET SERVICES DIVERS,2022M3,2022-03-01,104.5,I4166,https://bds.hcp.ma/api/v1/indicators/I4166,2026-06-22 12:26:21.708000+00:00
Rabat,(12) BIENS ET SERVICES DIVERS,2022M4,2022-04-01,105.1,I4166,https://bds.hcp.ma/api/v1/indicators/I4166,2026-06-22 12:26:21.708000+00:00
Rabat,(12) BIENS ET SERVICES DIVERS,2022M5,2022-05-01,105.7,I4166,https://bds.hcp.ma/api/v1/indicators/I4166,2026-06-22 12:26:21.708000+00:00
Rabat,(12) BIENS ET SERVICES DIVERS,2022M6,2022-06-01,106.6,I4166,https://bds.hcp.ma/api/v1/indicators/I4166,2026-06-22 12:26:21.708000+00:00
Rabat,(12) BIENS ET SERVICES DIVERS,2022M7,2022-07-01,106.6,I4166,https://bds.hcp.ma/api/v1/indicators/I4166,2026-06-22 12:26:21.708000+00:00
Rabat,(12) BIENS ET SERVICES DIVERS,2022M8,2022-08-01,106.6,I4166,https://bds.hcp.ma/api/v1/indicators/I4166,2026-06-22 12:26:21.708000+00:00
Rabat,(12) BIENS ET SERVICES DIVERS,2022M9,2022-09-01,107,I4166,https://bds.hcp.ma/api/v1/indicators/I4166,2026-06-22 12:26:21.708000+00:00
Rabat,(12) BIENS ET SERVICES DIVERS,2022M10,2022-10-01,107.1,I4166,https://bds.hcp.ma/api/v1/indicators/I4166,2026-06-22 12:26:21.708000+00:00
Rabat,(12) BIENS ET SERVICES DIVERS,2022M11,2022-11-01,107.1,I4166,https://bds.hcp.ma/api/v1/indicators/I4166,2026-06-22 12:26:21.708000+00:00
Rabat,(12) BIENS ET SERVICES DIVERS,2022M12,2022-12-01,107.1,I4166,https://bds.hcp.ma/api/v1/indicators/I4166,2026-06-22 12:26:21.708000+00:00
Rabat,(12) BIENS ET SERVICES DIVERS,2023M1,2023-01-01,108.8,I4166,https://bds.hcp.ma/api/v1/indicators/I4166,2026-06-22 12:26:21.708000+00:00
Rabat,(12) BIENS ET SERVICES DIVERS,2023M2,2023-02-01,108.8,I4166,https://bds.hcp.ma/api/v1/indicators/I4166,2026-06-22 12:26:21.708000+00:00
Rabat,(12) BIENS ET SERVICES DIVERS,2023M3,2023-03-01,108.8,I4166,https://bds.hcp.ma/api/v1/indicators/I4166,2026-06-22 12:26:21.708000+00:00
Rabat,(12) BIENS ET SERVICES DIVERS,2023M4,2023-04-01,108.8,I4166,https://bds.hcp.ma/api/v1/indicators/I4166,2026-06-22 12:26:21.708000+00:00
Rabat,(12) BIENS ET SERVICES DIVERS,2023M5,2023-05-01,108.8,I4166,https://bds.hcp.ma/api/v1/indicators/I4166,2026-06-22 12:26:21.708000+00:00
Rabat,(12) BIENS ET SERVICES DIVERS,2023M6,2023-06-01,108.8,I4166,https://bds.hcp.ma/api/v1/indicators/I4166,2026-06-22 12:26:21.708000+00:00
Rabat,(12) BIENS ET SERVICES DIVERS,2023M7,2023-07-01,109.1,I4166,https://bds.hcp.ma/api/v1/indicators/I4166,2026-06-22 12:26:21.708000+00:00
Rabat,(12) BIENS ET SERVICES DIVERS,2023M8,2023-08-01,109,I4166,https://bds.hcp.ma/api/v1/indicators/I4166,2026-06-22 12:26:21.708000+00:00
Rabat,(12) BIENS ET SERVICES DIVERS,2023M9,2023-09-01,109.1,I4166,https://bds.hcp.ma/api/v1/indicators/I4166,2026-06-22 12:26:21.708000+00:00
Rabat,(12) BIENS ET SERVICES DIVERS,2023M10,2023-10-01,109.1,I4166,https://bds.hcp.ma/api/v1/indicators/I4166,2026-06-22 12:26:21.708000+00:00
Rabat,(12) BIENS ET SERVICES DIVERS,2023M11,2023-11-01,109.1,I4166,https://bds.hcp.ma/api/v1/indicators/I4166,2026-06-22 12:26:21.708000+00:00
Rabat,(12) BIENS ET SERVICES DIVERS,2023M12,2023-12-01,110.4,I4166,https://bds.hcp.ma/api/v1/indicators/I4166,2026-06-22 12:26:21.708000+00:00
Rabat,(12) BIENS ET SERVICES DIVERS,2024M1,2024-01-01,110.6,I4166,https://bds.hcp.ma/api/v1/indicators/I4166,2026-06-22 12:26:21.708000+00:00
Rabat,(12) BIENS ET SERVICES DIVERS,2024M2,2024-02-01,110.6,I4166,https://bds.hcp.ma/api/v1/indicators/I4166,2026-06-22 12:26:21.708000+00:00
Rabat,(12) BIENS ET SERVICES DIVERS,2024M3,2024-03-01,111.8,I4166,https://bds.hcp.ma/api/v1/indicators/I4166,2026-06-22 12:26:21.708000+00:00
Rabat,(12) BIENS ET SERVICES DIVERS,2024M4,2024-04-01,111.8,I4166,https://bds.hcp.ma/api/v1/indicators/I4166,2026-06-22 12:26:21.708000+00:00
Rabat,(12) BIENS ET SERVICES DIVERS,2024M5,2024-05-01,112.1,I4166,https://bds.hcp.ma/api/v1/indicators/I4166,2026-06-22 12:26:21.708000+00:00
Rabat,(12) BIENS ET SERVICES DIVERS,2024M6,2024-06-01,112.1,I4166,https://bds.hcp.ma/api/v1/indicators/I4166,2026-06-22 12:26:21.708000+00:00
Rabat,(12) BIENS ET SERVICES DIVERS,2024M7,2024-07-01,112.4,I4166,https://bds.hcp.ma/api/v1/indicators/I4166,2026-06-22 12:26:21.708000+00:00
Rabat,(12) BIENS ET SERVICES DIVERS,2024M8,2024-08-01,112.4,I4166,https://bds.hcp.ma/api/v1/indicators/I4166,2026-06-22 12:26:21.708000+00:00
Rabat,(12) BIENS ET SERVICES DIVERS,2024M9,2024-09-01,112.4,I4166,https://bds.hcp.ma/api/v1/indicators/I4166,2026-06-22 12:26:21.708000+00:00
Rabat,(12) BIENS ET SERVICES DIVERS,2024M10,2024-10-01,112.5,I4166,https://bds.hcp.ma/api/v1/indicators/I4166,2026-06-22 12:26:21.708000+00:00
Rabat,(12) BIENS ET SERVICES DIVERS,2024M11,2024-11-01,112.7,I4166,https://bds.hcp.ma/api/v1/indicators/I4166,2026-06-22 12:26:21.708000+00:00
Rabat,(12) BIENS ET SERVICES DIVERS,2024M12,2024-12-01,112.7,I4166,https://bds.hcp.ma/api/v1/indicators/I4166,2026-06-22 12:26:21.708000+00:00
Rabat,(12) BIENS ET SERVICES DIVERS,2025M1,2025-01-01,112.6,I4166,https://bds.hcp.ma/api/v1/indicators/I4166,2026-06-22 12:26:21.708000+00:00
Rabat,(12) BIENS ET SERVICES DIVERS,2025M2,2025-02-01,112.6,I4166,https://bds.hcp.ma/api/v1/indicators/I4166,2026-06-22 12:26:21.708000+00:00
Rabat,(12) BIENS ET SERVICES DIVERS,2025M3,2025-03-01,112.6,I4166,https://bds.hcp.ma/api/v1/indicators/I4166,2026-06-22 12:26:21.708000+00:00
Rabat,(12) BIENS ET SERVICES DIVERS,2025M4,2025-04-01,113.1,I4166,https://bds.hcp.ma/api/v1/indicators/I4166,2026-06-22 12:26:21.708000+00:00
Rabat,(12) BIENS ET SERVICES DIVERS,2025M5,2025-05-01,113.1,I4166,https://bds.hcp.ma/api/v1/indicators/I4166,2026-06-22 12:26:21.708000+00:00
Rabat,(12) BIENS ET SERVICES DIVERS,2025M6,2025-06-01,113.1,I4166,https://bds.hcp.ma/api/v1/indicators/I4166,2026-06-22 12:26:21.708000+00:00
Rabat,(12) BIENS ET SERVICES DIVERS,2025M7,2025-07-01,113.2,I4166,https://bds.hcp.ma/api/v1/indicators/I4166,2026-06-22 12:26:21.708000+00:00
Rabat,(12) BIENS ET SERVICES DIVERS,2025M8,2025-08-01,113.2,I4166,https://bds.hcp.ma/api/v1/indicators/I4166,2026-06-22 12:26:21.708000+00:00
Rabat,(12) BIENS ET SERVICES DIVERS,2025M9,2025-09-01,113.2,I4166,https://bds.hcp.ma/api/v1/indicators/I4166,2026-06-22 12:26:21.708000+00:00
Rabat,(12) BIENS ET SERVICES DIVERS,2025M10,2025-10-01,114.0,I4166,https://bds.hcp.ma/api/v1/indicators/I4166,2026-06-22 12:26:21.708000+00:00
Rabat,(12) BIENS ET SERVICES DIVERS,2025M11,2025-11-01,114.2,I4166,https://bds.hcp.ma/api/v1/indicators/I4166,2026-06-22 12:26:21.708000+00:00
Rabat,(12) BIENS ET SERVICES DIVERS,2025M12,2025-12-01,114.2,I4166,https://bds.hcp.ma/api/v1/indicators/I4166,2026-06-22 12:26:21.708000+00:00
Rabat,(12) BIENS ET SERVICES DIVERS,2026M1,2026-01-01,115.9,I4166,https://bds.hcp.ma/api/v1/indicators/I4166,2026-06-22 12:26:21.708000+00:00
Rabat,(12) BIENS ET SERVICES DIVERS,2026M2,2026-02-01,117.0,I4166,https://bds.hcp.ma/api/v1/indicators/I4166,2026-06-22 12:26:21.708000+00:00
Rabat,(12) BIENS ET SERVICES DIVERS,2026M3,2026-03-01,117.6,I4166,https://bds.hcp.ma/api/v1/indicators/I4166,2026-06-22 12:26:21.708000+00:00
Rabat,(GR) GENERAL,2017M1,2017-01-01,100.3,I4166,https://bds.hcp.ma/api/v1/indicators/I4166,2026-06-22 12:26:21.708000+00:00
Rabat,(GR) GENERAL,2017M2,2017-02-01,100.2,I4166,https://bds.hcp.ma/api/v1/indicators/I4166,2026-06-22 12:26:21.708000+00:00
Rabat,(GR) GENERAL,2017M3,2017-03-01,100,I4166,https://bds.hcp.ma/api/v1/indicators/I4166,2026-06-22 12:26:21.708000+00:00
Rabat,(GR) GENERAL,2017M4,2017-04-01,99.4,I4166,https://bds.hcp.ma/api/v1/indicators/I4166,2026-06-22 12:26:21.708000+00:00
Rabat,(GR) GENERAL,2017M5,2017-05-01,99.9,I4166,https://bds.hcp.ma/api/v1/indicators/I4166,2026-06-22 12:26:21.708000+00:00
Rabat,(GR) GENERAL,2017M6,2017-06-01,99.3,I4166,https://bds.hcp.ma/api/v1/indicators/I4166,2026-06-22 12:26:21.708000+00:00
Rabat,(GR) GENERAL,2017M7,2017-07-01,99.3,I4166,https://bds.hcp.ma/api/v1/indicators/I4166,2026-06-22 12:26:21.708000+00:00
Rabat,(GR) GENERAL,2017M8,2017-08-01,99.6,I4166,https://bds.hcp.ma/api/v1/indicators/I4166,2026-06-22 12:26:21.708000+00:00
Rabat,(GR) GENERAL,2017M9,2017-09-01,100.1,I4166,https://bds.hcp.ma/api/v1/indicators/I4166,2026-06-22 12:26:21.708000+00:00
Rabat,(GR) GENERAL,2017M10,2017-10-01,100.4,I4166,https://bds.hcp.ma/api/v1/indicators/I4166,2026-06-22 12:26:21.708000+00:00
Rabat,(GR) GENERAL,2017M11,2017-11-01,100.5,I4166,https://bds.hcp.ma/api/v1/indicators/I4166,2026-06-22 12:26:21.708000+00:00
Rabat,(GR) GENERAL,2017M12,2017-12-01,100.9,I4166,https://bds.hcp.ma/api/v1/indicators/I4166,2026-06-22 12:26:21.708000+00:00
Rabat,(GR) GENERAL,2018M1,2018-01-01,101.2,I4166,https://bds.hcp.ma/api/v1/indicators/I4166,2026-06-22 12:26:21.708000+00:00
Rabat,(GR) GENERAL,2018M2,2018-02-01,100.5,I4166,https://bds.hcp.ma/api/v1/indicators/I4166,2026-06-22 12:26:21.708000+00:00
Rabat,(GR) GENERAL,2018M3,2018-03-01,100.5,I4166,https://bds.hcp.ma/api/v1/indicators/I4166,2026-06-22 12:26:21.708000+00:00
Rabat,(GR) GENERAL,2018M4,2018-04-01,101,I4166,https://bds.hcp.ma/api/v1/indicators/I4166,2026-06-22 12:26:21.708000+00:00
Rabat,(GR) GENERAL,2018M5,2018-05-01,101.4,I4166,https://bds.hcp.ma/api/v1/indicators/I4166,2026-06-22 12:26:21.708000+00:00
Rabat,(GR) GENERAL,2018M6,2018-06-01,101.7,I4166,https://bds.hcp.ma/api/v1/indicators/I4166,2026-06-22 12:26:21.708000+00:00
Rabat,(GR) GENERAL,2018M7,2018-07-01,101,I4166,https://bds.hcp.ma/api/v1/indicators/I4166,2026-06-22 12:26:21.708000+00:00
Rabat,(GR) GENERAL,2018M8,2018-08-01,100.8,I4166,https://bds.hcp.ma/api/v1/indicators/I4166,2026-06-22 12:26:21.708000+00:00
Rabat,(GR) GENERAL,2018M9,2018-09-01,101.3,I4166,https://bds.hcp.ma/api/v1/indicators/I4166,2026-06-22 12:26:21.708000+00:00
Rabat,(GR) GENERAL,2018M10,2018-10-01,101.3,I4166,https://bds.hcp.ma/api/v1/indicators/I4166,2026-06-22 12:26:21.708000+00:00
Rabat,(GR) GENERAL,2018M11,2018-11-01,101.8,I4166,https://bds.hcp.ma/api/v1/indicators/I4166,2026-06-22 12:26:21.708000+00:00
Rabat,(GR) GENERAL,2018M12,2018-12-01,101.5,I4166,https://bds.hcp.ma/api/v1/indicators/I4166,2026-06-22 12:26:21.708000+00:00
Rabat,(GR) GENERAL,2019M1,2019-01-01,101.1,I4166,https://bds.hcp.ma/api/v1/indicators/I4166,2026-06-22 12:26:21.708000+00:00
Rabat,(GR) GENERAL,2019M2,2019-02-01,101.1,I4166,https://bds.hcp.ma/api/v1/indicators/I4166,2026-06-22 12:26:21.708000+00:00
Rabat,(GR) GENERAL,2019M3,2019-03-01,100.9,I4166,https://bds.hcp.ma/api/v1/indicators/I4166,2026-06-22 12:26:21.708000+00:00
Rabat,(GR) GENERAL,2019M4,2019-04-01,101.5,I4166,https://bds.hcp.ma/api/v1/indicators/I4166,2026-06-22 12:26:21.708000+00:00
Rabat,(GR) GENERAL,2019M5,2019-05-01,101.6,I4166,https://bds.hcp.ma/api/v1/indicators/I4166,2026-06-22 12:26:21.708000+00:00
Rabat,(GR) GENERAL,2019M6,2019-06-01,102.1,I4166,https://bds.hcp.ma/api/v1/indicators/I4166,2026-06-22 12:26:21.708000+00:00
Rabat,(GR) GENERAL,2019M7,2019-07-01,101.9,I4166,https://bds.hcp.ma/api/v1/indicators/I4166,2026-06-22 12:26:21.708000+00:00
Rabat,(GR) GENERAL,2019M8,2019-08-01,101.9,I4166,https://bds.hcp.ma/api/v1/indicators/I4166,2026-06-22 12:26:21.708000+00:00
Rabat,(GR) GENERAL,2019M9,2019-09-01,101.8,I4166,https://bds.hcp.ma/api/v1/indicators/I4166,2026-06-22 12:26:21.708000+00:00
Rabat,(GR) GENERAL,2019M10,2019-10-01,101.8,I4166,https://bds.hcp.ma/api/v1/indicators/I4166,2026-06-22 12:26:21.708000+00:00
Rabat,(GR) GENERAL,2019M11,2019-11-01,101.9,I4166,https://bds.hcp.ma/api/v1/indicators/I4166,2026-06-22 12:26:21.708000+00:00
Rabat,(GR) GENERAL,2019M12,2019-12-01,102.1,I4166,https://bds.hcp.ma/api/v1/indicators/I4166,2026-06-22 12:26:21.708000+00:00
Rabat,(GR) GENERAL,2020M1,2020-01-01,102.1,I4166,https://bds.hcp.ma/api/v1/indicators/I4166,2026-06-22 12:26:21.708000+00:00
Rabat,(GR) GENERAL,2020M2,2020-02-01,102.2,I4166,https://bds.hcp.ma/api/v1/indicators/I4166,2026-06-22 12:26:21.708000+00:00
Rabat,(GR) GENERAL,2020M3,2020-03-01,102.5,I4166,https://bds.hcp.ma/api/v1/indicators/I4166,2026-06-22 12:26:21.708000+00:00
Rabat,(GR) GENERAL,2020M4,2020-04-01,102.3,I4166,https://bds.hcp.ma/api/v1/indicators/I4166,2026-06-22 12:26:21.708000+00:00
Rabat,(GR) GENERAL,2020M5,2020-05-01,101.9,I4166,https://bds.hcp.ma/api/v1/indicators/I4166,2026-06-22 12:26:21.708000+00:00
Rabat,(GR) GENERAL,2020M6,2020-06-01,102,I4166,https://bds.hcp.ma/api/v1/indicators/I4166,2026-06-22 12:26:21.708000+00:00
Rabat,(GR) GENERAL,2020M7,2020-07-01,102,I4166,https://bds.hcp.ma/api/v1/indicators/I4166,2026-06-22 12:26:21.708000+00:00
Rabat,(GR) GENERAL,2020M8,2020-08-01,102.9,I4166,https://bds.hcp.ma/api/v1/indicators/I4166,2026-06-22 12:26:21.708000+00:00
Rabat,(GR) GENERAL,2020M9,2020-09-01,103,I4166,https://bds.hcp.ma/api/v1/indicators/I4166,2026-06-22 12:26:21.708000+00:00
Rabat,(GR) GENERAL,2020M10,2020-10-01,103.2,I4166,https://bds.hcp.ma/api/v1/indicators/I4166,2026-06-22 12:26:21.708000+00:00
Rabat,(GR) GENERAL,2020M11,2020-11-01,102.8,I4166,https://bds.hcp.ma/api/v1/indicators/I4166,2026-06-22 12:26:21.708000+00:00
Rabat,(GR) GENERAL,2020M12,2020-12-01,102.5,I4166,https://bds.hcp.ma/api/v1/indicators/I4166,2026-06-22 12:26:21.708000+00:00
Rabat,(GR) GENERAL,2021M1,2021-01-01,102.5,I4166,https://bds.hcp.ma/api/v1/indicators/I4166,2026-06-22 12:26:21.708000+00:00
Rabat,(GR) GENERAL,2021M2,2021-02-01,102.5,I4166,https://bds.hcp.ma/api/v1/indicators/I4166,2026-06-22 12:26:21.708000+00:00
Rabat,(GR) GENERAL,2021M3,2021-03-01,102.7,I4166,https://bds.hcp.ma/api/v1/indicators/I4166,2026-06-22 12:26:21.708000+00:00
Rabat,(GR) GENERAL,2021M4,2021-04-01,103.9,I4166,https://bds.hcp.ma/api/v1/indicators/I4166,2026-06-22 12:26:21.708000+00:00
Rabat,(GR) GENERAL,2021M5,2021-05-01,104.1,I4166,https://bds.hcp.ma/api/v1/indicators/I4166,2026-06-22 12:26:21.708000+00:00
Rabat,(GR) GENERAL,2021M6,2021-06-01,103.6,I4166,https://bds.hcp.ma/api/v1/indicators/I4166,2026-06-22 12:26:21.708000+00:00
Rabat,(GR) GENERAL,2021M7,2021-07-01,103.9,I4166,https://bds.hcp.ma/api/v1/indicators/I4166,2026-06-22 12:26:21.708000+00:00
Rabat,(GR) GENERAL,2021M8,2021-08-01,103.5,I4166,https://bds.hcp.ma/api/v1/indicators/I4166,2026-06-22 12:26:21.708000+00:00
Rabat,(GR) GENERAL,2021M9,2021-09-01,104.2,I4166,https://bds.hcp.ma/api/v1/indicators/I4166,2026-06-22 12:26:21.708000+00:00
Rabat,(GR) GENERAL,2021M10,2021-10-01,105,I4166,https://bds.hcp.ma/api/v1/indicators/I4166,2026-06-22 12:26:21.708000+00:00
Rabat,(GR) GENERAL,2021M11,2021-11-01,105,I4166,https://bds.hcp.ma/api/v1/indicators/I4166,2026-06-22 12:26:21.708000+00:00
Rabat,(GR) GENERAL,2021M12,2021-12-01,105,I4166,https://bds.hcp.ma/api/v1/indicators/I4166,2026-06-22 12:26:21.708000+00:00
Rabat,(GR) GENERAL,2022M1,2022-01-01,105.1,I4166,https://bds.hcp.ma/api/v1/indicators/I4166,2026-06-22 12:26:21.708000+00:00
Rabat,(GR) GENERAL,2022M2,2022-02-01,105.8,I4166,https://bds.hcp.ma/api/v1/indicators/I4166,2026-06-22 12:26:21.708000+00:00
Rabat,(GR) GENERAL,2022M3,2022-03-01,107.1,I4166,https://bds.hcp.ma/api/v1/indicators/I4166,2026-06-22 12:26:21.708000+00:00
Rabat,(GR) GENERAL,2022M4,2022-04-01,109.2,I4166,https://bds.hcp.ma/api/v1/indicators/I4166,2026-06-22 12:26:21.708000+00:00
Rabat,(GR) GENERAL,2022M5,2022-05-01,109.8,I4166,https://bds.hcp.ma/api/v1/indicators/I4166,2026-06-22 12:26:21.708000+00:00
Rabat,(GR) GENERAL,2022M6,2022-06-01,110.4,I4166,https://bds.hcp.ma/api/v1/indicators/I4166,2026-06-22 12:26:21.708000+00:00
Rabat,(GR) GENERAL,2022M7,2022-07-01,111.3,I4166,https://bds.hcp.ma/api/v1/indicators/I4166,2026-06-22 12:26:21.708000+00:00
Rabat,(GR) GENERAL,2022M8,2022-08-01,110.8,I4166,https://bds.hcp.ma/api/v1/indicators/I4166,2026-06-22 12:26:21.708000+00:00
Rabat,(GR) GENERAL,2022M9,2022-09-01,112.2,I4166,https://bds.hcp.ma/api/v1/indicators/I4166,2026-06-22 12:26:21.708000+00:00
Rabat,(GR) GENERAL,2022M10,2022-10-01,112.4,I4166,https://bds.hcp.ma/api/v1/indicators/I4166,2026-06-22 12:26:21.708000+00:00
Rabat,(GR) GENERAL,2022M11,2022-11-01,112.9,I4166,https://bds.hcp.ma/api/v1/indicators/I4166,2026-06-22 12:26:21.708000+00:00
Rabat,(GR) GENERAL,2022M12,2022-12-01,112.8,I4166,https://bds.hcp.ma/api/v1/indicators/I4166,2026-06-22 12:26:21.708000+00:00
Rabat,(GR) GENERAL,2023M1,2023-01-01,113.2,I4166,https://bds.hcp.ma/api/v1/indicators/I4166,2026-06-22 12:26:21.708000+00:00
Rabat,(GR) GENERAL,2023M2,2023-02-01,114.8,I4166,https://bds.hcp.ma/api/v1/indicators/I4166,2026-06-22 12:26:21.708000+00:00
Rabat,(GR) GENERAL,2023M3,2023-03-01,114.7,I4166,https://bds.hcp.ma/api/v1/indicators/I4166,2026-06-22 12:26:21.708000+00:00
Rabat,(GR) GENERAL,2023M4,2023-04-01,115.5,I4166,https://bds.hcp.ma/api/v1/indicators/I4166,2026-06-22 12:26:21.708000+00:00
Rabat,(GR) GENERAL,2023M5,2023-05-01,115.1,I4166,https://bds.hcp.ma/api/v1/indicators/I4166,2026-06-22 12:26:21.708000+00:00
Rabat,(GR) GENERAL,2023M6,2023-06-01,114.5,I4166,https://bds.hcp.ma/api/v1/indicators/I4166,2026-06-22 12:26:21.708000+00:00
Rabat,(GR) GENERAL,2023M7,2023-07-01,115.1,I4166,https://bds.hcp.ma/api/v1/indicators/I4166,2026-06-22 12:26:21.708000+00:00
Rabat,(GR) GENERAL,2023M8,2023-08-01,114.9,I4166,https://bds.hcp.ma/api/v1/indicators/I4166,2026-06-22 12:26:21.708000+00:00
Rabat,(GR) GENERAL,2023M9,2023-09-01,116.2,I4166,https://bds.hcp.ma/api/v1/indicators/I4166,2026-06-22 12:26:21.708000+00:00
Rabat,(GR) GENERAL,2023M10,2023-10-01,116.8,I4166,https://bds.hcp.ma/api/v1/indicators/I4166,2026-06-22 12:26:21.708000+00:00
Rabat,(GR) GENERAL,2023M11,2023-11-01,116.7,I4166,https://bds.hcp.ma/api/v1/indicators/I4166,2026-06-22 12:26:21.708000+00:00
Rabat,(GR) GENERAL,2023M12,2023-12-01,116.6,I4166,https://bds.hcp.ma/api/v1/indicators/I4166,2026-06-22 12:26:21.708000+00:00
Rabat,(GR) GENERAL,2024M1,2024-01-01,116,I4166,https://bds.hcp.ma/api/v1/indicators/I4166,2026-06-22 12:26:21.708000+00:00
Rabat,(GR) GENERAL,2024M2,2024-02-01,115.6,I4166,https://bds.hcp.ma/api/v1/indicators/I4166,2026-06-22 12:26:21.708000+00:00
Rabat,(GR) GENERAL,2024M3,2024-03-01,116.4,I4166,https://bds.hcp.ma/api/v1/indicators/I4166,2026-06-22 12:26:21.708000+00:00
Rabat,(GR) GENERAL,2024M4,2024-04-01,117,I4166,https://bds.hcp.ma/api/v1/indicators/I4166,2026-06-22 12:26:21.708000+00:00
Rabat,(GR) GENERAL,2024M5,2024-05-01,117.1,I4166,https://bds.hcp.ma/api/v1/indicators/I4166,2026-06-22 12:26:21.708000+00:00
Rabat,(GR) GENERAL,2024M6,2024-06-01,117.2,I4166,https://bds.hcp.ma/api/v1/indicators/I4166,2026-06-22 12:26:21.708000+00:00
Rabat,(GR) GENERAL,2024M7,2024-07-01,116.7,I4166,https://bds.hcp.ma/api/v1/indicators/I4166,2026-06-22 12:26:21.708000+00:00
Rabat,(GR) GENERAL,2024M8,2024-08-01,117.4,I4166,https://bds.hcp.ma/api/v1/indicators/I4166,2026-06-22 12:26:21.708000+00:00
Rabat,(GR) GENERAL,2024M9,2024-09-01,117.7,I4166,https://bds.hcp.ma/api/v1/indicators/I4166,2026-06-22 12:26:21.708000+00:00
Rabat,(GR) GENERAL,2024M10,2024-10-01,117.6,I4166,https://bds.hcp.ma/api/v1/indicators/I4166,2026-06-22 12:26:21.708000+00:00
Rabat,(GR) GENERAL,2024M11,2024-11-01,117.7,I4166,https://bds.hcp.ma/api/v1/indicators/I4166,2026-06-22 12:26:21.708000+00:00
Rabat,(GR) GENERAL,2024M12,2024-12-01,117.6,I4166,https://bds.hcp.ma/api/v1/indicators/I4166,2026-06-22 12:26:21.708000+00:00
Rabat,(GR) GENERAL,2025M1,2025-01-01,118.2,I4166,https://bds.hcp.ma/api/v1/indicators/I4166,2026-06-22 12:26:21.708000+00:00
Rabat,(GR) GENERAL,2025M2,2025-02-01,118.8,I4166,https://bds.hcp.ma/api/v1/indicators/I4166,2026-06-22 12:26:21.708000+00:00
Rabat,(GR) GENERAL,2025M3,2025-03-01,118.6,I4166,https://bds.hcp.ma/api/v1/indicators/I4166,2026-06-22 12:26:21.708000+00:00
Rabat,(GR) GENERAL,2025M4,2025-04-01,117.9,I4166,https://bds.hcp.ma/api/v1/indicators/I4166,2026-06-22 12:26:21.708000+00:00
Rabat,(GR) GENERAL,2025M5,2025-05-01,117.5,I4166,https://bds.hcp.ma/api/v1/indicators/I4166,2026-06-22 12:26:21.708000+00:00
Rabat,(GR) GENERAL,2025M6,2025-06-01,117.9,I4166,https://bds.hcp.ma/api/v1/indicators/I4166,2026-06-22 12:26:21.708000+00:00
Rabat,(GR) GENERAL,2025M7,2025-07-01,117.7,I4166,https://bds.hcp.ma/api/v1/indicators/I4166,2026-06-22 12:26:21.708000+00:00
Rabat,(GR) GENERAL,2025M8,2025-08-01,118.0,I4166,https://bds.hcp.ma/api/v1/indicators/I4166,2026-06-22 12:26:21.708000+00:00
Rabat,(GR) GENERAL,2025M9,2025-09-01,118.6,I4166,https://bds.hcp.ma/api/v1/indicators/I4166,2026-06-22 12:26:21.708000+00:00
Rabat,(GR) GENERAL,2025M10,2025-10-01,118.0,I4166,https://bds.hcp.ma/api/v1/indicators/I4166,2026-06-22 12:26:21.708000+00:00
Rabat,(GR) GENERAL,2025M11,2025-11-01,117.7,I4166,https://bds.hcp.ma/api/v1/indicators/I4166,2026-06-22 12:26:21.708000+00:00
Rabat,(GR) GENERAL,2025M12,2025-12-01,117.6,I4166,https://bds.hcp.ma/api/v1/indicators/I4166,2026-06-22 12:26:21.708000+00:00
Rabat,(GR) GENERAL,2026M1,2026-01-01,117.6,I4166,https://bds.hcp.ma/api/v1/indicators/I4166,2026-06-22 12:26:21.708000+00:00
Rabat,(GR) GENERAL,2026M2,2026-02-01,118.0,I4166,https://bds.hcp.ma/api/v1/indicators/I4166,2026-06-22 12:26:21.708000+00:00
Rabat,(GR) GENERAL,2026M3,2026-03-01,119.1,I4166,https://bds.hcp.ma/api/v1/indicators/I4166,2026-06-22 12:26:21.708000+00:00
